project_name,price,area,bedrooms,bathrooms,locality,city,lat,long,furnished,type,rera,amenities,landmarks,transaction,possesion_by,parking,developers
Unkown,85500000,2400,4,4,Goregaon West,Mumbai,19.1630920855215,72.8398088005091,Furnished,Villa,0,0,10,Resale,Ready to Move,,Unknown
L&T Emerald Isle,22500000,610,2,2,Powai,Mumbai,19.1196773,72.9050809,Semi-Furnished,Apartment,0,46,10,Resale,Ready to Move,1 Covered,L&T Realty
Arihant Residency,28000000,850,3,3,Chunabhatti,Mumbai,19.0528068400089,72.8725841605851,Unfurnished,Apartment,0,15,1,Resale,Ready to Move,1 Covered,Arihant Infrastructures
Lodha Cullinan,200000000,4300,4,6,Versova Andheri West,Mumbai,19.13844,72.812187,Unfurnished,Apartment,0,0,5,New Property,Under Construction,4 Covered,Lodha Developers Limited
Runwal Sanctuary,34000000,1050,3,3,Mulund West,Mumbai,19.1749536837097,72.943103519999,Unfurnished,Apartment,0,33,10,Resale,Ready to Move,,Runwal Group
Unkown,13800000,420,1,2,Kalina,Mumbai,19.0731990570505,72.8638925628929,Unfurnished,Apartment,0,0,3,Resale,Ready to Move,1 Covered,Unknown
Unkown,20000000,717,2,3,Mulund,Mumbai,19.1650004119132,72.9640308142804,Furnished,Apartment,0,0,10,Resale,Ready to Move,"2 Covered, 1 Open",Unknown
Unkown,75000000,2000,,1,Andheri East,Mumbai,19.1154908,72.8726952,Furnished,Commercial Office Space,1,0,10,Resale,Ready to Move,2 Covered,Unknown
Unkown,9000000,396,1,1,Maruti Nagar,Mumbai,19.2423768402693,72.8683468907507,Furnished,Apartment,0,0,0,Resale,Ready to Move,,Unknown
Balaji Heights,9750000,,2,2,Phase 1 Indralok,Mumbai,19.294895,72.860975,Furnished,Apartment,0,14,0,Resale,Ready to Move,,Balaji Developers
Unkown,7800000,,1,1,Gorai 3,Mumbai,19.2343996815422,72.830816312072,Semi-Furnished,Apartment,0,0,1,Resale,,,Unknown
Unkown,30000000,,,,Motilal Nagar 1,Mumbai,19.1572961813933,72.839749980275,Furnished,Commercial Shop,0,0,4,Resale,Ready to Move,,Unknown
Kohinoor Apartment,23500000,688,3,2,Chembur,Mumbai,19.0459181155422,72.8975231581492,Unfurnished,Apartment,0,8,10,Resale,Ready to Move,,Kohinoor Developer
Kanakia Rainforest,19800000,507,2,2,Andheri East,Mumbai,19.1154908,72.8726952,Furnished,Apartment,0,11,10,Resale,Ready to Move,,Kanakia Spaces Realty Pvt. Ltd.
Annie Court CHS,7000000,648,2,2,Bhayandar West,Mumbai,19.302684296237,72.8274295067014,Furnished,Apartment,0,0,5,Resale,Ready to Move,,Cooperative Group Housing Society
Hiranandani Zen Maple,15500000,252,1,1,Powai,Mumbai,19.1196773,72.9050809,Furnished,Apartment,0,11,10,Resale,Ready to Move,,Hiranandani Group
Puneet Sanjivani Tower ,10500000,468,2,2,Vikhroli East,Mumbai,19.08940973659,72.9389256015301,Unfurnished,Apartment,0,9,7,Resale,Ready to Move,,Puneet Urban Spaces
Shanti Lifespaces 1,3500000,396,1,1,Nalasopara East,Mumbai,19.43138984792,72.8497262547151,Unfurnished,Apartment,0,0,4,Resale,Ready to Move,,Sheth Creators
Highland Park,8300000,396,1,2,Mulund West,Mumbai,19.1749536837097,72.943103519999,Semi-Furnished,Apartment,0,7,10,Resale,Ready to Move,,Siddhi Developers
Aman Spring,8500000,431,1,2,Kandivali West,Mumbai,19.2101312179652,72.8305011930765,Furnished,Apartment,0,6,9,Resale,Ready to Move,,Amann Infradevelopment Ltd.
Ambika Darshan,8000000,468,1,1,Kandivali East,Mumbai,19.2050017,72.8692711,Unfurnished,Apartment,0,0,10,Resale,Ready to Move,,Unknown
Ahimsa Enclave,11100000,418,1,1,Malad West,Mumbai,19.1940346300819,72.8257561606587,Semi-Furnished,Apartment,0,10,10,Resale,Ready to Move,,Ahimsa group
Lodha Azzuro ,44500000,989,2,2,Parel,Mumbai,18.9982694030581,72.8410429440342,Unfurnished,Apartment,0,8,6,Resale,Ready to Move,,Lodha Developers Limited
Neet And Geet CHS ,18000000,576,2,3,Santacruz West,Mumbai,19.0812559812257,72.8376604906028,Unfurnished,Apartment,0,0,7,Resale,Ready to Move,,Cooperative Group Housing Society
Ganesh Krupa,16500000,551,2,2,Santacruz West,Mumbai,19.0812559812257,72.8376604906028,Unfurnished,Apartment,0,0,7,Resale,Ready to Move,,Unknown
Pioneer Heritage,16000000,547,1,2,Santacruz West,Mumbai,19.0812559812257,72.8376604906028,Unfurnished,Apartment,0,9,7,Resale,Ready to Move,,Pioneer Group
Gurukrupa Marina Enclave,10000000,445,1,1,Malad West,Mumbai,19.1940346300819,72.8257561606587,Unfurnished,Apartment,0,36,10,Resale,Ready to Move,,Gurukrupa Group
Neha Residency,22500000,648,2,2,Parel,Mumbai,18.9982694030581,72.8410429440342,Semi-Furnished,Apartment,0,28,6,Resale,Ready to Move,,Neha Developer
West View CHS,7800000,367,1,2,Kandivali West,Mumbai,19.2101312179652,72.8305011930765,Semi-Furnished,Apartment,0,7,9,Resale,Ready to Move,,West View  Development
Navkar Paradise,21000000,648,2,2,Borivali West,Mumbai,19.2335321,72.839198,Unfurnished,Apartment,0,12,10,Resale,Ready to Move,,Navkar Grooup
Dheeraj Heritage Residency,17500000,475,1,2,Santacruz West,Mumbai,19.0812559812257,72.8376604906028,Semi-Furnished,Apartment,0,0,7,Resale,Ready to Move,,Dheeraj Realty
Casa Castello,35000000,945,3,3,Borivali West,Mumbai,19.2335321,72.839198,Semi-Furnished,Apartment,0,0,10,Resale,Ready to Move,,Unknown
Ronit Residency,19000000,612,2,2,Churi Wadi,Mumbai,19.1679,72.8518,Unfurnished,Apartment,0,0,1,Resale,Ready to Move,,Unknown
JP North Elara,8500000,359,1,2,Mira Road Area,Mumbai,19.2829267647424,72.8627883689306,Semi-Furnished,Apartment,0,13,8,Resale,Ready to Move,,JP Infra
Rustomjee Avenue D1,3700000,274,1,1,Virar West,Mumbai,19.4638767047594,72.7822993572118,Semi-Furnished,Apartment,0,15,8,Resale,Ready to Move,,Rustomjee
Vrindavan Society,18500000,829,2,2,Goregaon East,Mumbai,19.1562110822264,72.8758090633208,Unfurnished,Apartment,0,0,9,Resale,Ready to Move,,Unknown
Vrindavan Society,29500000,792,2,2,Goregaon East,Mumbai,19.1562110822264,72.8758090633208,Unfurnished,Apartment,0,0,9,Resale,Ready to Move,,Unknown
Shri Arham Bluz,12000000,295,1,2,Andheri West,Mumbai,19.1373697481266,72.8257229439874,Unfurnished,Apartment,0,0,10,Resale,Ready to Move,,Arham Group
Shri Arham Bluz,12500000,295,1,1,Andheri West,Mumbai,19.1373697481266,72.8257229439874,Unfurnished,Apartment,0,0,10,Resale,Ready to Move,,Arham Group
PNK Winstone,8500000,695,2,2,Mira Road Area,Mumbai,19.2829267647424,72.8627883689306,Semi-Furnished,Apartment,0,4,8,Resale,Ready to Move,,PNK Builder
PNK Winstone,8500000,695,2,2,Mira Road Area,Mumbai,19.2829267647424,72.8627883689306,Unfurnished,Apartment,0,4,8,Resale,Ready to Move,,PNK Builder
Shiv Shrushti Complex,5100000,662,2,2,Nalasopara East,Mumbai,19.43138984792,72.8497262547151,Semi-Furnished,Apartment,0,0,4,Resale,Ready to Move,,Unknown
Shah Arcade III,17200000,1008,3,3,Malad East,Mumbai,19.1848724519187,72.8629697025013,Unfurnished,Apartment,0,0,9,Resale,Ready to Move,,Unknown
JP North Alexa,6200000,504,1,1,Mira Road Area,Mumbai,19.2829267647424,72.8627883689306,Unfurnished,Apartment,0,13,8,Resale,Under Construction,,JP Infra
JP North Euphoria,13500000,486,2,2,Mira Road Area,Mumbai,19.2829267647424,72.8627883689306,Unfurnished,Apartment,0,19,8,Resale,Under Construction,,JP Infra
Neptune Flying Kite,20000000,747,2,2,Bhandup West,Mumbai,19.149901,72.931134,Unfurnished,Apartment,0,43,8,Resale,Ready to Move,,Neptune Group
DLH Mamta,27000000,512,2,2,Andheri West,Mumbai,19.1373697481266,72.8257229439874,Unfurnished,Apartment,0,31,10,Resale,Ready to Move,,DLH
Spenta Altavista,24500000,756,2,2,Chembur,Mumbai,19.0459181155422,72.8975231581492,Furnished,Apartment,0,16,10,Resale,Under Construction,,Spenta and Sabari Group
Spenta Altavista,12000000,333,1,2,Chembur,Mumbai,19.0459181155422,72.8975231581492,Semi-Furnished,Apartment,0,16,10,Resale,Ready to Move,,Spenta and Sabari Group
Spenta Altavista,17500000,477,2,2,Chembur,Mumbai,19.0459181155422,72.8975231581492,Unfurnished,Apartment,0,16,10,Resale,Ready to Move,,Spenta and Sabari Group
Spenta Altavista,30000000,713,3,3,Chembur,Mumbai,19.0459181155422,72.8975231581492,Semi-Furnished,Apartment,0,16,10,Resale,Ready to Move,,Spenta and Sabari Group
Spenta Altavista,26500000,1045,3,3,Chembur,Mumbai,19.0459181155422,72.8975231581492,Unfurnished,Apartment,0,16,10,Resale,Ready to Move,,Spenta and Sabari Group
Spenta Altavista,19500000,477,2,2,Chembur,Mumbai,19.0459181155422,72.8975231581492,Semi-Furnished,Apartment,0,16,10,Resale,Ready to Move,,Spenta and Sabari Group
Spenta Altavista,12800000,333,1,2,Chembur,Mumbai,19.0459181155422,72.8975231581492,Semi-Furnished,Apartment,0,16,10,Resale,Ready to Move,,Spenta and Sabari Group
Veena Serenity,17000000,670,2,3,Shell Colony,Mumbai,19.0652541768447,72.8934169110109,Furnished,Apartment,0,11,5,Resale,Ready to Move,,Veena Developers
Kukreja Golf Scappe,62500000,1584,4,4,Chembur,Mumbai,19.0459181155422,72.8975231581492,Unfurnished,Apartment,0,11,10,Resale,Ready to Move,,Kukreja Construction Company
Wadhwa Atmosphere,30000000,864,3,3,Mulund West,Mumbai,19.1749536837097,72.943103519999,Semi-Furnished,Apartment,0,12,10,Resale,Ready to Move,,The Wadhwa Group
Wadhwa Atmosphere,18700000,477,2,2,Mulund West,Mumbai,19.1749536837097,72.943103519999,Semi-Furnished,Apartment,0,12,10,Resale,Ready to Move,,The Wadhwa Group
Akurli Om,16500000,925,3,2,Kandivali East,Mumbai,19.2050017,72.8692711,Semi-Furnished,Apartment,0,3,10,Resale,Ready to Move,,Cooperative Group Housing Society
DB Ozone,7700000,632,2,2,Mira Road Area,Mumbai,19.2829267647424,72.8627883689306,Unfurnished,Apartment,0,52,8,Resale,Ready to Move,,DB Realty Pvt. Ltd.
Penta Galaxy CHS ,12000000,420,1,1,Antop Hill,Mumbai,19.027762482903,72.865746078797,Unfurnished,Apartment,0,0,2,Resale,Ready to Move,,Cooperative Group Housing Society
Lucrative Gateway Residential,50000000,,2,2,Santacruz West,Mumbai,19.0812559812257,72.8376604906028,Unfurnished,Apartment,0,11,7,Resale,Under Construction,,LUCRATIVE TRADING LLP
Rock Avenue,10000000,396,1,2,Kandivali West,Mumbai,19.2101312179652,72.8305011930765,Semi-Furnished,Apartment,0,17,9,Resale,Ready to Move,,Rock Development Group
MM Spectra,15500000,1077,2,2,Shell Colony,Mumbai,19.0652541768447,72.8934169110109,Unfurnished,Apartment,0,16,5,Resale,Ready to Move,,MM Group
MM Spectra,18500000,1073,2,2,Chembur,Mumbai,19.0459181155422,72.8975231581492,Unfurnished,Apartment,0,16,10,Resale,Ready to Move,,MM Group
RNA Broadway Avenue,5500000,525,2,2,Mira Road Area,Mumbai,19.2829267647424,72.8627883689306,Unfurnished,Apartment,0,17,8,Resale,Ready to Move,,RNA Corp
Pride,5000000,252,1,1,Kurla East,Mumbai,19.0615645059118,72.880543263673,Unfurnished,Apartment,0,0,1,Resale,Ready to Move,,Ruparel Realty
Unkown,5500000,800,2,3,Bhandup West,Mumbai,19.149901,72.931134,Semi-Furnished,Residential House,0,0,8,Resale,Ready to Move,,Unknown
GFT Aakasa Shivaji Park,67100000,1150,3,4,Shivaji Park,Mumbai,19.0287954865428,72.838688734427,Unfurnished,Apartment,0,8,5,Resale,Ready to Move,2 Covered,GFT Realtors LLP
Unkown,14200000,480,2,2,Dahisar East,Mumbai,19.2530390003417,72.8684258373265,Unfurnished,Apartment,0,0,9,Resale,Ready to Move,,Unknown
Unkown,7800000,180,,2,Ghatkopar East,Mumbai,19.07907,72.907976,Furnished,Commercial Office Space,0,0,9,Resale,Ready to Move,,Unknown
Raheja Ridgewood,34500000,800,2,2,Goregaon East,Mumbai,19.1562110822264,72.8758090633208,Semi-Furnished,Apartment,0,43,9,Resale,Ready to Move,,Raheja Universal Pvt. Ltd.
Vineet Apartment Bhayandar West,3800000,,1,2,Bhayandar West,Mumbai,19.302684296237,72.8274295067014,Unfurnished,Apartment,0,0,5,Resale,Ready to Move,,Unknown
Wadhwa Anmol Fortune,50000000,,3,3,Goregaon West,Mumbai,19.1630920855215,72.8398088005091,Furnished,Apartment,0,10,10,Resale,Ready to Move,,The Wadhwa Group
Prestige industial Estate,10100000,,,1,Malad West,Mumbai,19.1940346300819,72.8257561606587,Semi-Furnished,Commercial Office Space,0,0,10,Resale,Ready to Move,,Unknown
Godrej Waldorf,80000000,1172,3,3,Andheri West,Mumbai,19.1373697481266,72.8257229439874,Semi-Furnished,Apartment,0,19,10,Resale,Ready to Move,2 Open,Godrej Properties
Ruparel Ariana,49000000,1262,3,3,Parel,Mumbai,18.9982694030581,72.8410429440342,Unfurnished,Apartment,0,28,6,Resale,Ready to Move,1 Covered,Ruparel Realty
Unkown,16000000,400,1,2,Noor Baug,Mumbai,18.9625277,72.83701918,Semi-Furnished,Apartment,0,0,0,Resale,Ready to Move,,Unknown
Sher e Punjab,21000000,600,2,2,Andheri East,Mumbai,19.1154908,72.8726952,Furnished,Apartment,0,20,10,Resale,Ready to Move,1 Covered,Unknown
Unkown,1259000,,1,1,,Mumbai,,,Unfurnished,Apartment,0,0,0,Resale,Ready to Move,,Unknown
Om Madhusadan CHS,22000000,,1,2,Vile Parle East,Mumbai,19.10046297,72.84924449,Unfurnished,Apartment,0,0,10,Resale,Ready to Move,,Spark Developers
Unkown,16500000,300,,,Byculla East,Mumbai,18.9828560965024,72.8388476258909,Furnished,Commercial Shop,0,0,7,Resale,Ready to Move,,Unknown
Unkown,40000000,2700,7,7,Gorai,Mumbai,19.2356275528192,72.7987635557736,Semi-Furnished,Villa,0,0,0,Resale,Ready to Move,,Unknown
Phoenix Paragon Plaza,4250000,128,,,Kamani,Mumbai,19.0869319584969,72.8890031773911,Unfurnished,Commercial Shop,0,16,0,Resale,Ready to Move,,Phoenix Mills Ltd.
Whispering Palms Xxclusives,22000000,1100,2,2,Kandivali East,Mumbai,19.2050017,72.8692711,Furnished,Apartment,0,23,10,Other,Ready to Move,,Lokhandwala Construction Industries Pvt. Ltd.
Unkown,4000000,220,1,1,,Mumbai,,,Unfurnished,Apartment,0,0,0,Resale,Ready to Move,,Unknown
Unkown,27500000,265,,,Khar West,Mumbai,19.0699335919407,72.8363080829478,Unfurnished,Commercial Shop,0,0,6,Resale,Ready to Move,,Unknown
Man Opus,6500000,490,1,2,Mira Road East,Mumbai,19.282975,72.873618,Semi-Furnished,Apartment,1,15,10,Resale,Ready to Move,1 Covered,Man Realty
Kanakia Paris,60000000,1255,3,3,Bandra Kurla Complex,Mumbai,19.0626802993452,72.8650539233055,Furnished,Apartment,0,47,6,Resale,Ready to Move,,Kanakia Spaces Realty Pvt. Ltd.
MHADA Colony,9500000,475,2,2,Mulund East,Mumbai,19.1531029501285,72.9678051455382,Furnished,Apartment,0,0,5,Resale,Ready to Move,,Unknown
Evershine Millenium Paradise,17000000,700,2,2,Kandivali East,Mumbai,19.2050017,72.8692711,Furnished,Apartment,0,19,10,Resale,Ready to Move,,Evershine Builders
Sabari Ashville,63000000,1700,4,4,Chembur,Mumbai,19.0459181155422,72.8975231581492,Semi-Furnished,Apartment,0,0,10,Resale,Ready to Move,2 Covered,Unknown
Lodha Regalia,20500000,750,2,2,Mulund East,Mumbai,19.1531029501285,72.9678051455382,Unfurnished,Apartment,1,27,5,New Property,Ready to Move,1 Covered,Lodha Developers Limited
Unkown,90000000,1310,4,4,Juhu,Mumbai,19.098267753993,72.8335140160125,Furnished,Apartment,0,0,9,Resale,Ready to Move,2 Covered,Unknown
Unkown,33000000,1020,3,3,Borivali East,Mumbai,19.2272619069866,72.8634397272398,Furnished,Apartment,0,0,10,Resale,Ready to Move,,Unknown
Lodha Sovrano,29900000,988,3,2,Jogeshwari West,Mumbai,19.1438823857409,72.8427830413067,Unfurnished,Builder Floor Apartment,1,14,10,New Property,Under Construction,1 Covered,Lodha Developers Limited
Spenta Stardeous,70920000,1182,3,3,Bane Compound,Mumbai,18.9712464358294,72.8169023569583,Unfurnished,Apartment,1,6,0,New Property,Under Construction,2 Covered,Spenta Corporation
Atmiya Centria,25242000,775,3,3,Chaitanya Nagar Santacruz East,Mumbai,19.07886814,72.84789606,Unfurnished,Apartment,0,16,0,New Property,Under Construction,2 Covered,Atmiya Group
Dharmesh Sumukh Plaza,27300000,455,,1,Dadar West,Mumbai,19.0200667964879,72.8380779661804,Unfurnished,Commercial Office Space,0,13,9,Resale,Ready to Move,1 Covered,Dharmesh Constructions
Maverick Om Laxmi Sadan,33500000,1055,3,4,Mulund West,Mumbai,19.1749536837097,72.943103519999,Semi-Furnished,Apartment,0,8,10,Resale,Ready to Move,2 Covered,Maverick Realtors
Piramal Revanta,35600000,1305,3,3,Mulund West,Mumbai,19.1749536837097,72.943103519999,Semi-Furnished,Apartment,0,15,10,Resale,Ready to Move,2 Covered,Piramal Realty
Lodha marQ,212100000,3030,4,4,Tardeo,Mumbai,18.9693555488714,72.8133774658556,Unfurnished,Apartment,0,11,7,Resale,Under Construction,3 Covered,Lodha Developers Limited
Unkown,990000000,,,,Vile Parle East,Mumbai,19.10046297,72.84924449,,Residential Plot,0,0,10,Resale,,,Unknown
Emerald Isle Elanor,61000000,1403,3,4,Powai,Mumbai,19.1196773,72.9050809,Semi-Furnished,Apartment,0,6,10,New Property,Ready to Move,2 Covered,L&T Realty
Sunteck Beach Residences,18600000,,3,3,Vasai West,Mumbai,19.3745830863848,72.8076393946386,Unfurnished,Apartment,1,9,5,New Property,Under Construction,,Sunteck Realty Ltd.
Casablanca Apartment,57500000,875,3,3,Waterfield Road,Mumbai,19.0594101040547,72.8341536571835,Semi-Furnished,Apartment,0,7,0,Resale,Ready to Move,1 Open,Unknown
Piramal Mahalaxmi,320000000,1866,4,4,Haji Ali Government Colony,Mumbai,18.98006302,72.81429721,Unfurnished,Apartment,0,42,1,Resale,Ready to Move,6 Covered,Piramal Realty
Lodha Elisium,34500000,950,2,2,Wadala,Mumbai,19.012216203088,72.8604594318626,Furnished,Apartment,0,47,5,Resale,Ready to Move,,Lodha Developers Limited
Marathon Futurex,65000000,850,,2,Lower Parel East,Mumbai,18.9921551460599,72.8305873917255,Unfurnished,Commercial Office Space,0,15,2,New Property,Ready to Move,1 Covered,Marathon Realty Pvt. Ltd.
Veena Synergy,27300000,900,3,3,Andheri East,Mumbai,19.1154908,72.8726952,Unfurnished,Apartment,0,0,10,New Property,Under Construction,1 Covered,Veena Developers
Paradigm 71 Midtown,11500000,405,1,2,Chembur,Mumbai,19.0459181155422,72.8975231581492,Unfurnished,Apartment,1,16,10,Resale,Under Construction,,Paradigm Realty
Unkown,22600000,864,3,3,Mulund West,Mumbai,19.1749536837097,72.943103519999,Unfurnished,Apartment,0,0,10,Resale,Ready to Move,1 Covered,Unknown
Unkown,50000000,920,2,3,Worli,Mumbai,19.0036486667054,72.8175254882335,Unfurnished,Apartment,0,33,10,Resale,Ready to Move,1 Covered,Unknown
Godrej Nurture,14742000,546,2,2,Bhandup West,Mumbai,19.149901,72.931134,Unfurnished,Apartment,1,13,8,New Property,Under Construction,"1 Covered, 1 Open",Godrej Properties
Unkown,14000000,575,2,2,Dahanukar Wadi,Mumbai,19.2065558879643,72.8389544986292,Unfurnished,Apartment,0,0,5,Resale,Ready to Move,,Unknown
Godrej Platinum,50000000,1250,3,3,Vikhroli East,Mumbai,19.08940973659,72.9389256015301,Semi-Furnished,Apartment,0,27,7,Resale,Ready to Move,1 Covered,Godrej Properties
Rockline The Meridian Towers,15200000,709,2,2,Ghatkopar West,Mumbai,19.0908063,72.9076669,Semi-Furnished,Apartment,0,0,10,New Property,Ready to Move,,Rockline Group
Unkown,5800000,180,,,Ghatkopar West,Mumbai,19.0908063,72.9076669,Unfurnished,Commercial Office Space,0,0,10,Resale,Ready to Move,1 Open,Unknown
Runwal Bliss,17500000,625,2,2,Kanjurmarg East,Mumbai,19.1303464798827,72.934955451681,Unfurnished,Apartment,0,43,5,New Property,Under Construction,1 Covered,Runwal Enterprises
Lodha Corinthia,67000000,,5,4,Bhandup West,Mumbai,19.149901,72.931134,Unfurnished,Apartment,1,9,8,New Property,Under Construction,3 Covered,Lodha Developers Limited
Unkown,4500000,684,2,2,,Mumbai,,,Semi-Furnished,Apartment,0,0,0,Resale,Ready to Move,,Unknown
Unkown,3000000,307,1,2,Nalasopara West,Mumbai,19.4129235749963,72.7885889890948,Unfurnished,Apartment,0,0,4,Resale,Ready to Move,,Unknown
Unkown,11300000,432,1,2,Malad West,Mumbai,19.1940346300819,72.8257561606587,Semi-Furnished,Apartment,0,0,10,Resale,Under Construction,,Unknown
Unkown,5100000,421,1,1,,Mumbai,,,Semi-Furnished,Apartment,0,0,0,Resale,Ready to Move,,Unknown
Unkown,8400000,388,1,2,Saki Naka,Mumbai,19.0995475710707,72.8853715226256,Unfurnished,Apartment,0,0,4,Resale,Ready to Move,,Unknown
Unkown,9000000,324,1,1,,Mumbai,,,Semi-Furnished,Apartment,0,0,0,Resale,Ready to Move,,Unknown
Unkown,3000000,360,1,1,,Mumbai,,,Unfurnished,Apartment,0,0,0,Resale,Ready to Move,,Unknown
Unkown,1400000,108,1,1,,Mumbai,,,Unfurnished,Apartment,0,0,0,Resale,Ready to Move,,Unknown
Unkown,7500000,310,1,1,,Mumbai,,,Unfurnished,Apartment,0,0,0,Resale,Ready to Move,,Unknown
Unkown,9100000,264,1,1,,Mumbai,,,Unfurnished,Apartment,0,0,0,Resale,Ready to Move,,Unknown
Unkown,17800000,756,2,2,IC Colony,Mumbai,19.249869503245,72.8491717870626,Furnished,Apartment,0,0,3,Resale,Ready to Move,,Unknown
Unkown,2150000,379,2,2,,Mumbai,,,Unfurnished,Apartment,0,0,0,Resale,Ready to Move,,Unknown
Unkown,18000000,886,2,2,Yashwant Nagar Santacruz East,Mumbai,19.07635,72.85719,Unfurnished,Apartment,0,0,0,Resale,Under Construction,,Unknown
Unkown,7500000,295,1,1,,Mumbai,,,Unfurnished,Apartment,0,0,0,Resale,Ready to Move,,Unknown
Unkown,18000000,562,2,2,Vakola,Mumbai,19.0794899226775,72.8542218874446,Semi-Furnished,Apartment,0,0,4,Resale,Ready to Move,,Unknown
Unkown,11000000,702,2,2,Mira Road,Mumbai,19.2824790028886,72.8826767010947,Semi-Furnished,Apartment,0,0,3,Resale,Under Construction,,Unknown
JK IRIS,10000000,482,2,2,Mira Road Area,Mumbai,19.2829267647424,72.8627883689306,Semi-Furnished,Apartment,0,24,8,Resale,Under Construction,,JK Developers
Unkown,21000000,839,2,2,Choithram Gidwani Road,Mumbai,19.0460643734233,72.9004662751116,Semi-Furnished,Apartment,0,0,0,Resale,Ready to Move,,Unknown
Unkown,19500000,662,2,2,Choithram Gidwani Road,Mumbai,19.0460643734233,72.9004662751116,Semi-Furnished,Apartment,0,0,0,Resale,Ready to Move,,Unknown
Unkown,3220000,620,2,2,Shahaji Raje Marg,Mumbai,19.108454,72.848601,Unfurnished,Apartment,0,0,4,Resale,,,Unknown
Unkown,26000000,596,,1,Chembur,Mumbai,19.0459181155422,72.8975231581492,Unfurnished,Commercial Office Space,0,0,10,Resale,Ready to Move,1 Covered,Unknown
Unkown,7900000,,1,1,Gulmohar Road,Mumbai,19.10894024,72.83692149,Furnished,Apartment,0,0,1,Resale,,,Unknown
Unkown,55000000,,2,2,Cusrow Baug Colony,Mumbai,18.9207776348599,72.8289544779967,Unfurnished,Apartment,0,0,0,Resale,,,Unknown
Vardhman Empire,22438500,,2,2,Dominic Colony,Mumbai,19.1958952035828,72.8408148649044,Unfurnished,Apartment,0,0,1,Resale,Ready to Move,,Vardhman Group
Unkown,13500000,,1,1,Koldongri Andheri East,Mumbai,19.1120237317343,72.850866925174,Unfurnished,Apartment,0,0,0,Resale,,,Unknown
Unkown,6500000,,2,1,Nalasopara West,Mumbai,19.4129235749963,72.7885889890948,Furnished,Apartment,0,0,4,Resale,Ready to Move,1 Open,Unknown
Unkown,9500088,330,1,2,,Mumbai,,,Unfurnished,Apartment,0,0,0,Resale,Ready to Move,,Unknown
Oberoi Maxima,78000000,1381,3,2,Andheri East,Mumbai,19.1154908,72.8726952,Furnished,Apartment,0,5,10,Resale,Ready to Move,,Oberoi Realty Ltd.
Unkown,3110000,415,1,1,PL Lokhande Marg,Mumbai,19.0616543969289,72.9067784016372,Unfurnished,Apartment,0,0,0,Resale,,,Unknown
Unkown,5200000,120,,,Mandvi,Mumbai,18.95566,72.8374,Unfurnished,Commercial Shop,0,0,2,Resale,Ready to Move,,Unknown
Gaurav Garden,12000000,583,2,2,Kandivali West,Mumbai,19.2101312179652,72.8305011930765,Unfurnished,Apartment,0,3,9,Resale,Ready to Move,,Ravi Group
Sion East,13000000,324,1,1,Sion,Mumbai,19.0446433751251,72.8709840746083,Unfurnished,Apartment,0,29,8,Resale,Ready to Move,,Unknown
Swaroop Residency,11000000,522,1,2,Ghatkopar East,Mumbai,19.07907,72.907976,Unfurnished,Apartment,0,17,9,Resale,Ready to Move,,Swaroop Residency
Paschim Apartments,36500000,587,2,2,Prabhadevi,Mumbai,19.0158585103406,72.8295254470428,Furnished,Apartment,0,9,6,Resale,Ready to Move,,Shree Yogeshwar Builders And Developers
Bella Donna,4200000,288,1,1,Mira Road Area,Mumbai,19.2829267647424,72.8627883689306,Unfurnished,Apartment,0,2,8,Resale,Ready to Move,,Unknown
Rashmi Hetal Phase II,4500000,342,1,1,Mira Road Area,Mumbai,19.2829267647424,72.8627883689306,Semi-Furnished,Apartment,0,16,8,Resale,Ready to Move,,Rashmi Housing
Dheeraj Darshan,11000000,432,1,2,Andheri East,Mumbai,19.1154908,72.8726952,Semi-Furnished,Apartment,0,10,10,Resale,Ready to Move,,HDIL
Shamshad Mariam Park Complex,2500000,324,1,1,Palghar Naigaon West,Mumbai,19.3476588,72.8302734,Semi-Furnished,Apartment,0,0,1,Resale,Ready to Move,,Unknown
Sayba Residences,10500000,524,1,2,Kurla East,Mumbai,19.0615645059118,72.880543263673,Semi-Furnished,Apartment,0,0,1,Resale,Ready to Move,,Unknown
Godrej Horizon,40000000,1220,3,3,Wadala,Mumbai,19.012216203088,72.8604594318626,Unfurnished,Apartment,0,33,5,Resale,Under Construction,,Godrej Properties
Haware Altura,10400000,451,2,2,Vikhroli East,Mumbai,19.08940973659,72.9389256015301,Unfurnished,Apartment,0,23,7,Resale,Ready to Move,,Haware Legaccy
Harsh Plaza ,4900000,303,1,1,Mira Road East,Mumbai,19.282975,72.873618,Semi-Furnished,Apartment,0,1,10,Resale,Ready to Move,,Unknown
Veena Vihar Cooperative Housing Society,17000000,468,2,2,Sion East,Mumbai,19.0406208013187,72.8695165321764,Furnished,Apartment,0,0,6,Resale,Ready to Move,,Unknown
Divya Stuti CHS,13000000,608,2,2,Goregaon East,Mumbai,19.1562110822264,72.8758090633208,Semi-Furnished,Apartment,0,0,9,Resale,Ready to Move,,Unknown
Crystal Rose,8500000,374,1,1,Kandivali West,Mumbai,19.2101312179652,72.8305011930765,Semi-Furnished,Apartment,0,0,9,Resale,Ready to Move,,Unknown
Mariyam Heritage,3900000,734,2,2,Golani Naka,Mumbai,19.414152,72.864301,Unfurnished,Apartment,0,4,2,Resale,Under Construction,,Heritage Builders and Developers
Bansi Kunj ,19500000,374,1,1,Khar West,Mumbai,19.0699335919407,72.8363080829478,Furnished,Apartment,0,0,6,Resale,Ready to Move,,Unknown
Mangalmurti Apartment,1900000,328,1,1,Virar East,Mumbai,19.4652899784439,72.8189990617033,Unfurnished,Apartment,0,1,7,Resale,Ready to Move,,Mangalmurti Developers
Sosar Solitaire,32000000,684,2,2,Khar West,Mumbai,19.0699335919407,72.8363080829478,Unfurnished,Apartment,0,9,6,Resale,Ready to Move,,Sosar Enterprises
Jaliyan Heights,10100000,497,1,2,Daulat Nagar Borivali East,Mumbai,19.2360286434901,72.8605763336864,Semi-Furnished,Apartment,0,16,2,Resale,Ready to Move,,Jaliyan Developers
Essbel CHS,10000000,608,2,2,Kandivali East,Mumbai,19.2050017,72.8692711,Unfurnished,Apartment,0,0,10,Resale,Ready to Move,,Unknown
Sapphire Lakeside,10500000,552,1,1,Powai,Mumbai,19.1196773,72.9050809,Furnished,Apartment,0,0,10,Resale,Ready to Move,,B G Shirke Group of Companies
Devi Sadan Apartment,53999400,1008,3,3,Matunga East,Mumbai,19.0277771413147,72.8560635075251,Unfurnished,Apartment,0,0,9,Resale,Under Construction,,Unknown
Nirvana Alive Phase 1 and 2,3400000,299,1,1,Pali Hill,Mumbai,19.0690964899859,72.8264947990287,Furnished,Apartment,0,0,2,Resale,Ready to Move,,Nirvana Alive
Sai Charan Darshan CHS,3500000,288,1,1,Bhayandar East,Mumbai,19.3096844760714,72.8623193046283,Furnished,Apartment,0,0,5,Resale,Ready to Move,,Unknown
Adityaraj Saphalya,11000000,382,1,2,Pant Nagar,Mumbai,19.08537,72.91069,Unfurnished,Apartment,0,10,6,Resale,Ready to Move,,Elite Group
Gokuldham,7800000,324,1,1,Goregaon East,Mumbai,19.1562110822264,72.8758090633208,Semi-Furnished,Apartment,0,0,9,Resale,Ready to Move,,Conwood Realty
Sadanand Classic,37500000,732,2,2,Khar West,Mumbai,19.0699335919407,72.8363080829478,Semi-Furnished,Apartment,0,0,6,Resale,Ready to Move,,Reliable Group
Sethia Green View,9500000,,1,2,Goregaon West,Mumbai,19.1630920855215,72.8398088005091,Unfurnished,Apartment,0,30,10,Resale,Ready to Move,,Sethia Infrastructure
Sethia Green View,8900000,,1,2,Goregaon West,Mumbai,19.1630920855215,72.8398088005091,Unfurnished,Apartment,0,30,10,Resale,Ready to Move,,Sethia Infrastructure
Dheeraj Heritage Residency,17000000,425,2,2,Santacruz West,Mumbai,19.0812559812257,72.8376604906028,Semi-Furnished,Apartment,0,0,7,Resale,Ready to Move,,Dheeraj Realty
Dadasaheb Gaikwad Nagar Housing Society,2700000,252,1,1,Malad West,Mumbai,19.1940346300819,72.8257561606587,,Apartment,0,6,10,Resale,Ready to Move,,Unknown
MICL Aaradhya Nine,8100000,,1,1,Pant Nagar,Mumbai,19.08537,72.91069,Unfurnished,Apartment,0,10,6,New Property,Ready to Move,,MICL Group
Asshna Samadhan,8700000,,1,1,Goregaon West,Mumbai,19.1630920855215,72.8398088005091,Unfurnished,Apartment,0,13,10,Resale,Ready to Move,,Asshna Developers
Shiv Parvati,8200000,,1,2,Malad West,Mumbai,19.1940346300819,72.8257561606587,Unfurnished,Apartment,0,0,10,Resale,Ready to Move,,Unknown
Naperol Tower Condominium,34900000,,2,2,Wadala West,Mumbai,19.0151808625823,72.8575804704432,Semi-Furnished,Apartment,0,22,2,Resale,Ready to Move,,Unknown
Platinum Prive,9900000,,1,1,Andheri West,Mumbai,19.1373697481266,72.8257229439874,Unfurnished,Apartment,0,18,10,New Property,Under Construction,,Platinum Corp
Anant Bhoomi,25000000,,2,2,Mahavir Nagar Kandivali West,Mumbai,19.2135242057782,72.8409438235301,Unfurnished,Apartment,0,40,3,New Property,Ready to Move,,Unknown
Omkar Signet,13000000,554,2,2,Malad East,Mumbai,19.1848724519187,72.8629697025013,Unfurnished,Apartment,0,16,9,Resale,Under Construction,,Omkar Realtors and Developers Pvt. Ltd.
Cozy Apartment,25000000,792,2,2,Yari Road,Mumbai,19.13832,72.81002,Semi-Furnished,Apartment,0,4,3,Resale,Ready to Move,,Cozy Group
New Mhada Complex,9000000,346,1,1,Versova Andheri West,Mumbai,19.13844,72.812187,Unfurnished,Apartment,0,0,5,Resale,Ready to Move,,Unknown
Unkown,16000000,670,2,2,Chandivali,Mumbai,19.1104892624542,72.899191014387,Unfurnished,Apartment,0,13,8,Resale,Ready to Move,,Unknown
Mahavir Classik,12900000,,1,2,Powai,Mumbai,19.1196773,72.9050809,Furnished,Apartment,0,0,10,Resale,Ready to Move,,Damji Shamji Shah Group
Gagangiri Apartment,25000000,478,2,2,Vile Parle East,Mumbai,19.10046297,72.84924449,Furnished,Apartment,0,12,10,Resale,Ready to Move,,Gagangiri Group
Presidential Tower,25000000,,2,2,Ghatkopar West,Mumbai,19.0908063,72.9076669,Semi-Furnished,Apartment,0,15,10,Resale,Ready to Move,,Ashford Group
Safal Twins,22000000,,2,2,Chembur East,Mumbai,19.0611638862632,72.8948410560158,Semi-Furnished,Apartment,0,0,2,Resale,Ready to Move,,Safal Group
Safal Twins,21900000,,2,2,Chembur East,Mumbai,19.0611638862632,72.8948410560158,Semi-Furnished,Apartment,0,0,2,Resale,Ready to Move,,Safal Group
RNA Regency Park,9500000,,1,1,Dahanukar Wadi,Mumbai,19.2065558879643,72.8389544986292,Unfurnished,Apartment,0,20,5,Resale,Ready to Move,,RNA Corp
Presidential Tower,29700000,,3,3,Ghatkopar West,Mumbai,19.0908063,72.9076669,Unfurnished,Apartment,0,15,10,Resale,Ready to Move,,Ashford Group
Presidential Tower,28500000,,3,3,Ghatkopar West,Mumbai,19.0908063,72.9076669,Semi-Furnished,Apartment,0,15,10,Resale,Ready to Move,,Ashford Group
Lakshchandi Height,19950000,,2,2,Gokuldham Colony Goregaon East,Mumbai,19.1729755212444,72.8716991438016,Furnished,Apartment,0,18,2,Resale,Ready to Move,,Goyal Properties and Builders
Raheja Sherwood,19900000,,2,2,Goregaon East,Mumbai,19.1562110822264,72.8758090633208,Unfurnished,Apartment,0,23,9,Resale,Ready to Move,,Raheja Universal (Pvt.) Ltd.
Mahindra Garden,25000000,,2,2,Goregaon West,Mumbai,19.1630920855215,72.8398088005091,Semi-Furnished,Apartment,0,32,10,Resale,Ready to Move,,Mahindra Lifespace Developers Ltd.
Unique Skyline 2,12500000,,2,2,Mira Road Area,Mumbai,19.2829267647424,72.8627883689306,Semi-Furnished,Apartment,0,6,8,Resale,Ready to Move,,Unique Shanti Developers Pvt. Ltd.
Cosmos Solitaire,3200000,540,2,2,Virar West,Mumbai,19.4638767047594,72.7822993572118,Semi-Furnished,Apartment,0,12,8,Resale,Ready to Move,,Cosmos Group
Bajaj Emerald,25200000,864,2,3,Andheri East,Mumbai,19.1154908,72.8726952,Unfurnished,Apartment,0,27,10,Resale,Under Construction,,Bajaj International Realty Pvt. Ltd.
Universal Garden II,17500000,749,2,2,Amrut Nagar Jogeshwari West,Mumbai,19.1460898398593,72.8458239605534,Semi-Furnished,Apartment,0,0,2,Resale,Ready to Move,,Unknown
Om Sai Enclave,6000000,418,2,2,Mira Road Area,Mumbai,19.2829267647424,72.8627883689306,Furnished,Apartment,0,0,8,Resale,Ready to Move,,Unknown
Damodar Park Apartment,10000000,605,2,1,Ghatkopar West,Mumbai,19.0908063,72.9076669,Semi-Furnished,Apartment,0,0,10,Resale,Ready to Move,,Unknown
Sankalp Society,12000000,432,1,2,Goregaon East,Mumbai,19.1562110822264,72.8758090633208,Unfurnished,Apartment,0,16,9,Resale,Ready to Move,,Ravi Group
Romell Ariana,45492000,1402,3,3,Borivali West,Mumbai,19.2335321,72.839198,Unfurnished,Apartment,1,14,10,New Property,Dec '27,1 Covered,Romell Group
Roswalt Raya,24990000,727,2,2,Chembur,Mumbai,19.0459181155422,72.8975231581492,Unfurnished,Apartment,1,15,10,New Property,Dec '27,,Roswalt Realty
Gurukrupa Ekam,45349000,1122,3,3,Andheri West,Mumbai,19.1373697481266,72.8257229439874,Unfurnished,Apartment,1,18,10,New Property,Apr '29,1 Covered,Gurukrupa Realcon
Avant Heritage V,22387500,729,2,2,Jogeshwari East,Mumbai,19.135330778145,72.8584643173496,Unfurnished,Apartment,1,11,6,New Property,Dec '27,,Avant Group
Ideal Manohar Chs Limited,72500000,996,3,3,Bandra West,Mumbai,19.055229,72.830829,Semi-Furnished,Apartment,1,13,9,New Property,Ready to Move,1 Covered,Faucett Developer
Kolte Patil Vivere,39000000,1241,3,3,Goregaon West,Mumbai,19.1630920855215,72.8398088005091,Unfurnished,Apartment,1,23,10,New Property,Aug '30,1 Covered,Kolte Patil Developers
Supreme Boulevard,42400000,1170,3,3,Chembur,Mumbai,19.0459181155422,72.8975231581492,Unfurnished,Apartment,1,22,10,New Property,Mar '29,1 Covered,Supreme Universal
Runwal Bliss,18281000,724,2,2,Kanjurmarg East,Mumbai,19.1303464798827,72.934955451681,Unfurnished,Apartment,1,43,5,New Property,Jun '28,1 Covered,Runwal Enterprises
Srishti Namaah,41400000,1610,4,3,Mira Road Area,Mumbai,19.2829267647424,72.8627883689306,Unfurnished,Apartment,1,15,8,New Property,Dec '29,1 Covered,Kalpataru Group Dynamix group N.L. Dalmia Group
Ruparel Stardom,25900000,737,2,2,Malad West,Mumbai,19.1940346300819,72.8257561606587,Unfurnished,Apartment,1,11,10,New Property,Jun '28,1 Covered,Ruparel Realty
The Address by GS Wadala,36500000,1089,3,3,Wadala,Mumbai,19.012216203088,72.8604594318626,Unfurnished,Apartment,1,14,5,New Property,Mar '31,1 Covered,Raymond Realty
Runwal Avenue,12400000,401,1,1,Kanjurmarg East,Mumbai,19.1303464798827,72.934955451681,Unfurnished,Apartment,1,10,5,New Property,Jun '27,1 Covered,Runwal Enterprises
Satellite Aristia,16500000,518,1,1,Andheri East,Mumbai,19.1154908,72.8726952,Unfurnished,Apartment,1,17,10,New Property,Dec '28,1 Covered,Group Satellite and Rockford Group
Runwal Raaya,317300000,4881,5,7,Worli,Mumbai,19.0036486667054,72.8175254882335,Unfurnished,Apartment,1,19,10,New Property,Dec '32,1 Covered,Runwal Realty
Ethics Oliver,36585000,813,2,2,Mahim,Mumbai,19.0388120275329,72.8419652875755,Unfurnished,Apartment,1,17,6,New Property,Dec '29,1 Covered,Chaitanya Developers
Rizvi Cedar ,14250000,575,2,2,Malad East,Mumbai,19.1848724519187,72.8629697025013,Unfurnished,Apartment,1,13,9,New Property,Ready to Move,1 Covered,Rizvi Builders
Marathon Millennium,10100000,360,,1,Mulund West,Mumbai,19.1749536837097,72.943103519999,Unfurnished,Commercial Office Space,1,20,10,New Property,Ready to Move,1 Covered,Marathon Realty Pvt. Ltd.
Sunteck City 4th Avenue,38000000,1036,3,3,Goregaon West,Mumbai,19.1630920855215,72.8398088005091,Unfurnished,Apartment,1,28,10,New Property,Ready to Move,1 Covered,Sunteck Realty Ltd.
Avant Hillway,19500000,618,2,2,Goregaon East,Mumbai,19.1562110822264,72.8758090633208,Unfurnished,Apartment,1,5,9,New Property,Ready to Move,1 Covered,Avant Group
Paradigm Alaya,14200000,442,1,1,Oshiwara,Mumbai,19.1477763241262,72.8410641675255,Unfurnished,Apartment,1,14,1,New Property,Dec '36,1 Covered,Paradigm Realty
Avant Park West,110400000,2300,4,4,Vile Parle West,Mumbai,19.1093928395446,72.8369701399986,Unfurnished,Apartment,1,22,8,New Property,Jun '27,1 Covered,Avant Group
Astoria,162500000,2955,5,5,Juhu,Mumbai,19.098267753993,72.8335140160125,Unfurnished,Apartment,1,17,9,New Property,May '28,1 Covered,Avishkar Developers
Mahindra Marina64,27900000,729,2,3,Malad West,Mumbai,19.1940346300819,72.8257561606587,Unfurnished,Apartment,1,8,10,New Property,Dec '29,1 Covered,Mahindra Lifespace Developers Ltd.
Concrete Sai Swaroop,11500000,390,1,2,Chembur,Mumbai,19.0459181155422,72.8975231581492,Semi-Furnished,Apartment,1,16,10,New Property,Dec '27,1 Covered,Concrete Builders
Mahindra Vista,52000000,1624,4,4,Kandivali East,Mumbai,19.2050017,72.8692711,Unfurnished,Apartment,1,13,10,New Property,Dec '30,1 Covered,Mahindra Lifespace Developers Ltd.
Godrej Bliss,24998904,940,3,3,Kandivali East,Mumbai,19.2050017,72.8692711,Unfurnished,Apartment,1,3,10,New Property,Under Construction,1 Covered,Godrej Properties
Ajmera Manhattan,60548500,1782,4,4,Wadala,Mumbai,19.012216203088,72.8604594318626,Unfurnished,Apartment,1,54,5,New Property,Jun '27,1 Covered,Ajmera Realty & Infra India Ltd.
One Meraki,35000000,535,2,2,Chembur,Mumbai,19.0459181155422,72.8975231581492,Semi-Furnished,Apartment,1,20,10,New Property,Ready to Move,1 Covered,Meraki Habitats LLP
Prestige Garden Trails,14800000,680,2,2,Mira Road East,Mumbai,19.282975,72.873618,Unfurnished,Apartment,1,17,10,New Property,Oct '30,1 Covered,Prestige Group
Bharat altavista,59658000,1308,3,2,Andheri West,Mumbai,19.1373697481266,72.8257229439874,Unfurnished,Apartment,0,0,10,New Property,Under Construction,"1 Covered, 1 Open",Bharat Realty venture Pvt Ltd 
Rishabraj Avyaana,52242500,1340,3,3,Goregaon West,Mumbai,19.1630920855215,72.8398088005091,Unfurnished,Apartment,0,15,10,New Property,Under Construction,1 Covered,Rishabraj Estate Developers Pvt Ltd
Ghatkopar,26300000,900,3,3,Ghatkopar East,Mumbai,19.07907,72.907976,Unfurnished,Apartment,0,0,9,Resale,Ready to Move,1 Covered,Unknown
Srishti Namaah,11000000,652,2,2,Mira Road East,Mumbai,19.282975,72.873618,Semi-Furnished,Apartment,1,15,10,New Property,Ready to Move,1 Covered,Kalpataru Group Dynamix group N.L. Dalmia Group
Ekta Lake Riviera,25100000,800,2,2,Powai,Mumbai,19.1196773,72.9050809,Unfurnished,Apartment,1,33,10,Resale,Ready to Move,1 Covered,Ekta World
Unkown,175000,477,,1,Andheri East,Mumbai,19.1154908,72.8726952,Furnished,Commercial Office Space,0,0,10,New Property,Ready to Move,,Unknown
Trump Tower,80000000,1300,3,3,Worli,Mumbai,19.0036486667054,72.8175254882335,Semi-Furnished,Apartment,0,21,10,Resale,Ready to Move,1 Covered,Lodha Developers Limited
Sapphire Lakeside,11000000,480,1,1,Powai,Mumbai,19.1196773,72.9050809,Unfurnished,Apartment,0,0,10,New Property,Ready to Move,1 Covered,B G Shirke Group of Companies
Lodha Park Signet,22500000,250,,,Worli,Mumbai,19.0036486667054,72.8175254882335,Unfurnished,Commercial Office Space,0,0,10,Resale,Ready to Move,1 Open,Lodha Developers Limited
Shelton Elite,100515000,1773,4,4,Juhu,Mumbai,19.098267753993,72.8335140160125,Unfurnished,Apartment,0,6,9,New Property,Under Construction,3 Covered,Shelton Groups
Piramal Mahalaxmi,75000000,1080,3,3,Mahalakshmi,Mumbai,18.9865617867147,72.8182867539311,Semi-Furnished,Apartment,0,42,7,Resale,Ready to Move,1 Covered,Piramal Realty
First Avenue,110000000,4577,,1,Kanchpada,Mumbai,19.1905368775868,72.8386450242394,Furnished,Commercial Showroom,0,0,2,Resale,Ready to Move,1 Covered,Atul Projects
Insignia,41000000,1200,3,4,Bandra East,Mumbai,19.062055421515,72.8541362644682,Semi-Furnished,Apartment,0,27,10,Resale,Ready to Move,2 Covered,Dheeraj Realty
SD Aquila at Sarova,140000000,3920,4,4,Kandivali East,Mumbai,19.2050017,72.8692711,Unfurnished,Penthouse,0,20,10,New Property,Under Construction,2 Covered,SD Corporation Pvt. Ltd.
Oberoi Splendor,49000000,890,3,2,Andheri East,Mumbai,19.1154908,72.8726952,Semi-Furnished,Apartment,0,31,10,Resale,Ready to Move,1 Covered,Oberoi Realty Ltd.
Lodha Imperia,20500000,,3,2,Bhandup West,Mumbai,19.149901,72.931134,Semi-Furnished,Apartment,0,18,8,Resale,Ready to Move,,Lodha Developers Limited
Kohinoor City,21000000,700,2,2,Kurla West,Mumbai,19.077063,72.8840395,Semi-Furnished,Apartment,0,34,10,Resale,Ready to Move,1 Covered,Kohinoor Group
Niraj Kakad KK Imperial,65000000,1030,3,3,Bandra West,Mumbai,19.055229,72.830829,Semi-Furnished,Apartment,0,14,9,Resale,Ready to Move,1 Covered,Niraj Kakad Constructions
Arkade Crown,55000000,1196,3,3,Borivali West,Mumbai,19.2335321,72.839198,Unfurnished,Apartment,0,0,10,Resale,Ready to Move,1 Covered,Arkade Group
Enpar Lotus 101 Worli Residences,90000000,1850,3,4,Worli,Mumbai,19.0036486667054,72.8175254882335,Semi-Furnished,Apartment,0,45,10,New Property,Ready to Move,2 Covered,Unknown
Supreme Boulevard,34300000,938,3,3,Deonar Chembur,Mumbai,19.04458516,72.91005657,Unfurnished,Apartment,1,22,2,New Property,Under Construction,1 Covered,Supreme Universal
Vinay Bhavan,34000000,925,3,3,Ghatkopar East,Mumbai,19.07907,72.907976,Unfurnished,Apartment,0,0,9,Resale,Ready to Move,,Unknown
Evershine Tower,38000000,1100,3,3,"Thakur Village, Kandivali East",Mumbai,19.2102986684535,72.873037905053,Furnished,Apartment,0,0,6,Resale,Ready to Move,,Unknown
Ascend Tower,10693200,402,1,2,Malad West,Mumbai,19.1940346300819,72.8257561606587,Unfurnished,Apartment,0,23,10,New Property,Under Construction,"1 Covered, 1 Open",Mamtora Foundation
Ariha Opulence,18300000,700,2,2,Goregaon West,Mumbai,19.1630920855215,72.8398088005091,Unfurnished,Apartment,0,0,10,New Property,Under Construction,1 Covered,ARIHA BUILDTECH LLP
MICL Aaradhya Avaan,229500000,2550,4,4,Tardeo,Mumbai,18.9693555488714,72.8133774658556,Unfurnished,Apartment,1,49,7,New Property,Under Construction,3 Covered,MICL Group
Unkown,25700000,789,2,2,Kandivali West,Mumbai,19.2101312179652,72.8305011930765,Unfurnished,Apartment,0,0,9,Resale,Ready to Move,,Unknown
7 Mahalaxmi,69389500,1297,3,4,Mahalakshmi,Mumbai,18.9865617867147,72.8182867539311,Semi-Furnished,Apartment,1,5,7,New Property,Under Construction,2 Covered,Runwal Enterprises
Kolte Patil Vivere,40000000,1084,3,3,Bangur Nagar,Mumbai,19.16697,72.83154,Unfurnished,Apartment,0,23,0,Resale,Ready to Move,1 Covered,Kolte Patil Developers
Unkown,64900000,1370,3,3,Hindu Colony Dadar East,Mumbai,19.0204669943446,72.8482093160075,Unfurnished,Apartment,1,0,0,New Property,Ready to Move,2 Covered,Unknown
Unkown,165000000,3000,,3,Andheri East,Mumbai,19.1154908,72.8726952,Unfurnished,Commercial Office Space,0,0,10,Resale,Ready to Move,3 Covered,Unknown
White Rose Apartment,17500000,504,1,1,Andheri West,Mumbai,19.1373697481266,72.8257229439874,Furnished,Apartment,0,0,10,Resale,Ready to Move,,Unknown
Royal Classic Co Op Society,26000000,720,2,2,Andheri West,Mumbai,19.1373697481266,72.8257229439874,Unfurnished,Apartment,0,27,10,Resale,Ready to Move,,AJMERA
Royal Classic Co Op Society,26500000,666,2,2,Andheri West,Mumbai,19.1373697481266,72.8257229439874,Unfurnished,Apartment,0,27,10,Resale,Ready to Move,,AJMERA
Royal Classic Co Op Society,26000000,641,2,2,Andheri West,Mumbai,19.1373697481266,72.8257229439874,Furnished,Apartment,0,27,10,Resale,Ready to Move,,AJMERA
Royal Classic Co Op Society,24000000,623,2,2,Andheri West,Mumbai,19.1373697481266,72.8257229439874,Unfurnished,Apartment,0,27,10,Resale,Ready to Move,,AJMERA
Matru Chhaya Apartment,17500000,612,1,2,Andheri West,Mumbai,19.1373697481266,72.8257229439874,Furnished,Apartment,0,0,10,Resale,Ready to Move,,Unknown
Marble Arch Apartment,13000000,396,1,2,Andheri West,Mumbai,19.1373697481266,72.8257229439874,Unfurnished,Apartment,0,8,10,Resale,Ready to Move,,Unknown
Mahant Apartment,16000000,778,2,2,Andheri East,Mumbai,19.1154908,72.8726952,Unfurnished,Apartment,0,0,10,Resale,Ready to Move,,Unknown
Apraulic Sterling Court,36192000,814,3,3,Andheri East,Mumbai,19.1154908,72.8726952,Semi-Furnished,Apartment,0,18,10,Resale,Ready to Move,,Apraulic Construction Investment and Finance Pvt. Ltd.
Siroya New Jagdamba,36100000,785,2,2,Andheri East,Mumbai,19.1154908,72.8726952,Furnished,Apartment,0,0,10,Resale,Ready to Move,,Unknown
Nilgiri C Wing CHS,13900000,538,2,2,Andheri East,Mumbai,19.1154908,72.8726952,Semi-Furnished,Apartment,0,8,10,Resale,Ready to Move,,Shah Developers
Unkown,20000000,1080,3,2,Marol Maroshi Road,Mumbai,19.1169232198219,72.880025218135,Unfurnished,Apartment,0,0,0,Resale,Ready to Move,,Unknown
Acme Elite,28000000,972,3,3,Andheri East,Mumbai,19.1154908,72.8726952,Furnished,Apartment,0,19,10,Resale,Ready to Move,,Acme Group
Star Cooperative Housing Society Ltd,30000000,508,2,2,Prabhadevi,Mumbai,19.0158585103406,72.8295254470428,Semi-Furnished,Apartment,0,0,6,Resale,Ready to Move,,Unknown
Nilkanth Apartment,14000000,475,2,2,Kandivali West,Mumbai,19.2101312179652,72.8305011930765,Semi-Furnished,Apartment,0,0,9,Resale,Ready to Move,,Unknown
Maa Hiren Apartment,28500000,612,3,3,Kandivali West,Mumbai,19.2101312179652,72.8305011930765,Furnished,Apartment,0,0,9,Resale,Ready to Move,,Unknown
Maa Hiren Apartment,22000000,671,3,3,Kandivali West,Mumbai,19.2101312179652,72.8305011930765,Semi-Furnished,Apartment,0,0,9,Resale,Ready to Move,,Unknown
Maitri CHS,12000000,540,2,2,Ghatkopar West,Mumbai,19.0908063,72.9076669,Furnished,Apartment,0,0,10,Resale,Ready to Move,,Cooperative Group Housing Society
Maitri CHS,12000000,648,2,1,Damodar Park,Mumbai,19.09732,72.9139,Semi-Furnished,Apartment,0,0,1,Resale,Ready to Move,,Cooperative Group Housing Society
Maitri CHS,11500000,540,2,2,Ghatkopar West,Mumbai,19.0908063,72.9076669,Semi-Furnished,Apartment,0,0,10,Resale,Ready to Move,,Cooperative Group Housing Society
Maitri CHS,10000000,540,2,2,Damodar Park,Mumbai,19.09732,72.9139,Furnished,Apartment,0,0,1,Resale,Ready to Move,,Cooperative Group Housing Society
Indira Nagar CHS,12500000,432,2,1,Ghatkopar West,Mumbai,19.0908063,72.9076669,Furnished,Apartment,0,0,10,Resale,Ready to Move,,Cooperative Group Housing Society
Ekta Trinity,75000000,1264,3,3,Santacruz West,Mumbai,19.0812559812257,72.8376604906028,Semi-Furnished,Apartment,0,11,7,Resale,Ready to Move,,Ekta World
Rustomjee Elita,148000000,1980,5,5,Andheri West,Mumbai,19.1373697481266,72.8257229439874,Unfurnished,Apartment,0,41,10,Resale,Ready to Move,,Rustomjee
Jyoti Harmony,6300000,648,2,2,Virar,Mumbai,19.462194642857,72.8049130698568,Furnished,Apartment,0,0,8,Resale,Ready to Move,,Unknown
Jyoti Harmony,4800000,792,2,2,Virar,Mumbai,19.462194642857,72.8049130698568,Semi-Furnished,Apartment,0,0,8,Resale,Ready to Move,,Unknown
Sethia Link View,18500000,792,2,2,Motilal Nagar 2,Mumbai,19.165226,72.83551,Furnished,Apartment,0,17,0,Resale,Ready to Move,,Sethia Infrastructure
Bindra Apartments,15500000,828,2,2,Andheri East,Mumbai,19.1154908,72.8726952,Semi-Furnished,Apartment,0,15,10,Resale,Ready to Move,,Bindra Group
Orange Heights,3200000,425,1,1,Nalasopara West,Mumbai,19.4129235749963,72.7885889890948,Semi-Furnished,Apartment,0,19,4,Resale,Ready to Move,,Dharti Group
Orange Heights,2800000,425,1,1,Nalasopara West,Mumbai,19.4129235749963,72.7885889890948,Semi-Furnished,Apartment,0,19,4,Resale,Ready to Move,,Dharti Group
Sundew Swastik Park,9000000,446,1,2,Bhandup West,Mumbai,19.149901,72.931134,Semi-Furnished,Apartment,0,0,8,Resale,Ready to Move,,Unknown
Landmark Tower,20500000,493,1,2,Dadar East,Mumbai,19.0135792007831,72.8448295038214,Semi-Furnished,Apartment,0,4,8,Resale,Ready to Move,,Landmark Group
The Wadhwa Viceroy Park,22500000,864,3,2,Dahisar West,Mumbai,19.2567151019289,72.8506375105369,Semi-Furnished,Apartment,0,0,6,Resale,Ready to Move,,Unknown
Vrushali Villa,17500000,828,3,2,Chembur,Mumbai,19.0459181155422,72.8975231581492,Semi-Furnished,Apartment,0,0,10,Resale,Ready to Move,,Unknown
Sankalp Siddhi,11000000,519,2,2,Goregaon East,Mumbai,19.1562110822264,72.8758090633208,Semi-Furnished,Apartment,0,14,9,Resale,Ready to Move,,Sankalp Realty
Chheda Heights,19400000,922,3,3,Bhandup West,Mumbai,19.149901,72.931134,Semi-Furnished,Apartment,0,0,8,Resale,Ready to Move,,Cooperative Group Housing Society
Gemini Apartment,18500000,756,3,3,Ghatkopar East,Mumbai,19.07907,72.907976,Unfurnished,Apartment,0,0,9,Resale,Ready to Move,,Unknown
Nisarg Heaven,13000000,468,1,2,Kandivali West,Mumbai,19.2101312179652,72.8305011930765,Furnished,Apartment,0,5,9,Resale,Ready to Move,,Nisarg Developer
Jyoti Sukriti,31500000,828,3,3,Goregaon East,Mumbai,19.1562110822264,72.8758090633208,Unfurnished,Apartment,0,38,9,Resale,Ready to Move,,Jyoti Builders
Awesome Heights,18000000,720,2,2,Marol,Mumbai,19.1169810025439,72.8801253056097,Semi-Furnished,Apartment,0,0,8,Resale,Ready to Move,,Unknown
Mahindra Vivante,42500000,1289,3,3,Andheri East,Mumbai,19.1154908,72.8726952,Unfurnished,Apartment,0,35,10,Resale,Ready to Move,,Mahindra Lifespace Developers Ltd.
Ruparel Elara,10000000,486,1,2,Kandivali West,Mumbai,19.2101312179652,72.8305011930765,Semi-Furnished,Apartment,0,12,9,Resale,Ready to Move,,Ruparel Realty
Unique Skyline 2,7575000,562,1,2,Mira Road Area,Mumbai,19.2829267647424,72.8627883689306,Unfurnished,Apartment,0,6,8,Resale,Ready to Move,,Unique Shanti Developers Pvt. Ltd.
Sadhu Hiranand,6400000,331,1,1,Malad West,Mumbai,19.1940346300819,72.8257561606587,Unfurnished,Apartment,0,7,10,Resale,Ready to Move,,Sadhu & Development of group
Libra CHS,7500000,317,1,1,Malad West,Mumbai,19.1940346300819,72.8257561606587,Unfurnished,Apartment,0,7,10,Resale,Ready to Move,,Libra Group
Sea Pearl,45500000,490,2,2,Bandra West,Mumbai,19.055229,72.830829,Semi-Furnished,Apartment,0,0,9,Resale,Ready to Move,,Unknown
Mithul Enclave,8200000,396,1,1,Chembur East,Mumbai,19.0611638862632,72.8948410560158,Unfurnished,Apartment,0,0,2,Resale,Ready to Move,,Charisma Builders Ltd.
Mithul Enclave,8800000,375,1,1,Chembur,Mumbai,19.0459181155422,72.8975231581492,Unfurnished,Apartment,0,0,10,Resale,Ready to Move,,Charisma Builders Ltd.
Mayuresh Park,12500000,592,2,2,Bhandup West,Mumbai,19.149901,72.931134,Semi-Furnished,Apartment,0,8,8,Resale,Ready to Move,,Mayuresh Group
Abrol Vastu Park,21500000,846,2,2,Malad West,Mumbai,19.1940346300819,72.8257561606587,Unfurnished,Apartment,0,13,10,Resale,Ready to Move,,Abrol Builders
Emgee Greens,13000000,468,1,1,Wadala,Mumbai,19.012216203088,72.8604594318626,Furnished,Apartment,0,9,5,Resale,Ready to Move,,Emgee Group
Godrej Central,24000000,1152,3,3,Chembur,Mumbai,19.0459181155422,72.8975231581492,Semi-Furnished,Apartment,0,31,10,Resale,Ready to Move,,Godrej Properties
Wadhwa The Address,18500000,778,2,2,Ghatkopar West,Mumbai,19.0908063,72.9076669,Semi-Furnished,Apartment,0,36,10,Resale,Ready to Move,,The Wadhwa Group
Evershine City,3300000,349,1,1,Vasai,Mumbai,19.3914260104194,72.8285855834131,Semi-Furnished,Apartment,0,6,6,Resale,Ready to Move,,Evershine Builders
Evershine City,2700000,302,1,1,Vasai East,Mumbai,19.39954,72.8604165,Semi-Furnished,Apartment,0,6,6,Resale,Ready to Move,,Evershine Builders
Hiranandani Gardens Golden Oak,32000000,936,2,2,Powai,Mumbai,19.1196773,72.9050809,Furnished,Apartment,0,16,10,Resale,Ready to Move,,Hiranandani Group
Hdil Galaxy Apartment,11000000,662,2,2,Kurla East,Mumbai,19.0615645059118,72.880543263673,Semi-Furnished,Apartment,0,20,1,Resale,Ready to Move,,HDIL
Hiranandani Gardens Odyssey I,110000000,1987,4,4,Powai,Mumbai,19.1196773,72.9050809,Semi-Furnished,Apartment,0,18,10,Resale,Ready to Move,,Hiranandani Group
Mahindra Park,17200000,543,2,2,Ghatkopar West,Mumbai,19.0908063,72.9076669,Semi-Furnished,Apartment,0,27,10,Resale,Ready to Move,,Mahindra Lifespace Developers Ltd.
Oberoi Sky Gardens,149000000,2304,4,4,Andheri West,Mumbai,19.1373697481266,72.8257229439874,Unfurnished,Apartment,0,14,10,Resale,Ready to Move,,Oberoi Realty Ltd.
Hubtown Iris,6450000,430,1,1,Mira Road Area,Mumbai,19.2829267647424,72.8627883689306,Furnished,Apartment,1,14,8,Resale,Ready to Move,,Hubtown Ltd.
Raajyam Amity Apartments,34000000,1155,3,3,Vakola,Mumbai,19.0794899226775,72.8542218874446,Unfurnished,Apartment,1,5,4,New Property,Ready to Move,1 Covered,RAAJYAM REALTY LLP
Unkown,22000000,720,2,2,Borivali West,Mumbai,19.2335321,72.839198,Unfurnished,Apartment,1,0,10,Resale,Ready to Move,,Unknown
Rustomjee Seasons,65000000,1140,3,3,Bandra East,Mumbai,19.062055421515,72.8541362644682,Semi-Furnished,Apartment,0,40,10,Resale,Ready to Move,,Rustomjee
Mauli Pride,8500000,380,1,2,Malad East,Mumbai,19.1848724519187,72.8629697025013,Unfurnished,Apartment,0,29,9,New Property,Under Construction,1 Covered,Mauli Sai Developers Pvt. Ltd.
Unkown,140000000,,,,Marol,Mumbai,19.1169810025439,72.8801253056097,Unfurnished,Warehouse/ Godown,0,0,8,Resale,Ready to Move,,Unknown
Lodha World One,150000000,2450,4,6,Worli,Mumbai,19.0036486667054,72.8175254882335,Semi-Furnished,Apartment,0,58,10,Resale,Ready to Move,3 Covered,Lodha Developers Limited
Unkown,2200000,402,1,1,Virar West,Mumbai,19.4638767047594,72.7822993572118,Semi-Furnished,Apartment,0,0,8,Resale,Ready to Move,,Unknown
Unkown,33500000,784,2,2,Vile Parle East,Mumbai,19.10046297,72.84924449,Furnished,Apartment,0,0,10,New Property,Ready to Move,1 Open,Unknown
Paras El Signora,15500000,550,1,2,Andheri West,Mumbai,19.1373697481266,72.8257229439874,Unfurnished,Apartment,0,17,10,New Property,Ready to Move,,Paras Developers
Adani Western Heights,51200000,1067,3,3,Four Bungalows,Mumbai,19.12537,72.82542,Semi-Furnished,Apartment,0,57,3,Resale,Ready to Move,1 Covered,Adani Realty
Nahar Jonquille and Jamaica,20500000,650,2,2,Powai,Mumbai,19.1196773,72.9050809,Unfurnished,Apartment,0,30,10,Resale,Ready to Move,1 Covered,Nahar Group
Ruparel Zinnia,35000000,428,,,Borivali,Mumbai,19.2310071796616,72.8523989794128,Unfurnished,Commercial Shop,0,12,10,New Property,Under Construction,1 Covered,Ruparel Realty
Shantinath Darshan,16500000,700,2,2,Parbat Nagar,Mumbai,19.24441791,72.86132084,Semi-Furnished,Apartment,0,0,0,Resale,Ready to Move,1 Open,Naresh Gogari Developers
Crescent Solitaire,13000000,731,1,2,Andheri East,Mumbai,19.1154908,72.8726952,Unfurnished,Apartment,0,23,10,Resale,Ready to Move,,Crescent Group
Modis Rashmi Celestia,39500000,970,3,3,Borivali West,Mumbai,19.2335321,72.839198,Unfurnished,Apartment,0,19,10,New Property,Ready to Move,,Modis Navnirman Limited
Godrej Central,20000000,,2,2,Chembur,Mumbai,19.0459181155422,72.8975231581492,Unfurnished,Apartment,0,31,10,Resale,Ready to Move,,Godrej Properties
Unkown,8200000,646,2,2,Beverly Park,Mumbai,19.295256624119,72.871489861401,Semi-Furnished,Apartment,0,0,3,Resale,Ready to Move,,Unknown
Dheeraj Heritage Residency,39000000,950,3,3,Shastri Nagar Santacruz West,Mumbai,19.0876719,72.83436958,Unfurnished,Apartment,0,0,0,Resale,Ready to Move,,Dheeraj Realty
Lotus Sky Garden,23500000,985,3,3,Malad West,Mumbai,19.1940346300819,72.8257561606587,Unfurnished,Apartment,0,32,10,New Property,Ready to Move,1 Open,Lotus Logistic and Developers
Unkown,17000000,692,2,2,Kandivali West,Mumbai,19.2101312179652,72.8305011930765,Unfurnished,Apartment,0,0,9,Resale,Ready to Move,,Unknown
Oberoi Springs,45500000,920,3,3,Andheri West,Mumbai,19.1373697481266,72.8257229439874,Semi-Furnished,Apartment,0,51,10,Resale,Ready to Move,2 Open,Oberoi Realty Ltd.
Unkown,31000000,700,,2,Kandivali East,Mumbai,19.2050017,72.8692711,Unfurnished,Commercial Office Space,0,0,10,New Property,Ready to Move,4 Covered,Unknown
Lakshchandi Height,75000000,2250,5,5,Goregaon East,Mumbai,19.1562110822264,72.8758090633208,Semi-Furnished,Apartment,0,18,9,Resale,Ready to Move,2 Covered,Goyal Properties and Builders
Lloyds Estate,19500000,604,2,2,Wadala,Mumbai,19.012216203088,72.8604594318626,Semi-Furnished,Apartment,0,0,5,Resale,Ready to Move,,Unknown
Samrock Aar Pee Apartments,23500000,480,,1,Juhu Lane,Mumbai,19.11438738,72.83956803,Furnished,Commercial Office Space,0,0,1,Resale,Ready to Move,,Unknown
Aishwarya Heights,15500000,486,2,2,Jogeshwari East,Mumbai,19.135330778145,72.8584643173496,Furnished,Apartment,0,9,6,Resale,Ready to Move,1 Covered,Aishwarya Light Construction Co
L&T Rejuve 360,23500000,752,2,2,Mulund West,Mumbai,19.1749536837097,72.943103519999,Unfurnished,Apartment,0,11,10,Resale,Ready to Move,,L&T Realty
Unkown,67500000,1000,2,2,Walkeshwar Road,Mumbai,18.9455929,72.7959466,Unfurnished,Apartment,0,0,0,Resale,Ready to Move,1 Open,Unknown
Bhakti Park,12500000,448,1,2,Wadala,Mumbai,19.012216203088,72.8604594318626,Semi-Furnished,Apartment,0,33,5,Resale,Ready to Move,,Ajmera Realty & Infra India Ltd.
Unkown,50000000,1250,3,3,Wadala West,Mumbai,19.0151808625823,72.8575804704432,Furnished,Apartment,0,0,2,Resale,Ready to Move,,Unknown
Sainath Heights,22000000,,3,3,Mulund East,Mumbai,19.1531029501285,72.9678051455382,Unfurnished,Apartment,0,0,5,Resale,Ready to Move,1 Open,Unknown
wadhwa Promenade At The Address,18000000,630,2,2,Ghatkopar West,Mumbai,19.0908063,72.9076669,Semi-Furnished,Apartment,0,7,10,Resale,Ready to Move,,The Wadhwa Group
K Raheja Interface Heights,24500000,730,2,2,Malad West,Mumbai,19.1940346300819,72.8257561606587,Furnished,Apartment,0,18,10,Resale,Ready to Move,,K Raheja Realty
Aadi Allure,32000000,1360,3,3,Kanjur Village,Mumbai,19.1331917380888,72.9398839558628,Furnished,Apartment,0,6,1,Resale,Ready to Move,2 Covered,Aadi Properties
Sheth Vasant Oasis,105000000,1866,4,6,Andheri East,Mumbai,19.1154908,72.8726952,Furnished,Apartment,0,44,10,Resale,Ready to Move,,Sheth Creators
Unkown,75000000,2060,4,4,Malad East,Mumbai,19.1848724519187,72.8629697025013,Furnished,Apartment,0,0,9,Resale,Ready to Move,2 Covered,Unknown
VKG Krishna Residences,37500000,1079,,,Andheri East,Mumbai,19.1154908,72.8726952,,Apartment,0,2,10,New Property,Ready to Move,"1 Covered, 1 Open",VKG
Mayfair The View,18500000,621,2,2,Vikhroli West,Mumbai,19.1137179954172,72.9215428733798,Furnished,Apartment,0,32,6,Resale,Ready to Move,1 Covered,Mayfair Housing
Flower Queen,31000000,720,2,2,Andheri West,Mumbai,19.1373697481266,72.8257229439874,Unfurnished,Apartment,0,0,10,Resale,Ready to Move,,Unknown
Rishikesh Apartment,18500000,760,2,2,Ghatkopar West,Mumbai,19.0908063,72.9076669,Furnished,Apartment,0,0,10,Resale,Ready to Move,,Unknown
Cooperative Akshaya And Jayshree Redevelopment,28500000,807,3,3,Borivali West,Mumbai,19.2335321,72.839198,Unfurnished,Apartment,0,6,10,Resale,Ready to Move,,Cooperative Group Housing Society
Pardis Shangrila,68000000,1140,6,3,Bandra West,Mumbai,19.055229,72.830829,Semi-Furnished,Apartment,0,16,9,New Property,Under Construction,,Pardis Tirumala LLP
Dotom Blumen,12700000,430,1,2,Vikhroli West,Mumbai,19.1137179954172,72.9215428733798,Unfurnished,Apartment,0,8,6,Resale,Ready to Move,,Dotom Realty
Unkown,16500000,600,2,2,Mulund East,Mumbai,19.1531029501285,72.9678051455382,Furnished,Apartment,0,0,5,Resale,Ready to Move,,Unknown
JE & VEE Om Trimurti,17000000,591,2,2,MHB Colony Dindoshi,Mumbai,19.1778527,72.86034163,Unfurnished,Apartment,0,14,0,Resale,Ready to Move,1 Open,JE & VEE Infrastructure
Unkown,8770000,,1,1,Dahisar East,Mumbai,19.2530390003417,72.8684258373265,Unfurnished,Apartment,0,0,9,Resale,Ready to Move,,Unknown
Unkown,290000000,3200,5,4,Bandra,Mumbai,19.0578780355007,72.8393951689804,Unfurnished,Penthouse,0,0,10,Resale,Ready to Move,,Unknown
Birla Niyaara,210000000,2200,4,4,Worli,Mumbai,19.0036486667054,72.8175254882335,Unfurnished,Apartment,0,13,10,Resale,Under Construction,,Birla Estates Private Limited
Hiranandani Highland,42300000,,3,3,Powai,Mumbai,19.1196773,72.9050809,Semi-Furnished,Apartment,0,24,10,Resale,Ready to Move,,Hiranandani Developers
Brindavan,19500000,910,3,3,Evershine Nagar,Mumbai,19.1907510730194,72.8323939840267,Semi-Furnished,Apartment,0,6,1,Resale,Ready to Move,1 Open,Brindavan Builders
Shree Dutta Tower,26000000,735,2,2,Parel,Mumbai,18.9982694030581,72.8410429440342,Semi-Furnished,Apartment,0,0,6,Resale,Ready to Move,,Unknown
Ajmera Greenfinity,18800000,,2,2,Wadala East,Mumbai,19.0135321429189,72.8602998056272,Unfurnished,Apartment,0,18,2,Resale,Under Construction,,Ajmera Realty & Infra India Ltd.
Brindaban Phase II,21500000,750,2,2,Andheri East,Mumbai,19.1154908,72.8726952,Semi-Furnished,Apartment,0,0,10,Resale,Ready to Move,,Unknown
Royal Palms,9500000,500,2,2,Goregaon East,Mumbai,19.1562110822264,72.8758090633208,Semi-Furnished,Apartment,0,31,9,Resale,Ready to Move,,Royal Palms
Transcon Auris Serenity,33300000,,2,2,Kanchpada,Mumbai,19.1905368775868,72.8386450242394,Furnished,Apartment,0,38,2,Resale,Ready to Move,,Transcon Developers and Sheth Creators
Unkown,380000000,3100,5,6,Worli,Mumbai,19.0036486667054,72.8175254882335,Unfurnished,Apartment,0,0,10,Resale,Ready to Move,,Unknown
Rajawadi Vallabh CHS,25000000,735,2,2,Ghatkopar East,Mumbai,19.07907,72.907976,Unfurnished,Apartment,0,0,9,Resale,Ready to Move,,Cooperative Group Housing Society
Rajendra Dolphin Tower,19900000,750,2,2,Malad West,Mumbai,19.1940346300819,72.8257561606587,Unfurnished,Apartment,0,14,10,Resale,Ready to Move,,Rajendra Builders Pvt. Ltd.
Indra Darshan Apartment,31500000,770,2,2,Andheri West,Mumbai,19.1373697481266,72.8257229439874,Furnished,Apartment,0,4,10,Resale,Ready to Move,1 Covered,Indra Darshan Developer
Ariana Residency,8800000,374,1,2,Devipada,Mumbai,19.22467,72.86657,Unfurnished,Apartment,0,20,5,Resale,Ready to Move,,Paradigm Realty & Dotom Realty
Rizvi Cedar ,15400000,706,2,2,Kurar Village,Mumbai,19.19034,72.86303,Furnished,Apartment,0,13,2,Resale,Ready to Move,,Rizvi Builders
Shiv Kripa,12000000,325,1,1,Chembur,Mumbai,19.0459181155422,72.8975231581492,Semi-Furnished,Apartment,0,0,10,Resale,Ready to Move,,Unknown
Shreeji Krupa,135000000,2880,5,6,Vile Parle West,Mumbai,19.1093928395446,72.8369701399986,Semi-Furnished,Apartment,0,4,8,Resale,Ready to Move,,Unknown
Lodha Codename Bullseye,9500000,720,2,2,Mira Road Area,Mumbai,19.2829267647424,72.8627883689306,Semi-Furnished,Apartment,0,14,8,Resale,Ready to Move,,Lodha Developers Limited
Lodha Codename Bullseye,12600000,756,2,2,Mira Road Area,Mumbai,19.2829267647424,72.8627883689306,Semi-Furnished,Apartment,0,14,8,Resale,Ready to Move,,Lodha Developers Limited
Lodha Codename Bullseye,10500000,468,2,2,Mira Road Area,Mumbai,19.2829267647424,72.8627883689306,Unfurnished,Apartment,0,14,8,Resale,Under Construction,,Lodha Developers Limited
Nicon Infinity,3872000,536,1,2,Vasai East,Mumbai,19.39954,72.8604165,Unfurnished,Apartment,0,0,6,Resale,Under Construction,,Nicon Infra LLP
Oberoi Maxima,125000000,1300,5,4,Andheri East,Mumbai,19.1154908,72.8726952,Unfurnished,Apartment,0,5,10,Resale,Ready to Move,,Oberoi Realty Ltd.
Kanakia Zen World,13500000,381,1,1,Kanjurmarg East,Mumbai,19.1303464798827,72.934955451681,Unfurnished,Apartment,0,19,5,Resale,Ready to Move,,Kanakia Spaces Realty Pvt. Ltd.
Kanakia Zen World,27500000,648,2,2,Kanjurmarg East,Mumbai,19.1303464798827,72.934955451681,Furnished,Apartment,0,19,5,Resale,Ready to Move,,Kanakia Spaces Realty Pvt. Ltd.
Kanakia Zen World,21500000,684,2,2,Kanjurmarg East,Mumbai,19.1303464798827,72.934955451681,Furnished,Apartment,0,19,5,Resale,Ready to Move,,Kanakia Spaces Realty Pvt. Ltd.
Kanakia Zen World,11000000,542,1,2,Kanjurmarg East,Mumbai,19.1303464798827,72.934955451681,Unfurnished,Apartment,0,19,5,Resale,Under Construction,,Kanakia Spaces Realty Pvt. Ltd.
Agarwal Exotica ,6000000,648,2,2,Vasai East,Mumbai,19.39954,72.8604165,Semi-Furnished,Apartment,0,23,6,Resale,Ready to Move,,Agarwal Group
NG Silver Spring,9000000,719,2,2,Mira Road Area,Mumbai,19.2829267647424,72.8627883689306,Furnished,Apartment,0,21,8,Resale,Ready to Move,,RNA NG Builders
Lodha Altia,17000000,370,1,1,Wadala East,Mumbai,19.0135321429189,72.8602998056272,Semi-Furnished,Apartment,0,26,2,Resale,Ready to Move,,Lodha Developers Limited
Siddha Seabrook,15000000,396,2,2,Kandivali West,Mumbai,19.2101312179652,72.8305011930765,Unfurnished,Apartment,0,22,9,Resale,Under Construction,,Siddha Group
Godrej Tranquil,16800000,490,2,2,Kandivali East,Mumbai,19.2050017,72.8692711,Semi-Furnished,Apartment,0,35,10,Resale,Ready to Move,,Godrej Properties
Godrej Tranquil,18500000,490,2,2,Kandivali East,Mumbai,19.2050017,72.8692711,Unfurnished,Apartment,0,35,10,Resale,Ready to Move,,Godrej Properties
Godrej Tranquil,16900000,509,2,2,Kandivali East,Mumbai,19.2050017,72.8692711,Unfurnished,Apartment,0,35,10,Resale,Ready to Move,,Godrej Properties
Godrej Tranquil,16000000,482,2,2,Kandivali East,Mumbai,19.2050017,72.8692711,Unfurnished,Apartment,0,35,10,Resale,Under Construction,,Godrej Properties
Godrej Tranquil,18000000,777,2,2,Kandivali East,Mumbai,19.2050017,72.8692711,Semi-Furnished,Apartment,0,35,10,Resale,Ready to Move,,Godrej Properties
UK Iridium,8500000,456,1,1,Akurli Nagar,Mumbai,19.19874,72.860507,Unfurnished,Apartment,0,18,2,Resale,Under Construction,,UK Realty
UK Iridium,9600000,465,1,2,Kandivali East,Mumbai,19.2050017,72.8692711,Unfurnished,Apartment,0,18,10,Resale,Under Construction,,UK Realty
Ruparel Optima,8500000,324,1,1,Kandivali West,Mumbai,19.2101312179652,72.8305011930765,Furnished,Apartment,0,15,9,Resale,Under Construction,,Ruparel Realty
A&O F Residences Malad,19500000,864,2,2,Malad East,Mumbai,19.1848724519187,72.8629697025013,Unfurnished,Apartment,0,14,9,Resale,Under Construction,,A&O Realty and Riddhi Siddhi Group
Prima Terra Upper East 97,23000000,651,3,3,Malad East,Mumbai,19.1848724519187,72.8629697025013,Unfurnished,Apartment,0,21,9,Resale,Ready to Move,,Prima Terra Buildtech
Prima Terra Upper East 97,23000000,651,3,3,Malad East,Mumbai,19.1848724519187,72.8629697025013,Unfurnished,Apartment,0,21,9,Resale,Ready to Move,,Prima Terra Buildtech
PNK Tiara Hills,8700000,630,2,2,Mira Road Area,Mumbai,19.2829267647424,72.8627883689306,Furnished,Apartment,0,29,8,Resale,Under Construction,,PNK Group
Peninsula Celestia Spaces,38900000,1007,2,2,Sewri,Mumbai,18.9920224182449,72.8537565266891,Semi-Furnished,Apartment,0,20,6,Resale,Ready to Move,,Peninsula Land Ltd.
Navkar Paradise,21000000,648,2,2,Borivali West,Mumbai,19.2335321,72.839198,Unfurnished,Apartment,0,12,10,Resale,Ready to Move,,Navkar Grooup
Prathana Acharya Ashram,11500000,468,1,2,Borivali West,Mumbai,19.2335321,72.839198,Furnished,Apartment,0,0,10,Resale,Ready to Move,,Unknown
Morya Avenue,9500000,446,1,2,Borivali East,Mumbai,19.2272619069866,72.8634397272398,Semi-Furnished,Apartment,0,0,10,Resale,Ready to Move,,Morya Infrastructure Pvt. Ltd.
Lodha Estrella,41800000,1490,3,4,Wadala,Mumbai,19.012216203088,72.8604594318626,Semi-Furnished,Apartment,0,54,5,Resale,Ready to Move,,Lodha Developers Limited
Piccadilly Condos,3500000,248,1,1,Goregaon East,Mumbai,19.1562110822264,72.8758090633208,Semi-Furnished,Apartment,0,18,9,Resale,Ready to Move,,Royal Palms
Adani Western Heights,65000000,1620,4,4,Four Bungalows,Mumbai,19.12537,72.82542,Semi-Furnished,Apartment,0,57,3,Resale,Ready to Move,,Adani Realty
Sujata Niwas Apartment,32500000,639,2,2,Bandra West,Mumbai,19.055229,72.830829,Semi-Furnished,Apartment,0,0,9,Resale,Ready to Move,,Unknown
Satyam CHS,14000000,540,2,2,Andheri West,Mumbai,19.1373697481266,72.8257229439874,Unfurnished,Apartment,0,4,10,Resale,Ready to Move,,Satya Krupa Constructions
Diamond Garden,35000000,821,3,2,Chembur,Mumbai,19.0459181155422,72.8975231581492,Furnished,Apartment,0,18,10,Resale,Ready to Move,,Cooperative Group Housing Society
Platinum Casa Divine,11500000,222,1,1,Andheri West,Mumbai,19.1373697481266,72.8257229439874,Furnished,Apartment,0,14,10,Resale,Ready to Move,,Platinum Corp
Govinda Park,2213750,414,1,1,Nalasopara West,Mumbai,19.4129235749963,72.7885889890948,Unfurnished,Apartment,0,13,4,Resale,Under Construction,,Govinda Group
Diamond Garden,37500000,1332,3,3,Chembur,Mumbai,19.0459181155422,72.8975231581492,Semi-Furnished,Apartment,0,18,10,Resale,Ready to Move,,Cooperative Group Housing Society
Sadhu Hiranand,7550000,331,1,2,Malad West,Mumbai,19.1940346300819,72.8257561606587,Semi-Furnished,Apartment,0,7,10,Resale,Ready to Move,,Sadhu & Development of group
Wadhwa Imperial Heights,34500000,1518,3,3,Goregaon West,Mumbai,19.1630920855215,72.8398088005091,Unfurnished,Apartment,0,13,10,Resale,Ready to Move,,The Wadhwa Group
Kalpataru Sparkle,67000000,1080,3,2,Bandra East,Mumbai,19.062055421515,72.8541362644682,Unfurnished,Apartment,0,23,10,Resale,Ready to Move,,Kalpataru Ltd.
Shiv Prerna,7300000,288,1,1,Ghatkopar West,Mumbai,19.0908063,72.9076669,Semi-Furnished,Apartment,0,0,10,Resale,Ready to Move,,Unknown
Kohinoor City,22000000,600,2,2,Kurla West,Mumbai,19.077063,72.8840395,Unfurnished,Apartment,0,34,10,Resale,Ready to Move,,Kohinoor Group
Samarth Garden,12000000,619,2,2,Bhandup West,Mumbai,19.149901,72.931134,Unfurnished,Apartment,0,7,8,Resale,Ready to Move,,Mahadev & Company Pvt. Ltd.
Evershine Crown,26000000,950,3,2,Kandivali East,Mumbai,19.2050017,72.8692711,Unfurnished,Apartment,0,31,10,Resale,Ready to Move,,Evershine Builders
Neminath Luxeria,24836000,900,3,2,Andheri West,Mumbai,19.1373697481266,72.8257229439874,Unfurnished,Apartment,0,24,10,Resale,Ready to Move,,Neminath Group
Royal Palace,15100000,367,1,1,Elphinstone,Mumbai,19.0081314771461,72.8307980979771,Furnished,Apartment,0,17,0,Resale,Ready to Move,,I S A Enterprises
Aims Sea View,9200000,720,2,2,Bhayandar East,Mumbai,19.3096844760714,72.8623193046283,Semi-Furnished,Apartment,0,21,5,Resale,Ready to Move,,Aims Group
Sunteck City Avenue II,18500000,695,2,2,Goregaon West,Mumbai,19.1630920855215,72.8398088005091,Unfurnished,Apartment,0,30,10,Resale,Ready to Move,,Sunteck Realty Ltd.
Omkar Ananta,14000000,792,2,2,Goregaon East,Mumbai,19.1562110822264,72.8758090633208,Unfurnished,Apartment,0,17,9,Resale,Ready to Move,,Omkar Realtors and Developers Pvt. Ltd.
Rustomjee Global City,3700000,362,2,2,Virar West,Mumbai,19.4638767047594,72.7822993572118,Unfurnished,Apartment,0,20,8,Resale,Ready to Move,,Rustomjee
Hubtown Akruti Orchid Park,12000000,468,1,2,Andheri East,Mumbai,19.1154908,72.8726952,Semi-Furnished,Apartment,0,19,10,Resale,Ready to Move,,Hubtown Ltd.
Omkar Veda,28000000,900,2,2,Parel,Mumbai,18.9982694030581,72.8410429440342,Semi-Furnished,Apartment,0,23,6,Resale,Ready to Move,,Omkar Realtors and Developers Pvt. Ltd.
Bombay Dyeing Two ICC,75000000,2340,4,4,Dadar East,Mumbai,19.0135792007831,72.8448295038214,Semi-Furnished,Apartment,0,14,8,Resale,Ready to Move,,Bombay Realty
Arkade Art,8450000,634,2,2,Mira Road Area,Mumbai,19.2829267647424,72.8627883689306,Semi-Furnished,Apartment,0,34,8,Resale,Ready to Move,,Arkade Group
Mantri Park,7500000,533,1,1,Goregaon East,Mumbai,19.1562110822264,72.8758090633208,Unfurnished,Apartment,0,37,9,Resale,Ready to Move,,Mantri Realty
The Dudhawala Proxima Residences,14500000,480,1,1,Andheri West,Mumbai,19.1373697481266,72.8257229439874,Semi-Furnished,Apartment,0,0,10,Resale,Ready to Move,,Unknown
Unkown,40000000,910,2,2,Santacruz West,Mumbai,19.0812559812257,72.8376604906028,Semi-Furnished,Apartment,0,0,7,Resale,Ready to Move,1 Covered,Unknown
Unkown,75000000,1700,,4,Andheri,Mumbai,19.12029828,72.84559079,Furnished,Commercial Office Space,0,0,10,Resale,Ready to Move,,Unknown
Raheja Ridgewood,42000000,1050,3,3,Goregaon East,Mumbai,19.1562110822264,72.8758090633208,Furnished,Apartment,0,43,9,Resale,Ready to Move,,Raheja Universal Pvt. Ltd.
Unkown,60000000,995,3,3,Bandra West,Mumbai,19.055229,72.830829,Semi-Furnished,Apartment,0,0,9,New Property,Ready to Move,,Unknown
Raheja Reflections Odyssey,135000000,2214,4,6,Kandivali East,Mumbai,19.2050017,72.8692711,Furnished,Apartment,0,12,10,Resale,Ready to Move,4 Open,Raheja Universal Pvt. Ltd.
Unkown,28500000,825,2,2,Khira Nagar,Mumbai,19.0885830591162,72.8370918607247,Furnished,Apartment,0,0,2,Resale,Ready to Move,,Unknown
Lodha World Crest,160000000,2575,4,5,Lower Parel West,Mumbai,19.0010243905285,72.8239939828909,Semi-Furnished,Apartment,0,58,0,Resale,Ready to Move,3 Covered,Lodha Developers Limited
Unkown,70000000,1700,5,5,Yashodham,Mumbai,19.1721403570781,72.859157725407,Semi-Furnished,Apartment,0,0,1,Resale,Ready to Move,2 Covered,Unknown
Ekta Tripolis,41000000,1084,3,3,Siddharth Nagar Goregaon West,Mumbai,19.15978193,72.84234796,Unfurnished,Apartment,0,11,3,Resale,Ready to Move,1 Covered,Ekta World
Unkown,19500000,783,2,2,Goregaon West,Mumbai,19.1630920855215,72.8398088005091,Unfurnished,Apartment,0,0,10,Resale,Ready to Move,,Unknown
Bliss Tower,15500000,637,2,2,Kandarpada,Mumbai,19.256099,72.852924,Unfurnished,Apartment,0,0,5,New Property,Under Construction,,Pastonji Group of Companies
Unkown,37500000,850,2,2,Santacruz West,Mumbai,19.0812559812257,72.8376604906028,Semi-Furnished,Apartment,0,0,7,Resale,Ready to Move,1 Covered,Unknown
Shree Naman Residency,37500000,1000,3,3,E Block BKC,Mumbai,19.05700025,72.85389377,Semi-Furnished,Apartment,0,22,0,Resale,Ready to Move,2 Covered,Shree Naman Group
Naman Habitat,38500000,1025,3,3,Azad Nagar Andheri West,Mumbai,19.1284590298281,72.8363317528594,Unfurnished,Apartment,0,42,0,Resale,Ready to Move,2 Covered,Shree Naman Developers Pvt. Ltd.
Vikrant Apartment,25200000,565,2,2,Ghatkopar East,Mumbai,19.07907,72.907976,Unfurnished,Apartment,0,0,9,Resale,Ready to Move,,Unknown
Unkown,31500000,750,2,2,Sion East,Mumbai,19.0406208013187,72.8695165321764,Furnished,Apartment,0,0,6,Resale,Ready to Move,"1 Covered, 1 Open",Unknown
Vakratunda Palace,11000000,438,1,2,Bhandup West,Mumbai,19.149901,72.931134,Semi-Furnished,Apartment,0,12,8,Resale,Ready to Move,,Vakratunda Group
Sai Krupa Skylon Spaces,12500000,,1,2,Kandivali West,Mumbai,19.2101312179652,72.8305011930765,Furnished,Apartment,0,4,9,Resale,Ready to Move,,Sai Krupa Developers
Unkown,15900000,,2,2,Dahisar,Mumbai,19.253294549215,72.8588324428622,Furnished,Apartment,0,0,7,Resale,Ready to Move,,Unknown
Veena Codaname Smart Homes,17000000,590,2,2,Babrekar Nagar Kandivali West,Mumbai,19.2028825542439,72.8233615697389,Unfurnished,Apartment,0,0,1,Resale,Ready to Move,,Unknown
Blue Mountain,27000000,847,3,2,Upper Govind Nagar,Mumbai,19.1762768410761,72.854752956029,Furnished,Apartment,0,41,2,Resale,Ready to Move,,Atul Projects
Unkown,3900000,520,1,1,Virar East,Mumbai,19.4652899784439,72.8189990617033,Unfurnished,Apartment,0,0,7,Resale,Ready to Move,,Unknown
Parshwa Dialani Astoria,17400000,636,1,2,Santacruz East,Mumbai,19.0799983,72.8545019,Semi-Furnished,Apartment,0,4,10,Resale,Ready to Move,,Unknown
Evershine Green,24500000,900,2,2,Adarsh Nagar Jogeshwari West,Mumbai,19.14396636,72.83383228,Unfurnished,Apartment,0,23,3,Resale,Ready to Move,1 Open,Evershine Builders
Roswalt  Ray,19500000,650,2,3,Dahisar East,Mumbai,19.2530390003417,72.8684258373265,Unfurnished,Apartment,0,3,9,Resale,Ready to Move,,Roswalt Realty
Unkown,22500000,606,2,2,Raheja Township,Mumbai,19.18026902,72.85653741,Furnished,Apartment,0,0,0,Resale,Ready to Move,1 Open,Unknown
Gulmohar CHS Ltd,11800000,440,1,2,Goregaon West,Mumbai,19.1630920855215,72.8398088005091,Unfurnished,Apartment,0,16,10,Resale,Ready to Move,,Shivam Parivar Developers Pvt. Ltd.
HDIL Premier Residences,15500000,710,2,2,Premier Residencies,Mumbai,19.07895823,72.8877028,Semi-Furnished,Apartment,0,8,0,Resale,Ready to Move,1 Covered,Housing Development & Infrastructure Ltd.
Trevadia Vuepoint,82500000,1500,3,3,Prabhadevi,Mumbai,19.0158585103406,72.8295254470428,Furnished,Apartment,0,23,6,Resale,Ready to Move,2 Covered,SB Brothers Developers
Unkown,11000000,,1,1,Kherwadi,Mumbai,19.0610164691352,72.8445094700797,Unfurnished,Apartment,0,0,2,Resale,,,Unknown
Unkown,3890000,504,1,1,PL Lokhande Marg,Mumbai,19.0616543969289,72.9067784016372,Semi-Furnished,Apartment,0,0,0,Resale,,,Unknown
Mangal Swagat Apartment,60810000,,3,3,Bandra West,Mumbai,19.055229,72.830829,Furnished,Apartment,0,0,9,Resale,Ready to Move,,Unknown
Unkown,1410000,,,,Teen Batti,Mumbai,18.947430491297,72.794310568299,Furnished,Commercial Shop,0,0,1,Resale,,,Unknown
Unkown,2850000,,1,1,Vithalwadi,Mumbai,18.9499045303706,72.8299256969052,Semi-Furnished,Apartment,0,0,1,Resale,,,Unknown
Godrej Central,32000000,1164,3,3,Chembur,Mumbai,19.0459181155422,72.8975231581492,Semi-Furnished,Apartment,0,31,10,New Property,Ready to Move,,Godrej Properties
Parmar Jewel Residency,8000000,,3,4,Vasai East,Mumbai,19.39954,72.8604165,Unfurnished,Apartment,0,12,6,Resale,Ready to Move,,Unknown
Shree Shiv Shakti,14900000,756,2,2,Borivali West,Mumbai,19.2335321,72.839198,Semi-Furnished,Apartment,0,3,10,Resale,Ready to Move,,D V Group
Royal Residency,55000000,1116,3,3,Lal Baug,Mumbai,18.991538368844,72.8394811827462,Furnished,Apartment,0,0,1,Resale,Ready to Move,,Unknown
JP North Estella,5500000,,1,2,Mira Road East,Mumbai,19.282975,72.873618,Unfurnished,Apartment,0,38,10,New Property,Ready to Move,,JP Infra
Vaibhavlaxmi Templum Heights,10500000,,2,2,Vikhroli East,Mumbai,19.08940973659,72.9389256015301,Semi-Furnished,Apartment,0,1,7,New Property,Under Construction,,Vaibhavlaxmi Builders & Developers
Birla KDI Juhu Ankur,53000000,,3,3,Juhu,Mumbai,19.098267753993,72.8335140160125,Semi-Furnished,Apartment,0,10,9,New Property,Ready to Move,,Birla Estates Private Limited
Universal Cubical,18000000,595,2,2,Jogeshwari West,Mumbai,19.1438823857409,72.8427830413067,Unfurnished,Apartment,0,5,10,Resale,Ready to Move,,Unknown
Suhas Modi SRA,6500000,360,1,2,Kandivali East,Mumbai,19.2050017,72.8692711,Unfurnished,Apartment,0,0,10,Resale,Ready to Move,,Unknown
Crescent Horizon,9200000,,1,2,Kandivali East,Mumbai,19.2050017,72.8692711,Unfurnished,Apartment,0,9,10,New Property,Under Construction,,Crescent Group
Highway Park Apartment,9000000,439,1,2,Kandivali East,Mumbai,19.2050017,72.8692711,Semi-Furnished,Apartment,0,18,10,Resale,Ready to Move,,Surya Constructions
Gokul Accord,9000000,407,1,1,Kandivali East,Mumbai,19.2050017,72.8692711,Semi-Furnished,Apartment,0,6,10,Resale,Ready to Move,,Surya Constructions
Veena Sitar,12000000,418,1,2,Kandivali West,Mumbai,19.2101312179652,72.8305011930765,Unfurnished,Apartment,0,0,9,Resale,Ready to Move,,Veena Developers
Shiv Shrushti,16000000,576,2,2,Kandivali West,Mumbai,19.2101312179652,72.8305011930765,Furnished,Apartment,0,6,9,Resale,Ready to Move,,Dilip Singh Choudhary
Palatial Apartment,90000000,2232,3,3,Khar West,Mumbai,19.0699335919407,72.8363080829478,Furnished,Apartment,0,0,6,Resale,Ready to Move,,Unknown
Dipti Aryavarta,19500000,504,2,2,Andheri East,Mumbai,19.1154908,72.8726952,Unfurnished,Apartment,0,13,10,Resale,Ready to Move,,Dipti Spaces
MICL Aaradhya Nine,10500000,,1,2,Pant Nagar,Mumbai,19.08537,72.91069,Unfurnished,Apartment,0,10,6,Resale,Ready to Move,,MICL Group
Hiranandani Zen Maple,14000000,,1,2,Central Area,Mumbai,19.127903,72.91727,Semi-Furnished,Apartment,0,11,0,Resale,Ready to Move,,Hiranandani Group
Buildtech Prayag Heights,14000000,580,2,2,Goregaon East,Mumbai,19.1562110822264,72.8758090633208,Unfurnished,Apartment,0,16,9,Resale,Ready to Move,,Buildtech Group
Asmita Sand Dunes,6900000,,1,1,Rajan Pada,Mumbai,19.18005,72.83357,Unfurnished,Apartment,0,0,0,Resale,Ready to Move,,Unknown
Citizen Complex,2500000,410,1,1,Palghar Naigaon East,Mumbai,19.3489277756968,72.8750219955356,Unfurnished,Apartment,0,4,4,Resale,Ready to Move,,Unknown
Citizen Complex,3300000,444,1,2,Palghar Naigaon East,Mumbai,19.3489277756968,72.8750219955356,Unfurnished,Apartment,0,4,4,Resale,Ready to Move,,Unknown
Rassaz Greens,5200000,,1,2,Mira Road Area,Mumbai,19.2829267647424,72.8627883689306,Semi-Furnished,Apartment,0,50,8,New Property,Under Construction,,Unknown
Platinum Prive,11500000,,1,1,DN Nagar,Mumbai,19.12296883,72.83012082,Unfurnished,Apartment,0,18,6,New Property,Under Construction,,Platinum Corp
Himalaya CHS LTD,35100000,558,2,2,Worli,Mumbai,19.0036486667054,72.8175254882335,Furnished,Apartment,0,0,10,Resale,Ready to Move,,Cooperative Group Housing Society
Raheja Vihar,10000000,396,1,1,Powai,Mumbai,19.1196773,72.9050809,Semi-Furnished,Apartment,0,20,10,Resale,Ready to Move,,Raheja Developers Ltd.
NG Suncity Phase 3,14000000,713,2,2,Kandivali East,Mumbai,19.2050017,72.8692711,Furnished,Apartment,0,26,10,Resale,Ready to Move,,RNA NG Builders
PR Woodwind,18500000,857,2,2,Andheri East,Mumbai,19.1154908,72.8726952,Furnished,Apartment,0,13,10,Resale,Ready to Move,,PR Developers
Arkade Prime,16000000,450,2,2,Andheri East,Mumbai,19.1154908,72.8726952,Unfurnished,Apartment,0,19,10,Resale,Under Construction,,Arkade Group
Paras El Signora,12300000,309,1,1,Andheri West,Mumbai,19.1373697481266,72.8257229439874,Unfurnished,Apartment,0,17,10,Resale,Ready to Move,,Paras Developers
Viva City A2,4200000,540,2,2,Virar West,Mumbai,19.4638767047594,72.7822993572118,Unfurnished,Apartment,0,0,8,Resale,Ready to Move,,Unknown
Atul Hillcrest,24000000,1152,3,3,Andheri East,Mumbai,19.1154908,72.8726952,Unfurnished,Apartment,0,26,10,Resale,Ready to Move,,Atul Projects
Nupur,45000000,1080,2,2,Juhu,Mumbai,19.098267753993,72.8335140160125,Unfurnished,Apartment,0,0,9,Resale,Ready to Move,,Unknown
Ranjita CHS,11900000,432,1,2,Shimpoli,Mumbai,19.2220702297856,72.8430757170691,Unfurnished,Apartment,0,0,3,Resale,Ready to Move,,Unknown
Royal Palm Island CHS,16500000,1350,3,3,Aarey Colony,Mumbai,19.152671817767,72.879398874286,Furnished,Apartment,0,0,4,Resale,Ready to Move,,Unknown
Good Relation CHS,9000000,318,1,2,Govandi,Mumbai,19.0553080482794,72.9228495020468,Unfurnished,Apartment,0,0,7,Resale,Ready to Move,,Unknown
Essbel CHS,9500000,396,1,1,Kandivali East,Mumbai,19.2050017,72.8692711,Semi-Furnished,Apartment,0,0,10,Resale,Ready to Move,,Unknown
Imperial Heights The Epitome,65000000,2284,4,4,Goregaon West,Mumbai,19.1630920855215,72.8398088005091,Furnished,Apartment,0,0,10,Resale,Ready to Move,,Radius Developers
Unkown,18000000,,2,2,Dindoshi,Mumbai,19.176919396247,72.8640147409843,Furnished,Apartment,0,0,1,Resale,Ready to Move,,Unknown
Satellite Classic,22500000,600,2,2,Subhash Nagar Jogeshwari East,Mumbai,19.1372169744881,72.8504927803195,Furnished,Apartment,0,19,1,Resale,Ready to Move,2 Open,Satellite Builders Pvt. Ltd.
Ruparel Optima,7000000,235,1,1,Kandivali West,Mumbai,19.2101312179652,72.8305011930765,Semi-Furnished,Apartment,0,15,9,Resale,Under Construction,,Ruparel Realty
Dotom Nivan,55000000,980,2,2,Khar West,Mumbai,19.0699335919407,72.8363080829478,Unfurnished,Apartment,0,16,6,Resale,Ready to Move,,Dotom Realty
Nathani Heights,35000000,756,2,2,Mumbai Central,Mumbai,18.9719357574575,72.8200902287046,Furnished,Apartment,0,48,8,Resale,Ready to Move,,Nathani Supariwala Realty
Unkown,14500000,,2,1,Shiv Srushti Kurla,Mumbai,19.05697,72.88198,Unfurnished,Apartment,0,0,0,Resale,,,Unknown
Unkown,1600000,250,,,Government Colony,Mumbai,19.060652,72.850197,Furnished,Commercial Shop,0,0,0,Resale,,,Unknown
Unkown,1400000,250,1,1,Santosh Nagar,Mumbai,19.17026,72.87623,Unfurnished,Apartment,0,0,2,Resale,,,Unknown
Unkown,21000000,660,2,2,Andheri West,Mumbai,19.1373697481266,72.8257229439874,Unfurnished,Apartment,0,0,10,Resale,Ready to Move,1 Open,Unknown
Akruti Hubtown,8000000,367,2,2,Mira Road Area,Mumbai,19.2829267647424,72.8627883689306,Unfurnished,Apartment,0,14,8,Resale,Ready to Move,,Akruti Developers
Poonam Apartments,45000000,576,2,2,Worli,Mumbai,19.0036486667054,72.8175254882335,Unfurnished,Apartment,0,9,10,Resale,Ready to Move,,Poonam Group
Evershine Park,26000000,774,3,3,Andheri West,Mumbai,19.1373697481266,72.8257229439874,Semi-Furnished,Apartment,0,5,10,Resale,Ready to Move,,Evershine Builders
Lotus Unity,16500000,540,2,2,Versova Andheri West,Mumbai,19.13844,72.812187,Unfurnished,Apartment,0,22,5,Resale,Under Construction,,Lotus Group
Swastik Emerald,11500000,,2,2,Vikhroli East,Mumbai,19.08940973659,72.9389256015301,Unfurnished,Apartment,0,16,7,New Property,Ready to Move,,Swastik Group
Shraddha Evoque,7500000,385,1,1,Bhandup West,Mumbai,19.149901,72.931134,Furnished,Apartment,0,18,8,Resale,Ready to Move,,SHRADDHA LANDMARK PVT. LTD
Ajay Apartment,17000000,407,1,1,Mazgaon,Mumbai,18.9633811595298,72.8440624733612,Unfurnished,Apartment,0,0,6,Resale,Ready to Move,,Unknown
Birla KDI Juhu Ankur,60000000,1037,3,3,JVPD Scheme,Mumbai,19.108097,72.832259,Furnished,Apartment,0,10,5,Resale,Ready to Move,,Birla Estates Private Limited
Shubham Sarayu,13500000,365,,1,Pant Nagar,Mumbai,19.08537,72.91069,Semi-Furnished,Commercial Office Space,0,0,6,Resale,Ready to Move,,Shubham group
Unkown,130000000,2300,6,6,Khar West,Mumbai,19.0699335919407,72.8363080829478,Unfurnished,Apartment,0,0,6,Resale,Ready to Move,,Unknown
Omkar Meridia,20900000,665,2,2,Bandra Kurla Complex,Mumbai,19.0626802993452,72.8650539233055,Unfurnished,Apartment,0,33,6,Resale,Ready to Move,,Omkar Realtors and Developers Pvt. Ltd.
Hiranandani Highland,20000000,,1,2,Powai,Mumbai,19.1196773,72.9050809,Semi-Furnished,Apartment,0,24,10,Resale,Ready to Move,,Hiranandani Developers
Sagar Avenue Phase II,24500000,627,2,2,Santacruz East,Mumbai,19.0799983,72.8545019,Furnished,Apartment,0,22,10,Resale,Ready to Move,1 Covered,Sagar Builders
Le Papillon Apartment,170000000,1600,3,4,Bandra West,Mumbai,19.055229,72.830829,Furnished,Apartment,0,10,9,Resale,Ready to Move,4 Covered,Le Papillon Group
Shraddha Evoque,10300000,550,2,2,Bhandup West,Mumbai,19.149901,72.931134,Furnished,Apartment,0,18,8,Resale,Ready to Move,,SHRADDHA LANDMARK PVT. LTD
Manibhadra Tower,24000000,851,3,3,Sarvodaya Nagar Mulund West,Mumbai,19.1643452719283,72.9447328780693,Unfurnished,Apartment,0,15,3,Resale,Ready to Move,2 Covered,Prabhav Group
Unkown,16500000,750,2,2,Goregaon,Mumbai,19.1564164548234,72.8759667216602,Unfurnished,Apartment,0,0,10,New Property,Ready to Move,,Unknown
Sonal Heights,16500000,900,2,2,Police Colony Kurla East,Mumbai,19.0647081,72.8844248,Unfurnished,Apartment,0,8,0,Resale,Ready to Move,,Sonal Dev Con Pvt. Ltd.
Sai Samarth Hira Paradigm,14000000,1000,2,2,Collector Colony,Mumbai,19.0444577050834,72.8913885735915,Semi-Furnished,Apartment,0,0,0,Resale,Ready to Move,,Unknown
Aakash Nidhi,12001200,856,3,3,Ramdev Park,Mumbai,19.2972811431285,72.8678073166319,Unfurnished,Apartment,0,1,1,New Property,Ready to Move,1 Covered,Pradeep Associates
Unkown,6200000,,,,Virat Nagar,Mumbai,19.4479384608681,72.8090294197737,Unfurnished,Commercial Shop,0,0,1,Resale,Ready to Move,,Unknown
Wadhwa Atmosphere,25000000,750,2,2,Mulund West,Mumbai,19.1749536837097,72.943103519999,Unfurnished,Apartment,0,12,10,Resale,Ready to Move,1 Covered,The Wadhwa Group
Unkown,9900000,252,,1,Andheri West,Mumbai,19.1373697481266,72.8257229439874,Unfurnished,Commercial Office Space,0,0,10,Resale,Ready to Move,,Unknown
Unkown,24000000,620,,1,Fort,Mumbai,18.936455612573,72.8339223948984,Unfurnished,Commercial Office Space,0,0,8,Resale,Ready to Move,,Unknown
Nirmal Lifestyle,27500000,1000,3,3,Mulund West,Mumbai,19.1749536837097,72.943103519999,Unfurnished,Apartment,0,24,10,Resale,Ready to Move,,Nirmal Life Style
Omkar Alta Monte,43000000,1230,3,3,Malad East,Mumbai,19.1848724519187,72.8629697025013,Semi-Furnished,Apartment,0,8,9,Resale,Ready to Move,1 Covered,Omkar Realtors and Developers Pvt. Ltd.
Unkown,72000000,1800,,3,Borabazar Precinct,Mumbai,18.93627513,72.83543872,Furnished,Commercial Office Space,0,0,0,Resale,Ready to Move,2 Open,Unknown
AP Nutex,56200000,804,2,2,Saraswat Colony Potohar Nagar,Mumbai,19.0818068374154,72.8322632976278,Unfurnished,Apartment,0,9,0,Resale,Ready to Move,,AP Properties
Rare Rising City,24570000,946,3,3,Best Colony Ghatkopar East,Mumbai,19.08428169,72.9185906,Unfurnished,Apartment,1,45,0,New Property,Ready to Move,1 Covered,Rare Townships
Unkown,7800000,160,,,Chinchpokli,Mumbai,18.9840441117955,72.8344120291597,Semi-Furnished,Commercial Shop,0,0,0,Resale,Ready to Move,,Unknown
L&T Elixir Reserve,69000000,1223,3,3,Krishna Nagar Powai,Mumbai,19.12967675,72.89361611,Semi-Furnished,Apartment,1,15,0,Resale,Ready to Move,,L & T Realty
Unkown,10000000,440,1,2,Kandarpada,Mumbai,19.256099,72.852924,Semi-Furnished,Apartment,0,0,5,Resale,Ready to Move,,Unknown
Unkown,50400000,1665,3,4,Lokmanya Tilak Road,Mumbai,19.23038138,72.83934507,Furnished,Apartment,0,0,0,Resale,,,Unknown
Godrej Urban Park,25000000,670,2,2,Sangharsh Nagar,Mumbai,19.10614381,72.90179714,Unfurnished,Apartment,0,19,0,Resale,Ready to Move,1 Covered,Godrej Properties
Unkown,24500000,545,,,Vikhroli East,Mumbai,19.08940973659,72.9389256015301,Unfurnished,Commercial Showroom,0,0,7,New Property,Under Construction,1 Covered,Unknown
Marathon Futurex,33750000,750,,1,Lower Parel,Mumbai,18.9982431278398,72.8270305579981,Unfurnished,Commercial Office Space,0,15,9,New Property,Ready to Move,4 Covered,Marathon Realty Pvt. Ltd.
Dev Darshan,25000000,1000,3,3,Bhandup West,Mumbai,19.149901,72.931134,Furnished,Apartment,0,15,8,Resale,Ready to Move,1 Covered,Kavya Buildcon Pvt. Ltd.
Suncity Neptune,23000000,,2,2,Powai,Mumbai,19.1196773,72.9050809,Furnished,Apartment,0,0,10,Resale,Ready to Move,100 Open,Unknown
Om Sai Heights Phase II,3975000,562,2,2,Nalasopara West,Mumbai,19.4129235749963,72.7885889890948,Semi-Furnished,Apartment,0,4,4,Resale,Ready to Move,,Om Sai Developers
Bachraj Lifespace,3399000,468,1,2,Virar West,Mumbai,19.4638767047594,72.7822993572118,Unfurnished,Apartment,0,15,8,Resale,Ready to Move,,Bachraj Developers
Ambe Ashish,7200000,331,1,1,Mulund West,Mumbai,19.1749536837097,72.943103519999,Unfurnished,Apartment,0,0,10,Resale,Ready to Move,,Unknown
Mahada Building,8000000,662,2,2,Malad West,Mumbai,19.1940346300819,72.8257561606587,Semi-Furnished,Apartment,0,10,10,Resale,Ready to Move,,Mahada Developer
HDIL Premier Residences,15500000,695,2,2,Kurla West,Mumbai,19.077063,72.8840395,Furnished,Apartment,0,8,10,Resale,Ready to Move,,Housing Development & Infrastructure Ltd.
Kalpnagri Dhaivat,10500000,396,1,1,Mulund West,Mumbai,19.1749536837097,72.943103519999,Semi-Furnished,Apartment,0,0,10,Resale,Ready to Move,,Unknown
Shree Krishna Complex,5300000,450,1,2,Mira Road Area,Mumbai,19.2829267647424,72.8627883689306,Unfurnished,Apartment,0,11,8,Resale,Ready to Move,,Mira Dharti Group
Mazgaon Terrace,21500000,594,1,2,Mazgaon,Mumbai,18.9633811595298,72.8440624733612,Semi-Furnished,Apartment,0,0,6,Resale,Ready to Move,,Unknown
Platinum Tower,15950000,1008,3,3,Sector 9 Charkop,Mumbai,19.221365412144,72.8231860530706,Semi-Furnished,Apartment,0,6,1,Resale,Ready to Move,,Shree Developers
Arihant Darshan CHS,14500000,626,2,2,Kandivali East,Mumbai,19.2050017,72.8692711,Unfurnished,Apartment,0,7,10,Resale,Ready to Move,,Damji Hari Constructions
Nahar Cayenne ,21000000,540,2,2,Chandivali,Mumbai,19.1104892624542,72.899191014387,Unfurnished,Apartment,0,0,8,Resale,Ready to Move,,Nahar Group
Jolly Bhavan Apartments,22000000,432,1,2,Santacruz West,Mumbai,19.0812559812257,72.8376604906028,,Apartment,0,14,7,Resale,Ready to Move,,RNA Saranga
Sudhama Apartment Shastri Nagar,6700000,181,1,1,Santacruz West,Mumbai,19.0812559812257,72.8376604906028,Unfurnished,Apartment,0,0,7,Resale,Ready to Move,,Unknown
AP Grandeur,19500000,540,2,2,Santacruz West,Mumbai,19.0812559812257,72.8376604906028,Unfurnished,Apartment,0,0,7,Resale,Ready to Move,,Unknown
Rohini Niwas,8000000,396,1,1,Vikhroli East,Mumbai,19.08940973659,72.9389256015301,Unfurnished,Apartment,0,0,7,Resale,Ready to Move,,Unknown
Deep Residency,19500000,475,1,2,Parel,Mumbai,18.9982694030581,72.8410429440342,Semi-Furnished,Apartment,0,0,6,Resale,Ready to Move,,Unknown
Kalpataru Heights,100000000,1029,3,2,Mumbai Central,Mumbai,18.9719357574575,72.8200902287046,Furnished,Apartment,0,15,8,Resale,Ready to Move,,Kalpataru Ltd.
Yashwant Empire,4200000,443,1,2,Vasai East,Mumbai,19.39954,72.8604165,Semi-Furnished,Apartment,0,23,6,Resale,Ready to Move,,Shiv Shakti Corporation
Gurukrupa Marina Enclave,10500000,468,1,2,Malad West,Mumbai,19.1940346300819,72.8257561606587,Unfurnished,Apartment,0,36,10,Resale,Ready to Move,,Gurukrupa Group
Veena Serenity,15500000,731,2,2,Chembur,Mumbai,19.0459181155422,72.8975231581492,Furnished,Apartment,0,11,10,Resale,Ready to Move,,Veena Developers
Aadi Allure,17900000,1080,2,2,Kanjurmarg East,Mumbai,19.1303464798827,72.934955451681,Unfurnished,Apartment,0,6,5,Resale,Ready to Move,,Aadi Properties
Nahar Orchid Enclave,16800000,583,2,2,Chandivali,Mumbai,19.1104892624542,72.899191014387,Unfurnished,Apartment,0,15,8,Resale,Ready to Move,,Nahar Group
Sethia Kalpavruksh Heights,8500000,342,1,2,Kandivali West,Mumbai,19.2101312179652,72.8305011930765,Unfurnished,Apartment,0,26,9,Resale,Ready to Move,,Raj Arcades Homes Pvt. Ltd and Sethia Infrastructure
Transcon Triumph,35000000,618,3,3,Andheri West,Mumbai,19.1373697481266,72.8257229439874,Unfurnished,Apartment,0,7,10,Resale,Under Construction,,Transcon Group
The Baya Goldspot,15000000,648,2,2,Andheri East,Mumbai,19.1154908,72.8726952,Furnished,Apartment,0,7,10,Resale,Ready to Move,,The Baya Company
Gauri Excellency,10500000,310,1,2,Kandivali West,Mumbai,19.2101312179652,72.8305011930765,Unfurnished,Apartment,0,49,9,Resale,Under Construction,,Gauri Land Developers LLP
Gauri Excellency,20000000,580,2,2,Kandivali West,Mumbai,19.2101312179652,72.8305011930765,Unfurnished,Apartment,0,49,9,Resale,Ready to Move,,Gauri Land Developers LLP
Transcon Triumph,57500000,1296,3,3,Andheri West,Mumbai,19.1373697481266,72.8257229439874,Unfurnished,Apartment,0,7,10,Resale,Ready to Move,,Transcon Group
Jain Society,26500000,720,3,2,Sion,Mumbai,19.0446433751251,72.8709840746083,Unfurnished,Apartment,0,0,8,Resale,Ready to Move,,Unknown
Aakar Apartment,9975000,504,1,2,Goregaon East,Mumbai,19.1562110822264,72.8758090633208,Unfurnished,Apartment,0,10,9,Resale,Ready to Move,,Aakar Developers
GHP Mars Suncity,15000000,436,1,2,Powai,Mumbai,19.1196773,72.9050809,Unfurnished,Apartment,0,14,10,Resale,Under Construction,,GHP Group
Pramukh Heights,18500000,,2,2,Andheri West,Mumbai,19.1373697481266,72.8257229439874,Unfurnished,Apartment,0,8,10,Resale,Ready to Move,,Sahajanand Infrastructure Pvt. Ltd.
Unkown,10000000,225,1,1,Sayani Road,Mumbai,19.01284691,72.83126673,Semi-Furnished,Apartment,0,0,0,Resale,Ready to Move,,Unknown
Unkown,21000000,,,,Borivali West,Mumbai,19.2335321,72.839198,Semi-Furnished,Commercial Shop,0,0,10,Resale,Ready to Move,,Unknown
Godrej Avenue Eleven,180000000,,4,4,Mahalakshmi,Mumbai,18.9865617867147,72.8182867539311,Semi-Furnished,Apartment,1,50,7,New Property,Under Construction,,Godrej Properties
Unkown,2200000,,1,1,,Mumbai,,,Semi-Furnished,Apartment,0,0,0,Resale,Ready to Move,,Unknown
Bait US Salam ,15000000,430,1,2,Agripada,Mumbai,18.9750701400348,72.825301229216,Unfurnished,Apartment,0,0,3,Resale,Under Construction,,Unknown
Posh Complex,30000000,,3,3,Hatkesh Udhog Nagar,Mumbai,19.2813658205394,72.8783658846685,Unfurnished,Residential House,0,0,6,Resale,Ready to Move,,Unknown
Unkown,77500000,,3,3,Charni Road,Mumbai,18.9535277706757,72.8165447965037,Unfurnished,Apartment,0,0,3,Resale,Ready to Move,,Unknown
Unkown,3000000,892,2,2,,Mumbai,,,Semi-Furnished,Apartment,0,0,0,Resale,Ready to Move,,Unknown
Sai Karishma,15000000,,2,3,Shivar Garden,Mumbai,19.29011473,72.86746647,Unfurnished,Apartment,0,18,0,Resale,Ready to Move,,Rajhans Group
Unkown,12100000,486,,1,Safed Pul,Mumbai,19.098213,72.885079,Semi-Furnished,Commercial Office Space,0,0,0,Resale,Ready to Move,1 Covered,Unknown
Naman Habitat,43680000,1092,3,3,Azad Nagar Andheri West,Mumbai,19.1284590298281,72.8363317528594,Unfurnished,Apartment,0,42,0,Resale,Ready to Move,,Shree Naman Developers Pvt. Ltd.
Susharda Celestial,9500000,550,1,2,Bhandup West,Mumbai,19.149901,72.931134,Semi-Furnished,Residential House,0,14,8,Resale,Ready to Move,,Susharda Edifice Group
Rohan Lifescapes Shubham,51500000,890,3,3,Girgaon,Mumbai,18.9567919804138,72.8192909983038,Unfurnished,Apartment,0,6,4,Resale,Ready to Move,,Rohan Lifescapes
Unkown,3800000,700,2,2,,Mumbai,,,Furnished,Apartment,0,0,0,Resale,Ready to Move,,Unknown
Oberoi Sky City,55000000,1073,3,3,Borivali East,Mumbai,19.2272619069866,72.8634397272398,,Apartment,0,41,10,Resale,Ready to Move,2 Covered,Oberoi Realty Ltd.
Omkar Ananta,16500000,650,2,2,Goregaon East,Mumbai,19.1562110822264,72.8758090633208,Furnished,Apartment,0,17,9,Resale,Ready to Move,,Omkar Realtors and Developers Pvt. Ltd.
Godrej Tranquil,15000000,,2,2,Kandivali East,Mumbai,19.2050017,72.8692711,Semi-Furnished,Apartment,0,35,10,Resale,Ready to Move,,Godrej Properties
Acme Avenue,13500000,,2,2,Kandivali West,Mumbai,19.2101312179652,72.8305011930765,Unfurnished,Apartment,0,25,9,Resale,Ready to Move,,Acme Group
Yash Signature,25000000,,2,2,Deonar Chembur,Mumbai,19.04458516,72.91005657,Semi-Furnished,Apartment,0,13,2,Resale,Ready to Move,,Unknown
Unkown,22000000,375,2,1,Kamala Nagar Vile Parle West,Mumbai,19.1038276717373,72.8420107506533,Semi-Furnished,Apartment,0,0,0,Resale,Ready to Move,2 Covered,Unknown
Supreme Lake Homes,23000000,,2,2,Powai,Mumbai,19.1196773,72.9050809,Furnished,Apartment,0,17,10,Resale,Ready to Move,,Supreme Universal
Unkown,6900000,500,1,1,Gavanpada Mulund East,Mumbai,19.17341,72.96469,Furnished,Apartment,0,0,0,Resale,Ready to Move,,Unknown
Prem Milan,35000000,,1,2,Napean Sea Road,Mumbai,18.9552223151731,72.7987763458566,Furnished,Apartment,0,9,3,Resale,Ready to Move,,Lala Builder
Mazgaon Terrace,8900000,280,1,2,Mazgaon,Mumbai,18.9633811595298,72.8440624733612,Unfurnished,Apartment,0,0,6,Resale,Ready to Move,,Unknown
Unkown,11000000,,1,2,Dahanukar Wadi,Mumbai,19.2065558879643,72.8389544986292,Semi-Furnished,Apartment,0,0,5,Resale,Ready to Move,1 Open,Unknown
Unkown,40000000,800,,,Opera House,Mumbai,18.9547088775353,72.8167822772186,Furnished,Commercial Shop,0,0,0,Resale,Ready to Move,,Unknown
Omkar Alta Monte,125000000,3311,4,6,Malad East,Mumbai,19.1848724519187,72.8629697025013,Semi-Furnished,Apartment,0,17,9,Resale,Ready to Move,4 Covered,Omkar Realtors and Developers Pvt. Ltd.
Unkown,15000000,,,,Saibaba Nagar Pant Nagar,Mumbai,19.08444256,72.9090154,Unfurnished,Commercial Shop,0,0,3,Resale,Ready to Move,,Unknown
The Mornings Apartment,26000000,720,2,1,Bandra West,Mumbai,19.055229,72.830829,Unfurnished,Apartment,0,0,9,Resale,Ready to Move,,Unknown
Pali Hill Apartment,138000000,1440,4,4,Bandra West,Mumbai,19.055229,72.830829,Unfurnished,Apartment,0,0,9,Resale,Ready to Move,,Unknown
Vastu Shanti,13000000,367,2,2,Andheri East,Mumbai,19.1154908,72.8726952,Semi-Furnished,Apartment,0,0,10,Resale,Ready to Move,,Unknown
Raheja Nest,1710000000,648,2,2,Powai,Mumbai,19.1196773,72.9050809,Unfurnished,Apartment,0,0,10,Resale,Ready to Move,,Unknown
Harmony Apartments Co Operative Housing Society Ltd,15000000,630,2,2,Andheri East,Mumbai,19.1154908,72.8726952,Semi-Furnished,Apartment,0,13,10,Resale,Ready to Move,,Harmony Lifestyle Group
Patel Terrace,13500000,623,1,2,Andheri East,Mumbai,19.1154908,72.8726952,Semi-Furnished,Apartment,0,8,10,Resale,Ready to Move,,Patel Builders
Vastu Labh,22000000,896,3,3,Andheri East,Mumbai,19.1154908,72.8726952,Unfurnished,Apartment,0,8,10,Resale,Ready to Move,,Sagar Group
Vasudev Complex,5200000,382,1,1,Mira Road Area,Mumbai,19.2829267647424,72.8627883689306,Unfurnished,Apartment,0,0,8,Resale,Ready to Move,,Unknown
Gulmohar Heritage,5200000,540,2,2,Nalasopara West,Mumbai,19.4129235749963,72.7885889890948,Furnished,Apartment,0,15,4,Resale,Ready to Move,,Gulmohar Developers
Darshan Heights,22500000,432,1,2,Charni Road,Mumbai,18.9535277706757,72.8165447965037,Furnished,Apartment,0,4,3,Resale,Ready to Move,,Darsshan Properties
Omkar Raga,13500000,576,1,1,Chembur,Mumbai,19.0459181155422,72.8975231581492,Semi-Furnished,Apartment,0,18,10,Resale,Ready to Move,,Omkar Realtors
Ocean View,72500000,2214,4,4,Andheri West,Mumbai,19.1373697481266,72.8257229439874,Semi-Furnished,Apartment,0,26,10,Resale,Ready to Move,,Neminath Group
Rajhans Kshitij,10000000,940,3,3,Vasai,Mumbai,19.3914260104194,72.8285855834131,Semi-Furnished,Apartment,0,15,6,Resale,Ready to Move,,Rajhans Group
Parasnath Nagari,5000000,612,2,2,Palghar Naigaon East,Mumbai,19.3489277756968,72.8750219955356,Semi-Furnished,Apartment,0,25,4,Resale,Ready to Move,,Parasnath Group
Star Paradise,8000000,493,3,1,Mira Road Area,Mumbai,19.2829267647424,72.8627883689306,Semi-Furnished,Apartment,0,0,8,Resale,Ready to Move,,Unknown
Paradise Park,6200000,434,2,2,Virar,Mumbai,19.462194642857,72.8049130698568,Unfurnished,Apartment,0,20,8,Resale,Ready to Move,,Parikh Group
Lady Ratan Tower,32500000,749,2,2,Worli,Mumbai,19.0036486667054,72.8175254882335,Semi-Furnished,Apartment,0,19,10,Resale,Ready to Move,,Lokhandwala Infrastructure
Shree Ostwal Pride,4900000,468,1,2,Mira Road Area,Mumbai,19.2829267647424,72.8627883689306,Semi-Furnished,Apartment,0,10,8,Resale,Ready to Move,,Shree Ostwal Builders Ltd.
Sheth Vasant Utsav,17500000,648,2,2,Kandivali East,Mumbai,19.2050017,72.8692711,Unfurnished,Apartment,0,24,10,Resale,Ready to Move,,Sheth Creators
Oberoi Splendor Grande,78000000,1310,3,3,Andheri East,Mumbai,19.1154908,72.8726952,Semi-Furnished,Apartment,0,26,10,Resale,Ready to Move,,Oberoi Realty Ltd.
Rustomjee Global City,4200000,489,2,2,Virar West,Mumbai,19.4638767047594,72.7822993572118,Unfurnished,Apartment,0,42,8,Resale,Ready to Move,,Rustomjee
Rustomjee Elements,600000000,28800,> 10,> 10,Andheri West,Mumbai,19.1373697481266,72.8257229439874,Unfurnished,Apartment,0,34,10,Resale,Ready to Move,,Rustomjee
Mantri Serene,13000000,648,2,2,Goregaon East,Mumbai,19.1562110822264,72.8758090633208,Furnished,Apartment,0,20,9,Resale,Ready to Move,,Mantri Realty Ltd.
Sumer Trinity,120000000,1908,4,5,Prabhadevi,Mumbai,19.0158585103406,72.8295254470428,Furnished,Apartment,0,11,6,Resale,Ready to Move,,Sumer Group
Prem Ashish,27000000,647,2,2,Ghatkopar West,Mumbai,19.0908063,72.9076669,Unfurnished,Apartment,0,0,10,Resale,Ready to Move,,Sanghvi Land Developers Pvt. Ltd.
RNA Regency Park,12000000,480,1,2,Kandivali West,Mumbai,19.2101312179652,72.8305011930765,Unfurnished,Apartment,0,20,9,Resale,Ready to Move,,RNA Corp
Vijay Park,5200000,421,1,2,Mira Road Area,Mumbai,19.2829267647424,72.8627883689306,Semi-Furnished,Apartment,0,0,8,Resale,Ready to Move,,Rajhans Group
Lok Everest,17600000,745,2,2,Mulund West,Mumbai,19.1749536837097,72.943103519999,Unfurnished,Apartment,0,13,10,Resale,Ready to Move,,Lok Housing Group
Hiranandani Gardens,17000000,288,1,1,Powai,Mumbai,19.1196773,72.9050809,Semi-Furnished,Apartment,0,16,10,Resale,Ready to Move,,Hiranandani Group
Rustomjee Ozone,27800000,828,2,2,Goregaon West,Mumbai,19.1630920855215,72.8398088005091,Furnished,Apartment,0,19,10,Resale,Ready to Move,,Rustomjee
Satyam Springs,55000000,1224,3,4,Chembur,Mumbai,19.0459181155422,72.8975231581492,Unfurnished,Apartment,0,22,10,Resale,Ready to Move,,Satyam Developers
Ashok Nagar Complex,18600000,684,2,2,Andheri East,Mumbai,19.1154908,72.8726952,Semi-Furnished,Apartment,0,12,10,Resale,Ready to Move,,Ashok Jogani
HDIL Residency Park,6500000,900,3,3,Virar West,Mumbai,19.4638767047594,72.7822993572118,Semi-Furnished,Apartment,0,0,8,Resale,Ready to Move,,HDIL
Vishal CHS,27500000,702,2,2,Dadar West,Mumbai,19.0200667964879,72.8380779661804,Semi-Furnished,Apartment,0,0,9,Resale,Ready to Move,,Cooperative Group Housing Society
Landmark Tower,21000000,493,1,2,Dadar East,Mumbai,19.0135792007831,72.8448295038214,Unfurnished,Apartment,0,4,8,Resale,Ready to Move,,Landmark Group
Aditya Aryan,16000000,756,2,2,Borivali East,Mumbai,19.2272619069866,72.8634397272398,Semi-Furnished,Apartment,0,10,10,Resale,Ready to Move,,Dinesh Agrawal
Kasturi Vandana,6300000,486,1,2,Bhayandar East,Mumbai,19.3096844760714,72.8623193046283,Unfurnished,Apartment,0,4,5,Resale,Ready to Move,,Unknown
The Address Vista,72500000,2232,4,4,Ghatkopar West,Mumbai,19.0908063,72.9076669,Semi-Furnished,Apartment,0,0,10,Resale,Ready to Move,,Unknown
Unkown,52500000,864,3,3,Juhu,Mumbai,19.098267753993,72.8335140160125,Furnished,Apartment,0,0,9,Resale,Ready to Move,,Unknown
Pride Park Royale,20500000,742,2,2,Andheri East,Mumbai,19.1154908,72.8726952,Unfurnished,Apartment,0,10,10,Resale,Ready to Move,,Pride Group
Green Acres Apartment,70000000,1350,3,3,Andheri West,Mumbai,19.1373697481266,72.8257229439874,Semi-Furnished,Apartment,0,14,10,Resale,Ready to Move,,Unknown
Adani Western Heights,60000000,871,3,3,Andheri West,Mumbai,19.1373697481266,72.8257229439874,Furnished,Apartment,0,57,10,Resale,Ready to Move,,Adani Realty
Lashkaria Green Height,29500000,1044,3,3,Andheri West,Mumbai,19.1373697481266,72.8257229439874,Unfurnished,Apartment,0,13,10,Resale,Ready to Move,,Lashkaria Construction Company Pvt. Ltd.
Rajkamal Apartment,38000000,731,2,2,Santacruz West,Mumbai,19.0812559812257,72.8376604906028,Semi-Furnished,Apartment,0,11,7,Resale,Ready to Move,,Raj Developer
Sun Beam Aprtment,14000000,450,1,1,Andheri West,Mumbai,19.1373697481266,72.8257229439874,Furnished,Apartment,0,0,10,Resale,Ready to Move,,Unknown
Hubtown Ackruti Hillcrest,26000000,1044,3,2,Andheri East,Mumbai,19.1154908,72.8726952,Semi-Furnished,Apartment,0,11,10,Resale,Ready to Move,,Unknown
Platinum Casa Divine,15600000,414,2,2,Andheri West,Mumbai,19.1373697481266,72.8257229439874,Unfurnished,Apartment,0,14,10,Resale,Ready to Move,,Platinum Corp
Ajmera Bhakti Park,13000000,414,1,1,Wadala East,Mumbai,19.0135321429189,72.8602998056272,Furnished,Apartment,0,7,2,Resale,Ready to Move,,Ajmera Realty & Infra India Ltd.
Lake Side Cooperative Housing Society,11900000,468,1,2,Chandivali,Mumbai,19.1104892624542,72.899191014387,Unfurnished,Apartment,0,0,8,Resale,Ready to Move,,Unknown
Vardhan Heights,7500000,396,1,2,Chembur,Mumbai,19.0459181155422,72.8975231581492,Unfurnished,Apartment,0,15,10,Resale,Under Construction,,Vardhan Group
Nakoda Heights,3300000,515,2,2,Nala Sopara,Mumbai,19.4196344986519,72.8081166617887,Semi-Furnished,Apartment,0,8,8,Resale,Ready to Move,,Maad Group of Companies
Rashmi Garden,3200000,418,1,2,Vasai,Mumbai,19.3914260104194,72.8285855834131,Unfurnished,Apartment,0,17,6,Resale,Ready to Move,,Rashmi Housing
Ajmera Aeon,31000000,907,2,2,Wadala,Mumbai,19.012216203088,72.8604594318626,Unfurnished,Apartment,0,26,5,Resale,Ready to Move,,Ajmera Realty
Wadhwa Imperial Heights,40000000,1505,3,4,Goregaon West,Mumbai,19.1630920855215,72.8398088005091,Furnished,Apartment,0,13,10,Resale,Ready to Move,,The Wadhwa Group
L&T Emerald Isle,130000000,3024,4,4,Powai,Mumbai,19.1196773,72.9050809,Semi-Furnished,Apartment,0,46,10,Resale,Ready to Move,,L&T Realty
Parinee Essence,12000000,670,2,2,Kandivali West,Mumbai,19.2101312179652,72.8305011930765,Unfurnished,Apartment,0,9,9,Resale,Ready to Move,,Parinee Developers
Jangid Complex,8500000,594,2,2,Mira Road Area,Mumbai,19.2829267647424,72.8627883689306,Unfurnished,Apartment,0,25,8,Resale,Ready to Move,,Diya Isabelle Trading Co Llp
Ajmera Pristine,36100000,1199,3,3,Borivali West,Mumbai,19.2335321,72.839198,Furnished,Apartment,0,24,10,Resale,Ready to Move,,Ajmera Group
Kohinoor City,22000000,822,2,2,Kurla West,Mumbai,19.077063,72.8840395,Semi-Furnished,Apartment,0,34,10,Resale,Ready to Move,,Kohinoor Group
Ashok tower,17500000,774,2,2,Andheri East,Mumbai,19.1154908,72.8726952,Unfurnished,Apartment,0,8,10,Resale,Ready to Move,,Peninsula Land Ltd.
Kasturi Heights,7200000,,1,2,Bhayandar East,Mumbai,19.3096844760714,72.8623193046283,Unfurnished,Apartment,0,16,5,Resale,Ready to Move,,Gujrat Group
Kalpataru Elitus,14500000,478,1,2,Mulund West,Mumbai,19.1749536837097,72.943103519999,Unfurnished,Apartment,0,10,10,Resale,Ready to Move,,Kalpataru Ltd.
Prathamesh Kapil Tirth,97000000,1265,3,4,Shivaji Park,Mumbai,19.0287954865428,72.838688734427,Semi-Furnished,Apartment,0,7,5,Resale,Under Construction,2 Covered,Prathamesh Developers
Sanghvi Infenia,25000000,578,2,2,Santacruz East,Mumbai,19.0799983,72.8545019,Semi-Furnished,Apartment,0,21,10,Resale,Ready to Move,,Sanghvi Realty
Vrindavan,20000000,450,1,2,Agarwal Market,Mumbai,19.10145485,72.84569716,Semi-Furnished,Apartment,0,4,0,Resale,Ready to Move,1 Covered,Royal Fort Developers
Sky View CHS,10500000,,1,2,Kurla East,Mumbai,19.0615645059118,72.880543263673,Semi-Furnished,Apartment,0,0,1,Resale,Ready to Move,,Cooperative Group Housing Society
L&T Elixir Reserve,29900000,660,2,2,Krishna Nagar Powai,Mumbai,19.12967675,72.89361611,Semi-Furnished,Apartment,0,15,0,Resale,Ready to Move,1 Covered,L & T Realty
Unkown,81000000,1500,3,4,Shivaji Park,Mumbai,19.0287954865428,72.838688734427,Semi-Furnished,Apartment,1,0,5,Resale,Ready to Move,2 Covered,Unknown
Unkown,10000000,5200,4,5,Virar West,Mumbai,19.4638767047594,72.7822993572118,Unfurnished,Villa,0,0,8,Resale,Under Construction,,Unknown
Lokhandwala Minerva,110000000,2136,4,4,Mahalakshmi,Mumbai,18.9865617867147,72.8182867539311,Unfurnished,Apartment,0,28,7,Resale,Ready to Move,3 Covered,Lokhandwala Infrastructure
Unkown,15000000,530,,1,Mulund West,Mumbai,19.1749536837097,72.943103519999,Furnished,Commercial Office Space,0,0,10,Resale,Ready to Move,1 Covered,Unknown
Garden Court,50000000,1150,3,3,Gautam Nagar Dadar East,Mumbai,19.01235081,72.84194532,Furnished,Apartment,0,0,1,Resale,Ready to Move,1 Covered,Unknown
Ivory Towers CHS LTD,21400000,710,2,2,Wadala East,Mumbai,19.0135321429189,72.8602998056272,Unfurnished,Apartment,0,0,2,Resale,Ready to Move,,Cooperative Group Housing Society
Avant Hillway,17250000,625,2,2,Gokuldham Colony Goregaon East,Mumbai,19.1729755212444,72.8716991438016,Unfurnished,Apartment,1,5,2,New Property,Ready to Move,1 Covered,Avant Group
Salmona ville,52000000,1050,2,3,Santacruz West,Mumbai,19.0812559812257,72.8376604906028,Semi-Furnished,Apartment,0,18,7,Resale,Ready to Move,,AVM Developers Pvt. Ltd.
Legend Siroya Level The Residences,12500000,311,1,1,Andheri West,Mumbai,19.1373697481266,72.8257229439874,Furnished,Apartment,0,33,10,Resale,Ready to Move,,LEGEND SIROYA REALTORS
Unkown,37000000,438,,1,Santacruz West,Mumbai,19.0812559812257,72.8376604906028,Furnished,Commercial Office Space,0,0,7,Resale,Ready to Move,1 Open,Unknown
Unkown,18000000,850,2,2,Mulund East,Mumbai,19.1531029501285,72.9678051455382,Semi-Furnished,Apartment,0,0,5,Resale,Ready to Move,1 Covered,Unknown
Unkown,30000000,950,3,3,Borivali West,Mumbai,19.2335321,72.839198,Unfurnished,Apartment,0,0,10,New Property,Ready to Move,1 Covered,Unknown
Unkown,15200000,594,2,2,Western Express Highway,Mumbai,19.15517,72.85705,Semi-Furnished,Apartment,0,0,0,New Property,Ready to Move,1 Covered,Unknown
Shilpa Apartment,18500000,615,2,2,Gundavali Gaothan,Mumbai,19.12123,72.85483,Semi-Furnished,Apartment,0,0,1,Resale,Ready to Move,1 Covered,Unknown
Unkown,153400000,2360,5,7,Santacruz West,Mumbai,19.0812559812257,72.8376604906028,Semi-Furnished,Apartment,0,0,7,Resale,Ready to Move,3 Covered,Unknown
Unkown,23500000,670,2,2,Vakola,Mumbai,19.0794899226775,72.8542218874446,Semi-Furnished,Apartment,1,0,4,Resale,Ready to Move,,Unknown
Rising Sun Midtown Bay,51500000,820,2,3,Mahim West,Mumbai,19.0383794616621,72.8398930483562,Semi-Furnished,Apartment,0,17,3,Resale,Ready to Move,2 Covered,Rising Sun Impex Private Limited
Unkown,5800000,600,2,2,Vasai East,Mumbai,19.39954,72.8604165,Semi-Furnished,Apartment,0,0,6,Resale,Ready to Move,1 Open,Unknown
Kesar Ashish,46500000,1260,3,3,Link Road,Mumbai,19.0889669,72.91722338,Furnished,Apartment,0,11,0,Resale,Ready to Move,2 Open,Kesar Group
Chaitanya Towers,109000000,1350,3,4,Prabhadevi,Mumbai,19.0158585103406,72.8295254470428,Semi-Furnished,Apartment,0,18,6,Resale,Ready to Move,2 Covered,Royal Fort Developers
Boomerang,33000000,,,2,Andheri East,Mumbai,19.1154908,72.8726952,Furnished,Commercial Office Space,0,12,10,Resale,Ready to Move,,Kanakia Spaces Realty Pvt. Ltd.
Unkown,170000000,3200,5,7,Hindu Colony Dadar East,Mumbai,19.0204669943446,72.8482093160075,Unfurnished,Penthouse,0,0,0,Resale,Ready to Move,3 Covered,Unknown
Kapil Vastu,7500000,130,,,Goregaon West,Mumbai,19.1630920855215,72.8398088005091,Unfurnished,Commercial Shop,0,9,10,Resale,Ready to Move,,Shree Sai Developers
Kabra Embraze,43699200,1054,3,3,Ghatkopar East,Mumbai,19.07907,72.907976,Unfurnished,Apartment,0,6,9,New Property,Under Construction,2 Covered,Kabra Group
SD Siennaa,18000000,600,2,2,"Thakur Village, Kandivali East",Mumbai,19.2102986684535,72.873037905053,Unfurnished,Apartment,1,7,6,New Property,Under Construction,1 Covered,SD Corporation Pvt. Ltd.
Viceroy PRIVE,120000000,2299,4,5,"Thakur Village, Kandivali East",Mumbai,19.2102986684535,72.873037905053,Unfurnished,Apartment,0,0,6,Resale,Under Construction,3 Covered,Viceroy Properties
Unkown,32500000,1100,3,3,Swastik Park,Mumbai,19.0551547591403,72.8882306638195,Semi-Furnished,Apartment,0,0,2,Resale,Ready to Move,,Unknown
Unkown,28000000,1050,3,4,Malad West,Mumbai,19.1940346300819,72.8257561606587,Unfurnished,Apartment,0,0,10,New Property,Under Construction,1 Covered,Unknown
Unkown,34550000,750,2,2,,Mumbai,,,Furnished,Apartment,0,0,0,Resale,Ready to Move,1 Open,Unknown
Embassy Marquis Residences,21500000,664,2,2,Mindspace,Mumbai,19.18345,72.83243,Unfurnished,Apartment,0,10,7,Resale,Under Construction,1 Covered,EMBASSY ENTERPRISES
Godrej Five Gardens,98700000,1410,3,3,Matunga East,Mumbai,19.0277771413147,72.8560635075251,Semi-Furnished,Apartment,0,38,9,New Property,Under Construction,2 Covered,Godrej Properties
Lodha Riservo,75348000,1932,4,4,Vikhroli West,Mumbai,19.1137179954172,72.9215428733798,Furnished,Apartment,0,37,6,New Property,Under Construction,3 Covered,Lodha Developers Limited
Godrej Trilogy Seafront,160000000,1774,3,4,Worli,Mumbai,19.0036486667054,72.8175254882335,Unfurnished,Apartment,1,27,10,New Property,Under Construction,"2 Covered, 1 Open",Godrej Properties
Swastik Divine,26500000,974,3,3,Mulund East,Mumbai,19.1531029501285,72.9678051455382,Unfurnished,Apartment,0,17,5,New Property,Under Construction,1 Open,Swastik Realtors
Godrej Bliss,28600000,985,3,3,Kandivali East,Mumbai,19.2050017,72.8692711,Unfurnished,Apartment,1,3,10,Resale,Under Construction,1 Covered,Godrej Properties
Unkown,30000000,600,2,2,Prabhadevi,Mumbai,19.0158585103406,72.8295254470428,Semi-Furnished,Apartment,0,0,6,Resale,Ready to Move,,Unknown
Rustomjee Ocean Vista,222500000,2400,4,4,Andheri West,Mumbai,19.1373697481266,72.8257229439874,Unfurnished,Apartment,1,10,10,New Property,Under Construction,,Rustomjee
Raheja imperia 2,117100000,2077,5,6,Lower Parel West,Mumbai,19.0010243905285,72.8239939828909,Semi-Furnished,Apartment,0,0,0,New Property,Under Construction,4 Covered,K Raheja Corp
N Rose Northern Hills,21000000,701,2,2,Anand Nagar Dahisar East,Mumbai,19.2559686917317,72.8653217185872,Unfurnished,Apartment,1,13,3,New Property,Under Construction,1 Covered,N Rose Developers Pvt. Ltd.
Raheja imperia 2,161956000,2131,4,5,Lower Parel,Mumbai,18.9982431278398,72.8270305579981,Semi-Furnished,Apartment,0,0,9,New Property,Under Construction,3 Covered,K Raheja Corp
Swastik Divine,11000000,438,1,2,Mulund East,Mumbai,19.1531029501285,72.9678051455382,Unfurnished,Apartment,1,17,5,New Property,Under Construction,1 Open,Swastik Realtors
Unkown,87500000,1806,4,4,Mahalakshmi,Mumbai,18.9865617867147,72.8182867539311,Semi-Furnished,Apartment,0,0,7,Resale,Under Construction,3 Covered,Unknown
Unkown,13000000,400,1,1,Collectors Colony,Mumbai,19.13814946,72.84716641,Unfurnished,Apartment,0,0,0,New Property,Ready to Move,1 Covered,Unknown
Arkade Nest,16000000,580,2,2,Sarvodaya Nagar Mulund West,Mumbai,19.1643452719283,72.9447328780693,Unfurnished,Apartment,1,32,3,New Property,Under Construction,1 Covered,Arkade Group
Sun Beam,94909500,1449,3,4,Santacruz West,Mumbai,19.0812559812257,72.8376604906028,Unfurnished,Apartment,0,6,7,New Property,Under Construction,2 Covered,AUM Group
C Teja Kaavya Beachwood CHS,17000000,700,2,2,Sector 8 Charkop,Mumbai,19.21815,72.81592,Semi-Furnished,Apartment,0,0,2,Resale,Ready to Move,1 Covered,Cooperative Group Housing Society
Neelam Senroofs,24700000,1114,3,3,Nahur East,Mumbai,19.1538107,72.9504858,Unfurnished,Apartment,0,39,4,New Property,Under Construction,,Neelam Realtors
Godrej Avenue Eleven,185600000,2340,4,5,Mahalakshmi,Mumbai,18.9865617867147,72.8182867539311,Unfurnished,Apartment,1,25,7,New Property,Under Construction,3 Covered,Godrej Properties
Unkown,60210000,1338,3,3,Ghatkopar East,Mumbai,19.07907,72.907976,Unfurnished,Apartment,1,0,9,New Property,Under Construction,2 Covered,Unknown
Chandak Highscape City,11100000,428,1,2,Chembur,Mumbai,19.0459181155422,72.8975231581492,Unfurnished,Apartment,0,30,10,New Property,Under Construction,1 Covered,Chandak Group
Swaroop Atlantis,12070000,478,2,2,Bhandup West,Mumbai,19.149901,72.931134,Unfurnished,Apartment,0,23,8,New Property,Under Construction,1 Open,Swaroop Developer
Chandak Greenairy,28497800,683,2,2,Borivali East,Mumbai,19.2272619069866,72.8634397272398,Unfurnished,Apartment,0,8,10,New Property,Under Construction,"1 Covered, 1 Open",Chandak Group
Unkown,37851000,1023,3,3,Malad West,Mumbai,19.1940346300819,72.8257561606587,Unfurnished,Apartment,0,0,10,New Property,Under Construction,,Unknown
Gagangiri Om Yogeshwar CHS Ltd,10400000,475,2,2,Dahisar West,Mumbai,19.2567151019289,72.8506375105369,Unfurnished,Apartment,0,5,6,Resale,Ready to Move,,Gagangiri Development Corp
Romell Empress,15400000,652,2,2,Borivali West,Mumbai,19.2335321,72.839198,Furnished,Apartment,0,20,10,Resale,Ready to Move,,Romell Group
Nilgiri C Wing CHS,9600000,427,1,2,Andheri East,Mumbai,19.1154908,72.8726952,Furnished,Apartment,0,8,10,Resale,Ready to Move,,Shah Developers
Kaul Heritage City,4450000,482,1,1,Vasai West,Mumbai,19.3745830863848,72.8076393946386,Unfurnished,Apartment,0,0,5,Resale,Ready to Move,,Kaul Builder And  Developer
Ayan Residency,2300000,403,1,1,Nala Sopara,Mumbai,19.4196344986519,72.8081166617887,Unfurnished,Apartment,0,15,8,Resale,Ready to Move,,Dudhwala Constructions
Nahar Amrit Shakti Rosa Alba,22000000,863,2,2,Chandivali,Mumbai,19.1104892624542,72.899191014387,Semi-Furnished,Apartment,0,0,8,Resale,Ready to Move,,Unknown
Gabadia Heights,5400000,162,1,1,Kandivali West,Mumbai,19.2101312179652,72.8305011930765,Semi-Furnished,Apartment,0,49,9,Resale,Ready to Move,,Gabadia Developers
Unkown,16000000,650,2,1,Dattapada,Mumbai,19.2224292956989,72.8591617598146,Unfurnished,Apartment,0,0,5,Resale,Ready to Move,,Unknown
Gulraj Tower,9000000,418,1,1,Kurla East,Mumbai,19.0615645059118,72.880543263673,Unfurnished,Apartment,0,0,1,Resale,Ready to Move,,Reliable Group
Ansal Heights,19000000,360,1,1,Worli,Mumbai,19.0036486667054,72.8175254882335,Semi-Furnished,Apartment,0,21,10,Resale,Ready to Move,,Ansals Buildwell Ltd.
Poonam Estate Cluster 1,6000000,475,1,2,Mira Road Area,Mumbai,19.2829267647424,72.8627883689306,Unfurnished,Apartment,0,13,8,Resale,Ready to Move,,Pratik Group Of Companies
Poonam Estate Cluster 1,7500000,677,2,2,Mira Road Area,Mumbai,19.2829267647424,72.8627883689306,Semi-Furnished,Apartment,0,13,8,Resale,Ready to Move,,Pratik Group Of Companies
RNA Broadway Avenue,4500000,270,1,1,Mira Road Area,Mumbai,19.2829267647424,72.8627883689306,Furnished,Apartment,0,17,8,Resale,Ready to Move,,RNA Corp
Apna Ghar,9000000,360,1,1,Goregaon East,Mumbai,19.1562110822264,72.8758090633208,Unfurnished,Apartment,0,34,9,Resale,Ready to Move,,ACME GROUP INDIA
Kanakia Sevens,12000000,540,1,2,Andheri East,Mumbai,19.1154908,72.8726952,Unfurnished,Apartment,0,15,10,Resale,Ready to Move,,Kanakia Spaces Realty Pvt. Ltd.
Lodha Venezia,40000000,749,2,2,Parel,Mumbai,18.9982694030581,72.8410429440342,Furnished,Apartment,0,55,6,Resale,Ready to Move,,Lodha Developers Limited
Anchor Park,3000000,410,1,1,Nalasopara East,Mumbai,19.43138984792,72.8497262547151,Furnished,Apartment,0,26,4,Resale,Ready to Move,,Anchor Realty
Ashford Royale,10000000,396,1,1,Mulund West,Mumbai,19.1749536837097,72.943103519999,Semi-Furnished,Apartment,0,44,10,Resale,Under Construction,,Ashford Group
Mantri Serene,9000000,568,1,2,Goregaon East,Mumbai,19.1562110822264,72.8758090633208,Unfurnished,Apartment,0,20,9,Resale,Ready to Move,,Mantri Realty Ltd.
Sion East,12500000,396,1,1,Sion West,Mumbai,19.039754,72.860385,Unfurnished,Apartment,0,29,0,Resale,Ready to Move,,Unknown
Ekta Tripolis,22500000,850,2,2,Goregaon West,Mumbai,19.1630920855215,72.8398088005091,Unfurnished,Apartment,0,11,10,Resale,Under Construction,,Ekta World
NG View,4300000,396,1,1,Mira Road Area,Mumbai,19.2829267647424,72.8627883689306,Semi-Furnished,Apartment,0,17,8,Resale,Ready to Move,,RNA NG Builders
Akruti Aneri,16900000,737,3,3,Marol,Mumbai,19.1169810025439,72.8801253056097,Semi-Furnished,Apartment,0,12,8,Resale,Ready to Move,,Hubtown Ltd.
Dheeraj Darshan,11000000,432,1,1,Andheri East,Mumbai,19.1154908,72.8726952,Semi-Furnished,Apartment,0,10,10,Resale,Ready to Move,,HDIL
Lodha Gardenia,47500000,1684,3,4,Wadala,Mumbai,19.012216203088,72.8604594318626,Semi-Furnished,Apartment,0,7,5,Resale,Ready to Move,,Lodha Developers Limited
Rashmi Regency,3000000,360,1,1,Nalasopara East,Mumbai,19.43138984792,72.8497262547151,Unfurnished,Apartment,0,0,4,Resale,Ready to Move,,Unknown
Neptune Swarajya,1400000,324,1,1,Ambivali,Mumbai,19.1306805252103,72.8402674125651,Unfurnished,Apartment,0,0,1,Resale,Ready to Move,,Neptune Group
Rizvi Gabriel House,11700000,234,1,1,Mahim,Mumbai,19.0388120275329,72.8419652875755,Unfurnished,Apartment,0,0,6,Resale,Ready to Move,,Rizvi Builders
DSK Madhukosh Phase 2,12500000,478,2,2,Andheri East,Mumbai,19.1154908,72.8726952,Furnished,Apartment,0,0,10,Resale,Ready to Move,,DSK Developers
Rizvi Cedar ,9500000,514,1,2,Malad East,Mumbai,19.1848724519187,72.8629697025013,Semi-Furnished,Apartment,0,13,9,Resale,Ready to Move,,Rizvi Builders
Fairmont La Paradiso,17200000,648,2,2,Santacruz East,Mumbai,19.0799983,72.8545019,Unfurnished,Apartment,0,0,10,Resale,Ready to Move,,Fairmont Constructions Pvt. Ltd.
Shapoorji Pallonji Joyville Virar,4600000,504,1,1,Virar,Mumbai,19.462194642857,72.8049130698568,Unfurnished,Apartment,0,5,8,Resale,Under Construction,,Shapoorji Pallonji Real Estate
Sethia Imperial Avenue,9800000,263,1,2,Malad East,Mumbai,19.1848724519187,72.8629697025013,Furnished,Apartment,0,14,9,Resale,Under Construction,,Sethia Infrastructure
Rajveer Apartment,21000000,540,2,2,Andheri West,Mumbai,19.1373697481266,72.8257229439874,Semi-Furnished,Apartment,0,10,10,Resale,Ready to Move,,Ajmera Cityscapes
Royal Residency,52500000,810,2,2,Lal Baug,Mumbai,18.991538368844,72.8394811827462,Furnished,Apartment,0,0,1,Resale,Ready to Move,,Unknown
MICL Aaradhya High Park,13000000,576,2,2,Mira Road Area,Mumbai,19.2829267647424,72.8627883689306,Unfurnished,Apartment,0,37,8,Resale,Ready to Move,,MICL Group
MICL Aaradhya High Park,8500000,363,1,2,Mira Road Area,Mumbai,19.2829267647424,72.8627883689306,Unfurnished,Apartment,0,37,8,Resale,Ready to Move,,MICL Group
MICL Aaradhya High Park,12800000,454,2,2,Mira Road Area,Mumbai,19.2829267647424,72.8627883689306,Semi-Furnished,Apartment,0,37,8,Resale,Ready to Move,,MICL Group
Neighbourhood Society,19900000,778,3,3,Kandivali East,Mumbai,19.2050017,72.8692711,Unfurnished,Apartment,0,0,10,Resale,Ready to Move,,Lokhandwala Construction Industries Pvt. Ltd.
Neighbourhood Society,22500000,778,3,3,Lokhandwala Township Kandivali East,Mumbai,19.1983052221596,72.874429048184,Unfurnished,Apartment,0,0,4,Resale,Ready to Move,,Lokhandwala Construction Industries Pvt. Ltd.
MICL Aaradhya Nine,24500000,778,2,2,Ghatkopar East,Mumbai,19.07907,72.907976,Semi-Furnished,Apartment,0,10,9,Resale,Ready to Move,,MICL Group
Asshna Samadhan,13500000,396,2,2,Goregaon West,Mumbai,19.1630920855215,72.8398088005091,Unfurnished,Apartment,0,13,10,Resale,Ready to Move,,Asshna Developers
Mahindra Roots,16000000,472,2,2,Kandivali East,Mumbai,19.2050017,72.8692711,Unfurnished,Apartment,0,49,10,Resale,Ready to Move,,Mahindra Lifespace Developers Ltd.
Platinum Prive,16000000,432,1,1,DN Nagar,Mumbai,19.12296883,72.83012082,Unfurnished,Apartment,0,18,6,Resale,Ready to Move,,Platinum Corp
Nandkuwar CHS,5000000,396,1,1,Vasai West,Mumbai,19.3745830863848,72.8076393946386,Semi-Furnished,Apartment,0,0,5,Resale,Ready to Move,,Cooperative Group Housing Society
GHP Shivgiri CHSL,22000000,844,2,2,Mulund West,Mumbai,19.1749536837097,72.943103519999,Semi-Furnished,Apartment,0,0,10,Resale,Ready to Move,,GHP Group
Green Lawn Apartment,10200000,432,1,2,Goregaon East,Mumbai,19.1562110822264,72.8758090633208,Unfurnished,Apartment,0,0,9,Resale,Ready to Move,,Cidco
Hetali Blessings,21900000,612,2,2,Goregaon East,Mumbai,19.1562110822264,72.8758090633208,Furnished,Apartment,0,6,9,Resale,Ready to Move,,Hetali Group
Arundhati Heights,18000000,540,2,2,Swastik Park,Mumbai,19.0551547591403,72.8882306638195,Semi-Furnished,Apartment,0,0,2,Resale,Ready to Move,,Unknown
Ajmera Divyam Heights,19000000,785,2,2,Andheri West,Mumbai,19.1373697481266,72.8257229439874,Semi-Furnished,Apartment,0,11,10,Resale,Ready to Move,,Ajmera Cityscapes
Ajmera Divyam Heights,17500000,785,2,2,Andheri West,Mumbai,19.1373697481266,72.8257229439874,Unfurnished,Apartment,0,11,10,Resale,Ready to Move,,Ajmera Cityscapes
Ajmera Divyam Heights,18000000,785,2,2,Andheri West,Mumbai,19.1373697481266,72.8257229439874,Semi-Furnished,Apartment,0,11,10,Resale,Ready to Move,,Ajmera Cityscapes
L&T Crescent Bay Callisto,61000000,1620,3,3,Parel,Mumbai,18.9982694030581,72.8410429440342,Semi-Furnished,Apartment,0,23,6,Resale,Ready to Move,,L&T Realty
Daga Sofrance,27500000,1260,3,4,Ghatkopar East,Mumbai,19.07907,72.907976,Unfurnished,Apartment,0,0,9,Resale,Ready to Move,,OM Builders
Ruparel Nova,14000000,272,1,1,Parel,Mumbai,18.9982694030581,72.8410429440342,Unfurnished,Apartment,0,10,6,Resale,Under Construction,,Ruparel Realty
JP Codename Hot Cake,9200000,396,2,2,Mira Road Area,Mumbai,19.2829267647424,72.8627883689306,Unfurnished,Apartment,0,15,8,Resale,Ready to Move,,JP Infra
Ozone The Gateway,32000000,1037,2,2,Andheri West,Mumbai,19.1373697481266,72.8257229439874,Furnished,Apartment,0,25,10,Resale,Ready to Move,,Ozone Group
Platinum Life,29400000,940,3,3,Andheri West,Mumbai,19.1373697481266,72.8257229439874,Unfurnished,Apartment,0,9,10,Resale,Under Construction,,Platinum Corp
Platinum Life,29300000,479,2,2,Andheri West,Mumbai,19.1373697481266,72.8257229439874,Unfurnished,Apartment,0,9,10,Resale,Under Construction,,Platinum Corp
Dheeraj Upavan 2,9500000,336,1,2,Borivali East,Mumbai,19.2272619069866,72.8634397272398,Furnished,Apartment,0,0,10,Resale,Ready to Move,,Unknown
Nirmal City Of Joy,21450000,936,3,3,Mulund West,Mumbai,19.1749536837097,72.943103519999,Unfurnished,Apartment,0,19,10,Resale,Under Construction,,Nirmal Lifestyle
Mayfair Virar Gardens,2999999,454,1,2,Virar West,Mumbai,19.4638767047594,72.7822993572118,Furnished,Apartment,0,18,8,Resale,Under Construction,,Mayfair Housing
Sai Baba Complex,12800000,493,2,1,Goregaon East,Mumbai,19.1562110822264,72.8758090633208,Unfurnished,Apartment,0,12,9,Resale,Ready to Move,,Sai Group
Panchsheel Gardens,33000000,828,3,3,Mahavir Nagar Kandivali West,Mumbai,19.2135242057782,72.8409438235301,Semi-Furnished,Apartment,0,13,3,Resale,Ready to Move,,Dynamix Group
Satellite Royale,21500000,1080,2,2,Goregaon East,Mumbai,19.1562110822264,72.8758090633208,Furnished,Apartment,0,26,9,Resale,Ready to Move,,Satellite Builders Pvt. Ltd.
Raheja Vihar,9200000,396,1,1,Chandivali,Mumbai,19.1104892624542,72.899191014387,Semi-Furnished,Apartment,0,20,8,Resale,Ready to Move,,Raheja Developers Ltd.
Raheja Vihar,16900000,648,2,2,Chandivali,Mumbai,19.1104892624542,72.899191014387,Semi-Furnished,Apartment,0,20,8,Resale,Ready to Move,,Raheja Developers Ltd.
Rustomjee Global City,6000000,746,3,3,Virar West,Mumbai,19.4638767047594,72.7822993572118,Unfurnished,Apartment,0,42,8,Resale,Ready to Move,,Rustomjee
Paradigm Antalya,8500000,432,2,2,Oshiwara,Mumbai,19.1477763241262,72.8410641675255,Unfurnished,Apartment,0,10,1,Resale,Under Construction,,Paradigm Realty
 Ranjana Mount Bliss,5700000,311,1,1,Bhandup West,Mumbai,19.149901,72.931134,Unfurnished,Apartment,0,15,8,Resale,Ready to Move,,Ranjana Construction Private Limited
Andheri Pratima CHS,12000000,468,1,1,Andheri West,Mumbai,19.1373697481266,72.8257229439874,Unfurnished,Apartment,0,0,10,Resale,Ready to Move,,Gangar Group
Lodha Altia,16500000,608,1,1,Wadala East,Mumbai,19.0135321429189,72.8602998056272,Semi-Furnished,Apartment,0,26,2,Resale,Ready to Move,,Lodha Developers Limited
64 Greens,90000000,930,3,3,Santacruz West,Mumbai,19.0812559812257,72.8376604906028,Furnished,Apartment,0,29,7,Resale,Ready to Move,,Radius Developers
Strawberry The Address,7500000,533,1,2,Mira Road Area,Mumbai,19.2829267647424,72.8627883689306,Unfurnished,Apartment,0,23,8,Resale,Ready to Move,,Strawberry Construction
Chheda Complex,12000000,720,2,2,Charkop Gaon,Mumbai,19.2092681034955,72.8158628966972,Semi-Furnished,Apartment,0,0,1,Resale,Ready to Move,,Unknown
Kamal Niwas CHSL,18500000,762,3,3,Dahisar West,Mumbai,19.2567151019289,72.8506375105369,Unfurnished,Apartment,0,0,6,Resale,Ready to Move,,Haritara
Unkown,4050000,680,2,2,Turner Road,Mumbai,19.05931,72.83467,Furnished,Apartment,0,0,0,Resale,,,Unknown
Unkown,480000,85,,1,Unnat Nagar Jay Prakash Nagar,Mumbai,19.1649019272815,72.8535213727253,Furnished,Studio Apartment,0,0,3,Resale,,,Unknown
Unkown,2700000,450,3,2,,Mumbai,,,Unfurnished,Residential House,0,0,0,Resale,Ready to Move,,Unknown
Timmy Residency,15000000,665,2,2,Andheri East,Mumbai,19.1154908,72.8726952,Unfurnished,Apartment,0,6,10,Resale,Ready to Move,,Unknown
Shantee Sterling Heights,2730000,,1,2,Vasai East,Mumbai,19.39954,72.8604165,Semi-Furnished,Apartment,0,17,6,New Property,Under Construction,,Shantee Housing
Mhada Tungwa,7990000,292,1,1,Powai,Mumbai,19.1196773,72.9050809,Semi-Furnished,Apartment,0,0,10,Resale,Ready to Move,,Unknown
Chandak Highscape City,25602000,848,3,3,Chembur,Mumbai,19.0459181155422,72.8975231581492,Unfurnished,Apartment,1,30,10,New Property,Dec '28,,Chandak Group
Kalpataru Yashodhan,38500000,541,2,2,Andheri West,Mumbai,19.1373697481266,72.8257229439874,Unfurnished,Apartment,0,4,10,Resale,Ready to Move,,Kalpataru Ltd.
Grow More Bliss,10000000,555,3,4,Malad West,Mumbai,19.1940346300819,72.8257561606587,Unfurnished,Apartment,0,2,10,Resale,Ready to Move,,Unknown
Shantee Sterling Heights,2700000,,1,2,Vasai East,Mumbai,19.39954,72.8604165,Semi-Furnished,Apartment,0,17,6,New Property,Under Construction,,Shantee Housing
Suraj Elegenza 2,14500000,234,1,1,Mahim West,Mumbai,19.0383794616621,72.8398930483562,Semi-Furnished,Apartment,0,0,3,Resale,Ready to Move,,Suraj Developers
Dipti Ocean Terraces,25000000,,1,2,Shivaji Park,Mumbai,19.0287954865428,72.838688734427,Unfurnished,Apartment,0,6,5,Resale,Ready to Move,,Dipti Group
Sethia Green View,11000000,468,1,1,Motilal Nagar 2,Mumbai,19.165226,72.83551,Semi-Furnished,Apartment,0,30,0,Resale,Ready to Move,,Sethia Infrastructure
Vrindavan Society,7500000,261,1,1,Goregaon East,Mumbai,19.1562110822264,72.8758090633208,Unfurnished,Apartment,0,0,9,Resale,Ready to Move,,Unknown
Blue Horizon Tower,20000000,,2,2,Malad West,Mumbai,19.1940346300819,72.8257561606587,Furnished,Apartment,0,0,10,Resale,Ready to Move,,Atul Projects
Unkown,25000000,890,2,2,Malad West,Mumbai,19.1940346300819,72.8257561606587,Unfurnished,Apartment,0,0,10,Resale,Ready to Move,1 Open,Unknown
Hiranandani Highland,28700000,620,2,2,Powai,Mumbai,19.1196773,72.9050809,Semi-Furnished,Apartment,0,24,10,New Property,Ready to Move,,Hiranandani Developers
Lodha Park Signet,29250000,325,,2,Worli,Mumbai,19.0036486667054,72.8175254882335,Unfurnished,Commercial Office Space,1,0,10,Resale,Ready to Move,1 Covered,Lodha Developers Limited
Unique Ivana,7500000,490,1,2,Vinay Nagar,Mumbai,19.2801994577438,72.8818023164363,Semi-Furnished,Apartment,1,0,5,New Property,Ready to Move,1 Open,Unique Shanti Developers Pvt. Ltd.
Windermere,12699000,777,2,2,Bhayandar West,Mumbai,19.302684296237,72.8274295067014,Semi-Furnished,Apartment,0,0,5,New Property,Ready to Move,1 Open,A G SUPERSTRUCTURES PVT LTD
Blue Orbit,21500000,,2,2,Malad West,Mumbai,19.1940346300819,72.8257561606587,Semi-Furnished,Apartment,0,21,10,Resale,Ready to Move,,Atul Projects
DND Options World ,23000000,520,,1,Santacruz West,Mumbai,19.0812559812257,72.8376604906028,Unfurnished,Commercial Office Space,0,0,7,Resale,Under Construction,50 Covered,Unknown
Unkown,42100000,1003,,4,Santacruz West,Mumbai,19.0812559812257,72.8376604906028,Unfurnished,Commercial Office Space,0,0,7,New Property,Ready to Move,,Unknown
Sunteck City 4th Avenue,25800000,645,2,2,Goregaon West,Mumbai,19.1630920855215,72.8398088005091,Unfurnished,Apartment,0,28,10,Resale,Ready to Move,1 Covered,Sunteck Realty Ltd.
Sandhu Palace,990000000,11623,6,8,Pali Hill,Mumbai,19.0690964899859,72.8264947990287,Unfurnished,Apartment,0,28,2,Resale,Ready to Move,5 Covered,Unknown
Maharaja Retreat,36000000,1263,3,3,Gokuldham Colony Goregaon East,Mumbai,19.1729755212444,72.8716991438016,Semi-Furnished,Apartment,0,0,2,Resale,Ready to Move,,Benchmark Developers
Fiona,15500000,460,1,2,Andheri West,Mumbai,19.1373697481266,72.8257229439874,Semi-Furnished,Apartment,0,11,10,Resale,Ready to Move,,Blue Castle Developer Pvt. Ltd.
Unkown,130000000,2484,5,5,Chembur,Mumbai,19.0459181155422,72.8975231581492,Unfurnished,Apartment,0,0,10,Resale,Ready to Move,4 Covered,Unknown
Unkown,60000000,1352,4,3,Dadar West,Mumbai,19.0200667964879,72.8380779661804,Semi-Furnished,Apartment,0,0,9,Resale,Ready to Move,1 Open,Unknown
Insignia,54500000,1600,4,4,Bandra East,Mumbai,19.062055421515,72.8541362644682,Semi-Furnished,Apartment,0,27,10,Resale,Ready to Move,,Dheeraj Realty
Tata Symphony,20000000,730,2,2,Andheri East,Mumbai,19.1154908,72.8726952,Furnished,Apartment,0,14,10,Resale,Ready to Move,,TATA Housing Development Company Ltd.
Sadguru Complex,18000000,650,2,2,Film City Road,Mumbai,19.16541848,72.87834747,Unfurnished,Apartment,0,21,2,Resale,Ready to Move,1 Covered,Sadguru Group Housing & Infrastructure
Sindhi Society,19000000,617,2,2,Sindhi Society Chembur,Mumbai,19.0513118771399,72.8904735289576,Unfurnished,Apartment,0,44,0,Resale,Ready to Move,,Unknown
MM Spectra,21000000,1040,2,2,Chembur East,Mumbai,19.0611638862632,72.8948410560158,Semi-Furnished,Apartment,0,16,2,Resale,Ready to Move,,MM Group
Unkown,68000000,1580,4,4,Chembur East,Mumbai,19.0611638862632,72.8948410560158,Unfurnished,Apartment,0,0,2,New Property,Ready to Move,,Unknown
Shapoorji Pallonji Joyville Virar,8500000,800,3,2,Virar,Mumbai,19.462194642857,72.8049130698568,Furnished,Apartment,0,5,8,Resale,Ready to Move,,Shapoorji Pallonji Real Estate
Unkown,2000000,225,1,1,Virar East,Mumbai,19.4652899784439,72.8189990617033,Unfurnished,Apartment,0,0,7,Resale,Ready to Move,,Unknown
Oberoi Eternia And Enigma,67000000,1926,4,4,Mulund West,Mumbai,19.1749536837097,72.943103519999,Unfurnished,Apartment,0,32,10,Resale,Ready to Move,,Oberoi Realty Ltd.
Runwal Nirvana,50000000,1100,3,4,Parel,Mumbai,18.9982694030581,72.8410429440342,Unfurnished,Apartment,0,38,6,Resale,Ready to Move,,Runwal Group
Wadhwa The Address,17800000,649,2,2,Ghatkopar West,Mumbai,19.0908063,72.9076669,Semi-Furnished,Apartment,0,36,10,Resale,Ready to Move,1 Covered,The Wadhwa Group
Unkown,15000000,500,,2,Goregaon East,Mumbai,19.1562110822264,72.8758090633208,Unfurnished,Commercial Office Space,0,0,9,New Property,Under Construction,1 Covered,Unknown
DB Orchid Woods,48500000,11211,3,2,Gokuldham Colony Goregaon East,Mumbai,19.1729755212444,72.8716991438016,Furnished,Apartment,1,48,2,Resale,Ready to Move,1 Covered,DB Realty Pvt. Ltd.
Lodha New Cuffe Parade,47800000,1330,3,4,Wadala East,Mumbai,19.0135321429189,72.8602998056272,Furnished,Apartment,1,38,2,Resale,Ready to Move,"1 Covered, 2 Open",Lodha Group
Neptune Ventures Eastern Business District,11000000,873,,2,Bhandup West,Mumbai,19.149901,72.931134,Furnished,Commercial Office Space,0,14,8,Resale,Ready to Move,1 Covered,Neptune Ventures & Developers Pvt. Ltd.
Rustomjee Ozone,27800000,828,2,2,Goregaon West,Mumbai,19.1630920855215,72.8398088005091,Furnished,Apartment,0,19,10,Resale,Ready to Move,,Rustomjee
Gaurav Garden,8000000,421,1,2,Kandivali West,Mumbai,19.2101312179652,72.8305011930765,Semi-Furnished,Apartment,0,3,9,Resale,Ready to Move,,Ravi Group
Marigold 3,8000000,576,2,2,Mira Road Area,Mumbai,19.2829267647424,72.8627883689306,Semi-Furnished,Apartment,0,0,8,Resale,Ready to Move,,Unknown
North Bombay,45000000,1080,3,2,Juhu,Mumbai,19.098267753993,72.8335140160125,Furnished,Apartment,0,0,9,Resale,Ready to Move,,Unknown
Dheeraj Darshan,16000000,590,2,2,Andheri East,Mumbai,19.1154908,72.8726952,Unfurnished,Apartment,0,10,10,Resale,Ready to Move,,HDIL
Dheeraj Kirti,8200000,396,1,2,Malad West,Mumbai,19.1940346300819,72.8257561606587,Semi-Furnished,Apartment,0,15,10,Resale,Ready to Move,,Dheeraj Group
Lodha Casa Supremo,7200000,396,1,1,Mira Road Area,Mumbai,19.2829267647424,72.8627883689306,Semi-Furnished,Apartment,0,0,8,Resale,Ready to Move,,Lodha Developers Limited
Gurukrupa By Westin Homes,16500000,605,2,2,Borivali West,Mumbai,19.2335321,72.839198,Unfurnished,Apartment,0,7,10,Resale,Ready to Move,,Westin Developer Pvt. Ltd.
Lodha Gardenia,47500000,1684,3,4,Wadala,Mumbai,19.012216203088,72.8604594318626,Semi-Furnished,Apartment,0,7,5,Resale,Ready to Move,,Lodha Developers Limited
Samarth Garden,16000000,690,2,2,Bhandup West,Mumbai,19.149901,72.931134,Semi-Furnished,Apartment,0,7,8,Resale,Ready to Move,,Mahadev & Company Pvt. Ltd.
Poonam jewel,18500000,1008,2,2,Andheri East,Mumbai,19.1154908,72.8726952,Furnished,Apartment,0,0,10,Resale,Ready to Move,,Unknown
Siddhivinayak triumph,17500000,864,2,2,Borivali East,Mumbai,19.2272619069866,72.8634397272398,Unfurnished,Apartment,0,0,10,Resale,Ready to Move,,Triumph Ventures
Essbel CHS,17500000,972,3,2,Lokhandwala Township Kandivali East,Mumbai,19.1983052221596,72.874429048184,Furnished,Apartment,0,0,4,Resale,Ready to Move,,Unknown
Sai Crystal Empire,3800000,475,1,1,Nalasopara East,Mumbai,19.43138984792,72.8497262547151,Unfurnished,Apartment,0,0,4,Resale,Ready to Move,,Unknown
Pragati Apartment,25000000,576,2,2,Vile Parle East,Mumbai,19.10046297,72.84924449,Unfurnished,Apartment,0,0,10,Resale,Ready to Move,,Unknown
Adinath Tower,15000000,576,2,2,Borivali,Mumbai,19.2310071796616,72.8523989794128,Furnished,Apartment,0,0,10,Resale,Ready to Move,,Vardhan Group
Gokuldham,6500000,288,1,2,Goregaon East,Mumbai,19.1562110822264,72.8758090633208,Unfurnished,Apartment,0,0,9,Resale,Under Construction,,Conwood Realty
Dhariwal Avenue,7200000,288,1,1,Goregaon West,Mumbai,19.1630920855215,72.8398088005091,Furnished,Apartment,0,0,10,Resale,Ready to Move,,Dhariwal Developers India Pvt. Ltd.
Vraj Nirmal,15000000,720,2,2,Malad East,Mumbai,19.1848724519187,72.8629697025013,Unfurnished,Apartment,0,0,9,Resale,Ready to Move,,Namo Realty and Infra LLP
Mariyam Heritage,3822500,500,1,2,Golani Naka,Mumbai,19.414152,72.864301,Unfurnished,Apartment,0,4,2,Resale,Under Construction,,Heritage Builders and Developers
Unkown,34500000,,2,2,Powai,Mumbai,19.1196773,72.9050809,Semi-Furnished,Apartment,0,0,10,Resale,Ready to Move,,Unknown
Unique Star Harsh Vihar,8500000,400,1,1,Mira Road Area,Mumbai,19.2829267647424,72.8627883689306,Furnished,Apartment,0,0,8,Resale,Ready to Move,,Unknown
Shreeji Aspire,14500000,680,2,2,Malad West,Mumbai,19.1940346300819,72.8257561606587,Unfurnished,Apartment,0,13,10,Resale,Under Construction,,Shreeji Construction
Penta Galaxy CHS ,12100000,324,1,1,Antop Hill,Mumbai,19.027762482903,72.865746078797,Unfurnished,Apartment,0,0,2,Resale,Ready to Move,,Cooperative Group Housing Society
Raheja Township,20000000,648,2,2,Malad East,Mumbai,19.1848724519187,72.8629697025013,Unfurnished,Apartment,0,8,9,Resale,Ready to Move,,Raheja Universal Pvt. Ltd.
Landmark,1600000,338,1,1,Virar,Mumbai,19.462194642857,72.8049130698568,Unfurnished,Apartment,0,16,8,Resale,Ready to Move,,Bachraj Group
RNA Broadway Avenue,6500000,422,2,2,Mira Road Area,Mumbai,19.2829267647424,72.8627883689306,Furnished,Apartment,0,17,8,Resale,Ready to Move,,RNA Corp
Naman Centre,310000000,3094,,2,Bandra Kurla Complex,Mumbai,19.0626802993452,72.8650539233055,Furnished,Commercial Office Space,0,4,6,Resale,Ready to Move,,Unknown
Rasesh Brijesh,14500000,396,1,1,Haridas Nagar,Mumbai,19.2193983828161,72.8461416972148,Furnished,Apartment,0,0,2,Resale,Ready to Move,1 Open,Vora Skyline
Riddhi Siddhi Apartment,14000000,592,2,2,Juhu,Mumbai,19.098267753993,72.8335140160125,Semi-Furnished,Apartment,0,10,9,Resale,Ready to Move,,Vitthal Patel
Lalani Grandeur,28800000,932,3,3,Goregaon East,Mumbai,19.1562110822264,72.8758090633208,Semi-Furnished,Apartment,0,25,9,Resale,Ready to Move,,Lalani Group
Unkown,4500000,435,1,2,Virar West,Mumbai,19.4638767047594,72.7822993572118,Semi-Furnished,Apartment,0,0,8,Resale,Ready to Move,1 Open,Unknown
Kalpataru Kamdhenu,20500000,900,2,2,Mulund East,Mumbai,19.1531029501285,72.9678051455382,Furnished,Apartment,0,17,5,Resale,Ready to Move,,Kalpataru Ltd.
New Look Apartment CHS,19000000,525,2,2,Dadar East,Mumbai,19.0135792007831,72.8448295038214,Semi-Furnished,Apartment,0,12,8,Resale,Ready to Move,,New Look Developer
Chandak Nishchay,18200000,700,3,3,Borivali East,Mumbai,19.2272619069866,72.8634397272398,Semi-Furnished,Apartment,0,0,10,Resale,Ready to Move,1 Covered,Unknown
Shivani Rudram,11600000,430,1,1,Kandivali West,Mumbai,19.2101312179652,72.8305011930765,Unfurnished,Apartment,0,11,9,New Property,Under Construction,,Shivani Builders and Developers
Dsk Madhuban,18000000,850,2,2,Saki Naka,Mumbai,19.0995475710707,72.8853715226256,Unfurnished,Apartment,0,29,4,Resale,Ready to Move,1 Covered,D.S. Kulkarni & Associates
Krishna Regency,22500000,581,2,2,Malad West,Mumbai,19.1940346300819,72.8257561606587,Furnished,Apartment,0,0,10,Resale,Ready to Move,1 Open,Unknown
Unkown,39500000,800,2,2,Bandra West,Mumbai,19.055229,72.830829,Semi-Furnished,Apartment,0,0,9,Resale,Ready to Move,1 Open,Unknown
Unkown,23500000,716,2,2,Santacruz East,Mumbai,19.0799983,72.8545019,Furnished,Apartment,0,0,10,Resale,Ready to Move,,Unknown
IM Applaud 38,13000000,454,1,2,Goregaon East,Mumbai,19.1562110822264,72.8758090633208,Semi-Furnished,Apartment,0,42,9,Resale,Ready to Move,,IM Buildcon
Unkown,28000000,563,2,2,Dadar West,Mumbai,19.0200667964879,72.8380779661804,Furnished,Apartment,0,0,9,Resale,Ready to Move,,Unknown
JP North Alexa,6800000,415,1,2,Vinay Nagar,Mumbai,19.2801994577438,72.8818023164363,Unfurnished,Apartment,1,13,5,Resale,Ready to Move,,JP Infra
Unkown,37500000,600,,,DN Nagar,Mumbai,19.12296883,72.83012082,Unfurnished,Commercial Shop,0,0,6,Resale,Ready to Move,,Unknown
Omkar Alta Monte,72500000,1846,4,4,Malad East,Mumbai,19.1848724519187,72.8629697025013,Unfurnished,Apartment,0,17,9,Resale,Ready to Move,2 Covered,Omkar Realtors and Developers Pvt. Ltd.
Ajmera Manhattan,31464000,828,2,2,Wadala,Mumbai,19.012216203088,72.8604594318626,Semi-Furnished,Apartment,0,54,5,New Property,Under Construction,"1 Covered, 1 Open",Ajmera Realty & Infra India Ltd.
Unkown,150000000,1750,3,3,Malabar Hill,Mumbai,18.9538534242303,72.8002625271694,Furnished,Apartment,0,0,6,Resale,Ready to Move,,Unknown
Lodha Regalia,4800000,180,,,Masjid Bandar,Mumbai,18.9513077051656,72.8375512824105,Unfurnished,Commercial Shop,0,27,3,Resale,Ready to Move,,Lodha Developers Limited
Terraform Dwarka,9828000,,1,2,Ghatkopar East,Mumbai,19.07907,72.907976,Unfurnished,Apartment,0,19,9,New Property,Under Construction,1 Covered,Terraform Realty
Unkown,37200000,750,2,2,,Mumbai,,,Semi-Furnished,Apartment,0,0,0,New Property,Ready to Move,,Unknown
Unkown,80050000,1800,3,3,Juhu,Mumbai,19.098267753993,72.8335140160125,Furnished,Apartment,0,0,9,Resale,Ready to Move,2 Covered,Unknown
Unkown,23000000,585,1,2,Parel,Mumbai,18.9982694030581,72.8410429440342,Furnished,Apartment,0,0,6,Resale,Ready to Move,1 Open,Unknown
Dosti Elite,31000000,600,2,2,Sion,Mumbai,19.0446433751251,72.8709840746083,Unfurnished,Apartment,0,0,8,Resale,Ready to Move,,Dosti Realty 
Unkown,310000000,1450,,,Khar West,Mumbai,19.0699335919407,72.8363080829478,Semi-Furnished,Commercial Showroom,0,0,6,Resale,Ready to Move,,Unknown
Gurukrupa Ghanshyam,18000000,582,2,2,Ghatkopar East,Mumbai,19.07907,72.907976,Semi-Furnished,Apartment,1,7,9,Resale,Ready to Move,"1 Covered, 1 Open",Gurukrupa Realcon Lifespaces LLP
Sumit Artista,20000000,555,2,2,Santacruz East,Mumbai,19.0799983,72.8545019,Unfurnished,Apartment,0,19,10,Resale,Ready to Move,1 Covered,Sumit Woods Pvt. Ltd.
Vijayi Jwala,17500000,645,2,2,Siddharth Nagar Goregaon West,Mumbai,19.15978193,72.84234796,Unfurnished,Apartment,0,0,3,Resale,Ready to Move,1 Covered,Chirag Infraproject Private Limited
Unkown,60000000,815,2,2,Pali Hill,Mumbai,19.0690964899859,72.8264947990287,Furnished,Apartment,0,0,2,New Property,Ready to Move,,Unknown
Western Edge,65100000,1500,,2,Rajendra Nagar,Mumbai,19.2193312084231,72.8588004155209,Furnished,Commercial Office Space,0,0,1,Resale,Ready to Move,2 Covered,Kanakia Spaces Realty Pvt. Ltd.
Morya Crystal,24000000,1000,3,3,Santacruz East,Mumbai,19.0799983,72.8545019,Unfurnished,Apartment,0,15,10,Resale,Ready to Move,1 Covered,Morya Infrastructure Pvt. Ltd.
Mahalaxmi Nagar,2700000,367,1,1,Palghar Naigaon East,Mumbai,19.3489277756968,72.8750219955356,Semi-Furnished,Apartment,0,21,4,Resale,Ready to Move,,Mahalaxmi Group of Companies
Bhoj Bhawan,13500000,346,1,1,Chembur,Mumbai,19.0459181155422,72.8975231581492,Unfurnished,Apartment,0,9,10,Resale,Ready to Move,,Kukreja construction
Neelkanth Enclave,25700000,,2,2,Nityanand Nagar Ghatkopar West,Mumbai,19.09466,72.91582,Unfurnished,Apartment,0,16,1,New Property,Under Construction,,Neelkanth Group
Balaji Heights,12500000,702,2,2,Mira Road Area,Mumbai,19.2829267647424,72.8627883689306,Unfurnished,Apartment,0,14,8,Resale,Ready to Move,,Balaji Developers
Bhoomi Classic,10250000,,1,1,Malad West,Mumbai,19.1940346300819,72.8257561606587,Semi-Furnished,Apartment,0,17,10,Resale,Ready to Move,,BHOOMI GROUP
Salangpur Salasar Aangan,5400000,,1,2,Mira Road East,Mumbai,19.282975,72.873618,Unfurnished,Apartment,0,29,10,Resale,Ready to Move,,Salangpur Nirmaan
Bhoomi Classic,10700000,,1,1,Malad West,Mumbai,19.1940346300819,72.8257561606587,Unfurnished,Apartment,0,17,10,Resale,Ready to Move,,BHOOMI GROUP
Brookhaven,21000000,,2,2,Andheri East,Mumbai,19.1154908,72.8726952,Semi-Furnished,Apartment,0,37,10,Resale,Ready to Move,,The Advantage Raheja
Rock Enclave,12700000,,1,2,Kandivali West,Mumbai,19.2101312179652,72.8305011930765,Semi-Furnished,Apartment,0,12,9,Resale,Ready to Move,,Bhoomi Properties
Lakshchandi Height,19000000,,2,2,Gokuldham Colony Goregaon East,Mumbai,19.1729755212444,72.8716991438016,Unfurnished,Apartment,0,18,2,Resale,Ready to Move,,Goyal Properties and Builders
Dheeraj Jamuna,9100000,,1,2,Malad West,Mumbai,19.1940346300819,72.8257561606587,Unfurnished,Apartment,0,33,10,Resale,Ready to Move,,Housing Development & Infrastructure Ltd.
Kalpataru Towers,21100000,,2,2,Akurli Nagar,Mumbai,19.19874,72.860507,Unfurnished,Apartment,0,26,2,Resale,Ready to Move,,Kalpataru Ltd.
Sai Heights,2300000,270,1,1,Vasai,Mumbai,19.3914260104194,72.8285855834131,Unfurnished,Apartment,0,16,6,Resale,Ready to Move,,Shree Sai Bhoomi Group
Lodha Fiorenza,22500000,,2,2,Goregaon East,Mumbai,19.1562110822264,72.8758090633208,Semi-Furnished,Apartment,0,20,9,Resale,Ready to Move,,Lodha Developers Limited
Hill park Tower,12500000,427,1,1,Jogeshwari West,Mumbai,19.1438823857409,72.8427830413067,Semi-Furnished,Apartment,0,0,10,Resale,Ready to Move,,SMGK Group
Ritu Gardenia,3100000,407,1,1,Palghar Naigaon East,Mumbai,19.3489277756968,72.8750219955356,Unfurnished,Apartment,0,9,4,Resale,Ready to Move,,Ritu Group
Kanakia Country Park,17000000,590,2,2,Dattapada,Mumbai,19.2224292956989,72.8591617598146,Unfurnished,Apartment,0,0,5,Resale,Ready to Move,,Unknown
Salasar Garden,9500000,662,2,1,Hatkesh Udhog Nagar,Mumbai,19.2813658205394,72.8783658846685,Unfurnished,Apartment,0,0,6,Resale,Ready to Move,,Unknown
Raj CHS Ltd,13000000,749,2,2,Malad West,Mumbai,19.1940346300819,72.8257561606587,Semi-Furnished,Apartment,0,8,10,Resale,Ready to Move,,Raj & Development Of Group
Sheth Clarion,11900000,432,1,2,Kandivali East,Mumbai,19.2050017,72.8692711,Semi-Furnished,Apartment,0,13,10,Resale,Ready to Move,,Sheth Creators Pvt. Ltd.
Diamond 3,8500000,612,2,2,Goregaon East,Mumbai,19.1562110822264,72.8758090633208,Semi-Furnished,Apartment,0,6,9,Resale,Ready to Move,,Royal Palms
Rupal Apartments,21500000,403,1,2,Dadar East,Mumbai,19.0135792007831,72.8448295038214,Unfurnished,Apartment,0,7,8,Resale,Ready to Move,,Rupal Builder
Runwal Hills,18500000,684,2,2,Chembur,Mumbai,19.0459181155422,72.8975231581492,Semi-Furnished,Apartment,0,6,10,Resale,Ready to Move,,Runwal Group
Galaxy Classique,9000000,446,1,2,Goregaon West,Mumbai,19.1630920855215,72.8398088005091,Semi-Furnished,Apartment,0,26,10,Resale,Ready to Move,,Shree Raj Group
Sagar Park,10000000,479,1,1,Ghatkopar West,Mumbai,19.0908063,72.9076669,Unfurnished,Apartment,0,29,10,Resale,Ready to Move,,Sagar Builders
Ambrosia Apartment,30000000,1080,3,2,Borivali East,Mumbai,19.2272619069866,72.8634397272398,Semi-Furnished,Apartment,0,11,10,Resale,Ready to Move,,Divine Space
Galaxy Apartment,11000000,662,2,2,Qureshi Nagar,Mumbai,19.0599068355234,72.8771601565175,Unfurnished,Apartment,0,15,0,Resale,Ready to Move,,HOUSING DEVELOPMENT AND INFRASTRUCTURE LTD
Galaxy Apartment,8500000,468,1,2,Kurla East,Mumbai,19.0615645059118,72.880543263673,Unfurnished,Apartment,0,15,1,Resale,Ready to Move,,HOUSING DEVELOPMENT AND INFRASTRUCTURE LTD
Galaxy Apartment,13000000,662,2,2,Kurla East,Mumbai,19.0615645059118,72.880543263673,Unfurnished,Apartment,0,15,1,Resale,Ready to Move,,HOUSING DEVELOPMENT AND INFRASTRUCTURE LTD
Pariwar CHS,15500000,828,2,2,Bhandup East,Mumbai,19.1401705,72.9431038,,Apartment,0,0,5,Resale,Ready to Move,,Cooperative Group Housing Society
Sun City Complex,19000000,,2,2,Powai,Mumbai,19.1196773,72.9050809,Semi-Furnished,Apartment,0,0,10,Resale,Ready to Move,1 Open,Unknown
Unkown,18000000,736,2,2,Safed Pul,Mumbai,19.098213,72.885079,Unfurnished,Apartment,0,0,0,Resale,Under Construction,1 Covered,Unknown
Runwal Forests,22300000,771,2,2,Kanjurmarg West,Mumbai,19.1341354387679,72.9249978851096,Furnished,Apartment,0,33,2,Resale,Ready to Move,,Runwal Group
Unkown,420000000,11109,,5,Sion East,Mumbai,19.0406208013187,72.8695165321764,Furnished,Commercial Office Space,0,0,6,Resale,Ready to Move,,Unknown
Rustomjee Crown,185000000,2500,4,5,Prabhadevi,Mumbai,19.0158585103406,72.8295254470428,Semi-Furnished,Apartment,0,32,6,New Property,Ready to Move,,Rustomjee
Rivali Park,44000000,,2,2,Borivali East,Mumbai,19.2272619069866,72.8634397272398,Semi-Furnished,Apartment,0,23,10,Resale,Ready to Move,,CCI Projects Pvt. Ltd.
Unkown,20040000,600,2,2,Amboli,Mumbai,19.1284086086709,72.8447452295284,Unfurnished,Apartment,0,0,4,New Property,Ready to Move,1 Covered,Unknown
Shaan CHS,11800000,380,1,2,Kurla West,Mumbai,19.077063,72.8840395,Semi-Furnished,Apartment,0,0,10,Resale,Ready to Move,,Cooperative Group Housing Society
Avvad Shubham Aura,45900000,1150,3,3,Pant Nagar,Mumbai,19.08537,72.91069,Semi-Furnished,Apartment,0,8,6,Resale,Ready to Move,,Avvad Realtty LLP
Unkown,26000000,781,2,2,Mathuradas Road,Mumbai,19.20331258,72.84284737,Furnished,Apartment,0,0,1,Resale,Ready to Move,1 Open,Unknown
Abrol Residency,12000000,450,1,2,Malad West,Mumbai,19.1940346300819,72.8257561606587,Unfurnished,Apartment,0,0,10,Resale,Ready to Move,,Unknown
New India Heights,19136000,598,2,2,Teli Gali,Mumbai,19.1174285411457,72.8506362948198,Unfurnished,Apartment,1,8,0,New Property,Ready to Move,1 Covered,New India Constructions
Kanakia Rainforest,30000000,,3,3,Andheri East,Mumbai,19.1154908,72.8726952,Semi-Furnished,Apartment,1,11,10,Resale,Ready to Move,,Kanakia Spaces Realty Pvt. Ltd.
Kalpataru Elitus,41000000,1339,3,3,Mulund West,Mumbai,19.1749536837097,72.943103519999,Unfurnished,Apartment,0,10,10,Resale,Ready to Move,,Kalpataru Ltd.
Unkown,37000000,1305,3,3,Mulund West,Mumbai,19.1749536837097,72.943103519999,Semi-Furnished,Apartment,0,0,10,Resale,Ready to Move,,Unknown
Mahindra Eminente,60000000,1256,3,4,Piramal Nagar,Mumbai,19.16895,72.84731,Semi-Furnished,Apartment,0,37,0,Resale,Ready to Move,"1 Covered, 1 Open",Mahindra Lifespace Developers Ltd.
Unkown,27000000,1000,3,4,Motilal Nagar,Mumbai,19.15627,72.83934,Furnished,Penthouse,0,0,4,Resale,Ready to Move,,Unknown
Unkown,49800000,1200,4,3,Prabhadevi,Mumbai,19.0158585103406,72.8295254470428,Semi-Furnished,Apartment,0,0,6,Resale,Ready to Move,,Unknown
Olympia Tower,26500000,950,2,2,Byculla West,Mumbai,18.9768508781065,72.8316043483232,Furnished,Apartment,0,15,3,Resale,Ready to Move,,Supari Wala
Unkown,81000000,2900,6,5,Model Town Govardhan Nagar,Mumbai,19.18423301,72.94417553,Furnished,Villa,0,0,0,Resale,Ready to Move,"2 Covered, 3 Open",Unknown
Vini Towers,57000000,1900,4,4,Sunder Nagar Malad West,Mumbai,19.177041,72.841444,Furnished,Apartment,0,6,4,Resale,Ready to Move,,Vini Group
Unkown,60000000,550,,,Panjarpole,Mumbai,18.95422,72.83034,Furnished,Commercial Showroom,0,0,0,Resale,Ready to Move,,Unknown
Omkar Signet,12000000,333,1,2,Siddheshwar Nagar,Mumbai,19.1842278,72.86059445,Unfurnished,Apartment,0,16,0,Resale,Ready to Move,,Omkar Realtors and Developers Pvt. Ltd.
Unkown,27000000,786,2,2,Mahavir Nagar Kandivali West,Mumbai,19.2135242057782,72.8409438235301,Furnished,Apartment,0,0,3,Resale,Ready to Move,1 Open,Unknown
La Bellezza,14200000,571,2,2,Borivali East,Mumbai,19.2272619069866,72.8634397272398,Semi-Furnished,Apartment,0,13,10,Resale,Ready to Move,1 Covered,Dimples Group
Unkown,28000000,,2,2,,Mumbai,,,Semi-Furnished,Apartment,0,0,0,Resale,Ready to Move,,Unknown
AJAY Malshi Asmi Shimmers,23010000,767,1,2,Jay Prakash Nagar Goregaon East,Mumbai,19.1638922344228,72.8538812715161,Unfurnished,Apartment,1,8,4,New Property,Ready to Move,1 Covered,AJAY Malshi DEDHIA
Mangal Deep,9700000,407,1,1,Mulund East,Mumbai,19.1531029501285,72.9678051455382,Furnished,Apartment,0,0,5,Resale,Ready to Move,1 Open,Unknown
Unkown,32500000,734,,2,Century Bazaar,Mumbai,19.012788,72.825778,Unfurnished,Commercial Office Space,0,0,0,Resale,Ready to Move,1 Open,Unknown
Ekta Tripolis,37500000,1084,3,3,Goregaon West,Mumbai,19.1630920855215,72.8398088005091,Semi-Furnished,Apartment,0,11,10,Resale,Ready to Move,2 Covered,Ekta World
Prestige Garden Trails,14960000,680,2,2,Mira Road East,Mumbai,19.282975,72.873618,Unfurnished,Apartment,0,17,10,New Property,Under Construction,1 Covered,Prestige Group
Chandak Greenairy,22100000,661,2,2,Borivali East,Mumbai,19.2272619069866,72.8634397272398,Unfurnished,Apartment,0,8,10,New Property,Under Construction,1 Covered,Chandak Group
Prarambh Chandiwala,12420000,460,1,2,Azad Nagar Andheri West,Mumbai,19.1284590298281,72.8363317528594,Semi-Furnished,Apartment,0,5,0,New Property,Under Construction,1 Covered,CHANDIWALA ENTERPRISES PVT LTD
Colo Color Sigma Garnet,36000000,818,2,2,Dadar West,Mumbai,19.0200667964879,72.8380779661804,Unfurnished,Apartment,0,11,9,New Property,Under Construction,2 Covered,Colo Color Private Limited
Raj Imperia,19000000,699,2,2,Malad West,Mumbai,19.1940346300819,72.8257561606587,Unfurnished,Apartment,0,5,10,New Property,Under Construction,,Raj Corp
Kanakia Zen World,18700000,700,2,2,Kanjurmarg East,Mumbai,19.1303464798827,72.934955451681,Unfurnished,Apartment,0,19,5,Resale,Ready to Move,1 Covered,Kanakia Spaces Realty Pvt. Ltd.
Sushanku Avenue 37,25400000,,4,3,Goregaon West,Mumbai,19.1630920855215,72.8398088005091,Unfurnished,Apartment,0,9,10,New Property,Dec '27,,Sushanku Realty
Sanghvi Aria,33999000,1001,3,3,Santacruz East,Mumbai,19.0799983,72.8545019,Semi-Furnished,Apartment,1,14,10,New Property,Under Construction,"1 Covered, 1 Open",Sanghvi Group
Adani Linkbay Residences,68200000,1775,4,4,Kasam Nagar,Mumbai,19.13346551,72.83067914,Semi-Furnished,Apartment,0,11,0,New Property,Under Construction,1 Covered,Adani Realty & RC Group
Unkown,18500040,708,2,2,Mulund West,Mumbai,19.1749536837097,72.943103519999,Unfurnished,Apartment,0,0,10,New Property,Under Construction,1 Covered,Unknown
Birla Niyaara,400000000,4000,5,7,Worli,Mumbai,19.0036486667054,72.8175254882335,Unfurnished,Apartment,0,13,10,New Property,Under Construction,6 Covered,Birla Estates Private Limited
Sunteck Sky Park,18952500,702,2,2,Beverly Park,Mumbai,19.295256624119,72.871489861401,Unfurnished,Apartment,1,35,3,New Property,Under Construction,1 Covered,Sunteck Realty Ltd.
Kalpataru Vienta,32000000,751,2,2,Defence Colony,Mumbai,19.20633806,72.85731619,Unfurnished,Apartment,0,5,0,Resale,Under Construction,1 Covered,Kalpataru Ltd.
K Raheja Residency,22499320,770,2,2,Malad East,Mumbai,19.1848724519187,72.8629697025013,Unfurnished,Apartment,0,45,9,New Property,Ready to Move,1 Covered,K. Raheja Realty
Lodha Park,155881000,2532,5,4,Worli,Mumbai,19.0036486667054,72.8175254882335,Unfurnished,Apartment,0,57,10,New Property,Ready To Move,,Lodha Developers Limited
Roswalt Zaiden,18600000,605,2,3,Jogeshwari West,Mumbai,19.1438823857409,72.8427830413067,Semi-Furnished,Apartment,0,16,10,Resale,Under Construction,,Roswalt Realty
Unkown,34850000,818,2,2,Bhawani Sankar,Mumbai,19.023176,72.839933,Unfurnished,Apartment,1,0,0,New Property,Under Construction,1 Covered,Unknown
One Marina,76700000,902,2,3,Marine Lines,Mumbai,18.9428828062276,72.8277012805855,Unfurnished,Apartment,0,23,7,New Property,Under Construction,1 Covered,Ashwin Sheth Group & Y M Infra
Ruparel Jewel,173655000,1029,3,3,Azad Nagar Parel,Mumbai,18.9970457114756,72.8513508427755,Semi-Furnished,Apartment,0,9,0,New Property,Under Construction,2 Covered,Ruparel Realty
Techton Akhand ,9400000,1055,3,3,Vasai,Mumbai,19.3914260104194,72.8285855834131,Unfurnished,Apartment,0,14,6,New Property,Dec '27,,TECHTON LIFESPACES LLP
Raheja Amaltis,50576000,1318,3,3,Sion West,Mumbai,19.039754,72.860385,Unfurnished,Apartment,1,14,0,New Property,Under Construction,2 Covered,K Raheja Corp
Transindia Codename GMD,28500000,950,3,3,Sion East,Mumbai,19.0406208013187,72.8695165321764,Unfurnished,Apartment,1,14,6,New Property,Dec '31,,TransIndia Group
Rustomjee Seasons,64367000,1057,3,3,Bandra East,Mumbai,19.062055421515,72.8541362644682,Unfurnished,Apartment,0,40,10,New Property,Ready To Move,,Rustomjee
Crescent Western Trade Centre,9000000,368,,1,Mira Road East,Mumbai,19.282975,72.873618,Unfurnished,Commercial Office Space,0,0,10,New Property,Jun '27,,Crescent Shelters LLP
Rustomjee Seasons,61140000,1004,3,3,Bandra East,Mumbai,19.062055421515,72.8541362644682,Unfurnished,Apartment,0,40,10,New Property,Ready To Move,,Rustomjee
Chandak Highscape City,10828400,,1,2,Chembur,Mumbai,19.0459181155422,72.8975231581492,Unfurnished,Apartment,0,30,10,New Property,Under Construction,1 Covered,Chandak Group
Birla Niyaara,105000000,1180,3,3,Worli,Mumbai,19.0036486667054,72.8175254882335,Unfurnished,Apartment,0,13,10,Resale,Under Construction,2 Covered,Birla Estates Private Limited
Unkown,105000000,1500,,2,Bandra West,Mumbai,19.055229,72.830829,Unfurnished,Commercial Office Space,0,0,9,New Property,Under Construction,,Unknown
Supreme Boulevard,37799000,938,3,2,Chembur,Mumbai,19.0459181155422,72.8975231581492,Semi-Furnished,Apartment,1,22,10,New Property,Under Construction,1 Covered,Supreme Universal
Ghori Rathi Nivera,11500000,402,1,2,Borivali East,Mumbai,19.2272619069866,72.8634397272398,Unfurnished,Apartment,0,11,10,New Property,Under Construction,1 Covered,Ghori Developers
Tulasi Apartment,27000000,828,3,3,Mulund West,Mumbai,19.1749536837097,72.943103519999,Unfurnished,Apartment,0,0,10,Resale,Ready to Move,,Unknown
Silver Oaks Apartment,22000000,720,3,3,Mulund West,Mumbai,19.1749536837097,72.943103519999,Semi-Furnished,Apartment,0,0,10,Resale,Ready to Move,,Unknown
Silver Oaks Apartment,24000000,760,3,3,Mulund West,Mumbai,19.1749536837097,72.943103519999,Semi-Furnished,Apartment,0,0,10,Resale,Ready to Move,,Unknown
Silver Oaks Apartment,23500000,929,3,3,Mulund West,Mumbai,19.1749536837097,72.943103519999,Semi-Furnished,Apartment,0,0,10,Resale,Ready to Move,,Unknown
El Dorado,85000000,1512,3,3,Prabhadevi,Mumbai,19.0158585103406,72.8295254470428,Semi-Furnished,Apartment,0,14,6,Resale,Ready to Move,,Ravi Group
Shiromani Tower,45000000,857,2,4,Parel,Mumbai,18.9982694030581,72.8410429440342,Furnished,Apartment,0,0,6,Resale,Ready to Move,,Unknown
Runwal Greens Rose Wood,26500000,1116,2,2,Mulund West,Mumbai,19.1749536837097,72.943103519999,Semi-Furnished,Apartment,0,0,10,Resale,Ready to Move,,Unknown
Unkown,31000000,864,3,3,Andheri East,Mumbai,19.1154908,72.8726952,Furnished,Apartment,0,0,10,Resale,Ready to Move,,Unknown
Hari Bhavan,145000000,2124,3,3,Khar West,Mumbai,19.0699335919407,72.8363080829478,Unfurnished,Apartment,0,17,6,Resale,Ready to Move,,S Raheja Realty
Rashmi Classic,4800000,540,2,2,Vasai,Mumbai,19.3914260104194,72.8285855834131,Furnished,Apartment,0,10,6,Resale,Ready to Move,,Rashmi Group
Sridutt Garden Avenue K,3700000,497,1,1,Virar West,Mumbai,19.4638767047594,72.7822993572118,Unfurnished,Apartment,0,29,8,Resale,Ready to Move,,Sridutt Constructions
Sridutt Garden Avenue K,3500000,297,1,2,Virar West,Mumbai,19.4638767047594,72.7822993572118,Unfurnished,Apartment,0,29,8,Resale,Ready to Move,,Sridutt Constructions
Spenta Altavista,32500000,724,3,3,Chembur,Mumbai,19.0459181155422,72.8975231581492,Semi-Furnished,Apartment,0,16,10,Resale,Ready to Move,,Spenta and Sabari Group
N Rose Northern Heights,25000000,876,3,3,Dahisar East,Mumbai,19.2530390003417,72.8684258373265,Unfurnished,Apartment,0,9,9,Resale,Ready to Move,,N Rose Developers Pvt. Ltd.
Vinayak Enclave,3350000,446,1,1,Nala Sopara,Mumbai,19.4196344986519,72.8081166617887,Unfurnished,Apartment,0,10,8,Resale,Ready to Move,,Shree Ganesh Builders
Gurukrupa Marina Enclave,18000000,868,2,2,Malad West,Mumbai,19.1940346300819,72.8257561606587,Semi-Furnished,Apartment,0,36,10,Resale,Ready to Move,,Gurukrupa Group
Veena Serenity,15000000,734,2,2,Chembur,Mumbai,19.0459181155422,72.8975231581492,Semi-Furnished,Apartment,0,11,10,Resale,Ready to Move,,Veena Developers
Veena Serenity,15500000,731,2,2,Chembur,Mumbai,19.0459181155422,72.8975231581492,Unfurnished,Apartment,0,11,10,Resale,Ready to Move,,Veena Developers
Aadi Allure,17500000,886,2,2,Kanjurmarg East,Mumbai,19.1303464798827,72.934955451681,Semi-Furnished,Apartment,0,6,5,Resale,Ready to Move,,Aadi Properties
Aadi Allure,17500000,451,2,2,Kanjurmarg East,Mumbai,19.1303464798827,72.934955451681,Furnished,Apartment,0,6,5,Resale,Ready to Move,,Aadi Properties
Gorai Mitasu,9500000,432,1,1,Borivali West,Mumbai,19.2335321,72.839198,Furnished,Apartment,0,13,10,Resale,Ready to Move,,Sumit Woods Pvt. Ltd.
RNA Classic CHS,58000000,1188,3,3,Santacruz West,Mumbai,19.0812559812257,72.8376604906028,Furnished,Apartment,0,28,7,Resale,Ready to Move,,RNA Corp
Disha Co Operative Society,20000000,720,2,2,Borivali West,Mumbai,19.2335321,72.839198,Unfurnished,Apartment,0,5,10,Resale,Ready to Move,,Disha Group
Sunshine CHS,14000000,295,1,2,Agripada,Mumbai,18.9750701400348,72.825301229216,Semi-Furnished,Apartment,0,9,3,Resale,Ready to Move,,Arok Construction
Wadhwa Atmoshphere,23500000,890,3,2,Mulund West,Mumbai,19.1749536837097,72.943103519999,Semi-Furnished,Apartment,0,26,10,Resale,Ready to Move,,The Wadhwa Group
Raj Tower,14900000,684,2,2,Kandivali East,Mumbai,19.2050017,72.8692711,Furnished,Apartment,0,7,10,Resale,Ready to Move,,Raj Group
Matoshree Pearl,60000000,742,3,3,Mahim West,Mumbai,19.0383794616621,72.8398930483562,Furnished,Apartment,0,13,3,Resale,Ready to Move,,Matoshree Infrastructure Pvt. Ltd.
RNA Classic CHS,58500000,1188,3,3,Santacruz West,Mumbai,19.0812559812257,72.8376604906028,Semi-Furnished,Apartment,0,28,7,Resale,Ready to Move,,RNA Corp
Eleganzia Royale,62500000,1944,4,5,Andheri West,Mumbai,19.1373697481266,72.8257229439874,Unfurnished,Apartment,0,13,10,Resale,Ready to Move,,Zaveri Construction
Susharda Celestial,16000000,449,2,2,Bhandup West,Mumbai,19.149901,72.931134,Semi-Furnished,Apartment,0,14,8,Resale,Ready to Move,,Susharda Edifice Group
Unkown,20000000,,,1,Azad Nagar Andheri West,Mumbai,19.1284590298281,72.8363317528594,Furnished,Commercial Office Space,0,0,0,Resale,Ready to Move,2 Open,Unknown
Unkown,39900000,,,1,Irla,Mumbai,19.1082528517535,72.8423696382164,Furnished,Commercial Showroom,0,0,0,Resale,Ready to Move,1 Open,Unknown
Venus Apartments ,87500000,825,2,2,Worli,Mumbai,19.0036486667054,72.8175254882335,Furnished,Apartment,0,3,10,Resale,Ready to Move,,Unknown
L&T Elixir Reserve,28000000,632,2,2,Powai,Mumbai,19.1196773,72.9050809,Unfurnished,Apartment,0,15,10,New Property,Ready to Move,,L & T Realty
Raj Infinia,2750000,,2,2,Malad West,Mumbai,19.1940346300819,72.8257561606587,Furnished,Apartment,0,17,10,Resale,Ready to Move,,Rajesh LifeSpaces
Unkown,3900000,230,,1,,Mumbai,,,Unfurnished,Commercial Office Space,0,0,0,Resale,Ready to Move,2 Open,Unknown
Arihant Heights,12500000,,1,1,Masjid Bandar,Mumbai,18.9513077051656,72.8375512824105,Semi-Furnished,Apartment,0,0,3,Resale,Ready to Move,1 Covered,Unknown
Satyam Tower,2500000,428,1,1,Nala Sopara,Mumbai,19.4196344986519,72.8081166617887,Semi-Furnished,Apartment,0,13,8,Resale,Ready to Move,,Kamdenu Developer
Victory Heights,10000000,385,2,2,Gorai,Mumbai,19.2356275528192,72.7987635557736,Semi-Furnished,Apartment,0,0,0,Resale,Ready to Move,,Unknown
Lodha Seamont,92900000,,2,2,Walkeshwar,Mumbai,18.9514384332214,72.8027312010285,Unfurnished,Apartment,0,50,3,New Property,Ready to Move,,Lodha Developers Limited
Lodha Seamont,92900000,,2,2,Walkeshwar,Mumbai,18.9514384332214,72.8027312010285,Unfurnished,Apartment,0,50,3,New Property,Ready to Move,,Lodha Developers Limited
Harshal Devchhaya,6851000,,1,2,Dahisar East,Mumbai,19.2530390003417,72.8684258373265,Unfurnished,Apartment,0,9,9,Resale,Under Construction,,Harshal Enterprises
Dwarka Shopping Centre,8000000,378,1,1,Kurla West,Mumbai,19.077063,72.8840395,Unfurnished,Apartment,0,0,10,Resale,Ready to Move,,Unknown
Casa Bellisimo,13600000,,2,2,Gorai 2,Mumbai,19.2295319805788,72.8238797727181,Unfurnished,Apartment,0,3,0,Resale,Ready to Move,,Jaydev Realtors Pvt. Ltd.
Bhoomi Samarth,7700000,234,1,1,Goregaon East,Mumbai,19.1562110822264,72.8758090633208,Semi-Furnished,Apartment,0,26,9,Resale,Ready to Move,,Unknown
Romell Vasanthi,13500000,450,1,2,Mulund East,Mumbai,19.1531029501285,72.9678051455382,Semi-Furnished,Apartment,0,3,5,Resale,Ready to Move,1 Covered,Romell Group
Hubtown Palmrose,10500000,377,2,2,Andheri East,Mumbai,19.1154908,72.8726952,Unfurnished,Apartment,0,0,10,Resale,Ready to Move,,Hubtown Ltd.
Hubtown Palmrose,9700000,377,2,2,Andheri East,Mumbai,19.1154908,72.8726952,Unfurnished,Apartment,0,0,10,Resale,Under Construction,,Hubtown Ltd.
Better Parijat Towers,5600000,,,,Powai,Mumbai,19.1196773,72.9050809,Unfurnished,Commercial Shop,0,0,10,Resale,Ready to Move,,Better Group
Birla KDI Juhu Ankur,52500000,,3,3,JVPD Scheme,Mumbai,19.108097,72.832259,Unfurnished,Apartment,0,10,5,Resale,Ready to Move,,Birla Estates Private Limited
Birla KDI Juhu Ankur,50000000,,3,3,JVPD Scheme,Mumbai,19.108097,72.832259,Furnished,Apartment,0,10,5,Resale,Ready to Move,,Birla Estates Private Limited
Rashmi Mangal Nagar,6500000,864,2,2,Hatkesh Udhog Nagar,Mumbai,19.2813658205394,72.8783658846685,Semi-Furnished,Apartment,0,0,6,Resale,Ready to Move,,Rashmi Housing Pvt. Ltd.
Gabadia Homes,5500000,198,1,1,Irani Wadi,Mumbai,19.2015501609916,72.8394247782395,Furnished,Apartment,0,6,3,Resale,Ready to Move,,Unknown
Harshal Devchhaya,6800000,,1,2,Dahisar East,Mumbai,19.2530390003417,72.8684258373265,Unfurnished,Apartment,0,9,9,New Property,Under Construction,,Harshal Enterprises
MS H2O,14499999,,1,2,Sunder Nagar Santacruz East,Mumbai,19.0822308442996,72.8615850380685,Unfurnished,Apartment,0,26,2,New Property,Under Construction,,MS Realty
MS H2O,14499999,,1,2,Sunder Nagar Santacruz East,Mumbai,19.0822308442996,72.8615850380685,Unfurnished,Apartment,0,26,2,New Property,Under Construction,,MS Realty
Hiranandani Empress Hill,109500000,1680,4,4,Hiranandani Gardens,Mumbai,19.1177459703185,72.9111144020492,Semi-Furnished,Apartment,0,10,6,Resale,Under Construction,3 Covered,Hiranandani Group
Ravi Gaurav Crest,7100000,662,2,2,Mira Road Area,Mumbai,19.2829267647424,72.8627883689306,Unfurnished,Apartment,0,0,8,Resale,Under Construction,,Ravi Group
Laxmi Park,7500000,601,2,2,Mira Road Area,Mumbai,19.2829267647424,72.8627883689306,Unfurnished,Apartment,0,0,8,Resale,Ready to Move,,Unknown
MS H2O,12300000,,1,2,Sunder Nagar Santacruz East,Mumbai,19.0822308442996,72.8615850380685,Unfurnished,Apartment,0,26,2,New Property,Ready to Move,,MS Realty
Dion Shelter Apartment,8500000,407,1,1,SG Barve Marg,Mumbai,19.0609466,72.8843983,Unfurnished,Apartment,0,0,0,Resale,Ready to Move,1 Open,Unknown
Sujata Apartment,13000000,320,,,Vidya Nagari,Mumbai,19.07446,72.86366,Unfurnished,Commercial Shop,0,0,0,Resale,Ready to Move,1 Open,Unknown
Piramal Mahalaxmi,113500000,1384,3,4,Mahalakshmi,Mumbai,18.9865617867147,72.8182867539311,Unfurnished,Apartment,0,42,7,New Property,Ready to Move,,Piramal Realty
GHP Vaishakh,19000000,652,2,2,Mulund West,Mumbai,19.1749536837097,72.943103519999,Semi-Furnished,Apartment,0,8,10,Resale,Ready to Move,"1 Covered, 1 Open",GHP Group
Unkown,24000000,500,2,2,Parel,Mumbai,18.9982694030581,72.8410429440342,Furnished,Apartment,0,0,6,Resale,Ready to Move,,Unknown
Swaraj hind society,4800000,300,1,1,Gaikwad Nagar Malvani,Mumbai,19.1807093986327,72.815937743167,Unfurnished,Apartment,0,0,0,Resale,Ready to Move,,Unknown
Kamala Shakti Enclave,28500000,1400,3,3,Malad West,Mumbai,19.1940346300819,72.8257561606587,Unfurnished,Apartment,0,30,10,Resale,Ready to Move,2 Covered,Shakti and Group of Developer
Godrej Central,22500000,700,2,2,Chembur,Mumbai,19.0459181155422,72.8975231581492,Semi-Furnished,Apartment,0,31,10,Resale,Ready to Move,"1 Covered, 1 Open",Godrej Properties
Rughani Palace,22500000,850,2,2,Kandivali West,Mumbai,19.2101312179652,72.8305011930765,Semi-Furnished,Apartment,0,0,9,Resale,Ready to Move,1 Open,Unknown
Unkown,9000000,950,3,2,Nala Sopara,Mumbai,19.4196344986519,72.8081166617887,Semi-Furnished,Apartment,0,0,8,Resale,Ready to Move,,Unknown
Highland Park,13350000,740,2,2,Amar Nagar Mulund West,Mumbai,19.1683641389879,72.9312017500049,Semi-Furnished,Apartment,0,7,2,Resale,Ready to Move,,Siddhi Developers
Unkown,2600000,360,1,1,Palghar Naigaon East,Mumbai,19.3489277756968,72.8750219955356,Unfurnished,Apartment,0,0,4,Resale,Ready to Move,,Unknown
DB Ozone,6000000,413,1,2,Mira Road Area,Mumbai,19.2829267647424,72.8627883689306,Unfurnished,Apartment,0,52,8,Resale,Ready to Move,,DB Realty Pvt. Ltd.
Unkown,6500000,414,1,1,Malad West,Mumbai,19.1940346300819,72.8257561606587,Semi-Furnished,Apartment,0,0,10,Resale,Ready to Move,,Unknown
Unkown,61000000,1884,4,5,Mulund West,Mumbai,19.1749536837097,72.943103519999,Unfurnished,Apartment,0,0,10,Resale,Ready to Move,,Unknown
Unkown,18000000,730,2,2,Four Bungalows,Mumbai,19.12537,72.82542,Unfurnished,Apartment,0,0,3,New Property,Ready to Move,,Unknown
Unkown,8290000,450,1,2,Unnat Nagar Jay Prakash Nagar,Mumbai,19.1649019272815,72.8535213727253,Unfurnished,Apartment,0,0,3,Resale,,,Unknown
Unkown,26500000,662,2,2,Liberty Garden,Mumbai,19.1860611235102,72.8414112963364,Unfurnished,Apartment,0,0,2,New Property,Ready to Move,,Unknown
Sheth Auris Serinity,25000000,922,2,3,Malad West,Mumbai,19.1940346300819,72.8257561606587,Unfurnished,Apartment,0,36,10,Resale,Ready to Move,,Sheth Creators Pvt. Ltd.
Alpine Shapoorji Pallonji,25200000,929,2,2,Kandivali East,Mumbai,19.2050017,72.8692711,Semi-Furnished,Apartment,0,26,10,Resale,Ready to Move,,Shapoorji Pallonji Real Estate
Sai Vihar,11200000,648,2,3,Kandivali East,Mumbai,19.2050017,72.8692711,Unfurnished,Apartment,0,4,10,Resale,Ready to Move,,Jaydeep Group
Space Residency,6000000,540,1,2,Mira Road Area,Mumbai,19.2829267647424,72.8627883689306,Semi-Furnished,Apartment,0,0,8,Resale,Ready to Move,,Unknown
Krishraj Tower,26500000,752,3,2,Borivali West,Mumbai,19.2335321,72.839198,Furnished,Apartment,0,0,10,Resale,Ready to Move,,Unknown
Rajveer Apartment,24000000,1202,3,2,Andheri West,Mumbai,19.1373697481266,72.8257229439874,Unfurnished,Apartment,0,10,10,Resale,Ready to Move,,Ajmera Cityscapes
Raviraj Tarang,12500000,475,1,2,Mhatre Wadi Dahisar West,Mumbai,19.2524949571291,72.8576347043956,Semi-Furnished,Apartment,0,0,2,Resale,Ready to Move,,Unknown
Swastik Dinesh Kunj,12000000,504,1,2,Jawahar Nagar Goregaon West,Mumbai,19.1593130319176,72.8473192718963,Semi-Furnished,Apartment,0,0,7,Resale,Ready to Move,,Unknown
Lodha Bel Air,35000000,732,3,3,Jogeshwari West,Mumbai,19.1438823857409,72.8427830413067,Semi-Furnished,Apartment,0,16,10,Resale,Ready to Move,,Lodha Developers Limited
Lodha Bel Air,22000000,518,2,2,Jogeshwari West,Mumbai,19.1438823857409,72.8427830413067,Unfurnished,Apartment,0,16,10,Resale,Ready to Move,,Lodha Developers Limited
Pureline West End Heights,14500000,641,2,2,Kandivali West,Mumbai,19.2101312179652,72.8305011930765,Unfurnished,Apartment,0,0,9,Resale,Ready to Move,,Unknown
Om Sai Heights Phase II,3975000,562,2,2,Nalasopara West,Mumbai,19.4129235749963,72.7885889890948,Semi-Furnished,Apartment,0,4,4,Resale,Ready to Move,,Om Sai Developers
Runwal Symphony,30000000,1037,3,3,Santacruz East,Mumbai,19.0799983,72.8545019,Furnished,Apartment,0,29,10,Resale,Ready to Move,,Runwal Group
Shiv Apartment,2400000,396,1,2,Nalasopara West,Mumbai,19.4129235749963,72.7885889890948,Unfurnished,Apartment,0,7,4,Resale,Ready to Move,,Shiv Shakti Developer
Shree Vardhan,17800000,648,2,2,Mulund East,Mumbai,19.1531029501285,72.9678051455382,Semi-Furnished,Apartment,0,14,5,Resale,Ready to Move,,Neelam Realtors Pvt. Ltd.
Trivedi Complex,4500000,353,1,1,Mira Road Area,Mumbai,19.2829267647424,72.8627883689306,Unfurnished,Apartment,0,0,8,Resale,Ready to Move,,Unknown
RNA Broadway Avenue,4800000,421,1,1,Mira Road Area,Mumbai,19.2829267647424,72.8627883689306,Semi-Furnished,Apartment,0,17,8,Resale,Ready to Move,,RNA Corp
Falcon Court,7800000,504,2,1,Mulund East,Mumbai,19.1531029501285,72.9678051455382,Semi-Furnished,Apartment,0,5,5,Resale,Ready to Move,,Soham Realty
Shree Naman Residency,125000000,2304,4,6,Bandra Kurla Complex,Mumbai,19.0626802993452,72.8650539233055,Unfurnished,Apartment,0,22,6,Resale,Ready to Move,,Shree Naman Group
Silver Arch,23500000,706,2,2,Andheri West,Mumbai,19.1373697481266,72.8257229439874,Furnished,Apartment,0,14,10,Resale,Ready to Move,,D Kapoor Land Developers
Ostwal Orchid,8500000,713,2,3,Mira Road Area,Mumbai,19.2829267647424,72.8627883689306,Semi-Furnished,Apartment,0,13,8,Resale,Ready to Move,,Shree Ostwal Builders Ltd.
Ostwal Orchid,7200000,698,2,2,Mira Road Area,Mumbai,19.2829267647424,72.8627883689306,Unfurnished,Apartment,0,13,8,Resale,Ready to Move,,Shree Ostwal Builders Ltd.
Lodha Park,100000000,2081,5,5,Worli,Mumbai,19.0036486667054,72.8175254882335,Semi-Furnished,Apartment,0,57,10,Resale,Ready to Move,,Lodha Developers Limited
Fountain Heights,19500000,904,2,2,Kandivali East,Mumbai,19.2050017,72.8692711,Semi-Furnished,Apartment,0,18,10,Resale,Ready to Move,,Lokhandwala Group
Trikutta Tower,11500000,526,1,2,Powai,Mumbai,19.1196773,72.9050809,Semi-Furnished,Apartment,0,17,10,Resale,Ready to Move,,Padmavati Developers
Trikutta Tower,14500000,720,2,2,Powai,Mumbai,19.1196773,72.9050809,Semi-Furnished,Apartment,0,17,10,Resale,Ready to Move,,Padmavati Developers
Hiranandani Gardens,35000000,828,2,2,Central Area,Mumbai,19.127903,72.91727,Furnished,Apartment,0,16,0,Resale,Ready to Move,,Hiranandani Group
7 Bungalow,16000000,468,1,1,Andheri West,Mumbai,19.1373697481266,72.8257229439874,Unfurnished,Apartment,0,0,10,Resale,Ready to Move,,Unknown
Pranay Leela Society,30200000,1044,3,3,Goregaon West,Mumbai,19.1630920855215,72.8398088005091,Unfurnished,Apartment,0,0,10,Resale,Ready to Move,,Unknown
Thakur Complex,11200000,468,2,2,Kandivali East,Mumbai,19.2050017,72.8692711,Unfurnished,Apartment,0,17,10,Resale,Ready to Move,,Unknown
Swaroop Residency,11000000,562,1,2,Ghatkopar East,Mumbai,19.07907,72.907976,Unfurnished,Apartment,0,17,9,Resale,Ready to Move,,Swaroop Residency
WINDERMERE CHS LTD.,31500000,792,2,2,Oshiwara,Mumbai,19.1477763241262,72.8410641675255,Unfurnished,Apartment,0,23,1,Resale,Ready to Move,,Cooperative Group Housing Society
Hitakshi Height,7200000,648,2,2,Mira Road Area,Mumbai,19.2829267647424,72.8627883689306,Semi-Furnished,Apartment,0,9,8,Resale,Ready to Move,,Gujarati Developers and Realtors
Kashi Gaon,3950000,342,1,1,Mira Road Area,Mumbai,19.2829267647424,72.8627883689306,Furnished,Apartment,0,0,8,Resale,Ready to Move,,Unknown
Narmada Paradise,5000000,425,1,1,Mira Road Area,Mumbai,19.2829267647424,72.8627883689306,Semi-Furnished,Apartment,0,11,8,Resale,Ready to Move,,Unknown
Gayatri Avenue,9500000,360,1,1,Kandivali East,Mumbai,19.2050017,72.8692711,Unfurnished,Apartment,0,0,10,Resale,Ready to Move,,Dimple realtors Pvt. Ltd.
ALJ Residency,32500000,432,2,1,Bandra West,Mumbai,19.055229,72.830829,Furnished,Apartment,0,0,9,Resale,Ready to Move,,Unknown
Lokhandwala Whispering Palms,17000000,655,2,2,Samata Nagar Thakur Village,Mumbai,19.207195773949,72.8695262532163,Unfurnished,Apartment,0,0,4,Resale,Ready to Move,,Lokhandwala Constructions
Veena Vihar Cooperative Housing Society,17500000,540,2,2,Sion East,Mumbai,19.0406208013187,72.8695165321764,Furnished,Apartment,0,0,6,Resale,Ready to Move,,Unknown
Carmichael Residences,16500000,173,1,1,Tardeo,Mumbai,18.9693555488714,72.8133774658556,Unfurnished,Apartment,0,5,7,Resale,Ready to Move,,Peninsula Land Ltd.
Laxmi Palace CHS,19000000,594,1,2,Vile Parle East,Mumbai,19.10046297,72.84924449,Furnished,Apartment,0,0,10,Resale,Ready to Move,,Unknown
Laxmi Deep CHS,12000000,468,2,2,Chembur,Mumbai,19.0459181155422,72.8975231581492,Unfurnished,Apartment,0,0,10,Resale,Ready to Move,,Unknown
Kukreja Palace,67500000,1510,4,4,Ghatkopar East,Mumbai,19.07907,72.907976,Furnished,Apartment,0,0,9,Resale,Ready to Move,,Unknown
Chirag Bhagat Grandeur,33500000,892,2,2,Chincholi Bunder,Mumbai,19.17957831,72.83839457,Furnished,Apartment,0,0,4,Resale,Ready to Move,,Unknown
Neelam Nagar ,23000000,700,2,2,Mulund East,Mumbai,19.1531029501285,72.9678051455382,Semi-Furnished,Apartment,0,0,5,Resale,Ready to Move,,Neelam Realtors Pvt. Ltd.
Unkown,21100000,400,1,2,Mahim West,Mumbai,19.0383794616621,72.8398930483562,Furnished,Apartment,0,0,3,Resale,Ready to Move,"1 Covered, 1 Open",Unknown
Lok Everest,41000000,1670,3,3,Mulund West,Mumbai,19.1749536837097,72.943103519999,Furnished,Penthouse,0,13,10,Resale,Ready to Move,1 Open,Lok Housing Group
Unkown,7500000,400,1,1,Barrister Nath Pai Road,Mumbai,19.07836715,72.91009435,Semi-Furnished,Apartment,0,0,0,Resale,Ready to Move,,Unknown
Unkown,88000000,1800,3,3,Andheri West,Mumbai,19.1373697481266,72.8257229439874,Furnished,Apartment,0,0,10,Resale,Ready to Move,,Unknown
Ramdev Ritu Heights,24100000,1120,3,3,Mira Road East,Mumbai,19.282975,72.873618,Furnished,Apartment,0,0,10,Resale,Ready to Move,,Unknown
Brook Field,24500000,530,1,1,Andheri West,Mumbai,19.1373697481266,72.8257229439874,Semi-Furnished,Apartment,0,0,10,Resale,Ready to Move,1 Covered,Unknown
Sunshine Samriddhi Garden,17000000,675,2,2,Bhandup West,Mumbai,19.149901,72.931134,Semi-Furnished,Apartment,0,12,8,Resale,Ready to Move,1 Covered,Sunshine Infra
Arjun Centre,36000075,1400,,2,Govandi East,Mumbai,19.054696,72.92216,Unfurnished,Commercial Office Space,0,0,6,Resale,Ready to Move,"1 Covered, 1 Open",Unknown
Marathon Emblem,47500000,1508,4,4,Mulund West,Mumbai,19.1749536837097,72.943103519999,Semi-Furnished,Apartment,0,7,10,Resale,Ready to Move,1 Covered,Marathon Realty Pvt. Ltd.
Unkown,28700000,590,1,2,Colaba,Mumbai,18.9037004,72.8131432,Furnished,Builder Floor Apartment,0,0,9,Resale,Ready to Move,,Unknown
Unkown,31500000,1004,3,3,Siddharth Nagar Goregaon West,Mumbai,19.15978193,72.84234796,Semi-Furnished,Apartment,0,0,3,Resale,Ready to Move,,Unknown
Puravankara Purva Estrella,65000000,,3,3,Lokhandwala Complex Andheri West,Mumbai,19.14413,72.8241,Unfurnished,Apartment,0,10,4,New Property,Under Construction,,Puravankara Ltd.
Dipti Aryavarta,55000000,1400,4,4,Tarun Bharat Society,Mumbai,19.1083023884096,72.862365746736,Semi-Furnished,Apartment,0,13,0,Resale,Ready to Move,,Dipti Spaces
Unkown,30000000,655,2,3,Vile Parle East,Mumbai,19.10046297,72.84924449,Unfurnished,Apartment,0,0,10,Resale,Ready to Move,1 Covered,Unknown
TREC Aangan,37500000,250,,,Matunga West,Mumbai,19.0288217353274,72.8440906063583,Unfurnished,Commercial Shop,0,14,5,Resale,Ready to Move,"1 Covered, 1 Open",TREC
Unkown,8000000,300,1,1,Mhatre Wadi Dahisar West,Mumbai,19.2524949571291,72.8576347043956,Unfurnished,Apartment,0,0,2,Resale,Ready to Move,,Unknown
Suvasya Swastik Platinum,13800000,540,2,2,Tagore Nagar,Mumbai,19.11623,72.93205,Unfurnished,Apartment,0,15,2,New Property,Ready to Move,,Suvasya Builders and Developer
Unkown,33000000,902,3,3,Malad East,Mumbai,19.1848724519187,72.8629697025013,Unfurnished,Apartment,0,0,9,Resale,Ready to Move,1 Covered,Unknown
Unkown,7000000,785,2,2,Vasai East,Mumbai,19.39954,72.8604165,Semi-Furnished,Apartment,0,0,6,Resale,Ready to Move,,Unknown
Unkown,14500000,500,2,2,Bhandup East,Mumbai,19.1401705,72.9431038,Semi-Furnished,Apartment,0,0,5,Resale,Ready to Move,,Unknown
Unkown,30000000,980,2,2,Majas Wadi,Mumbai,19.1391691375392,72.8601981832267,Furnished,Apartment,0,0,0,Resale,Ready to Move,"1 Covered, 1 Open",Unknown
Unkown,35000000,1000,3,3,Vile Parle East,Mumbai,19.10046297,72.84924449,Furnished,Apartment,0,0,10,Resale,Ready to Move,,Unknown
Dreamax Vega,25000000,,2,2,Andheri East,Mumbai,19.1154908,72.8726952,Unfurnished,Apartment,0,31,10,Resale,Ready to Move,,Dreamax Group
Unkown,6000000,240,,1,Saki Naka,Mumbai,19.0995475710707,72.8853715226256,Furnished,Commercial Office Space,0,0,4,Resale,Ready to Move,,Unknown
Sai Charan Residency,11500000,,2,2,Ramdev Park,Mumbai,19.2972811431285,72.8678073166319,Unfurnished,Apartment,0,19,1,Resale,Ready to Move,,Sai Gaurav Developers
Unkown,12800000,475,1,2,Kandivali East,Mumbai,19.2050017,72.8692711,Furnished,Apartment,0,0,10,Resale,Ready to Move,,Unknown
Unkown,25500000,800,3,3,Unnat Nagar Goregaon West,Mumbai,19.1675548,72.84466169,Semi-Furnished,Apartment,0,0,2,Resale,Ready to Move,1 Open,Unknown
Unkown,29900000,750,,2,Andheri West,Mumbai,19.1373697481266,72.8257229439874,Unfurnished,Commercial Office Space,0,0,10,Resale,Ready to Move,,Unknown
Unkown,38000000,1000,2,2,Parel,Mumbai,18.9982694030581,72.8410429440342,Furnished,Apartment,0,30,6,Resale,Ready to Move,,Unknown
Unkown,10000000,400,1,2,Malad West,Mumbai,19.1940346300819,72.8257561606587,Furnished,Apartment,0,0,10,Resale,Ready to Move,1 Open,Unknown
Unkown,29900000,4500,,2,Fort,Mumbai,18.936455612573,72.8339223948984,Furnished,Commercial Office Space,0,0,8,Resale,Ready to Move,2 Open,Unknown
Serenity Heights,17000000,495,1,1,Bandra Kurla Complex,Mumbai,19.0626802993452,72.8650539233055,Semi-Furnished,Apartment,0,10,6,Resale,Ready to Move,,K Raheja Construction
Sumit Hendre Residency,11000000,120,,,Byculla West,Mumbai,18.9768508781065,72.8316043483232,Unfurnished,Commercial Shop,0,8,3,Resale,Ready to Move,,Sumit woods Pvt. Ltd.
World Trade Center,30000000,,,2,Cuffe Parade,Mumbai,18.9146859411536,72.8196960395871,Semi-Furnished,Commercial Showroom,0,0,5,Resale,Ready to Move,50 Open,Shapoorji Pallonji Group
Harshail Horizon,47500000,971,3,3,Vile Parle East,Mumbai,19.10046297,72.84924449,Furnished,Apartment,0,7,10,Resale,Ready to Move,1 Covered,Harshail Real Estate Group
Unkown,22500000,721,2,2,Borivali West,Mumbai,19.2335321,72.839198,Furnished,Residential House,0,0,10,Resale,Ready to Move,,Unknown
Unkown,58900000,1323,,1,Lal Bahadur Shastri Road,Mumbai,19.1020434,72.919613,Furnished,Commercial Office Space,0,0,5,Resale,Ready to Move,3 Covered,Unknown
Unkown,35000000,850,2,2,Juhu,Mumbai,19.098267753993,72.8335140160125,Semi-Furnished,Apartment,0,0,9,Resale,Ready to Move,,Unknown
Bhairav Darshan,21000000,536,2,2,Elphinstone,Mumbai,19.0081314771461,72.8307980979771,Furnished,Apartment,0,8,0,Resale,Ready to Move,,Bhairaav Group
Shreeji Heights,43500000,864,2,2,Matunga West,Mumbai,19.0288217353274,72.8440906063583,Furnished,Apartment,0,16,5,Resale,Ready to Move,,Aksee Real Estate
Unkown,25500000,1008,3,2,Unnat Nagar Jay Prakash Nagar,Mumbai,19.1649019272815,72.8535213727253,Unfurnished,Apartment,0,0,3,Resale,Ready to Move,,Unknown
Ekta CHS,9800000,288,1,1,Tilak Nagar Chembur,Mumbai,19.0676774565328,72.8962666933898,Semi-Furnished,Apartment,0,0,2,Resale,Ready to Move,,Cooperative Group Housing Society
Royal Palms Piccadilly 4,4800000,389,1,2,Goregaon East,Mumbai,19.1562110822264,72.8758090633208,Semi-Furnished,Apartment,0,3,9,Resale,Ready to Move,,Royal Palms
Noor Mahal Apartment,12000000,400,,,Matunga East,Mumbai,19.0277771413147,72.8560635075251,Unfurnished,Commercial Office Space,0,0,9,Resale,Ready to Move,,Unknown
Atur Park,29000000,1116,3,3,Chembur,Mumbai,19.0459181155422,72.8975231581492,Unfurnished,Apartment,0,0,10,Resale,Ready to Move,,Unknown
Surya Kirti Tower,2990000,461,1,2,Virar West,Mumbai,19.4638767047594,72.7822993572118,Semi-Furnished,Apartment,0,0,8,Resale,Ready to Move,,Unknown
Lodha Bel Air,30000000,790,3,3,Jogeshwari West,Mumbai,19.1438823857409,72.8427830413067,Semi-Furnished,Apartment,0,16,10,Resale,Ready to Move,,Lodha Developers Limited
Dheeraj Heritage Residency,17000000,482,1,2,Santacruz West,Mumbai,19.0812559812257,72.8376604906028,Unfurnished,Apartment,0,0,7,Resale,Ready to Move,,Dheeraj Realty
Spenta Altavista,16000000,756,2,2,Chembur,Mumbai,19.0459181155422,72.8975231581492,Unfurnished,Apartment,0,16,10,Resale,Ready to Move,,Spenta and Sabari Group
Mit Niketan,17500000,695,2,2,Kandivali East,Mumbai,19.2050017,72.8692711,Unfurnished,Apartment,0,10,10,Resale,Ready to Move,,Kanakia Spaces Realty Pvt. Ltd.
Chrysalis Apartment,40000000,756,2,2,Juhu,Mumbai,19.098267753993,72.8335140160125,Furnished,Apartment,0,0,9,Resale,Ready to Move,,Unknown
Raheja Complex,15500000,540,2,2,Malad East,Mumbai,19.1848724519187,72.8629697025013,Unfurnished,Apartment,0,0,9,Resale,Ready to Move,,Unknown
NG Silver Spring,11000000,983,3,3,Mira Road Area,Mumbai,19.2829267647424,72.8627883689306,Unfurnished,Apartment,0,21,8,Resale,Ready to Move,,RNA NG Builders
Colombia Apartments ,57000000,994,3,3,Bandra West,Mumbai,19.055229,72.830829,Semi-Furnished,Apartment,0,0,9,Resale,Ready to Move,,Unknown
Peninsula Celestia Spaces,37000000,1005,2,2,Sewri,Mumbai,18.9920224182449,72.8537565266891,Semi-Furnished,Apartment,0,20,6,Resale,Ready to Move,,Peninsula Land Ltd.
Marvel Residency,27000000,814,2,2,Vile Parle East,Mumbai,19.10046297,72.84924449,Semi-Furnished,Apartment,0,0,10,Resale,Ready to Move,,Unknown
Zeba Corner,32500000,720,2,3,Pali Hill,Mumbai,19.0690964899859,72.8264947990287,Unfurnished,Apartment,0,0,2,Resale,Ready to Move,,Unknown
Unkown,120000000,680,,,Fort,Mumbai,18.936455612573,72.8339223948984,Furnished,Commercial Shop,0,0,8,Resale,Ready to Move,,Unknown
Unkown,60000000,1323,3,3,Chembur East,Mumbai,19.0611638862632,72.8948410560158,Unfurnished,Apartment,0,0,2,Resale,Ready to Move,,Unknown
Anant Shraddha Apartment,10400000,,1,2,Bhandup East,Mumbai,19.1401705,72.9431038,Semi-Furnished,Apartment,0,0,5,Resale,Ready to Move,,Unknown
Poonam Nagar,6100000,650,2,2,Virar West,Mumbai,19.4638767047594,72.7822993572118,Unfurnished,Apartment,0,0,8,Resale,Ready to Move,,Unknown
Redstone Saifee Park,14000000,315,1,2,Mazgaon,Mumbai,18.9633811595298,72.8440624733612,Unfurnished,Apartment,0,10,6,Resale,Ready to Move,,Redstone Group
Unkown,8100000,,1,1,Bhayandar East,Mumbai,19.3096844760714,72.8623193046283,Unfurnished,Apartment,0,0,5,Resale,Ready to Move,,Unknown
Max Avenue CHS,2200000,,,,Oswal Nagari,Mumbai,19.4306876595676,72.8201441408363,Unfurnished,Commercial Shop,0,0,0,Resale,Ready to Move,,Unknown
Unkown,40000000,759,2,2,Mazgaon,Mumbai,18.9633811595298,72.8440624733612,Unfurnished,Apartment,0,0,6,Resale,Under Construction,,Unknown
JP Infra Mira Road,5800000,360,1,1,,Mumbai,,,Semi-Furnished,Apartment,0,38,0,Resale,Ready to Move,,JP Infra
Lodha New Cuffe Parade,31500000,956,2,2,Wadala,Mumbai,19.012216203088,72.8604594318626,Furnished,Apartment,0,38,5,Resale,Ready to Move,1 Covered,Lodha Group
Unkown,8500000,,2,2,Virar East,Mumbai,19.4652899784439,72.8189990617033,Semi-Furnished,Villa,0,0,7,Resale,Ready to Move,1 Open,Unknown
Vinay Nagar,6500000,,1,2,Mira Road Area,Mumbai,19.2829267647424,72.8627883689306,Unfurnished,Apartment,0,4,8,Resale,Ready to Move,,Agarwal Group
Chira bazar,22500000,348,1,1,Chira Bazaar,Mumbai,18.9475251214865,72.8264761318947,Furnished,Apartment,0,0,1,Resale,Ready to Move,,Unknown
Neelkanth Valley,45000000,860,3,3,Raja Wadi,Mumbai,19.0791381389441,72.9048306095631,Semi-Furnished,Apartment,0,0,0,Resale,Ready to Move,1 Open,Neelkanth Group
Raj Infinia,22500000,,2,2,Malad West,Mumbai,19.1940346300819,72.8257561606587,Unfurnished,Apartment,0,17,10,Resale,Ready to Move,,Rajesh LifeSpaces
Vishram Sthal CHS,36500000,664,2,3,Bangur Nagar,Mumbai,19.16697,72.83154,Unfurnished,Apartment,0,0,0,Resale,Under Construction,,Unknown
Godavari CHS,250000000,,3,3,Worli,Mumbai,19.0036486667054,72.8175254882335,Furnished,Apartment,0,5,10,Resale,Ready to Move,,Sagar constructions
Shapoorji Pallonji Joyville Palm Springs,5000000,400,1,1,Virar West,Mumbai,19.4638767047594,72.7822993572118,Unfurnished,Apartment,0,3,8,Resale,Ready to Move,1 Covered,Shapoorji Pallonji Real Estate
Sai Simran Tower,13000000,400,1,2,Chembur,Mumbai,19.0459181155422,72.8975231581492,Unfurnished,Apartment,0,0,10,Resale,Ready to Move,,Unknown
Unkown,10000000,350,1,1,Raheja Township,Mumbai,19.18026902,72.85653741,Semi-Furnished,Apartment,0,0,0,Resale,Ready to Move,1 Open,Unknown
Unkown,22800000,770,2,2,Natwar Nagar,Mumbai,19.12865,72.85121,Semi-Furnished,Apartment,0,0,1,Resale,Ready to Move,,Unknown
Dharti Aakar Atria,19700000,556,2,2,Goregaon West,Mumbai,19.1630920855215,72.8398088005091,Unfurnished,Apartment,0,12,10,Resale,Ready to Move,,Dharti Aakar Realty
L&T Rejuve 360,32000000,904,3,2,Mulund West,Mumbai,19.1749536837097,72.943103519999,Unfurnished,Apartment,0,11,10,Resale,Ready to Move,,L&T Realty
Kabra Garnet,13000000,426,1,2,Malad West,Mumbai,19.1940346300819,72.8257561606587,Semi-Furnished,Apartment,0,11,10,Resale,Ready to Move,,Kabra Group
Unkown,4300000,400,1,1,Vasai East,Mumbai,19.39954,72.8604165,Semi-Furnished,Apartment,0,0,6,Resale,Ready to Move,1 Open,Unknown
Paradigm 71 Midtown,24200000,853,3,3,Chembur,Mumbai,19.0459181155422,72.8975231581492,Unfurnished,Apartment,1,16,10,New Property,Dec '26,1 Covered,Paradigm Realty
Amann Solitaire,41000000,,3,3,Borivali West,Mumbai,19.2335321,72.839198,Furnished,Apartment,0,5,10,Resale,Ready to Move,,Amann Group
Oxford Navrang Navkar ,22100000,660,2,2,Goregaon West,Mumbai,19.1630920855215,72.8398088005091,Semi-Furnished,Apartment,0,6,10,New Property,Ready to Move,,Oxford Group
Kanakia Zen World,14000000,449,1,2,Kanjurmarg East,Mumbai,19.1303464798827,72.934955451681,Semi-Furnished,Apartment,0,19,5,Resale,Ready to Move,,Kanakia Spaces Realty Pvt. Ltd.
Unkown,20000000,600,,1,Mulund West,Mumbai,19.1749536837097,72.943103519999,Furnished,Commercial Office Space,0,0,10,Resale,Ready to Move,,Unknown
Siroya Kingston Tower,54000000,1200,3,3,Parel,Mumbai,18.9982694030581,72.8410429440342,Semi-Furnished,Apartment,0,9,6,Resale,Ready to Move,"1 Covered, 1 Open",Siroya Constructions
Dedhia Palatial Height,20500000,765,2,2,Powai,Mumbai,19.1196773,72.9050809,Semi-Furnished,Apartment,0,17,10,Resale,Ready to Move,1 Covered,Dedhia Group
AP Ekam,61400000,1004,3,3,Santacruz West,Mumbai,19.0812559812257,72.8376604906028,Unfurnished,Apartment,0,11,7,Resale,Ready to Move,2 Covered,AP Realty Ltd.
SK Imperial Heights,7700000,,1,2,Mira Road Area,Mumbai,19.2829267647424,72.8627883689306,Semi-Furnished,Apartment,0,11,8,Resale,Ready to Move,,SK Heights Pvt. Ltd
Gomes Apartments CHS,20500000,640,2,2,Orlem,Mumbai,19.19576,72.83778,Semi-Furnished,Apartment,0,0,2,Resale,Ready to Move,,Metro Associates
KM Narmada Mohan Atlantis,5100000,376,1,2,Mira Bhayandar,Mumbai,19.2783121,72.8580188,Unfurnished,Villa,0,7,10,New Property,Under Construction,,KM Developers
Unkown,17300000,727,3,3,Mira Road,Mumbai,19.2824790028886,72.8826767010947,Furnished,Apartment,0,0,3,Resale,Ready to Move,,Unknown
Crystal Plaza,25000000,475,,2,Andheri West,Mumbai,19.1373697481266,72.8257229439874,Furnished,Commercial Office Space,0,33,10,Resale,Ready to Move,1 Open,Unknown
Unkown,37500000,850,,,Andheri West,Mumbai,19.1373697481266,72.8257229439874,Unfurnished,Commercial Office Space,0,0,10,Resale,Ready to Move,1 Open,Unknown
Godrej Horizon,47500000,1059,3,3,Wadala West,Mumbai,19.0151808625823,72.8575804704432,Unfurnished,Apartment,0,33,2,New Property,Under Construction,,Godrej Properties
Unkown,24500000,540,2,2,Brhmanwada,Mumbai,19.0320970268441,72.8551823971318,Unfurnished,Apartment,0,0,0,Resale,Ready to Move,,Unknown
Hubtown Celeste,42600000,,2,2,Worli,Mumbai,19.0036486667054,72.8175254882335,Unfurnished,Apartment,0,24,10,New Property,Under Construction,,Hubtown Ltd.
Unkown,208800000,2900,,2,Income Tax Colony Bandra Kurla Complex,Mumbai,19.06747437,72.86982449,Unfurnished,Commercial Office Space,0,0,0,Resale,Ready to Move,2 Covered,Unknown
Madhuban ,13700000,485,1,2,Goregaon East,Mumbai,19.1562110822264,72.8758090633208,Unfurnished,Apartment,0,0,9,Resale,Ready to Move,,Unknown
Lodha Unica,13500000,330,1,2,Jogeshwari,Mumbai,19.1391584419196,72.8491931971322,Semi-Furnished,Apartment,0,0,8,Resale,Ready to Move,1 Covered,Lodha Developers Limited
Modirealty Ashvattha,23000000,841,3,3,Dahisar East,Mumbai,19.2530390003417,72.8684258373265,Unfurnished,Apartment,1,11,9,Resale,Ready to Move,1 Covered,Modirealty
Advance Plaza ,29000000,1100,,,Ulwe,Mumbai,18.9750941,73.052334,Unfurnished,Commercial Shop,0,0,6,Resale,Ready to Move,,Advance Home Makers Group
Unkown,12500000,426,1,2,Borivali East,Mumbai,19.2272619069866,72.8634397272398,Unfurnished,Apartment,0,0,10,Resale,Ready to Move,1 Covered,Unknown
Lokhandwala Spring Grove,21000000,,2,2,Kandivali East,Mumbai,19.2050017,72.8692711,Furnished,Apartment,0,18,10,Resale,Ready to Move,,Lokhandwala Construction Industries Pvt. Ltd.
Unkown,30000000,750,2,2,Vile Parle East,Mumbai,19.10046297,72.84924449,Furnished,Apartment,0,0,10,Resale,Ready to Move,,Unknown
Kabra Centroid,36500000,866,3,3,Santacruz East,Mumbai,19.0799983,72.8545019,Semi-Furnished,Apartment,0,8,10,Resale,Ready to Move,1 Covered,Kabra Group
Neelam Nagar Building No 7 Chs Ltd,14000000,800,2,2,Mulund East,Mumbai,19.1531029501285,72.9678051455382,Semi-Furnished,Apartment,0,0,5,Resale,Ready to Move,,Unknown
sona cooperative housing society,18000000,350,1,1,Bandra West,Mumbai,19.055229,72.830829,Furnished,Apartment,0,0,9,Resale,Ready to Move,,Unknown
Marathon Futurex,300000000,5000,,2,Lower Parel,Mumbai,18.9982431278398,72.8270305579981,Furnished,Commercial Office Space,0,15,9,Resale,Ready to Move,,Marathon Realty Pvt. Ltd.
Sagar Sangeet,65000000,780,2,2,Colaba,Mumbai,18.9037004,72.8131432,Semi-Furnished,Apartment,0,0,9,Resale,Ready to Move,2 Open,Unknown
Unkown,27500000,795,3,2,Andheri East,Mumbai,19.1154908,72.8726952,Semi-Furnished,Apartment,0,0,10,Resale,Ready to Move,1 Covered,Unknown
Pioneer Heritage,29900000,775,2,2,Santacruz West,Mumbai,19.0812559812257,72.8376604906028,Semi-Furnished,Apartment,0,9,7,Resale,Ready to Move,,Pioneer Group
Kabra Rageshree,27000000,700,2,2,Borivali West,Mumbai,19.2335321,72.839198,Semi-Furnished,Apartment,0,10,10,Resale,Ready to Move,1 Covered,Kabra Group
MM Spectra,31000000,1403,3,3,Chembur West,Mumbai,19.0672495723847,72.9017592132068,Unfurnished,Apartment,0,16,2,Resale,Ready to Move,1 Covered,MM Group
Mayfair Virar Gardens,4200000,358,1,2,Virar West,Mumbai,19.4638767047594,72.7822993572118,Semi-Furnished,Apartment,0,18,8,Resale,Ready to Move,1 Open,Mayfair Housing
Dudhwala Proxima,28000000,1150,3,3,Andheri East,Mumbai,19.1154908,72.8726952,Semi-Furnished,Apartment,0,23,10,Resale,Ready to Move,2 Covered,Dudhwala Constructions
Lodha New Cuffe Parade,45600000,1330,3,4,Wadala East,Mumbai,19.0135321429189,72.8602998056272,Unfurnished,Apartment,1,38,2,Resale,Ready to Move,2 Covered,Lodha Group
Godrej Avenue Eleven,135000000,1650,3,4,Mahalakshmi,Mumbai,18.9865617867147,72.8182867539311,Unfurnished,Apartment,1,25,7,New Property,Under Construction,"1 Covered, 1 Open",Godrej Properties
Bharat altavista,60000000,1283,3,3,Andheri West,Mumbai,19.1373697481266,72.8257229439874,Unfurnished,Apartment,0,0,10,New Property,Under Construction,1 Open,Bharat Realty venture Pvt Ltd 
Kalpataru Vienta,43000000,1006,3,3,Kandivali East,Mumbai,19.2050017,72.8692711,Unfurnished,Apartment,0,5,10,Resale,Ready to Move,2 Covered,Kalpataru Ltd.
Pearl Residency,30000000,840,3,3,Andheri West,Mumbai,19.1373697481266,72.8257229439874,Furnished,Apartment,0,30,10,Resale,Ready to Move,,Pattathu Brothers
Sheth Irene,22000000,637,2,2,Malad West,Mumbai,19.1940346300819,72.8257561606587,Unfurnished,Apartment,1,10,10,Resale,Ready to Move,1 Open,Sheth Creators and Sun Vision
Sangam Nero,35200000,1159,3,3,Bandra East,Mumbai,19.062055421515,72.8541362644682,Unfurnished,Apartment,0,11,10,New Property,Under Construction,2 Covered,Sangam Lifespaces Ltd.
Starwing I Stay,16500000,625,2,2,Andheri East,Mumbai,19.1154908,72.8726952,Unfurnished,Apartment,1,18,10,New Property,Oct '28,1 Covered,Starwing Developers Pvt. Ltd.
Trump Tower,90000000,1374,3,4,Worli,Mumbai,19.0036486667054,72.8175254882335,Semi-Furnished,Apartment,1,21,10,Resale,Ready to Move,2 Covered,Lodha Developers Limited
Lokhandwala Spring Grove,23000000,789,2,2,Kandivali East,Mumbai,19.2050017,72.8692711,Furnished,Apartment,0,18,10,Resale,Ready to Move,1 Covered,Lokhandwala Construction Industries Pvt. Ltd.
Ekta Tripolis,30000000,908,3,2,Goregaon West,Mumbai,19.1630920855215,72.8398088005091,Semi-Furnished,Apartment,0,11,10,Resale,Ready to Move,,Ekta World
Next Space Aureate,73100000,2000,4,4,Borivali West,Mumbai,19.2335321,72.839198,Semi-Furnished,Apartment,1,19,10,New Property,Under Construction,1 Covered,Next Space Realty Llp
Ayyappa Celestial Heights,25500000,800,2,2,Vijaykar Wadi,Mumbai,19.1849793953152,72.8478649983989,Unfurnished,Apartment,0,4,2,Resale,Ready to Move,1 Covered,Ayyappa Developers Pvt. Ltd.
Royal Courtyard,36500000,889,3,2,Santacruz East,Mumbai,19.0799983,72.8545019,Semi-Furnished,Apartment,0,5,10,Resale,Ready to Move,,Royal Minerva Realty LLP
Shapoorji Pallonji Joyville Virar,8158500,645,2,2,Virar,Mumbai,19.462194642857,72.8049130698568,Unfurnished,Apartment,1,5,8,New Property,Ready to Move,,Shapoorji Pallonji Real Estate
Embassy Citadel,206400000,2200,4,5,Worli,Mumbai,19.0036486667054,72.8175254882335,Semi-Furnished,Apartment,0,19,10,New Property,Under Construction,3 Covered,Embassy Group
Insignia,53500000,1330,4,5,Bandra East,Mumbai,19.062055421515,72.8541362644682,Semi-Furnished,Apartment,0,27,10,Resale,Ready to Move,,Dheeraj Realty
Royal Classic Co Op Society,28000000,,2,2,Andheri West,Mumbai,19.1373697481266,72.8257229439874,Semi-Furnished,Apartment,0,27,10,Resale,Ready to Move,,AJMERA
L&T Emerald Isle,44000000,1165,3,3,Powai,Mumbai,19.1196773,72.9050809,Semi-Furnished,Apartment,0,46,10,Resale,Ready to Move,2 Covered,L&T Realty
Raj Infinia,24500000,,2,2,Malad West,Mumbai,19.1940346300819,72.8257561606587,Unfurnished,Apartment,0,17,10,Resale,Ready to Move,,Rajesh LifeSpaces
Shri Ganesh Royal Altezza,20000000,571,2,2,Ghatkopar East,Mumbai,19.07907,72.907976,Unfurnished,Apartment,0,11,9,Resale,Ready to Move,1 Covered,Shri Ganesh Developers
Piramal Mahalaxmi,80000000,1080,3,3,Mahalakshmi,Mumbai,18.9865617867147,72.8182867539311,Unfurnished,Apartment,0,42,7,Resale,Ready to Move,2 Covered,Piramal Realty
One Meraki,56000000,1221,3,3,Chembur,Mumbai,19.0459181155422,72.8975231581492,Semi-Furnished,Apartment,0,20,10,Resale,Ready to Move,2 Covered,Meraki Habitats LLP
L&T Rejuve 360,38500000,1312,4,4,Mulund West,Mumbai,19.1749536837097,72.943103519999,Unfurnished,Apartment,0,11,10,Resale,Ready to Move,2 Covered,L&T Realty
JPV Pratap Cress,20400000,700,2,2,Liberty Garden,Mumbai,19.1860611235102,72.8414112963364,Semi-Furnished,Apartment,1,9,2,Resale,Ready to Move,1 Covered,JPV Realtors Private Limited
Kanakia Silicon Valley,46000000,,3,2,Powai,Mumbai,19.1196773,72.9050809,Furnished,Apartment,1,70,10,Resale,Ready to Move,,Kanakia Spaces Realty Pvt. Ltd.
Prathamesh Krupa Kedar Darshan,20500000,640,2,2,Andheri West,Mumbai,19.1373697481266,72.8257229439874,Unfurnished,Apartment,0,0,10,Resale,Ready to Move,1 Open,Unknown
Transcon & Sheth Auris Bliss,18500000,617,2,2,Malad West,Mumbai,19.1940346300819,72.8257561606587,Unfurnished,Apartment,0,21,10,New Property,Ready to Move,1 Covered,Transcon Developers and Sheth Creators
Dynamix Luma,46100000,1122,3,3,Andheri East,Mumbai,19.1154908,72.8726952,Unfurnished,Apartment,1,8,10,New Property,Sep '27,1 Covered,Dynamix Group
Unkown,200000000,5000,,5,Prabhadevi,Mumbai,19.0158585103406,72.8295254470428,Furnished,Commercial Office Space,0,0,6,Resale,Ready to Move,5 Covered,Unknown
Takshila CHS,12500000,450,1,2,Andheri East,Mumbai,19.1154908,72.8726952,Semi-Furnished,Apartment,0,0,10,Resale,Ready to Move,1 Open,Unknown
Veer Mahal,35000000,,3,3,Lal Baug,Mumbai,18.991538368844,72.8394811827462,Furnished,Apartment,0,9,1,Resale,Ready to Move,1 Covered,Unatti Builder
Kings Heights,14000000,570,2,2,Nahur East,Mumbai,19.1538107,72.9504858,Unfurnished,Apartment,0,10,4,Resale,Ready to Move,,Kings Builders and Developers
Lodha Woods,38000000,1121,3,3,Kandivali East,Mumbai,19.2050017,72.8692711,Unfurnished,Apartment,0,14,10,Resale,Ready to Move,,Lodha Developers Limited
Shivalik Apartments,18000000,650,2,2,Marol,Mumbai,19.1169810025439,72.8801253056097,Furnished,Apartment,0,0,8,Resale,Ready to Move,1 Open,Unknown
Anand Ashram,90000000,1450,3,3,Khar West,Mumbai,19.0699335919407,72.8363080829478,Unfurnished,Apartment,1,9,6,Resale,Ready to Move,2 Open,Unknown
Unkown,36000000,780,3,2,Vile Parle East,Mumbai,19.10046297,72.84924449,Furnished,Apartment,0,0,10,Resale,Ready to Move,1 Covered,Unknown
Dadar N J Wadia CHS,20542500,400,1,1,BBD Chawl Naigaon,Mumbai,19.0107327487183,72.8455858054743,Semi-Furnished,Apartment,0,0,0,Resale,Ready to Move,1 Covered,Cooperative Group Housing Society
Unkown,13500000,609,2,2,Leo Peter Wadi,Mumbai,19.2447459704273,72.858170625968,Unfurnished,Apartment,0,0,0,Resale,Ready to Move,1 Open,Unknown
Ghatkopar,6100000,320,1,2,Ghatkopar East,Mumbai,19.07907,72.907976,Unfurnished,Apartment,0,0,9,Resale,Ready to Move,,Unknown
Bay view Apartment ,250000000,2800,4,4,Andheri West,Mumbai,19.1373697481266,72.8257229439874,Unfurnished,Apartment,1,0,10,Resale,Ready to Move,,Unknown
Unkown,11100000,,3,3,Navapur,Mumbai,19.4424079,72.75946168,Semi-Furnished,Residential House,0,0,0,Resale,Under Construction,,Unknown
Unkown,42500000,,,1,Nariman Point,Mumbai,18.9258851990143,72.8230127172517,Unfurnished,Commercial Office Space,0,0,4,Resale,Ready to Move,1 Open,Unknown
Unkown,11500000,250,1,1,Mahim West,Mumbai,19.0383794616621,72.8398930483562,Furnished,Apartment,0,0,3,Resale,Ready to Move,,Unknown
Samarth Aangan,50000000,,3,3,Andheri West,Mumbai,19.1373697481266,72.8257229439874,Semi-Furnished,Apartment,0,27,10,Resale,Ready to Move,,Samarth Development Corporation
Unkown,300000000,2680,4,5,Bandra West,Mumbai,19.055229,72.830829,Unfurnished,Apartment,0,0,9,Resale,Ready to Move,,Unknown
Unkown,17000000,430,1,1,Borivali West,Mumbai,19.2335321,72.839198,Furnished,Apartment,0,0,10,Resale,Ready to Move,,Unknown
Sunshine Samriddhi Garden,14500000,485,2,2,Bhandup West,Mumbai,19.149901,72.931134,Semi-Furnished,Apartment,0,12,8,Resale,Ready to Move,,Sunshine Infra
Unkown,31500000,1425,4,4,Bhandup West,Mumbai,19.149901,72.931134,Furnished,Villa,0,0,8,Resale,Ready to Move,,Unknown
SHREE GOVIND KRUPA,17200000,637,2,2,Malad,Mumbai,19.1875489923914,72.8420101911782,Unfurnished,Apartment,0,4,10,Resale,Ready to Move,1 Open,Mamtora Foundation
The Wadhwa Atmosphere O2,16600000,572,2,2,Mulund West,Mumbai,19.1749536837097,72.943103519999,Unfurnished,Apartment,0,25,10,Resale,Ready to Move,1 Covered,The Wadhwa Group & MICL & Chandak Group
Ekta Parksville,3500000,,1,2,Virar West,Mumbai,19.4638767047594,72.7822993572118,Unfurnished,Apartment,0,10,8,Resale,Ready to Move,,Ekta World
Unkown,250000000,2546,4,5,Bandra West,Mumbai,19.055229,72.830829,Furnished,Apartment,0,0,9,New Property,Ready to Move,,Unknown
Unkown,11000000,450,1,2,IC Colony,Mumbai,19.249869503245,72.8491717870626,Unfurnished,Apartment,1,0,3,Resale,Ready to Move,1 Open,Unknown
Unkown,250000000,2202,,3,Block H BKC,Mumbai,19.0493748,72.86001433,Furnished,Commercial Office Space,0,0,0,Resale,Ready to Move,,Unknown
Trans Residency,17000000,650,2,2,Andheri East,Mumbai,19.1154908,72.8726952,Furnished,Apartment,0,26,10,Resale,Ready to Move,1 Open,Atul Projects
Arundhati Heights,45000000,1494,4,3,Swastik Park,Mumbai,19.0551547591403,72.8882306638195,Semi-Furnished,Apartment,0,0,2,Resale,Ready to Move,,Unknown
Marathon Nextgen Innova,160000000,2654,,2,Lower Parel West,Mumbai,19.0010243905285,72.8239939828909,Furnished,Commercial Office Space,0,26,0,Resale,Ready to Move,,Marathon NextGen Realty Ltd.
Unkown,14500000,505,2,2,Vile Parle East,Mumbai,19.10046297,72.84924449,Semi-Furnished,Apartment,0,0,10,Resale,Ready to Move,,Unknown
Aristone The Hyde Park,13000000,805,2,2,Beverly Park,Mumbai,19.295256624119,72.871489861401,Semi-Furnished,Apartment,1,0,3,New Property,Under Construction,"1 Covered, 1 Open",Aristone Developers
Hill View Crest Oaks,20141000,761,2,2,Marol,Mumbai,19.1169810025439,72.8801253056097,Unfurnished,Apartment,0,12,8,New Property,Dec '27,,Hill View Developers
Roswalt Raya,28800000,960,3,4,Chembur East,Mumbai,19.0611638862632,72.8948410560158,Unfurnished,Apartment,1,15,2,New Property,Under Construction,1 Covered,Roswalt Realty
L&T Elixir Reserve,61000000,1165,3,3,Powai,Mumbai,19.1196773,72.9050809,Unfurnished,Apartment,0,15,10,New Property,Under Construction,2 Covered,L & T Realty
Kalpataru Vivant,19800000,618,2,2,Jogeshwari Vikhroli Link Road,Mumbai,19.12761,72.88863,Unfurnished,Apartment,0,17,4,New Property,Under Construction,1 Covered,Kalpataru Ltd.
Gurukrupa Dhyanam,45000000,952,3,3,Seven Bungalows,Mumbai,19.1289588950071,72.8198203373831,Semi-Furnished,Apartment,0,0,2,New Property,Under Construction,"1 Covered, 1 Open",Gurukrupa Realcon
Unkown,40980000,900,3,3,JB Nagar,Mumbai,19.1099298135585,72.8680393749074,Unfurnished,Apartment,1,0,3,New Property,Ready to Move,1 Covered,Unknown
Lodha Woods,36500000,1140,3,3,Lokhandwala Township Kandivali East,Mumbai,19.1983052221596,72.874429048184,Unfurnished,Apartment,1,14,4,Resale,Ready to Move,2 Covered,Lodha Developers Limited
TruEarth Views,9500000,350,1,1,Kannamwar Nagar 1,Mumbai,19.116401,72.939604,Semi-Furnished,Apartment,0,15,1,Resale,Ready to Move,1 Covered,Unknown
Godrej Five Gardens,100000000,1410,3,3,Matunga East,Mumbai,19.0277771413147,72.8560635075251,Semi-Furnished,Apartment,0,38,9,New Property,Under Construction,,Godrej Properties
L & T The Gateway,128000000,1980,4,6,Shivaji Nagar Parel,Mumbai,19.00185507,72.85211585,Unfurnished,Apartment,1,17,0,New Property,Under Construction,3 Covered,L & T Realty
Godrej Nurture,12900000,550,2,2,Sonapur Bhandup West,Mumbai,19.1618505811352,72.9339959419525,Unfurnished,Apartment,1,13,1,New Property,Under Construction,1 Covered,Godrej Properties
Unkown,6580000,289,1,1,Dahisar West,Mumbai,19.2567151019289,72.8506375105369,Unfurnished,Apartment,1,0,6,New Property,Under Construction,,Unknown
Unkown,30500000,1049,3,3,,Mumbai,,,Unfurnished,Apartment,0,0,0,Resale,Ready to Move,2 Covered,Unknown
One Marina,137760015,1567,3,3,Chandan Wadi,Mumbai,18.945749270852,72.8260029224797,Semi-Furnished,Apartment,1,23,0,New Property,Under Construction,1 Covered,Ashwin Sheth Group & Y M Infra
Modi Modirealty Vatvriksh,19500000,700,2,2,Goregaon West,Mumbai,19.1630920855215,72.8398088005091,Unfurnished,Apartment,0,17,10,New Property,Under Construction,1 Covered,Modi Group
MS Om Mayuresh,16500000,688,2,2,LIC Housing Colony Mulund East,Mumbai,19.16357728,72.95478881,Unfurnished,Apartment,1,6,0,New Property,Ready to Move,1 Covered,MS Keytech
Bay view Apartment ,210000000,2800,4,5,Andheri West,Mumbai,19.1373697481266,72.8257229439874,Furnished,Apartment,0,0,10,Resale,Ready to Move,2 Covered,Unknown
Chandak Highscape City,11556000,428,1,2,Chembur,Mumbai,19.0459181155422,72.8975231581492,Unfurnished,Apartment,1,30,10,New Property,Under Construction,1 Covered,Chandak Group
CCI Rivali Park Skyleap,35012000,1170,3,4,Borivali East,Mumbai,19.2272619069866,72.8634397272398,Unfurnished,Apartment,0,13,10,New Property,Under Construction,1 Covered,CCI Projects Pvt. Ltd.
Godrej Nurture,24421650,981,3,3,Lal Bahadur Shastri Road,Mumbai,19.1020434,72.919613,Unfurnished,Apartment,1,13,5,New Property,Under Construction,"1 Covered, 1 Open",Godrej Properties
Piramal Aranya ,30550000,621,2,2,Byculla East,Mumbai,18.9828560965024,72.8388476258909,Unfurnished,Apartment,1,67,7,New Property,Under Construction,1 Covered,Piramal Realty
Unkown,26801280,562,2,2,Mahim West,Mumbai,19.0383794616621,72.8398930483562,Semi-Furnished,Apartment,1,0,3,New Property,Under Construction,1 Covered,Unknown
Oberoi Esquire,77400000,1367,3,4,Yashodham,Mumbai,19.1721403570781,72.859157725407,Semi-Furnished,Apartment,0,18,1,Resale,Ready to Move,2 Covered,Oberoi Realty Ltd.
Godrej Nurture,16000000,603,,1,LBS Road,Mumbai,19.12842585,72.92526533,Unfurnished,Commercial Office Space,0,13,0,New Property,Under Construction,1 Covered,Godrej Properties
Marathon Futurex,180000000,3000,,4,Lower Parel,Mumbai,18.9982431278398,72.8270305579981,Unfurnished,Commercial Office Space,0,15,9,Resale,Ready to Move,,Marathon Realty Pvt. Ltd.
Unkown,119900000,1722,4,5,Khar West,Mumbai,19.0699335919407,72.8363080829478,Semi-Furnished,Apartment,0,0,6,Resale,Under Construction,3 Covered,Unknown
Adani Western Heights,52000000,1104,3,3,Four Bungalows,Mumbai,19.12537,72.82542,Unfurnished,Apartment,0,57,3,Resale,Ready to Move,2 Covered,Adani Realty
Signia Pearl,220000000,,4,6,Bandra Kurla Complex,Mumbai,19.0626802993452,72.8650539233055,Unfurnished,Apartment,0,21,6,Resale,Ready to Move,,Sunteck Realty Ltd.
Unkown,42500000,927,3,3,Grant Road East,Mumbai,18.96290794,72.81873003,Unfurnished,Apartment,0,0,2,Resale,Ready to Move,,Unknown
Ruparel Stardom,35026000,1235,3,3,Malad West,Mumbai,19.1940346300819,72.8257561606587,Unfurnished,Apartment,0,11,10,New Property,Jun '28,,Ruparel Realty
Godrej Trilogy Seafront,166100000,1661,3,2,Worli,Mumbai,19.0036486667054,72.8175254882335,Unfurnished,Apartment,0,27,10,New Property,Dec '34,,Godrej Properties
Prestige Forest Hills,43000000,1330,3,3,Mulund West,Mumbai,19.1749536837097,72.943103519999,Unfurnished,Apartment,0,37,10,New Property,Mar '32,,Prestige Group
Kalpataru Vivant,30925000,992,3,3,Jogeshwari Vikhroli Link Road,Mumbai,19.12761,72.88863,Unfurnished,Apartment,0,17,4,New Property,Mar '28,,Kalpataru Ltd.
LABDHI BKC EDGE,22200000,523,,1,Dharavi,Mumbai,19.045871,72.8573865,Unfurnished,Commercial Office Space,0,2,2,New Property,Dec '29,,LABDHI BLISS PVT LTD
Godrej Trilogy Seafront,166100000,1661,3,2,Worli,Mumbai,19.0036486667054,72.8175254882335,Unfurnished,Apartment,0,27,10,New Property,Dec '34,,Godrej Properties
Pranav Priyadarshini CHS,59200000,1078,3,2,Santacruz West,Mumbai,19.0812559812257,72.8376604906028,Unfurnished,Apartment,0,7,7,New Property,May '29,,Pranav Constructions Limited
Godrej Trilogy Seafront,166100000,1661,3,3,Worli,Mumbai,19.0036486667054,72.8175254882335,Unfurnished,Apartment,0,27,10,New Property,Dec '34,,Godrej Properties
Godrej Bliss,24949000,944,3,3,Kandivali East,Mumbai,19.2050017,72.8692711,Unfurnished,Apartment,0,3,10,New Property,Nov '29,,Godrej Properties
Srishti Namaah,28585000,1507,4,2,Mira Road Area,Mumbai,19.2829267647424,72.8627883689306,Unfurnished,Apartment,0,15,8,New Property,Dec '29,,Kalpataru Group Dynamix group N.L. Dalmia Group
127 Raj Home,12195000,772,2,2,Mira Road East,Mumbai,19.282975,72.873618,Unfurnished,Apartment,0,0,10,New Property,Ready To Move,,Raj Realty Group
Hill View Crest Oaks,30304000,1145,3,,Marol,Mumbai,19.1169810025439,72.8801253056097,Unfurnished,Apartment,0,12,8,New Property,Dec '27,,Hill View Developers
Umiya Oasis,10500000,530,2,2,Mira Road Area,Mumbai,19.2829267647424,72.8627883689306,Unfurnished,Apartment,0,50,8,New Property,Dec '27,,Umiya Builders and Developers
Prestige Garden Trails,27100000,1078,3,3,Mira Road East,Mumbai,19.282975,72.873618,Unfurnished,Apartment,0,17,10,New Property,Oct '30,,Prestige Group
Piramal Mahalaxmi,56048000,774,2,2,Mahalakshmi,Mumbai,18.9865617867147,72.8182867539311,Unfurnished,Apartment,0,42,7,New Property,Ready To Move,,Piramal Realty
Narang Vivenda,48917000,1401,3,3,Malad West,Mumbai,19.1940346300819,72.8257561606587,Unfurnished,Apartment,0,13,10,New Property,Dec '29,,Narang Propco Private Limited
7 Mahalaxmi,67723000,1266,3,3,Mahalakshmi,Mumbai,18.9865617867147,72.8182867539311,Unfurnished,Apartment,0,5,7,New Property,Oct '31,,Runwal Enterprises
Godrej Reserve,57500000,1457,3,3,Kandivali East,Mumbai,19.2050017,72.8692711,Unfurnished,Apartment,0,9,10,New Property,Jun '30,,Godrej Properties
Godrej Sky Shore,140888000,2645,4,3,Andheri West,Mumbai,19.1373697481266,72.8257229439874,Unfurnished,Apartment,0,21,10,New Property,Dec '31,,Godrej Properties Ltd.
Vaibhavlaxmi Corporate Park,64700000,2157,,2,Chembur,Mumbai,19.0459181155422,72.8975231581492,Unfurnished,Commercial Office Space,0,5,10,New Property,Aug '30,,Vaibhavlaxmi Builders & Developers
N Rose Northern Hills,19707000,701,2,2,Dahisar East,Mumbai,19.2530390003417,72.8684258373265,Unfurnished,Apartment,0,13,9,New Property,Dec '26,,N Rose Developers Pvt. Ltd.
Ava Maple,9792000,408,1,2,Borivali,Mumbai,19.2310071796616,72.8523989794128,Unfurnished,Apartment,0,11,10,New Property,Dec '28,,Ava Lifespaces Private Limited
Kalpataru Advay,66982000,1835,4,4,Borivali West,Mumbai,19.2335321,72.839198,Unfurnished,Apartment,0,21,10,New Property,Jun '30,,Kalpataru Limited
Lodha Aureus,86000000,1706,4,4,Sewri,Mumbai,18.9920224182449,72.8537565266891,Unfurnished,Apartment,0,10,6,New Property,Dec '32,,Lodha Developers Limited
Rustomjee Ocean Vista,194117000,2521,4,5,Andheri West,Mumbai,19.1373697481266,72.8257229439874,Unfurnished,Apartment,0,10,10,New Property,May '29,,Rustomjee
Nahars Chandi Valley,62000000,1864,3,3,Chandivali,Mumbai,19.1104892624542,72.899191014387,Unfurnished,Apartment,0,7,8,New Property,Dec '30,,Nahar Builders Limited
Kanakia Beverly Heights,9809000,580,2,2,Bhayandar East,Mumbai,19.3096844760714,72.8623193046283,Unfurnished,Apartment,0,5,5,New Property,Dec '27,,Kanakia Spaces Realty Pvt. Ltd.
Raymond The Address by GS Bandra,49925000,1202,3,4,Bandra East,Mumbai,19.062055421515,72.8541362644682,Unfurnished,Apartment,0,14,10,New Property,Jun '31,,Raymond Realty
Raymond Invictus by GS,84418000,1570,4,4,Bandra East,Mumbai,19.062055421515,72.8541362644682,Unfurnished,Apartment,0,18,10,New Property,Aug '31,,Raymond Realty
The Wadhwa Artek Park,90545000,1393,3,3,Bandra,Mumbai,19.0578780355007,72.8393951689804,Unfurnished,Apartment,0,30,10,New Property,Jun '30,,The Wadhwa Group
Nirmala building,35000000,658,2,2,Dadar West,Mumbai,19.0200667964879,72.8380779661804,Unfurnished,Apartment,0,0,9,Resale,Ready to Move,,Unknown
Landmark Tower,32500000,670,2,2,Dadar East,Mumbai,19.0135792007831,72.8448295038214,Semi-Furnished,Apartment,0,4,8,Resale,Ready to Move,,Landmark Group
Landmark Tower,31500000,576,2,2,Dadar East,Mumbai,19.0135792007831,72.8448295038214,Furnished,Apartment,0,4,8,Resale,Ready to Move,,Landmark Group
Navin Asha CHS,25000000,396,1,2,Dadar East,Mumbai,19.0135792007831,72.8448295038214,Semi-Furnished,Apartment,0,9,8,Resale,Ready to Move,,Raj Developers
Datta Ratna CHS,21000000,479,1,2,Dadar East,Mumbai,19.0135792007831,72.8448295038214,Semi-Furnished,Apartment,0,0,8,Resale,Ready to Move,,Cooperative Group Housing Society
Pranjee Orchid Court,10000000,284,1,1,Chembur,Mumbai,19.0459181155422,72.8975231581492,Unfurnished,Apartment,0,0,10,Resale,Ready to Move,,Pranjee Group
Om Vaikunt Apartments,15500000,492,2,2,Chembur,Mumbai,19.0459181155422,72.8975231581492,Unfurnished,Apartment,0,0,10,Resale,Ready to Move,,Unknown
Hex Harijan Vijay,7500000,360,1,1,Chembur,Mumbai,19.0459181155422,72.8975231581492,Semi-Furnished,Apartment,0,0,10,Resale,Ready to Move,,Unknown
Ek Omkar,15000000,515,2,2,Sindhi Society Chembur,Mumbai,19.0513118771399,72.8904735289576,Furnished,Apartment,0,0,0,Resale,Ready to Move,,Unknown
Ek Omkar,17100000,402,2,2,Chembur,Mumbai,19.0459181155422,72.8975231581492,Furnished,Apartment,0,0,10,Resale,Ready to Move,,Unknown
Fair View Apartment,45000000,1530,4,4,Chembur,Mumbai,19.0459181155422,72.8975231581492,Furnished,Apartment,0,0,10,Resale,Ready to Move,,Unknown
Narayan Heritage CHS Ltd,13800000,590,2,2,Kandarpada,Mumbai,19.256099,72.852924,Semi-Furnished,Apartment,0,7,5,Resale,Ready to Move,,Gagangiri Development Corp
Sanskar Niwas Apartment,26000000,432,1,1,Shivaji Park,Mumbai,19.0287954865428,72.838688734427,Semi-Furnished,Apartment,0,0,5,Resale,Ready to Move,,Unknown
Landmark Tower,30000000,576,2,2,Dadar East,Mumbai,19.0135792007831,72.8448295038214,Furnished,Apartment,0,4,8,Resale,Ready to Move,,Landmark Group
Mehta Residency Apartment,31200000,518,2,2,Dadar East,Mumbai,19.0135792007831,72.8448295038214,Unfurnished,Apartment,0,0,8,Resale,Ready to Move,,Unknown
Belle View Apartment,30000000,360,1,1,Dadar East,Mumbai,19.0135792007831,72.8448295038214,Furnished,Apartment,0,0,8,Resale,Ready to Move,,Unknown
Ameeta Apartments,75000000,1015,3,3,Cuffe Parade,Mumbai,18.9146859411536,72.8196960395871,Furnished,Apartment,0,0,5,Resale,Ready to Move,,Unknown
Raj Spaces Apartment,20000000,936,2,2,Goregaon West,Mumbai,19.1630920855215,72.8398088005091,Unfurnished,Apartment,0,13,10,Resale,Ready to Move,,Raj Spaces Ltd.
Gulmohar CHS Ltd,17500000,506,2,2,Goregaon West,Mumbai,19.1630920855215,72.8398088005091,Semi-Furnished,Apartment,0,16,10,Resale,Ready to Move,,Shivam Parivar Developers Pvt. Ltd.
Gulmohar CHS Ltd,10000000,432,1,2,Goregaon West,Mumbai,19.1630920855215,72.8398088005091,Unfurnished,Apartment,0,16,10,Resale,Ready to Move,,Shivam Parivar Developers Pvt. Ltd.
Shree Shakun Heights,45000000,1584,3,3,Goregaon East,Mumbai,19.1562110822264,72.8758090633208,Unfurnished,Apartment,0,20,9,Resale,Ready to Move,,Shree Shakun Realty Pvt. Ltd.
Summit Apartment,12500000,779,2,2,Goregaon East,Mumbai,19.1562110822264,72.8758090633208,Semi-Furnished,Apartment,0,27,9,Resale,Ready to Move,,Royal Palms
Royal Palms Diamond Isle Phase I,12000000,756,2,2,Goregaon East,Mumbai,19.1562110822264,72.8758090633208,Unfurnished,Apartment,0,16,9,Resale,Ready to Move,,Royal Palms
Om Shreyas Apartment,10000000,302,1,2,Ghatkopar West,Mumbai,19.0908063,72.9076669,Unfurnished,Apartment,0,0,10,Resale,Ready to Move,,Unknown
Swagat CHS,10000000,504,2,1,Ghatkopar West,Mumbai,19.0908063,72.9076669,Furnished,Apartment,0,0,10,Resale,Ready to Move,,Cooperative Group Housing Society
Rambha Tower,9000000,432,1,2,Ghatkopar West,Mumbai,19.0908063,72.9076669,Semi-Furnished,Apartment,0,8,10,Resale,Ready to Move,,Kashi Builder
Shree Raj Rajeswari CHS,9500000,576,1,2,Ghatkopar West,Mumbai,19.0908063,72.9076669,Furnished,Apartment,0,0,10,Resale,Ready to Move,,Cooperative Group Housing Society
Lake Side Cooperative Housing Society,12000000,468,1,2,Chandivali,Mumbai,19.1104892624542,72.899191014387,Unfurnished,Apartment,0,0,8,Resale,Ready to Move,,Unknown
Shivalaya Apartment,31000000,864,3,4,Borivali West,Mumbai,19.2335321,72.839198,Furnished,Apartment,0,0,10,Resale,Ready to Move,,Unknown
Gorai Mangalmurti,18000000,810,2,2,Borivali West,Mumbai,19.2335321,72.839198,Unfurnished,Apartment,0,5,10,Resale,Ready to Move,,Jayesh Enterprises
Ashok tower,17500000,774,2,2,Andheri East,Mumbai,19.1154908,72.8726952,Unfurnished,Apartment,0,8,10,Resale,Ready to Move,,Peninsula Land Ltd.
Bhagtani Pearl One,54000000,1296,3,3,Santacruz West,Mumbai,19.0812559812257,72.8376604906028,Semi-Furnished,Apartment,0,9,7,Resale,Ready to Move,,Jaycee Homes Ltd.
Ravi Gaurav Samruddhi,6000000,468,1,2,Mira Road Area,Mumbai,19.2829267647424,72.8627883689306,Furnished,Apartment,0,11,8,Resale,Ready to Move,,Ravi Group
Pramukh Heights,26000000,1109,3,2,Andheri West,Mumbai,19.1373697481266,72.8257229439874,Furnished,Apartment,0,8,10,Resale,Ready to Move,,Sahajanand Infrastructure Pvt. Ltd.
Mayuresh Srishti,14000000,576,2,2,Bhandup West,Mumbai,19.149901,72.931134,Semi-Furnished,Apartment,0,15,8,Resale,Ready to Move,,Srishti Group
Mittal Enclave,4200000,792,2,2,Palghar Naigaon East,Mumbai,19.3489277756968,72.8750219955356,Unfurnished,Apartment,0,18,4,Resale,Ready to Move,,Millennium Group
Reliable Garden,2500000,385,1,1,Palghar Naigaon East,Mumbai,19.3489277756968,72.8750219955356,Semi-Furnished,Apartment,0,14,4,Resale,Ready to Move,,Reliable Group
Maharaja Complex,3250000,486,2,3,Virar,Mumbai,19.462194642857,72.8049130698568,Semi-Furnished,Apartment,0,2,8,Resale,Ready to Move,,Maharaja Developer
Yashodham Veehar,5600000,871,3,3,Virar,Mumbai,19.462194642857,72.8049130698568,Semi-Furnished,Apartment,0,0,8,Resale,Ready to Move,,Unknown
Pacific Towers,10800000,450,1,2,Andheri West,Mumbai,19.1373697481266,72.8257229439874,Semi-Furnished,Apartment,0,15,10,Resale,Ready to Move,,Monarch Constructions Group
Transcon Auris Serenity,45000000,852,3,4,Malad West,Mumbai,19.1940346300819,72.8257561606587,Unfurnished,Apartment,0,38,10,Resale,Under Construction,,Transcon Developers and Sheth Creators
Sunshine Hills,3100000,310,1,2,Vasai,Mumbai,19.3914260104194,72.8285855834131,Unfurnished,Apartment,0,34,6,Resale,Ready to Move,,Shantee Homes Realty LLP
Keemaya  Vedic Heights,10500000,576,2,2,Kandivali East,Mumbai,19.2050017,72.8692711,Unfurnished,Apartment,0,13,10,Resale,Ready to Move,,METRO LIFESCAPES INDIA LLP
Mayfair Hillcrest,12000000,439,1,2,Vikhroli West,Mumbai,19.1137179954172,72.9215428733798,Semi-Furnished,Apartment,0,21,6,Resale,Ready to Move,,Mayfair Housing
Lodha Aurum Grande,20000000,572,2,2,Kanjurmarg East,Mumbai,19.1303464798827,72.934955451681,Semi-Furnished,Apartment,0,39,5,Resale,Ready to Move,,Lodha Group
Gundecha Altura,18800000,846,2,2,Lal Bahadur Shastri Road,Mumbai,19.1020434,72.919613,Furnished,Apartment,0,16,5,Resale,Ready to Move,,Gundecha Group
Acme Oasis,17000000,819,2,2,Kandivali East,Mumbai,19.2050017,72.8692711,Unfurnished,Apartment,0,18,10,Resale,Ready to Move,,Acme Housing and Glomore Constructions
Ravi Gaurav Excellency,5250000,396,1,1,Mira Road Area,Mumbai,19.2829267647424,72.8627883689306,Semi-Furnished,Apartment,0,14,8,Resale,Ready to Move,,Ravi Group
DLH Orchid,26000000,864,2,2,Lokhandwala Complex Andheri West,Mumbai,19.14413,72.8241,Semi-Furnished,Apartment,0,26,4,Resale,Ready to Move,,DLH Developers
Bombay Island City Center One ICC,100500000,2772,4,5,Dadar East,Mumbai,19.0135792007831,72.8448295038214,Semi-Furnished,Apartment,0,20,8,Resale,Ready to Move,,Bombay Realty
Bombay Island City Center One ICC,97000000,2772,4,5,Dadar East,Mumbai,19.0135792007831,72.8448295038214,Semi-Furnished,Apartment,0,20,8,Resale,Ready to Move,,Bombay Realty
Mantri Park,7700000,534,1,2,Goregaon East,Mumbai,19.1562110822264,72.8758090633208,Semi-Furnished,Apartment,0,37,9,Resale,Ready to Move,,Mantri Realty
Mantri Park,8500000,540,1,1,Goregaon East,Mumbai,19.1562110822264,72.8758090633208,Unfurnished,Apartment,0,37,9,Resale,Ready to Move,,Mantri Realty
RNA Regency Park,17800000,713,2,2,Kandivali West,Mumbai,19.2101312179652,72.8305011930765,Unfurnished,Apartment,0,20,9,Resale,Ready to Move,,RNA Corp
Man Opus,6500000,468,1,2,Mira Road Area,Mumbai,19.2829267647424,72.8627883689306,Unfurnished,Apartment,0,15,8,Resale,Ready to Move,,Man Realty
Dheeraj Jamuna,17000000,454,2,2,Malad West,Mumbai,19.1940346300819,72.8257561606587,Unfurnished,Apartment,0,33,10,Resale,Ready to Move,,Housing Development & Infrastructure Ltd.
Dheeraj Jamuna,15500000,630,2,2,Malad West,Mumbai,19.1940346300819,72.8257561606587,Unfurnished,Apartment,0,33,10,Resale,Ready to Move,,Housing Development & Infrastructure Ltd.
Dheeraj Jamuna,15500000,634,2,2,Malad West,Mumbai,19.1940346300819,72.8257561606587,Semi-Furnished,Apartment,0,33,10,Resale,Ready to Move,,Housing Development & Infrastructure Ltd.
Swapnalok Tower,15000000,648,2,2,Goregaon East,Mumbai,19.1562110822264,72.8758090633208,Semi-Furnished,Apartment,0,37,9,Resale,Ready to Move,,Ashish Estates & Properties
Green Tower,18500000,684,2,3,Gilbert Hill,Mumbai,19.1235331523915,72.8394432641169,Furnished,Apartment,0,19,1,Resale,Ready to Move,,Lashkaria Construction Company Pvt. Ltd.
Royal Palms,5500000,385,1,1,Goregaon East,Mumbai,19.1562110822264,72.8758090633208,Semi-Furnished,Apartment,0,31,9,Resale,Ready to Move,,Royal Palms
Dahanukarwadi,12000000,504,2,2,Kandivali West,Mumbai,19.2101312179652,72.8305011930765,Semi-Furnished,Apartment,0,23,9,Resale,Ready to Move,,Unknown
Ashok Gardens,105000000,1922,5,5,Sewri,Mumbai,18.9920224182449,72.8537565266891,Unfurnished,Apartment,0,14,6,Resale,Ready to Move,,Peninsula Land Ltd.
Gaurav Avishkar,6500000,684,2,2,Mira Road Area,Mumbai,19.2829267647424,72.8627883689306,Unfurnished,Apartment,0,15,8,Resale,Ready to Move,,Ravi Group
Raheja Vihar,16200000,648,2,2,Chandivali,Mumbai,19.1104892624542,72.899191014387,Semi-Furnished,Apartment,0,20,8,Resale,Ready to Move,,Raheja Developers Ltd.
Raheja Vihar,16900000,648,2,2,Chandivali,Mumbai,19.1104892624542,72.899191014387,Furnished,Apartment,0,20,8,Resale,Ready to Move,,Raheja Developers Ltd.
NG Suncity Phase 3,8700000,456,1,2,Kandivali East,Mumbai,19.2050017,72.8692711,Furnished,Apartment,0,26,10,Resale,Ready to Move,,RNA NG Builders
RNA NG Paradise,9000000,716,2,2,Hatkesh Udhog Nagar,Mumbai,19.2813658205394,72.8783658846685,Semi-Furnished,Apartment,0,19,6,Resale,Ready to Move,,RNA NG
Raheja Vihar,30000000,1080,3,3,Powai,Mumbai,19.1196773,72.9050809,Semi-Furnished,Apartment,0,20,10,Resale,Ready to Move,,Raheja Developers Ltd.
Ranjita CHS,19000000,648,3,2,Shimpoli,Mumbai,19.2220702297856,72.8430757170691,Unfurnished,Apartment,0,0,3,Resale,Ready to Move,,Unknown
Vimla Mahal,98500000,1030,3,4,Pedder Road,Mumbai,18.96887,72.80882,Furnished,Apartment,0,0,1,Resale,Ready to Move,,Unknown
Ambica Apartments,8800000,342,1,2,Mulund West,Mumbai,19.1749536837097,72.943103519999,Semi-Furnished,Apartment,0,0,10,Resale,Ready to Move,,Nahar Group
Lodha Gardenia,28000000,950,2,2,Wadala,Mumbai,19.012216203088,72.8604594318626,Unfurnished,Apartment,0,7,5,Resale,Under Construction,,Lodha Developers Limited
Platinum Tower 7,11500000,266,1,1,Andheri West,Mumbai,19.1373697481266,72.8257229439874,Unfurnished,Apartment,0,0,10,Resale,Ready to Move,,Platinum Corp
Vinay Appartment,9500000,432,1,1,Nensey Colony,Mumbai,19.2364240957805,72.865040388945,Furnished,Apartment,0,0,2,Resale,Ready to Move,,Unknown
Sankalp Heights,3300000,414,1,1,Nalasopara West,Mumbai,19.4129235749963,72.7885889890948,Semi-Furnished,Apartment,0,0,4,Resale,Ready to Move,,Sankalp Lifespace
JP North Barcelona,9500000,765,2,6,Mira Road East,Mumbai,19.282975,72.873618,Unfurnished,Apartment,0,10,10,Resale,Ready to Move,,JP Infra
Shapoorji Pallonji Vicinia,29000000,1188,3,3,Powai,Mumbai,19.1196773,72.9050809,Semi-Furnished,Apartment,0,48,10,Resale,Ready to Move,,Shapoorji Pallonji Group
Ashtavinayak Apartment,2500000,385,1,1,Virar East,Mumbai,19.4652899784439,72.8189990617033,Unfurnished,Apartment,0,0,7,Resale,Ready to Move,,Unknown
Mahindra Alcove,19900000,648,2,2,Chandivali,Mumbai,19.1104892624542,72.899191014387,Unfurnished,Apartment,0,39,8,Resale,Under Construction,,Mahindra Lifespace Developers Ltd.
Shankheswar Apartment,20000000,648,2,2,Ghatkopar East,Mumbai,19.07907,72.907976,Furnished,Apartment,0,0,9,Resale,Ready to Move,,Unknown
Imperial Heights The Epitome,65000000,2250,4,4,Best Nagar Goregaon West,Mumbai,19.1522184630384,72.8397327582798,Furnished,Apartment,0,0,3,Resale,Ready to Move,,Radius Developers
Domann Villa ,26000000,726,2,2,Vile Parle East,Mumbai,19.10046297,72.84924449,Semi-Furnished,Apartment,0,0,10,Resale,Ready to Move,,Romell Group
Pranay Vidya,22500000,864,2,2,Kandivali West,Mumbai,19.2101312179652,72.8305011930765,Furnished,Apartment,0,0,9,Resale,Ready to Move,,Integrated Spaces Ltd.
Sunlite Heights,9400000,450,1,1,Dahisar East,Mumbai,19.2530390003417,72.8684258373265,Unfurnished,Apartment,0,0,9,Resale,Ready to Move,,Ekta World
Ariana Residency,8500000,283,1,2,Borivali East,Mumbai,19.2272619069866,72.8634397272398,Unfurnished,Apartment,0,20,10,Resale,Ready to Move,,Paradigm Realty & Dotom Realty
Shyam Kamal Building,25100000,803,2,2,Vile Parle East,Mumbai,19.10046297,72.84924449,Furnished,Apartment,0,0,10,Resale,Ready to Move,,Unknown
Samyakth Bliss,49500000,665,3,3,Khar West,Mumbai,19.0699335919407,72.8363080829478,Semi-Furnished,Apartment,0,24,6,Resale,Ready to Move,,Samyakth Realty
Unkown,3940000,760,2,2,Shahaji Raje Marg,Mumbai,19.108454,72.848601,Semi-Furnished,Apartment,0,0,4,Resale,,,Unknown
Unkown,17500000,650,2,2,Santacruz East,Mumbai,19.0799983,72.8545019,Furnished,Apartment,0,0,10,Resale,Ready to Move,,Unknown
Unkown,17500000,720,2,2,Mathuradas Colony,Mumbai,19.07725,72.86025,Furnished,Apartment,0,0,0,Resale,Ready to Move,,Unknown
Unkown,13500000,648,2,1,Malad West,Mumbai,19.1940346300819,72.8257561606587,Furnished,Apartment,0,0,10,Resale,Ready to Move,,Unknown
Unkown,25000000,749,2,2,,Mumbai,,,Unfurnished,Apartment,0,0,0,Resale,Ready to Move,,Unknown
Unkown,14600000,412,2,2,,Mumbai,,,Unfurnished,Apartment,0,0,0,Resale,Ready to Move,,Unknown
Unkown,33000000,447,2,2,Yari Road,Mumbai,19.13832,72.81002,Semi-Furnished,Apartment,0,0,3,Resale,Ready to Move,,Unknown
Unkown,13100000,831,2,2,Sarvodaya Nagar Bhandup West,Mumbai,19.1492503912388,72.9289712831817,Unfurnished,Apartment,0,0,0,Resale,Under Construction,,Unknown
Unkown,21500000,792,2,2,Vakola,Mumbai,19.0794899226775,72.8542218874446,Furnished,Apartment,0,0,4,Resale,Ready to Move,,Unknown
Unkown,11000000,486,1,2,Kanjurmarg East,Mumbai,19.1303464798827,72.934955451681,Semi-Furnished,Apartment,0,0,5,Resale,Ready to Move,,Unknown
Unkown,21000000,446,2,2,,Mumbai,,,Unfurnished,Apartment,0,0,0,Resale,Ready to Move,,Unknown
Unkown,11000000,412,1,1,Borivali West,Mumbai,19.2335321,72.839198,Semi-Furnished,Apartment,0,0,10,Resale,Ready to Move,,Unknown
Unkown,21000000,714,2,2,Andheri East,Mumbai,19.1154908,72.8726952,Semi-Furnished,Apartment,0,0,10,Resale,Ready to Move,,Unknown
Unkown,17000000,720,2,2,Chandivali,Mumbai,19.1104892624542,72.899191014387,Unfurnished,Apartment,0,0,8,Resale,Ready to Move,,Unknown
Unkown,17500000,648,2,2,Kandivali West,Mumbai,19.2101312179652,72.8305011930765,Furnished,Apartment,0,0,9,Resale,Ready to Move,,Unknown
Unkown,22500000,720,2,2,Ghatkopar East,Mumbai,19.07907,72.907976,Semi-Furnished,Apartment,0,0,9,Resale,Ready to Move,,Unknown
Unkown,45000000,1008,4,3,,Mumbai,,,Semi-Furnished,Apartment,0,0,0,Resale,Ready to Move,,Unknown
Unkown,7625000,439,1,1,Govandi Station Road,Mumbai,19.049179,72.9144,Unfurnished,Apartment,0,0,1,Resale,Under Construction,,Unknown
Unkown,10500000,342,1,1,Pratiksha Nagar Vakola,Mumbai,19.0432342262409,72.8707378053713,Semi-Furnished,Apartment,0,0,0,Resale,Ready to Move,,Unknown
Unkown,17550000,691,2,2,Ghatkopar East,Mumbai,19.07907,72.907976,Semi-Furnished,Apartment,0,0,9,Resale,Ready to Move,,Unknown
Unkown,11500000,396,1,2,Ghatkopar East,Mumbai,19.07907,72.907976,Unfurnished,Apartment,0,0,9,Resale,Ready to Move,,Unknown
Unkown,32500000,648,2,2,Tilak Nagar Goregaon West,Mumbai,19.16125902795,72.8404872857367,Furnished,Apartment,0,0,2,Resale,Ready to Move,,Unknown
Unkown,17500000,720,2,2,Ghatkopar East,Mumbai,19.07907,72.907976,Furnished,Apartment,0,0,9,Resale,Ready to Move,,Unknown
Unkown,14500000,648,2,2,Gorai,Mumbai,19.2356275528192,72.7987635557736,Semi-Furnished,Apartment,0,0,0,Resale,Ready to Move,,Unknown
Unkown,18000000,544,2,2,Linking Road,Mumbai,19.0746201,72.8342433,Furnished,Apartment,0,0,2,Resale,Ready to Move,,Unknown
Unkown,9000000,632,2,2,Mira Road,Mumbai,19.2824790028886,72.8826767010947,Unfurnished,Apartment,0,0,3,Resale,Ready to Move,,Unknown
Unkown,13000000,346,1,1,Jogeshwari West,Mumbai,19.1438823857409,72.8427830413067,Unfurnished,Apartment,0,0,10,Resale,Ready to Move,,Unknown
Unkown,38000000,713,2,3,Borivali East,Mumbai,19.2272619069866,72.8634397272398,Furnished,Apartment,0,0,10,Resale,Ready to Move,,Unknown
Unkown,18500000,503,2,2,Andheri West,Mumbai,19.1373697481266,72.8257229439874,Unfurnished,Apartment,0,0,10,Resale,Ready to Move,,Unknown
Unkown,20500000,655,2,2,Veera Desai Road,Mumbai,19.1351760790232,72.8376185784447,Semi-Furnished,Apartment,0,0,1,Resale,Ready to Move,,Unknown
Unkown,18500000,503,2,2,Andheri West,Mumbai,19.1373697481266,72.8257229439874,Unfurnished,Apartment,0,0,10,Resale,Ready to Move,,Unknown
Unkown,21000000,554,2,2,Andheri West,Mumbai,19.1373697481266,72.8257229439874,Unfurnished,Apartment,0,0,10,Resale,Ready to Move,,Unknown
Brookhaven,20000000,,2,2,Andheri East,Mumbai,19.1154908,72.8726952,Semi-Furnished,Apartment,0,37,10,Resale,Ready to Move,,The Advantage Raheja
Rock Enclave,10300000,,1,2,Kandivali West,Mumbai,19.2101312179652,72.8305011930765,Semi-Furnished,Apartment,0,12,9,Resale,Ready to Move,,Bhoomi Properties
Hiranandani Gardens,12500000,,1,1,Powai,Mumbai,19.1196773,72.9050809,Semi-Furnished,Apartment,0,16,10,Resale,Ready to Move,,Hiranandani Group
Kalpataru Towers,21500000,,2,2,Akurli Nagar,Mumbai,19.19874,72.860507,Unfurnished,Apartment,0,26,2,New Property,Ready to Move,,Kalpataru Ltd.
Kalpataru Towers,21500000,,2,2,Kandivali East,Mumbai,19.2050017,72.8692711,Semi-Furnished,Apartment,0,26,10,Resale,Ready to Move,,Kalpataru Ltd.
Reliable Township,2100000,392,1,2,Vasai East,Mumbai,19.39954,72.8604165,Unfurnished,Apartment,0,26,6,Resale,Ready to Move,,Reliable HomeMakers
SK Spring Field,8500000,396,1,1,Kandivali West,Mumbai,19.2101312179652,72.8305011930765,Unfurnished,Apartment,0,15,9,Resale,Ready to Move,,SK Developers
Shree Ganesh Residency,4500000,288,1,1,Mira Road Area,Mumbai,19.2829267647424,72.8627883689306,Unfurnished,Apartment,0,8,8,Resale,Ready to Move,,Raj Group Developer
Hiranandani Gardens,12500000,,1,1,Powai,Mumbai,19.1196773,72.9050809,Unfurnished,Apartment,0,16,10,Resale,Ready to Move,,Hiranandani Group
Kalpataru Towers,20800000,,3,3,Kandivali East,Mumbai,19.2050017,72.8692711,Unfurnished,Apartment,0,26,10,Resale,Ready to Move,,Kalpataru Ltd.
Kalpataru Gardens,24000000,,2,2,Kandivali East,Mumbai,19.2050017,72.8692711,Unfurnished,Apartment,0,29,10,Resale,Ready to Move,,Kalpataru Ltd.
Lodha Fiorenza,23000000,,2,2,Goregaon East,Mumbai,19.1562110822264,72.8758090633208,Semi-Furnished,Apartment,0,20,9,Resale,Ready to Move,,Lodha Developers Limited
Lodha Fiorenza,23000000,,2,2,Goregaon East,Mumbai,19.1562110822264,72.8758090633208,Semi-Furnished,Apartment,0,20,9,Resale,Ready to Move,,Lodha Developers Limited
Lodha Fiorenza,22500000,,2,2,Goregaon East,Mumbai,19.1562110822264,72.8758090633208,Semi-Furnished,Apartment,0,20,9,Resale,Ready to Move,,Lodha Developers Limited
The Baya Goldspot,9500000,294,1,2,Andheri East,Mumbai,19.1154908,72.8726952,Furnished,Apartment,0,7,10,Resale,Under Construction,,The Baya Company
Malvani Panchratna CHS,5200000,252,1,1,Malad West,Mumbai,19.1940346300819,72.8257561606587,Unfurnished,Apartment,0,7,10,Resale,Ready to Move,,Panchratna and Development of Groups
Ekta WestBay,50000000,,3,3,Bandra West,Mumbai,19.055229,72.830829,Unfurnished,Apartment,0,13,9,New Property,Under Construction,,Ekta World
Gorai Shivneri Co op. Housing Society Ltd,7800000,418,1,2,Borivali West,Mumbai,19.2335321,72.839198,Unfurnished,Apartment,0,0,10,Resale,Ready to Move,,Unknown
Ganjawala Apartment,24000000,585,2,2,Borivali West,Mumbai,19.2335321,72.839198,Semi-Furnished,Apartment,0,6,10,Resale,Ready to Move,,Ganjawala Developers
Ganjawala Apartment,14950000,414,1,1,Borivali West,Mumbai,19.2335321,72.839198,Semi-Furnished,Apartment,0,6,10,Resale,Ready to Move,,Ganjawala Developers
New Surya CHS,3200000,364,1,1,Bhayandar East,Mumbai,19.3096844760714,72.8623193046283,Semi-Furnished,Apartment,0,0,5,Resale,Ready to Move,,Cooperative Group Housing Society
Damodar Park Apartment,8500000,504,2,1,Ghatkopar West,Mumbai,19.0908063,72.9076669,Furnished,Apartment,0,0,10,Resale,Ready to Move,,Unknown
Integrated Bhoomi,7400000,259,1,1,Ghatkopar West,Mumbai,19.0908063,72.9076669,Unfurnished,Apartment,0,8,10,Resale,Ready to Move,,Integrated Space Ltd.
Galaxy Apartment,8200000,468,1,2,Kurla East,Mumbai,19.0615645059118,72.880543263673,Semi-Furnished,Apartment,0,15,1,Resale,Ready to Move,,HOUSING DEVELOPMENT AND INFRASTRUCTURE LTD
Galaxy Apartment,11000000,662,2,2,Qureshi Nagar,Mumbai,19.0599068355234,72.8771601565175,Unfurnished,Apartment,0,15,0,Resale,Ready to Move,,HOUSING DEVELOPMENT AND INFRASTRUCTURE LTD
Galaxy Apartment,9000000,662,2,2,Kurla East,Mumbai,19.0615645059118,72.880543263673,Unfurnished,Apartment,0,15,1,Resale,Ready to Move,,HOUSING DEVELOPMENT AND INFRASTRUCTURE LTD
Shree Ganesh Apartment,3200000,562,2,2,Nala Sopara,Mumbai,19.4196344986519,72.8081166617887,Unfurnished,Apartment,0,9,8,Resale,Ready to Move,,Ganesh Group
Pearl Residency,24000000,828,2,2,Andheri West,Mumbai,19.1373697481266,72.8257229439874,Semi-Furnished,Apartment,0,30,10,Resale,Ready to Move,,Pattathu Brothers
Manish Sun Flower Apartment,14500000,482,1,1,Andheri West,Mumbai,19.1373697481266,72.8257229439874,Semi-Furnished,Apartment,0,0,10,Resale,Ready to Move,,Unknown
Ashray Jaswanti Woods,11200000,315,1,2,Mulund West,Mumbai,19.1749536837097,72.943103519999,Unfurnished,Apartment,0,8,10,Resale,Ready to Move,,Ashray Group
Khaparidev CHS,14999999,382,4,2,Bhoiwada,Mumbai,19.0052791781479,72.8456771170313,Semi-Furnished,Apartment,0,0,3,Resale,Ready to Move,,Cooperative Group Housing Society
JP North Estella,9900000,700,2,2,Mira Road Area,Mumbai,19.2829267647424,72.8627883689306,Unfurnished,Apartment,0,38,8,Resale,Ready to Move,,JP Infra
Crescent Horizon,8300000,,1,2,Kandivali East,Mumbai,19.2050017,72.8692711,Unfurnished,Apartment,0,9,10,New Property,Under Construction,,Crescent Group
Shree Krushna Tower,6989000,,1,2,Mulund West,Mumbai,19.1749536837097,72.943103519999,Unfurnished,Apartment,0,24,10,New Property,Under Construction,,Shree Akshay Housing
Shree Krushna Tower,6589000,,1,2,Mulund West,Mumbai,19.1749536837097,72.943103519999,Unfurnished,Apartment,0,24,10,New Property,Under Construction,,Shree Akshay Housing
Gokul Vihar,7500000,324,1,1,Kandivali East,Mumbai,19.2050017,72.8692711,Unfurnished,Apartment,0,0,10,Resale,Ready to Move,,Unknown
Thakkar Plaza,8700000,324,1,1,Kandivali West,Mumbai,19.2101312179652,72.8305011930765,Furnished,Apartment,0,20,9,Resale,Ready to Move,,Thakkar Builders And Developers
Khadija Apartment,14500000,414,1,2,Mahim,Mumbai,19.0388120275329,72.8419652875755,Furnished,Apartment,0,0,6,Resale,Ready to Move,,Unknown
SMGK Associates Residency,13000000,540,1,2,Jogeshwari West,Mumbai,19.1438823857409,72.8427830413067,Semi-Furnished,Apartment,0,12,10,Resale,Ready to Move,,SMGK Group
Jeevan Shanti,10500000,432,1,1,Kandivali West,Mumbai,19.2101312179652,72.8305011930765,Semi-Furnished,Apartment,0,3,9,Resale,Ready to Move,,Jeevan Builders
Raheja Township,9700000,382,1,1,Malad East,Mumbai,19.1848724519187,72.8629697025013,Unfurnished,Apartment,0,8,9,Resale,Ready to Move,,Raheja Universal Pvt. Ltd.
Mumbai Andheri Ekta,15000000,446,2,2,Andheri West,Mumbai,19.1373697481266,72.8257229439874,Semi-Furnished,Apartment,0,4,10,Resale,Ready to Move,,Unknown
Hiranandani Zen Maple,13800000,,1,1,Powai,Mumbai,19.1196773,72.9050809,Semi-Furnished,Apartment,0,11,10,Resale,Ready to Move,,Hiranandani Group
Asmita Sand Dunes,21000000,,2,3,Sunder Nagar Malad West,Mumbai,19.177041,72.841444,Unfurnished,Apartment,0,0,4,Resale,Ready to Move,,Unknown
Alamdar Raj Heights,12000000,515,1,2,Sion,Mumbai,19.0446433751251,72.8709840746083,Furnished,Apartment,0,30,8,Resale,Ready to Move,,Alamdar Infrastructure Pvt. Ltd.
Venus Apartments ,100000000,1656,3,3,Worli,Mumbai,19.0036486667054,72.8175254882335,Furnished,Apartment,0,3,10,Resale,Ready to Move,,Unknown
Star Hibiscus Heights,5000000,,1,1,Bhayandar East,Mumbai,19.3096844760714,72.8623193046283,Unfurnished,Apartment,0,17,5,New Property,Under Construction,,Star Developers
Sugee Trimurti,90000000,,3,3,Shivaji Park,Mumbai,19.0287954865428,72.838688734427,Unfurnished,Apartment,0,0,5,Resale,Ready to Move,,Unknown
Bellevue,11500000,313,1,2,Andheri East,Mumbai,19.1154908,72.8726952,Unfurnished,Apartment,0,7,10,Resale,Ready to Move,,A and O Realty
Anant Bhoomi,10700000,,1,2,Mahavir Nagar Kandivali West,Mumbai,19.2135242057782,72.8409438235301,Unfurnished,Apartment,0,40,3,New Property,Under Construction,,Unknown
DGS Sheetal Tapovan,7344000,,1,2,Malad East,Mumbai,19.1848724519187,72.8629697025013,Unfurnished,Apartment,0,13,9,New Property,Under Construction,,DGS Group
Adarsh Avenue,7500000,432,1,1,Vikhroli East,Mumbai,19.08940973659,72.9389256015301,Unfurnished,Apartment,0,0,7,Resale,Ready to Move,,Unknown
Mahavir Classik,12000000,,1,2,Powai,Mumbai,19.1196773,72.9050809,Furnished,Apartment,0,0,10,Resale,Ready to Move,,Damji Shamji Shah Group
Mahavir Classik,11000000,,1,2,Powai,Mumbai,19.1196773,72.9050809,Semi-Furnished,Apartment,0,0,10,Resale,Ready to Move,,Damji Shamji Shah Group
Poonam Complex,9000000,,1,1,Kandivali East,Mumbai,19.2050017,72.8692711,Unfurnished,Apartment,0,8,10,Resale,Ready to Move,,Poonam Developers
Crescent Solitaire,12000000,299,1,2,Andheri East,Mumbai,19.1154908,72.8726952,Unfurnished,Apartment,0,23,10,Resale,Ready to Move,,Crescent Group
Panchsheel Gardens,12700000,,1,1,Mahavir Nagar Kandivali West,Mumbai,19.2135242057782,72.8409438235301,Unfurnished,Apartment,0,13,3,Resale,Ready to Move,,Dynamix Group
Presidential Tower,29000000,,3,3,Ghatkopar West,Mumbai,19.0908063,72.9076669,Semi-Furnished,Apartment,0,15,10,New Property,Ready to Move,,Ashford Group
Shanti Ashram,11000000,,1,1,Chikoowadi Borivali West,Mumbai,19.2215039843661,72.8391826997729,Furnished,Apartment,0,4,2,Resale,Ready to Move,,Unknown
RNA Regency Park,9500000,,1,1,Kandivali West,Mumbai,19.2101312179652,72.8305011930765,Unfurnished,Apartment,0,20,9,Resale,Ready to Move,,RNA Corp
Challenger Tower,36000000,1224,3,3,Kandivali East,Mumbai,19.2050017,72.8692711,Semi-Furnished,Apartment,0,14,10,Resale,Ready to Move,,Kanakia Spaces Realty Pvt. Ltd.
Shagun Tower,38500000,1112,3,3,Goregaon East,Mumbai,19.1562110822264,72.8758090633208,Furnished,Apartment,0,16,9,Resale,Ready to Move,,DB Realty Pvt. Ltd.
Kamanwala Manavsthal,9000000,490,1,2,Malad West,Mumbai,19.1940346300819,72.8257561606587,Furnished,Apartment,0,27,10,Resale,Ready to Move,,Kamanwala Housing Construction Ltd.
Raheja Vihar,16800000,706,2,2,Powai,Mumbai,19.1196773,72.9050809,Furnished,Apartment,0,20,10,Resale,Ready to Move,,Raheja Developers Ltd.
NG Suncity Phase 3,13800000,756,2,2,"Thakur Village, Kandivali East",Mumbai,19.2102986684535,72.873037905053,Semi-Furnished,Apartment,0,26,6,Resale,Ready to Move,,RNA NG Builders
Marathon Monte Vista,21200000,966,3,3,Mulund West,Mumbai,19.1749536837097,72.943103519999,Semi-Furnished,Apartment,0,13,10,Resale,Ready to Move,,Marathon Builder
Lido Towers,55000000,1224,3,3,Santacruz West,Mumbai,19.0812559812257,72.8376604906028,Furnished,Apartment,0,24,7,Resale,Ready to Move,,Lido Developers
Zoeb Aayesha Palace,11000000,450,1,1,Parel,Mumbai,18.9982694030581,72.8410429440342,Unfurnished,Apartment,0,4,6,Resale,Under Construction,,Zoeb Enterprises
Chandak 34 Park Estate,9500000,282,1,2,Goregaon West,Mumbai,19.1630920855215,72.8398088005091,Unfurnished,Apartment,0,6,10,Resale,Under Construction,,Chandak Group
simla house at nepeasea road,100000000,1512,3,2,Napean Sea Road,Mumbai,18.9552223151731,72.7987763458566,Furnished,Apartment,0,0,3,Resale,Ready to Move,,Unknown
Unitechs West End Township,2600000,381,1,2,Virar West,Mumbai,19.4638767047594,72.7822993572118,Unfurnished,Apartment,0,0,8,Resale,Ready to Move,,Unknown
M Baria Castle View Apartment,5000000,698,3,2,Agashi,Mumbai,19.4661888148379,72.7700777769154,Unfurnished,Apartment,0,0,0,Resale,Ready to Move,,Unknown
Ram Rahim Apartment,2800000,385,1,1,Vasai East,Mumbai,19.39954,72.8604165,Furnished,Apartment,0,0,6,Resale,Ready to Move,,Unknown
TATA Housing Aashiana,41000000,860,2,3,Mazgaon,Mumbai,18.9633811595298,72.8440624733612,Furnished,Apartment,0,0,6,Resale,Ready to Move,,TATA Housing Development Company Ltd.
Sagar Mandir Apartment,35000000,588,3,2,Shivaji Park,Mumbai,19.0287954865428,72.838688734427,Furnished,Apartment,0,0,5,Resale,Ready to Move,,Unknown
Kalpataru Primus Residences,23000000,706,2,2,Santacruz East,Mumbai,19.0799983,72.8545019,Unfurnished,Apartment,0,0,10,Resale,Ready to Move,,Unknown
Andheri Lokhandwala,18000000,421,1,2,Andheri West,Mumbai,19.1373697481266,72.8257229439874,Furnished,Apartment,0,0,10,Resale,Ready to Move,,Unknown
Kabra Primera,69000000,982,3,3,Juhu,Mumbai,19.098267753993,72.8335140160125,Unfurnished,Apartment,0,21,9,Resale,Ready to Move,,Stone Craft Infra
Sharvil Court,65000000,3000,4,4,Malad West,Mumbai,19.1940346300819,72.8257561606587,Furnished,Apartment,0,0,10,Resale,Ready to Move,,Unknown
SK Imperial Heights,13000000,700,2,2,Penkarpada,Mumbai,19.2642888665218,72.869786333427,Unfurnished,Apartment,0,11,1,Resale,Ready to Move,55 Open,SK Heights Pvt. Ltd
Om Shree Ganesh Chhaya CHS,16500000,716,2,2,Tilak Nagar Chembur,Mumbai,19.0676774565328,72.8962666933898,Semi-Furnished,Apartment,0,0,2,Resale,Ready to Move,,Cooperative Group Housing Society
Vile Parle Kalpavriksha CHS Ltd. ,25000000,492,2,2,Vile Parle East,Mumbai,19.10046297,72.84924449,Furnished,Apartment,0,5,10,Resale,Ready to Move,,Relcon Infraprojects Ltd.
Valentine Apartments,11000000,385,1,1,Goregaon East,Mumbai,19.1562110822264,72.8758090633208,Unfurnished,Apartment,0,0,9,Resale,Ready to Move,,Unknown
Chheda Complex,8500000,385,1,2,Charkop Gaon,Mumbai,19.2092681034955,72.8158628966972,Semi-Furnished,Apartment,0,0,1,Resale,Ready to Move,,Unknown
Unkown,14500000,,2,1,Shiv Srushti Kurla,Mumbai,19.05697,72.88198,Unfurnished,Apartment,0,0,0,Resale,,,Unknown
Unkown,3370000,650,1,2,Qureshi Nagar,Mumbai,19.0599068355234,72.8771601565175,Unfurnished,Apartment,0,0,0,Resale,,,Unknown
Unkown,1730000,550,1,1,Sai Wadi Madh,Mumbai,19.1427361553484,72.792618185964,Semi-Furnished,Residential House,0,0,0,Resale,,,Unknown
Unkown,1470000,300,,,Teen Batti,Mumbai,18.947430491297,72.794310568299,Unfurnished,Commercial Shop,0,0,1,Resale,,,Unknown
Unkown,800000,253,,,Fanas Wadi,Mumbai,18.9522918443357,72.8265784092946,Unfurnished,Residential House,0,0,0,Resale,,,Unknown
Unkown,20000000,,,1,Azad Nagar Andheri West,Mumbai,19.1284590298281,72.8363317528594,Furnished,Commercial Office Space,0,0,0,Resale,Ready to Move,2 Open,Unknown
One Avighna Park,290000000,5256,5,6,Lower Parel,Mumbai,18.9982431278398,72.8270305579981,Furnished,Apartment,0,14,9,Resale,Ready to Move,,Avigna Properties Private Limited
Platinum Towers,16500000,576,2,2,Andheri West,Mumbai,19.1373697481266,72.8257229439874,Unfurnished,Apartment,0,23,10,Resale,Ready to Move,,Platinum Corp
HDIL Metropolis,26900000,1008,2,2,Andheri West,Mumbai,19.1373697481266,72.8257229439874,Furnished,Apartment,0,21,10,Resale,Ready to Move,,HDIL
HDIL Metropolis,35000000,1102,3,3,Andheri West,Mumbai,19.1373697481266,72.8257229439874,Furnished,Apartment,0,21,10,Resale,Ready to Move,,HDIL
Rashmis Star City,2251000,360,1,2,Palghar Naigaon East,Mumbai,19.3489277756968,72.8750219955356,Unfurnished,Apartment,0,18,4,Resale,Ready to Move,,Rashmi Housing
Vinay Unique Imperia,4000000,596,2,2,Virar West,Mumbai,19.4638767047594,72.7822993572118,Semi-Furnished,Apartment,0,21,8,Resale,Ready to Move,,Vinay Unique Developers
Premier Residences,9500000,482,1,2,Kurla West,Mumbai,19.077063,72.8840395,Semi-Furnished,Apartment,0,23,10,Resale,Ready to Move,,HDIL
Shree Shashwat Global City,3220000,472,1,2,Virar West,Mumbai,19.4638767047594,72.7822993572118,Semi-Furnished,Apartment,0,9,8,Resale,Ready to Move,,Shree Shashwat Global City
Kanakia Sevens,20500000,936,2,2,Andheri East,Mumbai,19.1154908,72.8726952,Unfurnished,Apartment,0,15,10,Resale,Ready to Move,,Kanakia Spaces Realty Pvt. Ltd.
Kalpataru Crest,19400000,924,2,2,Bhandup West,Mumbai,19.149901,72.931134,Semi-Furnished,Apartment,0,35,8,Resale,Ready to Move,,Kalpataru Ltd.
Kalpataru Crest,12000000,523,2,2,Bhandup West,Mumbai,19.149901,72.931134,Unfurnished,Apartment,0,35,8,Resale,Ready to Move,,Kalpataru Ltd.
Kalpataru Radiance,31710000,652,2,2,Goregaon West,Mumbai,19.1630920855215,72.8398088005091,Unfurnished,Apartment,0,23,10,Resale,Under Construction,,Kalpataru Ltd.
Rustomjee Elanza,24500000,796,2,2,Malad West,Mumbai,19.1940346300819,72.8257561606587,Unfurnished,Apartment,0,13,10,Resale,Ready to Move,,Rustomjee
Unkown,25000000,580,3,2,Mumbai Central,Mumbai,18.9719357574575,72.8200902287046,Semi-Furnished,Apartment,0,0,8,Resale,Ready to Move,,Unknown
Runwal Orchard Residency,20000000,882,2,2,Ghatkopar West,Mumbai,19.0908063,72.9076669,Semi-Furnished,Apartment,0,24,10,Resale,Ready to Move,,Runwal Group
Ekta Parksville,3200000,312,1,1,Virar West,Mumbai,19.4638767047594,72.7822993572118,Unfurnished,Apartment,0,10,8,Resale,Ready to Move,,Ekta World
Ekta Parksville,4300000,648,2,2,Virar West,Mumbai,19.4638767047594,72.7822993572118,Unfurnished,Apartment,0,10,8,Resale,Ready to Move,,Ekta World
DB Orchid Woods,42500000,1368,3,3,Gokuldham Colony Goregaon East,Mumbai,19.1729755212444,72.8716991438016,Semi-Furnished,Apartment,0,48,2,Resale,Ready to Move,,DB Realty Pvt. Ltd.
Bhavya Palace,27500000,482,2,2,Khar West,Mumbai,19.0699335919407,72.8363080829478,Unfurnished,Apartment,0,13,6,Resale,Ready to Move,,Bhavya Infrastructures India
Bhattad Augustine,33000000,1224,3,3,Best Nagar Goregaon West,Mumbai,19.1522184630384,72.8397327582798,Furnished,Apartment,0,10,3,Resale,Ready to Move,,Bhattad Group
Ravi Gaurav Woods,6500000,738,2,2,Mira Road Area,Mumbai,19.2829267647424,72.8627883689306,Unfurnished,Apartment,0,7,8,Resale,Ready to Move,,Ravi Group Of Builders And Developers
Raheja Sherwood,19900000,749,2,2,Goregaon East,Mumbai,19.1562110822264,72.8758090633208,Unfurnished,Apartment,0,23,9,Resale,Ready to Move,,Raheja Universal (Pvt.) Ltd.
Raheja Vista,36000000,1267,3,3,Raheja Vihar,Mumbai,19.1188965388499,72.8949697966039,Semi-Furnished,Apartment,0,16,0,Resale,Ready to Move,,K Raheja Corp
Raheja Classique,73000000,1728,4,4,Andheri West,Mumbai,19.1373697481266,72.8257229439874,Furnished,Apartment,0,30,10,Resale,Ready to Move,,K Raheja Corp
Green Woods Chkala,28000000,775,2,2,Chakala,Mumbai,19.1105611385167,72.8576871585438,Semi-Furnished,Apartment,0,0,7,Resale,Ready to Move,,Hillsboro Realty
Samarth Aangan,43600000,1116,3,3,Andheri West,Mumbai,19.1373697481266,72.8257229439874,Unfurnished,Apartment,0,27,10,Resale,Ready to Move,,Samarth Development Corporation
Royal Palms,3500000,173,1,1,Goregaon East,Mumbai,19.1562110822264,72.8758090633208,Unfurnished,Apartment,0,31,9,Resale,Ready to Move,,Royal Palms
Sai Baba Complex,14900000,590,2,2,Goregaon East,Mumbai,19.1562110822264,72.8758090633208,Unfurnished,Apartment,0,12,9,Resale,Ready to Move,,Sai Group
I C Colony,7500000,216,1,1,Borivali West,Mumbai,19.2335321,72.839198,Unfurnished,Apartment,0,0,10,Resale,Ready to Move,,Unknown
Sindhi Society,18000000,720,2,2,Chembur,Mumbai,19.0459181155422,72.8975231581492,Semi-Furnished,Apartment,0,44,10,Resale,Ready to Move,,Unknown
Radius 10 BKC,91898400,1416,3,4,E Block BKC,Mumbai,19.05700025,72.85389377,Semi-Furnished,Apartment,0,9,0,New Property,Ready to Move,2 Covered,Adani Realty
Harmony Tower,72500000,1320,2,3,Worli Naka,Mumbai,18.9985560692086,72.8182936258445,Semi-Furnished,Apartment,0,0,0,Resale,Ready to Move,,Unknown
Unkown,3600000,387,1,2,Palghar Naigaon East,Mumbai,19.3489277756968,72.8750219955356,Semi-Furnished,Apartment,0,0,4,Resale,Ready to Move,1 Open,Unknown
Hubtown Iris,15000000,370,1,1,Mira Road Area,Mumbai,19.2829267647424,72.8627883689306,Unfurnished,Apartment,0,14,8,Resale,Ready to Move,1 Open,Hubtown Ltd.
Ekta Eros ,180000000,2950,4,4,Khar West,Mumbai,19.0699335919407,72.8363080829478,Semi-Furnished,Apartment,0,3,6,Resale,Ready to Move,,Ekta World
Maker Tower,310000000,3100,4,5,Cuffe Parade,Mumbai,18.9146859411536,72.8196960395871,Semi-Furnished,Apartment,0,10,5,Resale,Ready to Move,"1 Covered, 1 Open",Makers Developers
Unkown,3500000,494,1,2,Ulhasnagar,Mumbai,19.2298419727021,73.1644753282394,Unfurnished,Apartment,0,0,4,New Property,Under Construction,,Unknown
Godrej The Trees Phase 2,37500000,770,2,2,Pirojshanagar,Mumbai,19.0972577519041,72.9267818772309,Semi-Furnished,Apartment,0,24,1,Resale,Ready to Move,1 Covered,Godrej Properties Ltd.
Modi Spaces Akashdeep,29900000,1037,3,2,Malad West,Mumbai,19.1940346300819,72.8257561606587,Unfurnished,Apartment,0,16,10,Resale,Ready to Move,,Modi Group
UK IONA,15500000,553,2,2,Andheri East,Mumbai,19.1154908,72.8726952,Unfurnished,Apartment,0,0,10,New Property,Ready to Move,,UK Realty
Unkown,110100000,1900,4,4,Lokhandwala Complex Andheri West,Mumbai,19.14413,72.8241,Unfurnished,Apartment,0,0,4,Resale,Ready to Move,,Unknown
Arkade Aura,77500000,1180,3,4,Santacruz West,Mumbai,19.0812559812257,72.8376604906028,Unfurnished,Apartment,0,8,7,Resale,Ready to Move,,Arkade Group
Unkown,15900000,221,,1,Borivali West,Mumbai,19.2335321,72.839198,Semi-Furnished,Commercial Office Space,0,0,10,Resale,Ready to Move,1 Covered,Unknown
Unkown,49700000,497,,,Mulund West,Mumbai,19.1749536837097,72.943103519999,Unfurnished,Commercial Shop,0,0,10,New Property,Ready to Move,,Unknown
ARIHANT The X Ghatkopar,45100000,1181,3,3,Chembur West,Mumbai,19.0672495723847,72.9017592132068,Semi-Furnished,Apartment,0,3,2,New Property,Under Construction,,ARIHANT REALTORS
VKG Krishna Residences,55000000,1436,4,4,Andheri East,Mumbai,19.1154908,72.8726952,Unfurnished,Apartment,1,2,10,Resale,Ready to Move,4 Covered,VKG
The Address by GS Wadala,23900000,696,2,2,Wadala East,Mumbai,19.0135321429189,72.8602998056272,Unfurnished,Apartment,1,14,2,New Property,Under Construction,"1 Covered, 1 Open",Raymond Realty
Gurukrupa Ekam,41900000,1054,3,4,New Link Road,Mumbai,19.163588274983,72.834765523896,Unfurnished,Apartment,1,18,0,New Property,Under Construction,1 Covered,Gurukrupa Realcon
Lodha Altia,47500000,1330,3,4,Wadala East,Mumbai,19.0135321429189,72.8602998056272,Semi-Furnished,Apartment,0,26,2,New Property,Ready to Move,,Lodha Developers Limited
Piramal Revanta,35035000,1300,3,3,Moti Nagar,Mumbai,19.1678,72.93541,Unfurnished,Apartment,1,15,0,New Property,Under Construction,2 Covered,Piramal Realty
Shree Siddhivinayak Tower,57500000,1650,4,4,Borivali West,Mumbai,19.2335321,72.839198,Furnished,Apartment,0,7,10,Resale,Ready to Move,2 Covered,Thakkar Group
Arundhati Heights,40000000,1492,4,4,Swastik Park,Mumbai,19.0551547591403,72.8882306638195,Semi-Furnished,Apartment,0,0,2,Resale,Ready to Move,"2 Covered, 1 Open",Unknown
I Stay Tower E,15700000,611,2,2,Marol,Mumbai,19.1169810025439,72.8801253056097,Unfurnished,Apartment,1,16,8,New Property,Nov '28,1 Covered,I STAY HOUSING PRIVATE LIMITED
Saffron Peace,46500000,412,,,IC Colony,Mumbai,19.249869503245,72.8491717870626,Unfurnished,Commercial Shop,0,0,3,New Property,Ready to Move,1 Open,H Rishabraj
Unkown,16200000,650,2,2,Thakur Complex,Mumbai,19.2091659001893,72.8639543274225,Unfurnished,Apartment,0,0,2,Resale,Ready to Move,1 Open,Unknown
Unkown,9000000,200,,1,Girgaon,Mumbai,18.9567919804138,72.8192909983038,Semi-Furnished,Studio Apartment,0,0,4,Resale,Ready to Move,,Unknown
Om Sai Charan Complex,7500000,550,1,2,Bhayandar East,Mumbai,19.3096844760714,72.8623193046283,Semi-Furnished,Apartment,0,11,5,Resale,Ready to Move,,Om Sai Charan Builders
Madhuban Co operative Housing Society,21500000,658,2,2,Goregaon East,Mumbai,19.1562110822264,72.8758090633208,Unfurnished,Apartment,0,0,9,Resale,Ready to Move,,Unknown
Godrej Nest,10500000,428,1,2,Lokhandwala Township Kandivali East,Mumbai,19.1983052221596,72.874429048184,Unfurnished,Apartment,0,3,4,Resale,Ready to Move,,Godrej Properties
Kalpataru Vienta,75000000,1620,4,4,Kandivali East,Mumbai,19.2050017,72.8692711,Unfurnished,Apartment,0,5,10,Resale,Ready to Move,1 Covered,Kalpataru Ltd.
Wadhwa Pristine,27000000,362,1,1,Matunga West,Mumbai,19.0288217353274,72.8440906063583,Unfurnished,Apartment,0,8,5,Resale,Ready to Move,,The Wadhwa Group
Mit Niketan,12000000,468,1,2,Thakur Complex,Mumbai,19.2091659001893,72.8639543274225,Unfurnished,Apartment,0,10,2,Resale,Ready to Move,,Kanakia Spaces Realty Pvt. Ltd.
Gundecha Valley of Flowers,15500000,562,2,2,Kandivali East,Mumbai,19.2050017,72.8692711,Unfurnished,Apartment,0,0,10,Resale,Ready to Move,,Gundecha Developing Milestone
Gokul Avenue Apartment,8900000,414,1,2,Thakur Complex,Mumbai,19.2091659001893,72.8639543274225,Furnished,Apartment,0,5,2,Resale,Ready to Move,,Surya Constructions
Hubtown Harmony,16000000,378,2,2,Matunga East,Mumbai,19.0277771413147,72.8560635075251,Unfurnished,Apartment,0,19,9,Resale,Ready to Move,,Hubtown Ltd.
Bombay Taximens CHS,10500000,360,1,1,Kurla West,Mumbai,19.077063,72.8840395,Unfurnished,Apartment,0,0,10,Resale,Ready to Move,,Cooperative Group Housing Society
Raj Galaxy I,21500000,702,2,2,Kalina,Mumbai,19.0731990570505,72.8638925628929,Furnished,Apartment,0,0,3,Resale,Ready to Move,,Unknown
Hiranandani Regent Hill,12000000,,1,2,Powai,Mumbai,19.1196773,72.9050809,Furnished,Apartment,0,10,10,New Property,Ready to Move,,Hiranandani Group
Mhada Pratiksha Nagar Sion,10600000,468,1,1,Pratiksha Nagar Vakola,Mumbai,19.0432342262409,72.8707378053713,Unfurnished,Apartment,0,4,0,Resale,Ready to Move,,Unknown
MICL Aaradhya Nine,8500000,,1,1,Ghatkopar East,Mumbai,19.07907,72.907976,Unfurnished,Apartment,0,10,9,New Property,Ready to Move,,MICL Group
Asshna Samadhan,8700000,,1,1,Goregaon West,Mumbai,19.1630920855215,72.8398088005091,Semi-Furnished,Apartment,0,13,10,New Property,Under Construction,,Asshna Developers
Platinum Prive,10800000,,1,1,DN Nagar,Mumbai,19.12296883,72.83012082,Unfurnished,Apartment,0,18,6,New Property,Under Construction,,Platinum Corp
Anant Bhoomi,24200000,,2,2,Mahavir Nagar Kandivali West,Mumbai,19.2135242057782,72.8409438235301,Unfurnished,Apartment,0,40,3,New Property,Under Construction,,Unknown
Navprabhat Apartment,14500000,425,1,1,Vile Parle East,Mumbai,19.10046297,72.84924449,Unfurnished,Apartment,0,0,10,Resale,Ready to Move,,Unknown
Prem Milan,62500000,734,2,2,Napean Sea Road,Mumbai,18.9552223151731,72.7987763458566,Furnished,Apartment,0,9,3,Resale,Ready to Move,,Lala Builder
Vikas Apartments,20000000,472,1,2,Parel,Mumbai,18.9982694030581,72.8410429440342,Furnished,Apartment,0,6,6,Resale,Ready to Move,,Vikas Builders
N Rose Northern Heights,17100000,792,2,2,Vaishali Nagar Dahisar,Mumbai,19.2523079591509,72.871573207847,Unfurnished,Apartment,0,9,2,Resale,Ready to Move,,N Rose Developers Pvt. Ltd.
Raheja Crest,37000000,,3,3,Lokhandwala Complex Andheri West,Mumbai,19.14413,72.8241,Unfurnished,Apartment,0,23,4,Resale,Ready to Move,,Raheja Developers Ltd.
Nahar Amrit Shakti,12200000,,1,2,Chandivali,Mumbai,19.1104892624542,72.899191014387,Semi-Furnished,Apartment,0,23,8,Resale,Ready to Move,,Nahar Group
Neelkanth Enclave,24000000,,2,2,Ghatkopar West,Mumbai,19.0908063,72.9076669,Semi-Furnished,Apartment,0,16,10,New Property,Under Construction,,Neelkanth Group
Pushkar Accord,14000000,612,2,2,Kandivali East,Mumbai,19.2050017,72.8692711,Semi-Furnished,Apartment,0,6,10,Resale,Ready to Move,,Pushkar Group
Salangpur Salasar Aangan,5300000,,1,1,Beverly Park,Mumbai,19.295256624119,72.871489861401,Semi-Furnished,Apartment,0,29,3,Resale,Ready to Move,,Salangpur Nirmaan
Bhoomi Classic,10500000,,1,2,Malad West,Mumbai,19.1940346300819,72.8257561606587,Semi-Furnished,Apartment,0,17,10,Resale,Ready to Move,,BHOOMI GROUP
Maitri Park,24000000,,2,2,Chembur,Mumbai,19.0459181155422,72.8975231581492,Furnished,Apartment,0,13,10,Resale,Ready to Move,,House of Hiranandani
Safal Twins,21100000,,2,2,Chembur East,Mumbai,19.0611638862632,72.8948410560158,Semi-Furnished,Apartment,0,0,2,Resale,Ready to Move,,Safal Group
Joy Homes,10500000,,1,2,Bhandup West,Mumbai,19.149901,72.931134,Semi-Furnished,Apartment,0,21,8,Resale,Ready to Move,,Joy Builders and Developers
RNA NG Suncity,8000000,,1,2,"Thakur Village, Kandivali East",Mumbai,19.2102986684535,72.873037905053,Unfurnished,Apartment,0,7,6,Resale,Ready to Move,,RNA NG Builders
Joy Homes,10300000,,1,2,Bhandup West,Mumbai,19.149901,72.931134,Unfurnished,Apartment,0,21,8,Resale,Ready to Move,,Joy Builders and Developers
Agarwal Lifestyle,3500000,,1,2,Virar,Mumbai,19.462194642857,72.8049130698568,Unfurnished,Apartment,0,26,8,Resale,Ready to Move,,Agarwal Group
Brookhaven,20000000,,2,2,Andheri East,Mumbai,19.1154908,72.8726952,Semi-Furnished,Apartment,0,37,10,Resale,Ready to Move,,The Advantage Raheja
Pranav Sparsh,17500000,650,2,2,Jankalyan Nagar,Mumbai,19.2012375699134,72.8198116611225,Furnished,Apartment,0,8,4,New Property,Ready to Move,,Pranav Constructions
Samarth Tanish,13500000,454,1,2,Jay Prakash Nagar Goregaon East,Mumbai,19.1638922344228,72.8538812715161,Unfurnished,Apartment,0,1,4,Resale,Under Construction,,SAMARTH GROUP
Gokul Avenue Apartment,14700000,693,2,2,Kandivali East,Mumbai,19.2050017,72.8692711,Semi-Furnished,Apartment,0,5,10,Resale,Ready to Move,,Surya Constructions
VKG Krishna Residences,35000000,1080,3,3,Andheri East,Mumbai,19.1154908,72.8726952,Unfurnished,Apartment,0,2,10,Resale,Ready to Move,,VKG
Raheja Solitiare,26500000,750,2,2,Goregaon West,Mumbai,19.1630920855215,72.8398088005091,Furnished,Apartment,0,13,10,Resale,Ready to Move,,Raheja Universal Pvt. Ltd.
Viceroy PRIVE,110000000,2299,4,4,"Thakur Village, Kandivali East",Mumbai,19.2102986684535,72.873037905053,Furnished,Apartment,0,0,6,Resale,Under Construction,3 Covered,Viceroy Properties
Unkown,17500000,,2,2,Pandurang Wadi Goregaon East,Mumbai,19.1709,72.85109,Unfurnished,Apartment,0,0,1,Resale,Ready to Move,1 Covered,Unknown
Unkown,35000000,850,,,Kalbadevi,Mumbai,18.9497833624963,72.8287901589736,Unfurnished,Commercial Shop,0,0,5,Resale,Ready to Move,,Unknown
Hiranandani Castalia,27500000,766,2,2,Kandivali West,Mumbai,19.2101312179652,72.8305011930765,Unfurnished,Apartment,0,10,9,Resale,Under Construction,,House of Hiranandani
Runwal Forests,32500000,1130,3,3,Kanjurmarg West,Mumbai,19.1341354387679,72.9249978851096,Semi-Furnished,Apartment,0,33,2,Resale,Ready to Move,1 Covered,Runwal Group
Shapoorji Pallonji Astron,34000000,1071,3,3,"Thakur Village, Kandivali East",Mumbai,19.2102986684535,72.873037905053,Unfurnished,Apartment,0,21,6,Resale,Ready to Move,2 Covered,Shapoorji Pallonji Real Estate
The Prestige City,46600000,1707,4,4,Mulund West,Mumbai,19.1749536837097,72.943103519999,Unfurnished,Apartment,0,0,10,New Property,Dec '26,,Prestige Group
Kabra Tiara ,19500000,672,2,2,Malad East,Mumbai,19.1848724519187,72.8629697025013,Unfurnished,Apartment,1,0,9,New Property,Under Construction,1 Covered,Kabra Group
Gurukrupa Shiv Sagar,17500000,560,2,2,Borivali West,Mumbai,19.2335321,72.839198,Unfurnished,Apartment,0,0,10,Resale,Under Construction,1 Covered,Gurukrupa Group
Sunteck City 4th Avenue,25500000,644,2,2,Goregaon West,Mumbai,19.1630920855215,72.8398088005091,Unfurnished,Apartment,0,28,10,Resale,Ready to Move,1 Covered,Sunteck Realty Ltd.
Unkown,14000000,453,1,2,Dahisar West,Mumbai,19.2567151019289,72.8506375105369,Semi-Furnished,Apartment,0,0,6,Resale,Ready to Move,1 Open,Unknown
Adani Linkbay Residences,77000000,1775,4,4,Andheri West,Mumbai,19.1373697481266,72.8257229439874,Unfurnished,Apartment,1,11,10,New Property,Under Construction,1 Covered,Adani Realty & RC Group
Unkown,21500000,441,1,2,Hanuman Road,Mumbai,19.1034480687524,72.8497195645728,Semi-Furnished,Apartment,0,0,0,Resale,Ready to Move,,Unknown
Unkown,56000000,2100,4,4,Model Town Govardhan Nagar,Mumbai,19.18423301,72.94417553,Unfurnished,Apartment,0,0,0,Resale,Ready to Move,2 Covered,Unknown
Cypress Complex,16500000,740,2,2,Veena Nagar,Mumbai,19.18045,72.94293,Semi-Furnished,Apartment,0,18,0,Resale,Ready to Move,1 Covered,Seth Builders
The Prestige City,38000000,1367,3,2,Mulund West,Mumbai,19.1749536837097,72.943103519999,Unfurnished,Apartment,1,0,10,New Property,Ready to Move,,Prestige Group
Kukreja Sai Ashish,14000000,620,2,2,Bhandup West,Mumbai,19.149901,72.931134,Unfurnished,Apartment,1,2,8,Resale,Ready to Move,,Kukreja Construction Company
Ekta Meadows,32250000,,3,3,Borivali East,Mumbai,19.2272619069866,72.8634397272398,Furnished,Apartment,0,26,10,Resale,Ready to Move,,Elpro International
Oxford Navrang Crystal,19500000,500,2,2,Siddharth Nagar Goregaon West,Mumbai,19.15978193,72.84234796,Unfurnished,Apartment,0,15,3,Resale,Ready to Move,1 Covered,Oxford Group
Crescent Sky Heights,14600000,637,2,2,Dahisar East,Mumbai,19.2530390003417,72.8684258373265,Semi-Furnished,Apartment,0,16,9,Resale,Ready to Move,1 Covered,Crescent Group
G Apple Padmavati Heights,21978000,660,2,2,Prabhat Colony,Mumbai,19.08775,72.84348,Unfurnished,Apartment,1,5,2,New Property,Under Construction,1 Covered,G Apple Realty
Impactum The Great Western Mumbai,5600000,485,2,2,Palghar Naigaon East,Mumbai,19.3489277756968,72.8750219955356,Unfurnished,Apartment,0,9,4,New Property,Under Construction,,Impactum Lands Private Limited
Raj Infinia,33200000,1065,3,3,Malad West,Mumbai,19.1940346300819,72.8257561606587,Unfurnished,Apartment,0,17,10,Resale,Ready to Move,1 Covered,Rajesh LifeSpaces
Kabra Metro One,90000000,1528,4,4,Aram Nagar,Mumbai,19.12890041,72.81591415,Unfurnished,Apartment,0,32,1,Resale,Ready to Move,1 Covered,Kabra Group
Godrej The Trees,56000000,1250,3,3,Vikhroli East,Mumbai,19.08940973659,72.9389256015301,Unfurnished,Apartment,1,56,7,Resale,Ready to Move,2 Covered,Godrej Properties
Morya Crystal,24000000,1000,3,3,Santacruz East,Mumbai,19.0799983,72.8545019,Unfurnished,Apartment,0,15,10,Resale,Ready to Move,1 Covered,Morya Infrastructure Pvt. Ltd.
Unkown,55000000,1000,3,3,Juhu,Mumbai,19.098267753993,72.8335140160125,Semi-Furnished,Apartment,1,0,9,Resale,Ready to Move,2 Covered,Unknown
Unkown,18500000,450,2,2,Mahim West,Mumbai,19.0383794616621,72.8398930483562,Unfurnished,Apartment,0,0,3,Resale,Ready to Move,,Unknown
Pinnaacle Corporate Park ,12000000,190,,1,Bandra Kurla Complex,Mumbai,19.0626802993452,72.8650539233055,Furnished,Commercial Office Space,0,0,6,Resale,Ready to Move,,Kamanwala Housing Construction Ltd.
Advent Palazzo,27500000,852,3,3,Chincholi Bunder,Mumbai,19.17957831,72.83839457,Semi-Furnished,Apartment,0,0,4,Resale,Ready to Move,1 Covered,Unknown
Shivani Rudram,40300000,1433,4,4,Kandivali West,Mumbai,19.2101312179652,72.8305011930765,Unfurnished,Apartment,0,11,9,New Property,Under Construction,,Shivani Builders and Developers
Kenny Kashi Bhuvan ,14500000,550,2,2,Dahanukar Wadi,Mumbai,19.2065558879643,72.8389544986292,Unfurnished,Apartment,0,6,5,Resale,Ready to Move,,Kenny 23 Developers
Unkown,15600000,556,1,2,Liberty Garden,Mumbai,19.1860611235102,72.8414112963364,Unfurnished,Apartment,1,0,2,New Property,Ready to Move,,Unknown
Lokhandwala Minerva,90000000,,3,3,Mahalakshmi,Mumbai,18.9865617867147,72.8182867539311,Furnished,Apartment,0,28,7,Resale,Ready to Move,,Lokhandwala Infrastructure
Magnum Tower CHS,35000000,800,2,2,Lokhandwala Complex Andheri West,Mumbai,19.14413,72.8241,Furnished,Apartment,1,11,4,Resale,Ready to Move,1 Open,Magnum Group
Lodha Park,95100000,1550,4,5,Worli,Mumbai,19.0036486667054,72.8175254882335,Furnished,Apartment,0,57,10,Resale,Ready to Move,,Lodha Developers Limited
Unkown,12000000,410,1,1,Amboli,Mumbai,19.1284086086709,72.8447452295284,Unfurnished,Apartment,0,0,4,Resale,Ready to Move,,Unknown
Golden Isle,4955000,275,1,1,Goregaon East,Mumbai,19.1562110822264,72.8758090633208,Furnished,Apartment,0,0,9,Resale,Ready to Move,,Unknown
Unkown,33818000,914,3,3,Navneeth Colony,Mumbai,19.1260903950643,72.8440417838929,Unfurnished,Apartment,0,0,1,New Property,Ready to Move,,Unknown
Unkown,17500000,500,2,2,Vazira Naka Borivali West,Mumbai,19.228266933223,72.8424839012439,Semi-Furnished,Apartment,0,0,0,Resale,Ready to Move,1 Open,Unknown
Satguru Shristi Apartment,57500000,770,2,2,Khar West,Mumbai,19.0699335919407,72.8363080829478,Semi-Furnished,Apartment,0,0,6,Resale,Ready to Move,,Unknown
Piramal Mahalaxmi,106000000,,3,3,Mahalakshmi,Mumbai,18.9865617867147,72.8182867539311,Furnished,Apartment,0,42,7,New Property,Ready to Move,,Piramal Realty
Unkown,23000000,750,2,2,Swami Samarth Nagar,Mumbai,19.14249,72.82295,Semi-Furnished,Apartment,0,0,1,Resale,Ready to Move,1 Open,Unknown
Acme Anuradha,14000000,430,1,2,Andheri East,Mumbai,19.1154908,72.8726952,Furnished,Apartment,0,6,10,Resale,Ready to Move,1 Covered,ACME Housing
Ruturaj Classic,3305000,396,1,2,Nalasopara West,Mumbai,19.4129235749963,72.7885889890948,,Apartment,0,0,4,New Property,Dec '27,,Ruturaj Realtors
Unkown,28000000,500,1,1,Tardeo,Mumbai,18.9693555488714,72.8133774658556,Furnished,Apartment,0,0,7,Resale,Ready to Move,,Unknown
Paradise Sai World Legend,9313750,784,2,2,Ulhasnagar,Mumbai,19.2298419727021,73.1644753282394,Semi-Furnished,Apartment,0,3,4,New Property,Under Construction,"1 Covered, 1 Open",Paradise Group
Jaydev Tower,15200000,660,2,2,Sector 9 Charkop,Mumbai,19.221365412144,72.8231860530706,Semi-Furnished,Apartment,0,4,1,Resale,Ready to Move,1 Open,Ritej Associates
Unkown,16500000,490,1,1,Oshiwara,Mumbai,19.1477763241262,72.8410641675255,Unfurnished,Apartment,0,0,1,Resale,Ready to Move,1 Open,Unknown
Sher e Punjab,15000000,650,2,2,Andheri East,Mumbai,19.1154908,72.8726952,Semi-Furnished,Apartment,1,20,10,Resale,Ready to Move,1 Open,Unknown
Sion Maryland Corner CHS,16500000,480,1,1,Sion East,Mumbai,19.0406208013187,72.8695165321764,Semi-Furnished,Apartment,0,0,6,Resale,Ready to Move,,Unknown
Unkown,75000000,1040,,,Mulund West,Mumbai,19.1749536837097,72.943103519999,Unfurnished,Commercial Shop,0,0,10,Resale,Ready to Move,1 Covered,Unknown
Bhoomi Acropolis,2850000,445,1,2,Virar West,Mumbai,19.4638767047594,72.7822993572118,Unfurnished,Apartment,0,27,8,New Property,Ready to Move,,Bhoomi Properties
Royal Residency,12000000,250,1,1,Lal Baug,Mumbai,18.991538368844,72.8394811827462,Unfurnished,Apartment,0,0,1,Resale,Ready to Move,,Unknown
Saraswati Apartment,64800000,1383,3,3,Bandra,Mumbai,19.0578780355007,72.8393951689804,Semi-Furnished,Apartment,0,0,10,Resale,Ready to Move,,Unknown
Nathani Heights,60000000,1728,3,3,Mumbai Central,Mumbai,18.9719357574575,72.8200902287046,Unfurnished,Apartment,0,48,8,Resale,Ready to Move,,Nathani Supariwala Realty
Serenity Gardens,5500000,648,2,2,Vasai East,Mumbai,19.39954,72.8604165,Semi-Furnished,Apartment,0,18,6,Resale,Ready to Move,,Unity Realtors
Hubtown Gardenia,7000000,402,1,2,Mira Road Area,Mumbai,19.2829267647424,72.8627883689306,Furnished,Apartment,0,18,8,Resale,Ready to Move,,Hubtown Ltd.
Premier Residences,9800000,515,1,2,Kurla West,Mumbai,19.077063,72.8840395,Semi-Furnished,Apartment,0,23,10,Resale,Ready to Move,,HDIL
Kukreja Residency,26000000,900,3,3,Ghatla,Mumbai,19.04972,72.90835,Unfurnished,Apartment,0,23,0,Resale,Ready to Move,,Kukreja Construction Company
Sheth Vasant Oasis,38000000,1094,3,3,Marol,Mumbai,19.1169810025439,72.8801253056097,Furnished,Apartment,0,44,8,Resale,Ready to Move,,Sheth Creators
Transcon Auris Serenity,27200000,576,2,2,Malad West,Mumbai,19.1940346300819,72.8257561606587,Semi-Furnished,Apartment,0,38,10,Resale,Under Construction,,Transcon Developers and Sheth Creators
Sunshine Hills,3000000,432,1,1,Vasai,Mumbai,19.3914260104194,72.8285855834131,Furnished,Apartment,0,34,6,Resale,Ready to Move,,Shantee Homes Realty LLP
Kanakia Sevens,22500000,954,2,2,Marol,Mumbai,19.1169810025439,72.8801253056097,Unfurnished,Apartment,0,15,8,Resale,Ready to Move,,Kanakia Spaces Realty Pvt. Ltd.
Omkar Alta Monte,37500000,1301,3,3,Malad East,Mumbai,19.1848724519187,72.8629697025013,Semi-Furnished,Apartment,0,8,9,Resale,Ready to Move,,Omkar Realtors and Developers Pvt. Ltd.
Omkar Alta Monte,32500000,1210,3,3,Malad East,Mumbai,19.1848724519187,72.8629697025013,Unfurnished,Apartment,0,8,9,Resale,Ready to Move,,Omkar Realtors and Developers Pvt. Ltd.
Omkar Ananta,14500000,785,2,2,Goregaon East,Mumbai,19.1562110822264,72.8758090633208,Unfurnished,Apartment,0,17,9,Resale,Ready to Move,,Omkar Realtors and Developers Pvt. Ltd.
Oberoi Springs,50000000,792,3,2,Andheri West,Mumbai,19.1373697481266,72.8257229439874,Semi-Furnished,Apartment,0,51,10,Resale,Ready to Move,,Oberoi Realty Ltd.
Joy Callista,17000000,576,1,1,Andheri East,Mumbai,19.1154908,72.8726952,Unfurnished,Apartment,0,35,10,Resale,Ready to Move,,Joy and Sayla Realtors
Ajmera Zeon,34500000,1066,2,2,Wadala,Mumbai,19.012216203088,72.8604594318626,Semi-Furnished,Apartment,0,33,5,Resale,Ready to Move,,Ajmera Group
Acme Stadium View,22000000,619,2,2,Andheri West,Mumbai,19.1373697481266,72.8257229439874,Unfurnished,Apartment,0,28,10,Resale,Ready to Move,,Acme Group
Rivali Park,43000000,1296,3,3,Borivali East,Mumbai,19.2272619069866,72.8634397272398,Furnished,Apartment,0,23,10,Resale,Ready to Move,,CCI Projects Pvt. Ltd.
Evershine Millenium Paradise,18000000,583,2,2,Kandivali East,Mumbai,19.2050017,72.8692711,Unfurnished,Apartment,0,19,10,Resale,Ready to Move,,Evershine Builders
DLH Orchid,33980000,864,3,2,Andheri West,Mumbai,19.1373697481266,72.8257229439874,Semi-Furnished,Apartment,0,26,10,Resale,Ready to Move,,DLH Developers
Bhoomi Acropolis,4100000,576,2,2,Virar West,Mumbai,19.4638767047594,72.7822993572118,Semi-Furnished,Apartment,0,27,8,Resale,Ready to Move,,Bhoomi Properties
SKD Pinnacolo,12000000,713,2,2,Mira Road Area,Mumbai,19.2829267647424,72.8627883689306,Unfurnished,Apartment,0,12,8,Resale,Ready to Move,,SKD Realty LLP
Raheja Sherwood,20500000,727,2,2,Goregaon East,Mumbai,19.1562110822264,72.8758090633208,Unfurnished,Apartment,0,23,9,Resale,Ready to Move,,Raheja Universal (Pvt.) Ltd.
Raheja Vista,34500000,1296,3,3,Raheja Vihar,Mumbai,19.1188965388499,72.8949697966039,Semi-Furnished,Apartment,0,16,0,Resale,Ready to Move,,K Raheja Corp
Dsk Madhuban,16500000,762,2,2,Andheri East,Mumbai,19.1154908,72.8726952,Unfurnished,Apartment,0,29,10,Resale,Ready to Move,,D.S. Kulkarni & Associates
Raheja Reflection,19500000,598,2,2,Kandivali East,Mumbai,19.2050017,72.8692711,Semi-Furnished,Apartment,0,19,10,Resale,Ready to Move,,Raheja Universal Pvt. Ltd.
Videocon Tower,28000000,997,3,3,Kandivali East,Mumbai,19.2050017,72.8692711,Furnished,Apartment,0,12,10,Resale,Ready to Move,,Videocon Builders
Panchsheel Gardens,21000000,576,2,2,Kandivali West,Mumbai,19.2101312179652,72.8305011930765,Semi-Furnished,Apartment,0,13,9,Resale,Ready to Move,,Dynamix Group
Oberoi Gardens,36500000,932,3,3,Kandivali East,Mumbai,19.2050017,72.8692711,Furnished,Apartment,0,21,10,Resale,Ready to Move,,Oberoi Realty Ltd.
MAYURESH RESIDENCY,10000000,468,1,1,Bhandup West,Mumbai,19.149901,72.931134,Semi-Furnished,Apartment,0,12,8,Resale,Ready to Move,,Mayuresh Group
Veena Saaz,19000000,648,2,2,Kandivali East,Mumbai,19.2050017,72.8692711,Unfurnished,Apartment,0,11,10,Resale,Ready to Move,,Veena Developers
Dheeraj Platinum Apartment,10500000,477,2,2,Malad West,Mumbai,19.1940346300819,72.8257561606587,Semi-Furnished,Apartment,0,11,10,Resale,Ready to Move,,Housing Development & Infrastructure Ltd.
China Link Apartment,14000000,468,2,2,Malad West,Mumbai,19.1940346300819,72.8257561606587,Semi-Furnished,Apartment,0,0,10,Resale,Ready to Move,,Unknown
Blueberry Apartment,13500000,598,2,2,Malad West,Mumbai,19.1940346300819,72.8257561606587,Furnished,Apartment,0,0,10,Resale,Ready to Move,,Unknown
Atul Blue Horizon II,16000000,648,2,2,Malad West,Mumbai,19.1940346300819,72.8257561606587,Semi-Furnished,Apartment,0,0,10,Resale,Ready to Move,,Unknown
Mahaveer Apartments,33000000,734,2,2,Malad East,Mumbai,19.1848724519187,72.8629697025013,Semi-Furnished,Apartment,0,0,9,Resale,Ready to Move,,Unknown
Pushpa Kunj,30000000,713,2,2,Mahim,Mumbai,19.0388120275329,72.8419652875755,Furnished,Apartment,0,0,6,Resale,Ready to Move,,Tulsidas Developer
HDIL Premier Residences,11000000,482,1,1,Kurla West,Mumbai,19.077063,72.8840395,Furnished,Apartment,0,8,10,Resale,Ready to Move,,Housing Development & Infrastructure Ltd.
Nandanvan Jay Salpadavi CHS,19500000,670,2,2,Mulund West,Mumbai,19.1749536837097,72.943103519999,Furnished,Apartment,0,0,10,Resale,Ready to Move,,Cooperative Group Housing Society
Nandanvan Jay Salpadavi CHS,18000000,585,2,1,Mulund West,Mumbai,19.1749536837097,72.943103519999,Unfurnished,Apartment,0,0,10,Resale,Ready to Move,,Cooperative Group Housing Society
KJ Takshashila,22000000,972,3,3,Mulund West,Mumbai,19.1749536837097,72.943103519999,Unfurnished,Apartment,0,12,10,Resale,Ready to Move,,Kamal Joshi Group
Highland Park,8300000,396,1,2,Mulund West,Mumbai,19.1749536837097,72.943103519999,Semi-Furnished,Apartment,0,7,10,Resale,Ready to Move,,Siddhi Developers
Highland Park,8000000,324,1,2,Mulund West,Mumbai,19.1749536837097,72.943103519999,Unfurnished,Apartment,0,7,10,Resale,Ready to Move,,Siddhi Developers
Highland Park,12500000,619,2,2,Mulund West,Mumbai,19.1749536837097,72.943103519999,Semi-Furnished,Apartment,0,7,10,Resale,Ready to Move,,Siddhi Developers
Highland Park,13000000,605,2,2,Jai Shastri Nagar,Mumbai,19.1718616138142,72.9326637860142,Semi-Furnished,Apartment,0,7,0,Resale,Ready to Move,,Siddhi Developers
Highland Park,10000000,414,1,1,Mulund West,Mumbai,19.1749536837097,72.943103519999,Semi-Furnished,Apartment,0,7,10,Resale,Ready to Move,,Siddhi Developers
Highland Park,8800000,432,2,1,Jai Shastri Nagar,Mumbai,19.1718616138142,72.9326637860142,Unfurnished,Apartment,0,7,0,Resale,Ready to Move,,Siddhi Developers
Ekta Apartment,9900000,346,1,1,Mulund West,Mumbai,19.1749536837097,72.943103519999,Semi-Furnished,Apartment,0,0,10,Resale,Ready to Move,,Unknown
Unkown,19000000,691,3,2,,Mumbai,,,Semi-Furnished,Apartment,0,0,0,Resale,Ready to Move,,Unknown
Guru Jyot Building,17000000,601,2,2,Mulund East,Mumbai,19.1531029501285,72.9678051455382,Semi-Furnished,Apartment,0,0,5,Resale,Ready to Move,,Unknown
Prathamesh Heritage,9200000,738,2,2,Mira Road Area,Mumbai,19.2829267647424,72.8627883689306,Unfurnished,Apartment,0,0,8,Resale,Ready to Move,,Unknown
Sea Mist,14500000,634,2,2,Kandivali West,Mumbai,19.2101312179652,72.8305011930765,Furnished,Apartment,0,0,9,Resale,Ready to Move,,Ahuja Constructions
Aman Spring,9000000,325,1,2,Kandivali West,Mumbai,19.2101312179652,72.8305011930765,Furnished,Apartment,0,6,9,Resale,Ready to Move,,Amann Infradevelopment Ltd.
Aman Spring,9000000,475,1,2,Kandivali West,Mumbai,19.2101312179652,72.8305011930765,Furnished,Apartment,0,6,9,Resale,Ready to Move,,Amann Infradevelopment Ltd.
Lokhandwala Spring Leaf,7500000,263,1,1,Kandivali East,Mumbai,19.2050017,72.8692711,Furnished,Apartment,0,22,10,Resale,Ready to Move,,Lokhandwala Construction Industries Pvt. Ltd.
Gokul Avenue Apartment,13500000,474,2,2,Kandivali East,Mumbai,19.2050017,72.8692711,Semi-Furnished,Apartment,0,5,10,Resale,Ready to Move,,Surya Constructions
Ambika Darshan,9100000,418,1,2,Kandivali East,Mumbai,19.2050017,72.8692711,Unfurnished,Apartment,0,0,10,Resale,Ready to Move,,Unknown
JP Chalet Amar,45000000,756,3,2,Juhu,Mumbai,19.098267753993,72.8335140160125,Semi-Furnished,Apartment,0,0,9,Resale,Ready to Move,,Unknown
SMGK Associates Residency,17500000,752,2,2,Jogeshwari West,Mumbai,19.1438823857409,72.8427830413067,Semi-Furnished,Apartment,0,12,10,Resale,Ready to Move,,SMGK Group
Mohini Heights,110000000,2520,5,5,Khar West,Mumbai,19.0699335919407,72.8363080829478,Unfurnished,Apartment,0,12,6,Resale,Ready to Move,,Mohini Sheltors Pvt. Ltd.
Marve Queen,7200000,396,1,1,Kharodi,Mumbai,19.1959084380303,72.8193425711945,Semi-Furnished,Apartment,0,0,0,Resale,Ready to Move,,Unknown
Unkown,7500000,544,2,2,Mira Road Area,Mumbai,19.2829267647424,72.8627883689306,Unfurnished,Apartment,0,0,8,Resale,Ready to Move,,Unknown
Unkown,10000000,881,2,2,RPF Colony,Mumbai,19.0687751520556,72.8457875449018,Semi-Furnished,Apartment,0,0,0,Resale,Ready to Move,,Unknown
Unkown,36000000,835,2,2,,Mumbai,,,Furnished,Apartment,0,0,0,Resale,Ready to Move,,Unknown
Unkown,15000000,734,2,2,Sarvodaya Nagar Bhandup West,Mumbai,19.1492503912388,72.9289712831817,Furnished,Apartment,0,0,0,Resale,Ready to Move,,Unknown
Unkown,9700000,378,1,1,Mandapeshwar,Mumbai,19.24806,72.85539,Furnished,Apartment,0,0,0,Resale,Ready to Move,,Unknown
Unkown,15000000,360,1,1,Vakola,Mumbai,19.0794899226775,72.8542218874446,Furnished,Apartment,0,0,4,Resale,Ready to Move,,Unknown
Unkown,15000000,565,2,2,,Mumbai,,,Unfurnished,Apartment,0,0,0,Resale,Ready to Move,,Unknown
Unkown,18500000,852,2,2,Laxmi Nagar Goregaon West,Mumbai,19.1616,72.83262,Unfurnished,Apartment,0,0,1,Resale,Under Construction,,Unknown
Unkown,10500000,518,2,3,,Mumbai,,,Semi-Furnished,Apartment,0,0,0,Resale,Ready to Move,,Unknown
Unkown,4500000,706,2,2,Virar West,Mumbai,19.4638767047594,72.7822993572118,Unfurnished,Apartment,0,0,8,Resale,Ready to Move,,Unknown
Unkown,4500000,331,1,2,Miragaon,Mumbai,19.2744,72.87994,Semi-Furnished,Apartment,0,0,0,Resale,Under Construction,,Unknown
Unkown,3200000,544,1,2,,Mumbai,,,Unfurnished,Apartment,0,0,0,Resale,Ready to Move,,Unknown
Unkown,17000000,554,2,1,Vakola,Mumbai,19.0794899226775,72.8542218874446,Unfurnished,Apartment,0,0,4,Resale,Ready to Move,,Unknown
Unkown,7500000,356,1,2,,Mumbai,,,Semi-Furnished,Apartment,0,0,0,Resale,Ready to Move,,Unknown
Unkown,7250000,410,1,2,Mira Road,Mumbai,19.2824790028886,72.8826767010947,Unfurnished,Apartment,0,0,3,Resale,Ready to Move,,Unknown
Unkown,3550000,199,1,1,Palghar Naigaon East,Mumbai,19.3489277756968,72.8750219955356,Semi-Furnished,Apartment,0,0,4,Resale,Ready to Move,,Unknown
Unkown,3000000,396,1,2,Palghar Naigaon East,Mumbai,19.3489277756968,72.8750219955356,Unfurnished,Apartment,0,0,4,Resale,Ready to Move,,Unknown
DB Ozone,6000000,421,1,2,Mira Road Area,Mumbai,19.2829267647424,72.8627883689306,Unfurnished,Apartment,0,52,8,Resale,Ready to Move,,DB Realty Pvt. Ltd.
DB Ozone,5500000,421,1,2,Mira Road Area,Mumbai,19.2829267647424,72.8627883689306,Unfurnished,Apartment,0,52,8,Resale,Ready to Move,,DB Realty Pvt. Ltd.
Unkown,7100000,414,1,1,Mira Road Area,Mumbai,19.2829267647424,72.8627883689306,Furnished,Apartment,0,0,8,Resale,Ready to Move,,Unknown
Unkown,9900000,654,2,2,Mira Road,Mumbai,19.2824790028886,72.8826767010947,Unfurnished,Apartment,0,0,3,Resale,Ready to Move,,Unknown
Unkown,17000000,475,1,2,Mustafa Bazar,Mumbai,18.97337,72.83723,Semi-Furnished,Apartment,0,0,0,Resale,Ready to Move,,Unknown
Unkown,7500000,230,1,1,Malad West,Mumbai,19.1940346300819,72.8257561606587,Furnished,Apartment,0,0,10,Resale,Ready to Move,,Unknown
Unkown,27600000,648,2,2,Linking Road,Mumbai,19.0746201,72.8342433,Semi-Furnished,Apartment,0,0,2,Resale,Ready to Move,,Unknown
Unkown,27600000,648,2,2,Linking Road,Mumbai,19.0746201,72.8342433,Semi-Furnished,Apartment,0,0,2,Resale,Ready to Move,,Unknown
Unkown,13900000,619,2,2,Goregaon East,Mumbai,19.1562110822264,72.8758090633208,Furnished,Apartment,0,0,9,Resale,Ready to Move,,Unknown
Unkown,16900000,490,1,2,Mustafa Bazar,Mumbai,18.97337,72.83723,Unfurnished,Apartment,0,0,0,Resale,Ready to Move,,Unknown
Unkown,19500000,662,2,2,,Mumbai,,,Unfurnished,Apartment,0,0,0,Resale,Ready to Move,,Unknown
Unkown,12500000,407,1,1,Ghatkopar West,Mumbai,19.0908063,72.9076669,Semi-Furnished,Apartment,0,0,10,Resale,Ready to Move,,Unknown
Unkown,27500000,756,2,2,Juhu Tara Road,Mumbai,19.0920638740885,72.8280432572397,Unfurnished,Apartment,0,0,2,Resale,Ready to Move,,Unknown
Neptune Ventures Eastern Business District,11000000,873,,2,Bhandup West,Mumbai,19.149901,72.931134,Furnished,Commercial Office Space,0,14,8,Resale,Ready to Move,1 Covered,Neptune Ventures & Developers Pvt. Ltd.
Aplite Sapphire,28890000,642,2,2,Tardeo,Mumbai,18.9693555488714,72.8133774658556,Unfurnished,Apartment,0,0,7,New Property,Under Construction,,Aplite Group
Neelyog Veydaanta,14000000,644,2,2,Ghatkopar West,Mumbai,19.0908063,72.9076669,Furnished,Apartment,0,12,10,Resale,Ready to Move,,Neelyog Builders Pvt. Ltd.
Rustomjee Stella,22000000,535,2,2,Kherwadi,Mumbai,19.0610164691352,72.8445094700797,Semi-Furnished,Apartment,0,41,2,Resale,Under Construction,,Rustomjee
Sunteck Gilbird,20000000,703,2,2,Andheri West,Mumbai,19.1373697481266,72.8257229439874,Semi-Furnished,Apartment,0,17,10,Resale,Ready to Move,1 Covered,Sunteck Realty Ltd.
Unkown,40000000,580,2,2,,Mumbai,,,Semi-Furnished,Apartment,0,0,0,Resale,Ready to Move,,Unknown
Vasant Valley Complex,19600000,750,2,2,Malad East,Mumbai,19.1848724519187,72.8629697025013,Semi-Furnished,Apartment,0,14,9,Resale,Ready to Move,,Sheth Creators Pvt. Ltd.
L & T The Gateway,114800000,1980,4,5,Sewri,Mumbai,18.9920224182449,72.8537565266891,Semi-Furnished,Apartment,0,17,6,New Property,Under Construction,,L & T Realty
Gurukrupa Marina Enclave,19000000,818,3,3,Jankalyan Nagar,Mumbai,19.2012375699134,72.8198116611225,Unfurnished,Apartment,0,37,4,New Property,Ready to Move,"1 Covered, 1 Open",Gurukrupa Group
Unkown,45000000,700,2,2,Bandra West,Mumbai,19.055229,72.830829,Semi-Furnished,Apartment,1,0,9,Resale,Ready to Move,1 Open,Unknown
SD Aquila at Sarova,65900000,2200,5,5,Kandivali East,Mumbai,19.2050017,72.8692711,Unfurnished,Penthouse,0,20,10,Resale,Under Construction,,SD Corporation Pvt. Ltd.
House of Hiranandani,105307500,2217,4,3,Chembur,Mumbai,19.0459181155422,72.8975231581492,Unfurnished,Apartment,0,0,10,New Property,Under Construction,3 Covered,House of Hiranandani
Chandak Stella,33300000,880,3,3,Udyog Nagar,Mumbai,19.1726372586065,72.8468506629469,Semi-Furnished,Apartment,0,10,0,Resale,Ready to Move,1 Covered,Chandak Group
Chandak Highscape City,25440000,848,3,3,Tata Colony BPCL Colony,Mumbai,19.03733127,72.90278815,Unfurnished,Apartment,1,30,0,New Property,Under Construction,1 Covered,Chandak Group
Unkown,25000000,500,,1,Chakala,Mumbai,19.1105611385167,72.8576871585438,Furnished,Commercial Office Space,0,0,7,Resale,Ready to Move,1 Covered,Unknown
Mahindra Vivante,49500000,1290,3,3,Chakala,Mumbai,19.1105611385167,72.8576871585438,Furnished,Apartment,0,35,7,Resale,Ready to Move,2 Covered,Mahindra Lifespace Developers Ltd.
Dynamix Luma,24900000,795,2,2,Andheri East,Mumbai,19.1154908,72.8726952,Unfurnished,Apartment,0,8,10,New Property,Under Construction,1 Covered,Dynamix Group
Ekta Tripolis,38000000,1084,3,3,Goregaon West,Mumbai,19.1630920855215,72.8398088005091,Furnished,Apartment,0,11,10,Resale,Ready to Move,,Ekta World
Unkown,85000000,2000,4,4,Siddharth Nagar Goregaon West,Mumbai,19.15978193,72.84234796,Furnished,Villa,0,0,3,Resale,Ready to Move,,Unknown
Lake Lucerne,71500000,1650,4,4,Powai,Mumbai,19.1196773,72.9050809,Semi-Furnished,Apartment,0,26,10,Resale,Ready to Move,"1 Covered, 1 Open",Ekta World
Lakshchandi Height,39500000,1255,3,3,Gokuldham Colony Goregaon East,Mumbai,19.1729755212444,72.8716991438016,Furnished,Apartment,1,18,2,Resale,Ready to Move,2 Covered,Goyal Properties and Builders
Silver Anklet Apartment,15000000,500,1,2,Sai Nagar Versova,Mumbai,19.1383282944161,72.8084454624003,Semi-Furnished,Apartment,0,0,0,Resale,Ready to Move,1 Open,Unknown
Shreenath Darshan,70000000,1100,3,3,Borivali West,Mumbai,19.2335321,72.839198,Unfurnished,Apartment,0,0,10,New Property,Ready to Move,,Atul Projects
Unkown,52500000,1380,3,3,Prabhadevi,Mumbai,19.0158585103406,72.8295254470428,Unfurnished,Apartment,0,0,6,New Property,Ready to Move,1 Covered,Unknown
L&T Elixir Reserve,69900000,1236,3,3,Chandivali,Mumbai,19.1104892624542,72.899191014387,Semi-Furnished,Apartment,1,15,8,Resale,Ready to Move,2 Covered,L & T Realty
Unkown,38000000,840,3,3,Vile Parle,Mumbai,19.0945678932926,72.8616060335919,Semi-Furnished,Apartment,0,0,11,New Property,Ready to Move,1 Covered,Unknown
Unkown,36000000,675,2,2,,Mumbai,,,Semi-Furnished,Apartment,0,0,0,Resale,Ready to Move,,Unknown
66 Avenue,23500000,740,2,2,Chinchpada,Mumbai,19.22852,72.86008,Unfurnished,Apartment,0,0,1,Resale,Ready to Move,1 Covered,Parshwa Developers
Unkown,17500000,600,2,2,Babhai Naka,Mumbai,19.226466,72.846721,Semi-Furnished,Apartment,0,0,1,Resale,Ready to Move,,Unknown
Paradigm Artteza,78500000,1356,4,4,Santacruz West,Mumbai,19.0812559812257,72.8376604906028,Unfurnished,Apartment,0,11,7,New Property,Ready to Move,,Paradigm Realty
Wadhwa Anmol Tower,22000000,,2,2,Goregaon West,Mumbai,19.1630920855215,72.8398088005091,Unfurnished,Apartment,0,29,10,Resale,Ready to Move,,The Wadhwa Group
Wadhwa Anmol Tower,21000000,,2,2,Goregaon West,Mumbai,19.1630920855215,72.8398088005091,Unfurnished,Apartment,0,29,10,Resale,Ready to Move,,The Wadhwa Group
Zee Heights,30000000,513,2,2,Vile Parle East,Mumbai,19.10046297,72.84924449,Semi-Furnished,Apartment,0,12,10,Resale,Ready to Move,,Zee Infra Group
K Raheja Interface Heights,17000000,,2,2,Malad West,Mumbai,19.1940346300819,72.8257561606587,Unfurnished,Apartment,0,18,10,Resale,Ready to Move,,K Raheja Realty
Shree Mahalaxmi Complex,1800000,306,1,1,Virar East,Mumbai,19.4652899784439,72.8189990617033,Semi-Furnished,Apartment,0,4,7,Resale,Ready to Move,,Nilay Developers
HDIL Residency Park,3800000,511,2,2,Virar West,Mumbai,19.4638767047594,72.7822993572118,Unfurnished,Apartment,0,0,8,Resale,Ready to Move,,HDIL
Raj Ek Jyot Sukriti,10700000,324,1,1,Chembur,Mumbai,19.0459181155422,72.8975231581492,Semi-Furnished,Apartment,0,6,10,Resale,Ready to Move,,Sadguna Realty
SN Medtiya Raviraj,4700000,464,1,1,Mira Road Area,Mumbai,19.2829267647424,72.8627883689306,Unfurnished,Apartment,0,3,8,Resale,Ready to Move,,S N Builder
M Baria Grace,2750000,446,1,1,Virar East,Mumbai,19.4652899784439,72.8189990617033,Semi-Furnished,Apartment,0,0,7,Resale,Ready to Move,,M. Baria Group
Hermitage Complex,7000000,423,1,2,Dahisar East,Mumbai,19.2530390003417,72.8684258373265,Unfurnished,Apartment,0,18,9,Resale,Ready to Move,,Kotharis Construction
Runwal Hills,18500000,684,2,2,Chembur,Mumbai,19.0459181155422,72.8975231581492,Semi-Furnished,Apartment,0,6,10,Resale,Ready to Move,,Runwal Group
Summit Apartment,15000000,900,3,3,Goregaon East,Mumbai,19.1562110822264,72.8758090633208,Semi-Furnished,Apartment,0,27,9,Resale,Ready to Move,,Royal Palms
New Surya CHS,4000000,342,1,1,Bhayandar East,Mumbai,19.3096844760714,72.8623193046283,Unfurnished,Apartment,0,0,5,Resale,Ready to Move,,Cooperative Group Housing Society
Usha Nagar Society,13500000,648,2,2,Bhandup West,Mumbai,19.149901,72.931134,Unfurnished,Apartment,0,0,8,Resale,Ready to Move,,Unknown
Akashdeep CHS,8000000,317,1,1,Ghatkopar West,Mumbai,19.0908063,72.9076669,Semi-Furnished,Apartment,0,0,10,Resale,Ready to Move,,Cooperative Group Housing Society
Horizon,55000000,1134,3,3,Dadar West,Mumbai,19.0200667964879,72.8380779661804,Furnished,Apartment,0,12,9,Resale,Ready to Move,,Zara Habitats Llp
Galaxy Apartment,8000000,468,1,2,Kurla East,Mumbai,19.0615645059118,72.880543263673,Unfurnished,Apartment,0,15,1,Resale,Ready to Move,,HOUSING DEVELOPMENT AND INFRASTRUCTURE LTD
Omkar Apartment,5500000,198,1,1,Bhandup East,Mumbai,19.1401705,72.9431038,Unfurnished,Apartment,0,4,5,Resale,Ready to Move,,Unknown
Videocon Icon,37500000,792,2,2,Bandra West,Mumbai,19.055229,72.830829,Unfurnished,Apartment,0,0,9,Resale,Ready to Move,,Unknown
Amita CHS,12500000,428,1,1,Andheri East,Mumbai,19.1154908,72.8726952,Unfurnished,Apartment,0,17,10,Resale,Ready to Move,,Amita Builders
Vidyut Sagar Apartment,8200000,360,1,1,Kurla East,Mumbai,19.0615645059118,72.880543263673,Unfurnished,Apartment,0,0,1,Resale,Ready to Move,,Unknown
Unkown,16500000,530,2,2,Chembur West,Mumbai,19.0672495723847,72.9017592132068,Furnished,Apartment,0,0,2,Resale,Ready to Move,,Unknown
Yogi Paradise,27500000,788,3,3,Borivali West,Mumbai,19.2335321,72.839198,Furnished,Apartment,0,7,10,Resale,Ready to Move,,Yogi Developers
Royal Plaza,2500000,396,1,1,Nala Sopara,Mumbai,19.4196344986519,72.8081166617887,Unfurnished,Apartment,0,13,8,Resale,Ready to Move,,Royal Home Constructions
Ajmera Aeon,47000000,1597,3,3,Wadala,Mumbai,19.012216203088,72.8604594318626,Semi-Furnished,Apartment,0,26,5,Resale,Ready to Move,,Ajmera Realty
Kiran Tower,18500000,756,2,2,Malad West,Mumbai,19.1940346300819,72.8257561606587,Unfurnished,Apartment,0,22,10,Resale,Ready to Move,,Anjali Constructions
Hdil Galaxy Apartment,8200000,468,1,2,Kurla East,Mumbai,19.0615645059118,72.880543263673,Semi-Furnished,Apartment,0,20,1,Resale,Ready to Move,,HDIL
Indraprastha Regency,12500000,504,2,2,Goregaon West,Mumbai,19.1630920855215,72.8398088005091,Semi-Furnished,Apartment,0,11,10,Resale,Ready to Move,,Haware Group
Jangid Complex,7000000,378,1,1,Mira Road Area,Mumbai,19.2829267647424,72.8627883689306,Unfurnished,Apartment,0,25,8,Resale,Ready to Move,,Diya Isabelle Trading Co Llp
Sheetal Dham,3400000,469,1,1,Vasai East,Mumbai,19.39954,72.8604165,Unfurnished,Apartment,0,14,6,Resale,Ready to Move,,DGS Group
Jamanagar CHSL,62500000,1180,3,3,JVPD Scheme,Mumbai,19.108097,72.832259,Furnished,Apartment,0,0,5,Resale,Ready to Move,2 Covered,Unknown
Sangam Lifespaces Veda,19000000,613,2,2,Andheri East,Mumbai,19.1154908,72.8726952,Semi-Furnished,Apartment,0,18,10,Resale,Ready to Move,,Sangam Lifespaces Ltd.
Wadhwa Atmosphere,20000000,663,2,2,Mulund West,Mumbai,19.1749536837097,72.943103519999,Unfurnished,Apartment,0,12,10,Resale,Ready to Move,,The Wadhwa Group
Lata Soni CHS,36000000,825,3,3,Pali Naka,Mumbai,19.062763,72.829181,Semi-Furnished,Apartment,0,0,0,Resale,Ready to Move,1 Open,Cooperative Group Housing Society
Raheja Acropolis,26500000,800,2,2,Deonar Govandi East,Mumbai,19.0554764325778,72.9194685725362,Unfurnished,Apartment,0,0,3,Resale,Ready to Move,,Raheja Universal Pvt. Ltd.
Akruti Erica,44500000,1275,3,3,Vile Parle East,Mumbai,19.10046297,72.84924449,Furnished,Apartment,0,9,10,Resale,Ready to Move,,Akruti Group
Unkown,32500000,740,,1,New Link Road,Mumbai,19.163588274983,72.834765523896,Unfurnished,Commercial Office Space,0,0,0,Resale,Ready to Move,1 Open,Unknown
Shri Ganesh Royal Altezza,45600000,1220,3,3,Vallabh Baug Lane,Mumbai,19.078889165015,72.9093389926815,Unfurnished,Apartment,0,11,0,New Property,Ready to Move,,Shri Ganesh Developers
Abrol Avirahi Heights,22000000,1100,3,3,Malad West,Mumbai,19.1940346300819,72.8257561606587,Unfurnished,Apartment,0,28,10,Resale,Ready to Move,1 Covered,Abrol Builders
K Raheja Residency,14500000,470,1,1,Malad East,Mumbai,19.1848724519187,72.8629697025013,Unfurnished,Apartment,0,45,9,Resale,Ready to Move,1 Covered,K. Raheja Realty
Raheja Acropolis,26000000,800,2,2,Chembur East,Mumbai,19.0611638862632,72.8948410560158,Semi-Furnished,Apartment,0,16,2,Resale,Ready to Move,1 Open,Raheja Universal Pvt. Ltd.
Oberoi Esquire,82500000,1367,3,4,Gokuldham Colony Goregaon East,Mumbai,19.1729755212444,72.8716991438016,Semi-Furnished,Apartment,0,18,2,Resale,Ready to Move,2 Covered,Oberoi Realty Ltd.
Rustomjee Paramount,58000000,888,2,3,Khar West,Mumbai,19.0699335919407,72.8363080829478,Semi-Furnished,Apartment,0,17,6,Resale,Ready to Move,,Rustomjee
Chandak Treesourus,40699879,1019,3,3,Malad West,Mumbai,19.1940346300819,72.8257561606587,Unfurnished,Apartment,1,9,10,New Property,Under Construction,1 Covered,Chandak Group
Unkown,66000000,1935,5,5,Goregaon East,Mumbai,19.1562110822264,72.8758090633208,Semi-Furnished,Apartment,0,0,9,Resale,Ready to Move,2 Covered,Unknown
Unkown,43000000,1000,,2,Laxmi Industrial Estate,Mumbai,19.13537,72.8293,Unfurnished,Commercial Office Space,0,0,1,New Property,Ready to Move,1 Covered,Unknown
JSB Nakshatra Veda,6500000,647,2,2,Vasai East,Mumbai,19.39954,72.8604165,Semi-Furnished,Apartment,1,5,6,Resale,Ready to Move,1 Open,JSB Group
Unkown,88500000,1406,3,3,Juhu,Mumbai,19.098267753993,72.8335140160125,Semi-Furnished,Apartment,0,0,9,Resale,Under Construction,2 Covered,Unknown
Pariwar CHS,8750000,445,1,2,Bhandup East,Mumbai,19.1401705,72.9431038,Unfurnished,Apartment,0,0,5,Resale,Ready to Move,,Cooperative Group Housing Society
Raheja Heights,28000000,780,2,2,Dindoshi,Mumbai,19.176919396247,72.8640147409843,Semi-Furnished,Apartment,0,2,1,Resale,Ready to Move,1 Covered,K Raheja Corp
Dreams Complex,11000000,450,1,2,Dina Bama Estate,Mumbai,19.14316,72.93735,Semi-Furnished,Apartment,0,29,0,Resale,Ready to Move,1 Open,Housing Development & Infrastructure Ltd.
Aroma Residency,46000000,765,2,2,Khar West,Mumbai,19.0699335919407,72.8363080829478,Unfurnished,Apartment,0,0,6,Resale,Ready to Move,,Divine Space
K Raheja Interface Heights,33000000,1100,3,3,Malad West,Mumbai,19.1940346300819,72.8257561606587,Unfurnished,Apartment,0,18,10,New Property,Ready to Move,,K Raheja Realty
Unkown,9625000,430,1,2,Borivali West,Mumbai,19.2335321,72.839198,Unfurnished,Apartment,1,0,10,Resale,Ready to Move,,Unknown
Unkown,32500000,900,3,3,Vile Parle East,Mumbai,19.10046297,72.84924449,Unfurnished,Apartment,0,0,10,Resale,Ready to Move,,Unknown
Lodha Fiorenza,110000000,2200,4,6,Goregaon East,Mumbai,19.1562110822264,72.8758090633208,Unfurnished,Apartment,0,20,9,Resale,Ready to Move,3 Covered,Lodha Developers Limited
Unkown,37500000,1309,4,4,Sher E Punjab Society,Mumbai,19.12822,72.86425,Unfurnished,Apartment,0,0,2,Resale,Ready to Move,1 Open,Unknown
Mystique Rose Apartment,47000000,813,2,2,Santacruz West,Mumbai,19.0812559812257,72.8376604906028,Semi-Furnished,Apartment,0,0,7,Resale,Ready to Move,1 Covered,Unknown
Sugee Marina Bay,200000000,1807,3,4,Worli,Mumbai,19.0036486667054,72.8175254882335,Semi-Furnished,Apartment,0,14,10,Resale,Ready to Move,2 Covered,Sugee
Jaydeep Prathamesh View Residency,8700000,450,1,2,Bhandup West,Mumbai,19.149901,72.931134,Unfurnished,Apartment,0,22,8,Resale,Ready to Move,1 Covered,Jaydeep Group
Unkown,77500000,1908,4,4,Andheri East,Mumbai,19.1154908,72.8726952,Semi-Furnished,Apartment,0,0,10,Resale,Ready to Move,,Unknown
Unkown,17200000,694,2,2,Chandivali,Mumbai,19.1104892624542,72.899191014387,Semi-Furnished,Apartment,0,0,8,Resale,Ready to Move,,Unknown
Runwal Greens,42000000,1469,3,4,Mulund West,Mumbai,19.1749536837097,72.943103519999,Furnished,Apartment,0,58,10,Resale,Ready to Move,,Runwal Group
Runwal Greens,33000000,1217,3,3,Mulund West,Mumbai,19.1749536837097,72.943103519999,Semi-Furnished,Apartment,0,58,10,Resale,Ready to Move,,Runwal Group
Runwal Greens,41000000,1555,3,5,Mulund West,Mumbai,19.1749536837097,72.943103519999,Furnished,Apartment,0,58,10,Resale,Ready to Move,,Runwal Group
DB Orchid Woods,54900000,1775,4,4,Gokuldham Colony Goregaon East,Mumbai,19.1729755212444,72.8716991438016,Semi-Furnished,Apartment,0,48,2,Resale,Ready to Move,,DB Realty Pvt. Ltd.
DB Orchid Woods,86500000,1847,4,4,Goregaon East,Mumbai,19.1562110822264,72.8758090633208,Furnished,Apartment,0,48,9,Resale,Ready to Move,,DB Realty Pvt. Ltd.
Unkown,5200000,518,2,2,,Mumbai,,,Unfurnished,Apartment,0,0,0,Resale,Ready to Move,,Unknown
Unkown,8900000,601,2,2,,Mumbai,,,Semi-Furnished,Apartment,0,0,0,Resale,Ready to Move,,Unknown
Unkown,6600000,454,1,2,Mira Road,Mumbai,19.2824790028886,72.8826767010947,Semi-Furnished,Apartment,0,0,3,Resale,Ready to Move,,Unknown
Unkown,22500000,619,2,2,Ghatkopar East,Mumbai,19.07907,72.907976,Semi-Furnished,Apartment,0,0,9,Resale,Ready to Move,,Unknown
Unkown,23000000,896,2,2,Ghatkopar East,Mumbai,19.07907,72.907976,Semi-Furnished,Apartment,0,0,9,Resale,Ready to Move,,Unknown
Unkown,29000000,979,2,2,Ghatkopar,Mumbai,19.0790315269233,72.9079878628838,Furnished,Apartment,0,0,10,Resale,Ready to Move,,Unknown
Unkown,12500000,576,2,2,Film City Road,Mumbai,19.16541848,72.87834747,Furnished,Apartment,0,0,2,Resale,Ready to Move,,Unknown
Unkown,19200000,684,2,2,Goregaon East,Mumbai,19.1562110822264,72.8758090633208,Semi-Furnished,Apartment,0,0,9,Resale,Ready to Move,,Unknown
Unkown,15500000,612,2,2,Film City Road,Mumbai,19.16541848,72.87834747,Furnished,Apartment,0,0,2,Resale,Ready to Move,,Unknown
Unkown,12500000,497,1,2,,Mumbai,,,Semi-Furnished,Apartment,0,0,0,Resale,Ready to Move,,Unknown
Unkown,7000000,504,1,1,,Mumbai,,,Unfurnished,Apartment,0,0,0,Resale,Ready to Move,,Unknown
Unkown,4200000,396,1,2,,Mumbai,,,Unfurnished,Apartment,0,0,0,Resale,Ready to Move,,Unknown
Unkown,18000000,778,2,2,Film City Road,Mumbai,19.16541848,72.87834747,Semi-Furnished,Apartment,0,0,2,Resale,Ready to Move,,Unknown
Unkown,18500000,852,2,2,,Mumbai,,,Semi-Furnished,Apartment,0,0,0,Resale,Ready to Move,,Unknown
Unkown,4700000,684,2,2,,Mumbai,,,Unfurnished,Apartment,0,0,0,Resale,Ready to Move,,Unknown
Unkown,5200000,504,2,2,,Mumbai,,,Unfurnished,Apartment,0,0,0,Resale,Ready to Move,,Unknown
Unkown,36000000,900,2,2,,Mumbai,,,Semi-Furnished,Apartment,0,0,0,Resale,Ready to Move,,Unknown
Unkown,13000000,432,2,2,Goregaon West,Mumbai,19.1630920855215,72.8398088005091,Furnished,Apartment,0,0,10,Resale,Ready to Move,,Unknown
Unkown,25000000,828,2,2,Goregaon East,Mumbai,19.1562110822264,72.8758090633208,Semi-Furnished,Apartment,0,0,9,Resale,Ready to Move,,Unknown
Unkown,4900000,450,1,1,,Mumbai,,,Semi-Furnished,Apartment,0,0,0,Resale,Ready to Move,,Unknown
Unkown,7500000,324,1,1,Vahatuk Nagar,Mumbai,19.1300716,72.84391616,Unfurnished,Apartment,0,0,0,Resale,Ready to Move,,Unknown
Unkown,20000000,792,2,2,,Mumbai,,,Furnished,Apartment,0,0,0,Resale,Ready to Move,,Unknown
Unkown,10000000,317,1,1,Kandivali West,Mumbai,19.2101312179652,72.8305011930765,Semi-Furnished,Apartment,0,0,9,Resale,Ready to Move,,Unknown
Godrej Reserve,79000000,2033,4,4,Kandivali East,Mumbai,19.2050017,72.8692711,Unfurnished,Apartment,0,9,10,New Property,Jun '30,,Godrej Properties
Chandak Vansham,56300000,1149,3,2,Vile Parle West,Mumbai,19.1093928395446,72.8369701399986,Unfurnished,Apartment,0,5,8,New Property,Dec '31,,Chandak Group
The Address by GS Wadala,42089000,1313,3,4,Wadala,Mumbai,19.012216203088,72.8604594318626,Unfurnished,Apartment,0,14,5,New Property,Mar '31,,Raymond Realty
Celestial Meadows,74000000,1722,4,4,Girgaon,Mumbai,18.9567919804138,72.8192909983038,Unfurnished,Apartment,0,7,4,New Property,Mar '27,,Celestial Globe
Arkade vistas,32255000,1060,3,3,Goregaon East,Mumbai,19.1562110822264,72.8758090633208,Unfurnished,Apartment,0,0,9,New Property,Dec '27,,Arkade Group
Godrej Sky Shore,140888000,2645,4,3,Andheri West,Mumbai,19.1373697481266,72.8257229439874,Unfurnished,Apartment,0,21,10,New Property,Dec '31,,Godrej Properties Ltd.
Sushanku Avenue 37,25400000,,4,3,Goregaon West,Mumbai,19.1630920855215,72.8398088005091,Unfurnished,Apartment,0,9,10,New Property,Dec '27,,Sushanku Realty
Oberoi Splendor,38000000,,2,2,Andheri East,Mumbai,19.1154908,72.8726952,Unfurnished,Apartment,0,31,10,New Property,Ready To Move,,Oberoi Realty Ltd.
Oxford Navrang Atlantis,20350000,636,2,2,Jogeshwari West,Mumbai,19.1438823857409,72.8427830413067,Unfurnished,Apartment,0,3,10,New Property,Jan '29,,Oxford Worldone Realty LLP
Axiom Rudra,24750000,900,3,3,Goregaon West,Mumbai,19.1630920855215,72.8398088005091,Unfurnished,Apartment,0,4,10,New Property,Mar '30,,Axiom Refab Construction India Pvt Ltd
Siddha Sky,24501000,866,3,3,Wadala East,Mumbai,19.0135321429189,72.8602998056272,Unfurnished,Apartment,0,13,2,New Property,Under Construction,,Siddha Group
Nahars Chandi Valley,62000000,1864,3,3,Chandivali,Mumbai,19.1104892624542,72.899191014387,Unfurnished,Apartment,0,7,8,New Property,Dec '30,,Nahar Builders Limited
Godrej Avenue Eleven,300000000,2459,4,4,Mahalakshmi,Mumbai,18.9865617867147,72.8182867539311,Unfurnished,Apartment,0,50,7,New Property,Dec '28,,Godrej Properties
Dove At L And T Realty Elixir Reserve,77559000,2000,4,2,Powai,Mumbai,19.1196773,72.9050809,Unfurnished,Apartment,0,6,10,New Property,Aug '28,,L & T Realty
Godrej Vistas,38629000,844,2,2,Vikhroli,Mumbai,19.0880941406031,72.938761427755,Unfurnished,Apartment,0,6,8,New Property,Dec '29,,Godrej Properties
Runwal Pinnacle,18813000,717,2,2,Mulund West,Mumbai,19.1749536837097,72.943103519999,Unfurnished,Apartment,0,11,10,New Property,Jun '27,,Runwal Enterprises
PODDAR HARMONY,12863000,607,2,2,Shramjivi Nagar,Mumbai,19.0632146751842,72.8952285617399,Unfurnished,Apartment,0,5,0,New Property,Jun '28,,Poddar Group
Godrej Trilogy Seafront,166100000,1661,3,2,Worli,Mumbai,19.0036486667054,72.8175254882335,Unfurnished,Apartment,0,27,10,New Property,Dec '34,,Godrej Properties
Rustomjee Ocean Vista,194117000,2521,4,5,Andheri West,Mumbai,19.1373697481266,72.8257229439874,Unfurnished,Apartment,0,10,10,New Property,May '29,,Rustomjee
Gurukrupa Dhyanam,45238000,952,3,3,Andheri West,Mumbai,19.1373697481266,72.8257229439874,Unfurnished,Apartment,0,0,10,New Property,Mar '27,,Gurukrupa Realcon
Multistar Autograph Residency,34190000,968,3,3,Andheri West,Mumbai,19.1373697481266,72.8257229439874,Unfurnished,Apartment,0,0,10,New Property,Dec '30,,Multistar Builders LLP
Kalpataru Amare,181024000,2800,5,3,Juhu,Mumbai,19.098267753993,72.8335140160125,Unfurnished,Apartment,0,5,9,New Property,Dec '27,,Kalpataru Limited
Raymond The Address by GS Bandra,28451000,685,2,2,Bandra East,Mumbai,19.062055421515,72.8541362644682,Unfurnished,Apartment,0,14,10,New Property,Jun '31,,Raymond Realty
Sunteck Sky Park,18965000,1051,3,2,Mira Bhayandar Road,Mumbai,19.285562,72.869204,Unfurnished,Apartment,0,35,1,New Property,Dec '29,,Sunteck Realty Ltd.
JSB Nakshatra Veda,6436000,713,3,3,Vasai East,Mumbai,19.39954,72.8604165,Unfurnished,Apartment,0,5,6,New Property,Dec '27,,JSB Group
Mighty Siddhi Darshan,59500000,1281,3,3,Dadar West,Mumbai,19.0200667964879,72.8380779661804,Unfurnished,Apartment,0,3,9,New Property,Dec '29,,Mighty Engineers Developers and Contractors LLP
Mahindra Rainforest,33840000,,3,2,Bhandup,Mumbai,19.14871992,72.94278085,Unfurnished,Apartment,0,25,9,New Property,Dec '31,,Mahindra Lifespace Developers Ltd.
Mayfair Mira Pride,18069000,1031,3,2,Mira Road Area,Mumbai,19.2829267647424,72.8627883689306,Unfurnished,Apartment,0,14,8,New Property,Under Construction,,Mayfair Housing
Dream Aspire,22390000,713,2,2,Andheri West,Mumbai,19.1373697481266,72.8257229439874,Unfurnished,Apartment,0,5,10,New Property,Dec '26,,Dream India Builders
Chandak Greenairy,23737000,683,2,2,Borivali East,Mumbai,19.2272619069866,72.8634397272398,Unfurnished,Apartment,0,8,10,New Property,Jun '28,,Chandak Group
Unkown,45000000,1440,3,3,,Mumbai,,,Unfurnished,Apartment,0,0,0,Resale,Ready to Move,,Unknown
Rushabh Apartment,4100000,568,2,2,Vasai East,Mumbai,19.39954,72.8604165,Semi-Furnished,Apartment,0,0,6,Resale,Ready to Move,,Unknown
Implosion CHS,10900000,367,1,1,Chembur,Mumbai,19.0459181155422,72.8975231581492,Semi-Furnished,Apartment,0,0,10,Resale,Ready to Move,,Cooperative Group Housing Society
Silver Oak II,8300000,720,2,2,Mira Road Area,Mumbai,19.2829267647424,72.8627883689306,Semi-Furnished,Apartment,0,0,8,Resale,Ready to Move,,Unknown
Silver Oak II,8300000,720,2,2,Mira Road Area,Mumbai,19.2829267647424,72.8627883689306,Unfurnished,Apartment,0,0,8,Resale,Ready to Move,,Unknown
Panchganga CHS,15000000,540,2,2,Sion,Mumbai,19.0446433751251,72.8709840746083,Unfurnished,Apartment,0,0,8,Resale,Ready to Move,,Cooperative Group Housing Society
Redwood Apartments,22500000,972,3,3,Mulund West,Mumbai,19.1749536837097,72.943103519999,Unfurnished,Apartment,0,0,10,Resale,Ready to Move,,Unknown
Ruparel Sky Greens,18500000,605,2,2,Kandivali West,Mumbai,19.2101312179652,72.8305011930765,Semi-Furnished,Apartment,0,20,9,Resale,Under Construction,,Ruparel Realty
Ruparel Sky Greens,16000000,806,2,2,Kandivali West,Mumbai,19.2101312179652,72.8305011930765,Semi-Furnished,Apartment,0,20,9,Resale,Under Construction,,Ruparel Realty
Ruparel Sky Greens,15900000,763,2,2,Dahanukar Wadi,Mumbai,19.2065558879643,72.8389544986292,Unfurnished,Apartment,0,20,5,Resale,Under Construction,,Ruparel Realty
Hiranandani Regent Hill,14500000,274,1,2,Powai,Mumbai,19.1196773,72.9050809,Furnished,Apartment,0,10,10,Resale,Under Construction,,Hiranandani Group
Neelkanth Valley,90000000,1152,3,3,Ghatkopar East,Mumbai,19.07907,72.907976,Furnished,Apartment,0,0,9,Resale,Ready to Move,,Neelkanth Group
Neelkanth Valley,90000000,1584,3,3,Ghatkopar East,Mumbai,19.07907,72.907976,Furnished,Apartment,0,0,9,Resale,Ready to Move,,Neelkanth Group
Mahavir Apartment,39600000,772,2,2,Ghatkopar East,Mumbai,19.07907,72.907976,Semi-Furnished,Apartment,0,0,9,Resale,Ready to Move,,Unknown
Summit Apartment,9500000,575,2,2,Goregaon East,Mumbai,19.1562110822264,72.8758090633208,Unfurnished,Apartment,0,27,9,Resale,Ready to Move,,Royal Palms
Royal Palms Diamond Isle Phase I,13000000,565,2,2,Goregaon East,Mumbai,19.1562110822264,72.8758090633208,Semi-Furnished,Apartment,0,16,9,Resale,Ready to Move,,Royal Palms
Rag Megh Malhar,65000000,2664,5,5,Yashodham,Mumbai,19.1721403570781,72.859157725407,Furnished,Apartment,0,16,1,Resale,Ready to Move,,Rustomjee
Rag Megh Malhar,65000000,2664,5,5,Yashodham,Mumbai,19.1721403570781,72.859157725407,Furnished,Apartment,0,16,1,Resale,Ready to Move,,Rustomjee
Rag Megh Malhar,23500000,882,2,2,Goregaon East,Mumbai,19.1562110822264,72.8758090633208,Furnished,Apartment,0,16,9,Resale,Ready to Move,,Rustomjee
Rahul Classic Apartment,13000000,396,1,1,Borivali West,Mumbai,19.2335321,72.839198,Furnished,Apartment,0,0,10,Resale,Ready to Move,,Unknown
Navkar Paradise,27500000,1169,3,2,Borivali West,Mumbai,19.2335321,72.839198,Unfurnished,Apartment,0,12,10,Resale,Ready to Move,,Navkar Grooup
Navkar Paradise,27500000,1169,3,2,Borivali West,Mumbai,19.2335321,72.839198,Unfurnished,Apartment,0,12,10,Resale,Ready to Move,,Navkar Grooup
Krupa Alaknanda B,32500000,1008,3,2,Borivali West,Mumbai,19.2335321,72.839198,Furnished,Apartment,0,0,10,Resale,Ready to Move,,Unknown
Unkown,27500000,972,3,2,Borivali East,Mumbai,19.2272619069866,72.8634397272398,Unfurnished,Apartment,0,0,10,Resale,Ready to Move,,Unknown
Om Sai Aaradhana CHS Ltd,15000000,720,2,2,Borivali East,Mumbai,19.2272619069866,72.8634397272398,Semi-Furnished,Apartment,0,8,10,Resale,Ready to Move,,Sai Group of Developers
Lata Annexe,11500000,432,1,2,Borivali East,Mumbai,19.2272619069866,72.8634397272398,Semi-Furnished,Apartment,0,0,10,Resale,Ready to Move,,Unknown
Kukreja Complex,11000000,450,1,1,Bhandup West,Mumbai,19.149901,72.931134,Unfurnished,Apartment,0,12,8,Resale,Ready to Move,,Kukreja Builders
Kukreja Complex,10000000,432,1,2,Bhandup West,Mumbai,19.149901,72.931134,Furnished,Apartment,0,12,8,Resale,Ready to Move,,Kukreja Builders
Sai Shradha Phase,11900000,529,2,2,Dahisar East,Mumbai,19.2530390003417,72.8684258373265,Semi-Furnished,Apartment,0,9,9,Resale,Ready to Move,,Ekta Group of Construction
Dedhia SAI ORCHID,9000000,396,1,2,Rawalpada,Mumbai,19.2484406696159,72.8667379419435,Semi-Furnished,Apartment,0,0,1,Resale,Ready to Move,,Unknown
Sunteck World,3200000,,1,2,Palghar Naigaon East,Mumbai,19.3489277756968,72.8750219955356,Unfurnished,Apartment,0,14,4,Resale,Ready to Move,,Sunteck Realty Ltd.
Unkown,30000000,1000,,,Versova Andheri West,Mumbai,19.13844,72.812187,Furnished,Commercial Shop,0,0,5,Resale,Ready to Move,,Unknown
Unkown,80000000,590,,2,Andheri West,Mumbai,19.1373697481266,72.8257229439874,Unfurnished,Commercial Office Space,0,0,10,Resale,Ready to Move,,Unknown
Unkown,14000000,830,2,2,Bhandup West,Mumbai,19.149901,72.931134,Unfurnished,Apartment,0,0,8,Resale,Ready to Move,,Unknown
Unkown,30000000,1200,3,3,Gorai 1,Mumbai,19.22793,72.83222,Unfurnished,Residential House,0,0,1,Resale,Ready to Move,1 Open,Unknown
Unkown,35000000,2300,1,1,Royal Palms,Mumbai,19.15346782,72.8865788,Furnished,Villa,0,0,0,Resale,Ready to Move,,Unknown
Shraddha Vertica,15500000,,2,2,Tagore Nagar,Mumbai,19.11623,72.93205,Semi-Furnished,Apartment,0,0,2,Resale,Ready to Move,,Unknown
Kanakia Sevens,28000000,848,2,2,Marol,Mumbai,19.1169810025439,72.8801253056097,Furnished,Apartment,0,15,8,Resale,Ready to Move,1 Covered,Kanakia Spaces Realty Pvt. Ltd.
Signia High,77100000,,4,4,Borivali East,Mumbai,19.2272619069866,72.8634397272398,Furnished,Apartment,0,43,10,Resale,Ready to Move,2 Covered,Sunteck Realty Ltd.
Unkown,27500000,1800,3,3,Mira Road Area,Mumbai,19.2829267647424,72.8627883689306,Semi-Furnished,Villa,0,0,8,Resale,Ready to Move,,Unknown
Unkown,10000000,,1,2,Vikhroli East,Mumbai,19.08940973659,72.9389256015301,Furnished,Apartment,0,0,7,Resale,Ready to Move,,Unknown
Unkown,30000000,,,,Kandivali West,Mumbai,19.2101312179652,72.8305011930765,,Industrial Shed,0,0,9,Resale,Ready to Move,,Unknown
Abrol Vastu Park,30500000,,3,2,Malad West,Mumbai,19.1940346300819,72.8257561606587,,Apartment,0,13,10,Resale,Ready to Move,,Abrol Builders
Runwal Bliss,23000000,693,2,2,Kanjurmarg East,Mumbai,19.1303464798827,72.934955451681,Furnished,Apartment,0,43,5,Resale,Ready to Move,1 Covered,Runwal Enterprises
Yug Sidheshwar Royale,72000000,1700,4,4,Chembur,Mumbai,19.0459181155422,72.8975231581492,Unfurnished,Apartment,0,4,10,Resale,Ready to Move,2 Covered,Yug Developer
Unkown,2100000,160,,,Virat Nagar,Mumbai,19.4479384608681,72.8090294197737,Unfurnished,Commercial Office Space,0,0,1,Resale,Ready to Move,,Unknown
Nathani Residencyq,47500000,1000,3,3,Agripada,Mumbai,18.9750701400348,72.825301229216,Furnished,Apartment,0,0,3,Resale,Ready to Move,,Unknown
Choice Ambe Darshan,38000000,,3,3,Pant Nagar,Mumbai,19.08537,72.91069,Furnished,Apartment,0,15,6,New Property,Ready to Move,,Choice Developers
AAP Tirumala Habitats,47500000,1830,4,3,Mulund West,Mumbai,19.1749536837097,72.943103519999,Unfurnished,Apartment,0,59,10,Resale,Ready to Move,2 Covered,AAP Realtors Ltd.
SD Siennaa,17000000,600,2,2,Samata Nagar Thakur Village,Mumbai,19.207195773949,72.8695262532163,Unfurnished,Apartment,1,7,4,Resale,Ready to Move,1 Covered,SD Corporation Pvt. Ltd.
Unkown,30000000,800,3,3,Four Bungalows,Mumbai,19.12537,72.82542,Furnished,Apartment,0,0,3,Resale,Ready to Move,2 Open,Unknown
Sugee Hiranya,35000000,550,2,2,Dadar West,Mumbai,19.0200667964879,72.8380779661804,Semi-Furnished,Apartment,0,19,9,Resale,Ready to Move,2 Covered,Sugee Realty and Developers India Pvt. Ltd.
Parinee 11 West,90000000,1800,4,4,Juhu,Mumbai,19.098267753993,72.8335140160125,Semi-Furnished,Apartment,0,23,9,Resale,Ready to Move,,Parinee Group
Dhruv Heights,23000000,675,2,2,Malad East,Mumbai,19.1848724519187,72.8629697025013,Semi-Furnished,Apartment,0,0,9,Resale,Ready to Move,1 Open,Unknown
Prestige Jasdan Classic,50000000,,2,2,Byculla,Mumbai,18.9763051806034,72.8384452613639,Unfurnished,Apartment,0,12,8,Resale,Ready to Move,,Prestige Group
Ratan Heritage,17500000,,2,2,Jogeshwari East,Mumbai,19.135330778145,72.8584643173496,Unfurnished,Apartment,0,21,6,Resale,Under Construction,,Nexus Builders
Unkown,120000000,1200,2,3,Altamount Road,Mumbai,18.9675516147694,72.8096968598132,Furnished,Apartment,0,0,1,Resale,Ready to Move,,Unknown
Drishti Homes,14000000,400,1,2,Andheri East,Mumbai,19.1154908,72.8726952,Unfurnished,Apartment,0,6,10,Resale,Ready to Move,,Drishti Developers
Unkown,72500000,1537,4,3,Malad East,Mumbai,19.1848724519187,72.8629697025013,Semi-Furnished,Apartment,0,0,9,Resale,Ready to Move,2 Covered,Unknown
Runwal Sanctuary,20000000,768,2,2,Mulund West,Mumbai,19.1749536837097,72.943103519999,Semi-Furnished,Apartment,0,33,10,Resale,Ready to Move,,Runwal Group
Prathana Acharya Ashram,12000000,468,1,2,Borivali West,Mumbai,19.2335321,72.839198,Furnished,Apartment,0,0,10,Resale,Ready to Move,,Unknown
Aditya Ankit CHS LTD,31500000,1022,3,2,Borivali West,Mumbai,19.2335321,72.839198,Furnished,Apartment,0,0,10,Resale,Ready to Move,,Cooperative Group Housing Society
Bhav Padman,12500000,1166,2,5,Bhayandar East,Mumbai,19.3096844760714,72.8623193046283,Unfurnished,Apartment,0,0,5,Resale,Ready to Move,,Unknown
Kasturi Vandana,5750000,479,1,2,Bhayandar East,Mumbai,19.3096844760714,72.8623193046283,Furnished,Apartment,0,4,5,Resale,Ready to Move,,Unknown
Om Sheetal Arcade,6700000,369,1,2,Bhayandar East,Mumbai,19.3096844760714,72.8623193046283,Semi-Furnished,Apartment,0,0,5,Resale,Ready to Move,,Unknown
Shree Sai Usha Complex,8500000,389,1,1,Bhandup West,Mumbai,19.149901,72.931134,Unfurnished,Apartment,0,11,8,Resale,Ready to Move,,Shree Sai Usha Developer
Shree Sai Usha Complex,9000000,396,1,1,Bhandup West,Mumbai,19.149901,72.931134,Unfurnished,Apartment,0,11,8,Resale,Ready to Move,,Shree Sai Usha Developer
Kukreja Complex,14500000,702,2,2,Bhandup West,Mumbai,19.149901,72.931134,Semi-Furnished,Apartment,0,12,8,Resale,Ready to Move,,Kukreja Builders
Kailash Complex,13000000,432,1,1,Bhandup West,Mumbai,19.149901,72.931134,Furnished,Apartment,0,7,8,Resale,Ready to Move,,UMIYA Group
Pratiksha CHS,8200000,367,1,1,Bhandup East,Mumbai,19.1401705,72.9431038,Semi-Furnished,Apartment,0,0,5,Resale,Ready to Move,,Cooperative Group Housing Society
Shiv Shakti Heights,52500000,1094,3,3,Ghatkopar East,Mumbai,19.07907,72.907976,Furnished,Apartment,0,13,9,Resale,Ready to Move,,Sanghvi Group
Navjivan CHS,11000000,504,1,2,Ghatkopar East,Mumbai,19.07907,72.907976,Unfurnished,Apartment,0,0,9,Resale,Ready to Move,,Cooperative Group Housing Society
Kanakia Paris,42500000,792,2,2,Bandra Kurla Complex,Mumbai,19.0626802993452,72.8650539233055,Furnished,Apartment,0,47,6,Resale,Ready to Move,,Kanakia Spaces Realty Pvt. Ltd.
Accel Belvedere,12200000,666,2,2,Bhandup West,Mumbai,19.149901,72.931134,Semi-Furnished,Apartment,0,15,8,Resale,Ready to Move,,Accel Group
Accel Belvedere,12500000,666,2,2,Bhandup West,Mumbai,19.149901,72.931134,Semi-Furnished,Apartment,0,15,8,Resale,Ready to Move,,Accel Group
Ajmera iLand,82500000,2365,4,4,Wadala East,Mumbai,19.0135321429189,72.8602998056272,Unfurnished,Apartment,0,24,2,Resale,Ready to Move,,Ajmera Realty
Mukti Tower,27500000,864,3,3,Mulund East,Mumbai,19.1531029501285,72.9678051455382,Semi-Furnished,Apartment,0,8,5,Resale,Ready to Move,,Neelsidhi Group
Sethia Raj Shivganga,9500000,518,1,2,Jankalyan Nagar,Mumbai,19.2012375699134,72.8198116611225,Furnished,Apartment,0,36,4,Resale,Ready to Move,,Sethia Group
Garden Grove Phase 2,52500000,1944,4,4,Chikoowadi Borivali West,Mumbai,19.2215039843661,72.8391826997729,Furnished,Apartment,0,13,2,Resale,Ready to Move,,Kamala Group
Cristal Sapphire,25000000,414,1,2,Chembur,Mumbai,19.0459181155422,72.8975231581492,Unfurnished,Apartment,0,6,10,Resale,Ready to Move,,Vaibhavlaxmi Builders & Developers
Lily White,37500000,1213,3,3,Jogeshwari East,Mumbai,19.135330778145,72.8584643173496,Furnished,Apartment,0,45,6,Resale,Ready to Move,,Divine Space
Serenity Heights,19500000,566,2,2,Andheri East,Mumbai,19.1154908,72.8726952,Unfurnished,Apartment,0,8,10,Resale,Ready to Move,,J M Development
Serenity Heights,19700000,792,2,2,Andheri East,Mumbai,19.1154908,72.8726952,Unfurnished,Apartment,0,8,10,Resale,Ready to Move,,J M Development
A & O F Residences,19500000,526,2,2,Ghatkopar,Mumbai,19.0790315269233,72.9079878628838,Semi-Furnished,Apartment,0,12,10,Resale,Ready to Move,,A & O Realty Ltd.
Takshashila Apartment,21000000,936,3,2,Mulund East,Mumbai,19.1531029501285,72.9678051455382,Semi-Furnished,Apartment,0,26,5,Resale,Ready to Move,,Kamal Joshi Developers
Takshashila Apartment,19000000,792,2,2,Mulund East,Mumbai,19.1531029501285,72.9678051455382,Semi-Furnished,Apartment,0,26,5,Resale,Ready to Move,,Kamal Joshi Developers
DB Ozone,7900000,635,2,2,Mira Road Area,Mumbai,19.2829267647424,72.8627883689306,Unfurnished,Apartment,0,52,8,Resale,Ready to Move,,DB Realty Pvt. Ltd.
Surya Kiran,40000000,972,3,3,Kandivali East,Mumbai,19.2050017,72.8692711,Furnished,Apartment,0,5,10,Resale,Ready to Move,,Akurli Developer
Unkown,49500000,1224,3,3,Juhu Versova Link Road,Mumbai,19.1227979,72.8248594,Furnished,Apartment,0,0,2,Resale,Ready to Move,,Unknown
Galactica Apartment,17500000,454,1,2,Andheri West,Mumbai,19.1373697481266,72.8257229439874,Furnished,Apartment,0,0,10,Resale,Ready to Move,,Unknown
Flower Queen,26000000,576,2,2,Andheri West,Mumbai,19.1373697481266,72.8257229439874,Unfurnished,Apartment,0,0,10,Resale,Ready to Move,,Unknown
Unkown,45000000,1076,3,3,Juhu Versova Link Road,Mumbai,19.1227979,72.8248594,Furnished,Apartment,0,0,2,Resale,Ready to Move,,Unknown
Anuchhaya,45000000,972,3,3,Andheri West,Mumbai,19.1373697481266,72.8257229439874,Unfurnished,Apartment,0,9,10,Resale,Ready to Move,,Hetali Group
Sethia Seaview,15000000,598,2,2,Goregaon West,Mumbai,19.1630920855215,72.8398088005091,Unfurnished,Apartment,0,24,10,Resale,Ready to Move,,Sethia Infrastructure
The Baya Grove,12500000,360,1,2,Wadala,Mumbai,19.012216203088,72.8604594318626,Unfurnished,Apartment,0,19,5,Resale,Ready to Move,,The Baya Company
The Baya Grove,12500000,468,1,2,Wadala,Mumbai,19.012216203088,72.8604594318626,Furnished,Apartment,0,19,5,Resale,Ready to Move,,The Baya Company
Ruparel Ariana,40000000,1368,3,3,Parel,Mumbai,18.9982694030581,72.8410429440342,Unfurnished,Apartment,0,28,6,Resale,Under Construction,,Ruparel Realty
Adani Western Heights,58000000,1080,3,3,Four Bungalows,Mumbai,19.12537,72.82542,Furnished,Apartment,0,57,3,Resale,Ready to Move,,Adani Realty
Adani Western Heights,72500000,1583,3,4,Andheri West,Mumbai,19.1373697481266,72.8257229439874,Furnished,Apartment,0,57,10,Resale,Ready to Move,,Adani Realty
Lashkaria Green Height,36500000,1152,3,3,Andheri West,Mumbai,19.1373697481266,72.8257229439874,Furnished,Apartment,0,13,10,Resale,Ready to Move,,Lashkaria Construction Company Pvt. Ltd.
Lashkaria Green Height,30000000,1152,3,3,Andheri West,Mumbai,19.1373697481266,72.8257229439874,Furnished,Apartment,0,13,10,Resale,Ready to Move,,Lashkaria Construction Company Pvt. Ltd.
Vrindavan,42500000,1127,4,4,Vile Parle East,Mumbai,19.10046297,72.84924449,Furnished,Apartment,0,4,10,Resale,Ready to Move,,Royal Fort Developers
Chandan Pride,17500000,731,2,2,Ghatkopar West,Mumbai,19.0908063,72.9076669,Furnished,Apartment,0,13,10,Resale,Ready to Move,,Sanghvi Land Developers Pvt. Ltd.
Pariwar CHS,9100000,378,1,1,Bhandup East,Mumbai,19.1401705,72.9431038,Semi-Furnished,Apartment,0,0,5,Resale,Ready to Move,,Cooperative Group Housing Society
Kirtida CHS,12500000,461,2,2,Bhandup East,Mumbai,19.1401705,72.9431038,Unfurnished,Apartment,0,0,5,Resale,Ready to Move,,Cooperative Group Housing Society
Bhandup Sanjay CHS,9500000,389,1,1,Bhandup East,Mumbai,19.1401705,72.9431038,Semi-Furnished,Apartment,0,0,5,Resale,Ready to Move,,Cooperative Group Housing Society
Guldev Sagar Apartment,40000000,828,2,3,Bandra West,Mumbai,19.055229,72.830829,Semi-Furnished,Apartment,0,0,9,Resale,Ready to Move,,Unknown
Mahant Krupa Apartment,46500000,1184,5,3,Andheri West,Mumbai,19.1373697481266,72.8257229439874,Semi-Furnished,Apartment,0,0,10,Resale,Ready to Move,,Unknown
Rohit Apartments,40000000,1116,4,3,Andheri West,Mumbai,19.1373697481266,72.8257229439874,Furnished,Apartment,0,0,10,Resale,Ready to Move,,Unknown
Platinum Apartment,19800000,468,2,2,Andheri West,Mumbai,19.1373697481266,72.8257229439874,Semi-Furnished,Apartment,0,10,10,Resale,Ready to Move,,Platinum Corp
Platinum Apartment,20900000,648,2,2,Andheri West,Mumbai,19.1373697481266,72.8257229439874,Unfurnished,Apartment,0,10,10,Resale,Ready to Move,,Platinum Corp
Ruparel Ariana,34000000,1022,2,2,Parel,Mumbai,18.9982694030581,72.8410429440342,Unfurnished,Apartment,0,28,6,Resale,Ready to Move,,Ruparel Realty
Ruparel Ariana,55000000,1512,3,3,Parel,Mumbai,18.9982694030581,72.8410429440342,Unfurnished,Apartment,0,28,6,Resale,Ready to Move,,Ruparel Realty
Arihant Heights,23000000,432,2,1,Ghatkopar West,Mumbai,19.0908063,72.9076669,Furnished,Apartment,0,19,10,Resale,Ready to Move,,Naminath Group
Mauli Pride,7500000,259,1,1,Malad East,Mumbai,19.1848724519187,72.8629697025013,Semi-Furnished,Apartment,0,29,9,Resale,Ready to Move,,Mauli Sai Developers Pvt. Ltd.
Adani Western Heights,57500000,1278,3,3,Four Bungalows,Mumbai,19.12537,72.82542,Furnished,Apartment,0,57,3,Resale,Ready to Move,,Adani Realty
Ashwa Platinum,22500000,1044,3,3,Mulund West,Mumbai,19.1749536837097,72.943103519999,Furnished,Apartment,0,21,10,Resale,Ready to Move,,Ashwamedh Group
Premalaya Apartment,55000000,864,3,3,Bandra West,Mumbai,19.055229,72.830829,Semi-Furnished,Apartment,0,0,9,Resale,Ready to Move,,Unknown
Pushpa Apartments,42500000,662,2,2,Bandra West,Mumbai,19.055229,72.830829,Semi-Furnished,Apartment,0,0,9,Resale,Ready to Move,,Unknown
Vishakha Apartment,26500000,569,2,2,Andheri West,Mumbai,19.1373697481266,72.8257229439874,Furnished,Apartment,0,0,10,Resale,Ready to Move,,Unknown
Raheja Modern Vivarea,201231000,2809,5,,Mahalakshmi,Mumbai,18.9865617867147,72.8182867539311,Unfurnished,Apartment,0,19,7,New Property,Mar '28,,K Raheja Corp
Matrubhumi The Grand Residences,85013000,2435,5,6,Borivali East,Mumbai,19.2272619069866,72.8634397272398,Unfurnished,Apartment,0,0,10,New Property,Dec '27,,Matrubhumi Construction Private Ltd
Adani Ten BKC ,81300000,,3,3,Bandra Kurla Complex,Mumbai,19.0626802993452,72.8650539233055,Unfurnished,Apartment,0,6,6,New Property,Ready To Move,,Adani Realty
Ajmera Shringaar,48331000,1125,3,3,Vile Parle West,Mumbai,19.1093928395446,72.8369701399986,Unfurnished,Apartment,0,0,8,New Property,Dec '26,,H J Corporation
Right Channel Tower 28,27700000,897,3,3,Malad East,Mumbai,19.1848724519187,72.8629697025013,Unfurnished,Apartment,0,7,9,New Property,Dec '27,,Right Channel Construction Pvt. Ltd.
Matrubhumi The Grand Residences,65300000,2589,5,,Borivali East,Mumbai,19.2272619069866,72.8634397272398,Unfurnished,Apartment,0,0,10,New Property,Dec '27,,Matrubhumi Construction Private Ltd
Swaroop Aditya Avenue,28800000,800,,1,Andheri East,Mumbai,19.1154908,72.8726952,Unfurnished,Commercial Office Space,0,4,10,New Property,Ready To Move,,Swaroop Aditya Developer
Modis Rashmi Signature,24913000,877,3,3,Malad West,Mumbai,19.1940346300819,72.8257561606587,Unfurnished,Apartment,0,8,10,New Property,Aug '27,,Modis Navnirman Limited
Prestige Forest Hills,156900000,4249,5,5,Mulund West,Mumbai,19.1749536837097,72.943103519999,Unfurnished,Apartment,0,37,10,New Property,Mar '32,,Prestige Group
Alpine Primo,21096000,606,2,2,Andheri West,Mumbai,19.1373697481266,72.8257229439874,Unfurnished,Apartment,0,43,10,New Property,Jul '26,,Alpine Infraheights
Wadhwa TW Gardens,24500000,785,3,2,Kandivali East,Mumbai,19.2050017,72.8692711,Unfurnished,Apartment,0,41,10,New Property,Dec '27,,The Wadhwa Group and Thakur Group
The Baya Midtown,32072000,587,2,2,Dadar West,Mumbai,19.0200667964879,72.8380779661804,Unfurnished,Apartment,0,11,9,New Property,Dec '28,,The Baya Company
Godrej Avenue Eleven,300000000,2459,4,4,Mahalakshmi,Mumbai,18.9865617867147,72.8182867539311,Unfurnished,Apartment,0,50,7,New Property,Dec '28,,Godrej Properties
Runwal Woods,43700000,1325,3,3,Chembur,Mumbai,19.0459181155422,72.8975231581492,Unfurnished,Apartment,0,4,10,New Property,Sep '28,,Runwal Enterprises
Piramal Aranya ,75512000,1421,3,3,Byculla,Mumbai,18.9763051806034,72.8384452613639,Unfurnished,Apartment,0,67,8,New Property,Dec '27,,Piramal Realty
Mahindra Rainforest,28980000,,3,2,Bhandup,Mumbai,19.14871992,72.94278085,Unfurnished,Apartment,0,25,9,New Property,Dec '31,,Mahindra Lifespace Developers Ltd.
7 Mahalaxmi,79331000,1483,3,3,Mahalakshmi,Mumbai,18.9865617867147,72.8182867539311,Unfurnished,Apartment,0,5,7,New Property,Oct '31,,Runwal Enterprises
Chandak Sarvam,47300000,1280,3,3,Andheri East,Mumbai,19.1154908,72.8726952,Unfurnished,Apartment,0,10,10,New Property,Dec '30,,Chandak Realtors Private Limited
Altavia,35549000,1200,3,1,Goregaon West,Mumbai,19.1630920855215,72.8398088005091,Unfurnished,Apartment,0,15,10,New Property,Dec '31,,Sunteck Realty Ltd.
Raymond Invictus by GS,70223000,1306,3,3,Bandra East,Mumbai,19.062055421515,72.8541362644682,Unfurnished,Apartment,0,18,10,New Property,Aug '31,,Raymond Realty
Godrej Sky Shore,140888000,2645,4,3,Andheri West,Mumbai,19.1373697481266,72.8257229439874,Unfurnished,Apartment,0,21,10,New Property,Dec '31,,Godrej Properties Ltd.
Majestic Park West,26000000,645,2,2,Andheri West,Mumbai,19.1373697481266,72.8257229439874,Unfurnished,Apartment,0,17,10,New Property,Jun '28,,Majestic Royale Group
Codename StarLife,15653000,975,3,3,Mira Road East,Mumbai,19.282975,72.873618,Unfurnished,Apartment,0,0,10,New Property,Dec '31,,JP Infra
Rustomjee Aden,52036000,940,3,3,Bandra East,Mumbai,19.062055421515,72.8541362644682,Unfurnished,Apartment,0,4,10,New Property,Dec '26,,Rustomjee
Godrej Horizon,41500000,733,2,2,Wadala,Mumbai,19.012216203088,72.8604594318626,Unfurnished,Apartment,0,33,5,New Property,May '28,,Godrej Properties
Godrej Horizon,56500000,1053,3,3,Wadala,Mumbai,19.012216203088,72.8604594318626,Unfurnished,Apartment,0,33,5,New Property,May '28,,Godrej Properties
Siddhivinayak Unique Estate,13300000,637,2,2,Mira Road East,Mumbai,19.282975,72.873618,Unfurnished,Apartment,0,22,10,New Property,Mar '27,,Siddhi Vinayak Developers  & Unique Shanti Developers
The Address by GS Wadala,40550000,1265,3,4,Wadala,Mumbai,19.012216203088,72.8604594318626,Unfurnished,Apartment,0,14,5,New Property,Mar '31,,Raymond Realty
Matrubhumi The Grand Residences,31910000,914,2,2,Borivali East,Mumbai,19.2272619069866,72.8634397272398,Unfurnished,Apartment,0,0,10,New Property,Dec '27,,Matrubhumi Construction Private Ltd
CCI Rivali Park Skyleap,38862000,1338,3,5,Borivali East,Mumbai,19.2272619069866,72.8634397272398,Unfurnished,Apartment,0,13,10,New Property,Jul '32,,CCI Projects Pvt. Ltd.
Runwal Sanctuary,20000000,768,2,2,Mulund West,Mumbai,19.1749536837097,72.943103519999,Semi-Furnished,Apartment,0,33,10,Resale,Ready to Move,,Runwal Group
Ekta Nagar,8900000,448,1,2,Kandivali West,Mumbai,19.2101312179652,72.8305011930765,Unfurnished,Apartment,0,14,9,Resale,Under Construction,,Gurukrupa Group
Vastu Shanti,12000000,497,1,2,Andheri East,Mumbai,19.1154908,72.8726952,Unfurnished,Apartment,0,0,10,New Property,Ready to Move,,Unknown
Unkown,9000000,415,1,2,Gavanpada Mulund East,Mumbai,19.17341,72.96469,Unfurnished,Apartment,0,0,0,Resale,Ready to Move,,Unknown
Unkown,2000000,3050,,2,Dr Babasaheb Ambedkar Nagar,Mumbai,18.91412778,72.82926968,Furnished,Commercial Showroom,0,0,0,Resale,Ready to Move,"10 Covered, 10 Open",Unknown
Unkown,97500000,1350,3,3,ML Dahanukar Marg,Mumbai,18.9725438,72.8113292,Semi-Furnished,Apartment,1,0,0,Resale,Ready to Move,1 Covered,Unknown
Kamla Executive Park,279900000,6719,,2,Andheri East,Mumbai,19.1154908,72.8726952,Furnished,Commercial Office Space,0,5,10,Resale,Ready to Move,"5 Covered, 3 Open",Unknown
Raj Legacy,13500000,506,1,2,Vikhroli West,Mumbai,19.1137179954172,72.9215428733798,Semi-Furnished,Apartment,0,14,6,Resale,Ready to Move,,Rajesh LifeSpaces
Lodha Park Signet,31250000,,,1,Worli,Mumbai,19.0036486667054,72.8175254882335,Unfurnished,Commercial Office Space,1,0,10,New Property,Ready to Move,,Lodha Developers Limited
Unkown,33000000,625,2,2,Hiranandani Gardens,Mumbai,19.1177459703185,72.9111144020492,Furnished,Apartment,0,0,6,Resale,Ready to Move,,Unknown
Unkown,16765000,,,,Chhatrapati Shivaji Maharaj International Airport Area,Mumbai,19.0986446,72.8541611,,Residential Plot,0,0,0,New Property,,,Unknown
Omkar Signet,21000000,890,3,3,Kurar Village,Mumbai,19.19034,72.86303,Semi-Furnished,Apartment,0,16,2,Resale,Ready to Move,1 Covered,Omkar Realtors and Developers Pvt. Ltd.
Unkown,21500000,665,2,2,Goregaon East,Mumbai,19.1562110822264,72.8758090633208,Unfurnished,Apartment,0,0,9,Resale,Ready to Move,1 Covered,Unknown
Kaustubh Platinum,33000000,1249,4,3,Borivali East,Mumbai,19.2272619069866,72.8634397272398,Unfurnished,Apartment,0,15,10,Resale,Ready to Move,,Kaustubh Construction Pvt. Ltd.
L & T Veridian at Emerald Isle,21500000,555,2,2,Powai,Mumbai,19.1196773,72.9050809,Semi-Furnished,Apartment,1,44,10,New Property,Ready to Move,,L & T Realty
Hiranandani Ambrosia,125500000,1900,4,4,Hiranandani Gardens,Mumbai,19.1177459703185,72.9111144020492,Semi-Furnished,Apartment,0,0,6,Resale,Ready to Move,2 Covered,House of Hiranandani
Apex Green Wood,9310000,391,1,2,Borivali,Mumbai,19.2310071796616,72.8523989794128,Unfurnished,Apartment,1,7,10,New Property,Ready to Move,1 Covered,Apex Infratec Pvt Ltd
Adani Western Heights,64800000,1352,3,3,Four Bungalows,Mumbai,19.12537,72.82542,Semi-Furnished,Apartment,0,57,3,Resale,Ready to Move,2 Covered,Adani Realty
Mahindra Vista,32500000,1061,3,3,Kandivali East,Mumbai,19.2050017,72.8692711,Unfurnished,Apartment,0,13,10,New Property,Under Construction,2 Covered,Mahindra Lifespace Developers Ltd.
Raheja Township,12500000,400,1,1,Raheja Township,Mumbai,19.18026902,72.85653741,Unfurnished,Apartment,0,8,0,Resale,Ready to Move,,Raheja Universal Pvt. Ltd.
Unkown,12500000,780,,,Mulund Colony,Mumbai,19.1686449558956,72.9344386611888,Furnished,Commercial Shop,0,0,3,Resale,Ready to Move,,Unknown
HDIL Premier Exotica,9800000,,1,2,Kurla West,Mumbai,19.077063,72.8840395,Semi-Furnished,Apartment,0,19,10,Resale,Ready to Move,1 Covered,Housing Development & Infrastructure Ltd.
Rustomjee Paramount,90000000,1300,3,3,Khar West,Mumbai,19.0699335919407,72.8363080829478,Semi-Furnished,Apartment,0,17,6,Resale,Ready to Move,,Rustomjee
Siddha Sky,29000000,,3,3,Wadala East,Mumbai,19.0135321429189,72.8602998056272,Unfurnished,Apartment,1,13,2,Resale,Ready to Move,,Siddha Group
Unkown,13000000,410,1,2,Orlem,Mumbai,19.19576,72.83778,Unfurnished,Apartment,0,0,2,Resale,Ready to Move,1 Covered,Unknown
Unkown,44000000,1100,,2,Lokhandwala Complex Andheri West,Mumbai,19.14413,72.8241,Unfurnished,Commercial Office Space,0,0,4,Resale,Ready to Move,1 Covered,Unknown
Ajmera Sikova,9400000,322,,1,Ghatkopar West,Mumbai,19.0908063,72.9076669,Unfurnished,Commercial Office Space,0,0,10,New Property,Ready to Move,1 Covered,Ajmera Realty & Infra India Ltd.
Acme Complex,11500000,,1,2,Malad West,Mumbai,19.1940346300819,72.8257561606587,Unfurnished,Apartment,0,17,10,Resale,Ready to Move,,ACME GROUP INDIA
Chandak 34 Park Estate,35000000,,4,4,Goregaon West,Mumbai,19.1630920855215,72.8398088005091,Unfurnished,Apartment,0,6,10,Resale,Ready to Move,,Chandak Group
Rare Rising City,28496000,1096,3,3,Best Colony Ghatkopar East,Mumbai,19.08428169,72.9185906,Unfurnished,Apartment,1,45,0,New Property,Ready to Move,1 Covered,Rare Townships
Platinum Crest,22071000,590,2,2,Andheri West,Mumbai,19.1373697481266,72.8257229439874,Unfurnished,Apartment,0,17,10,New Property,Dec '28,,Platinum Corp
Ananda Blossom Bld 6 Wing C And D,9637000,706,3,2,Vasai West,Mumbai,19.3745830863848,72.8076393946386,Unfurnished,Apartment,0,7,5,New Property,Jan '27,,Ananda Developer
Roswalt Raya,20546000,747,2,2,Chembur,Mumbai,19.0459181155422,72.8975231581492,Unfurnished,Apartment,0,15,10,New Property,Dec '27,,Roswalt Realty
Piramal Revanta,24108000,854,2,2,Mulund West,Mumbai,19.1749536837097,72.943103519999,Unfurnished,Apartment,0,15,10,New Property,Ready To Move,,Piramal Realty
BAF NA Siddhgiri,62500000,1286,3,3,Matunga,Mumbai,19.0303548279976,72.848006090413,Unfurnished,Apartment,0,3,10,New Property,Dec '28,,BAF NA Properties LLP
Webtech The Wave,198000000,3000,,5,Bandra West,Mumbai,19.055229,72.830829,Unfurnished,Commercial Office Space,0,0,9,New Property,Jul '26,,Webtech Realty LLP
Vihang Luxuria,6936000,430,1,2,Mira Road East,Mumbai,19.282975,72.873618,Unfurnished,Apartment,0,8,10,New Property,Dec '27,,Reyansh Realty LLP
Vaibhavlaxmi Corporate Park,64700000,2157,,2,Chembur,Mumbai,19.0459181155422,72.8975231581492,Unfurnished,Commercial Office Space,0,5,10,New Property,Aug '30,,Vaibhavlaxmi Builders & Developers
Aniline Avanya Tower A,14000000,536,2,2,Dahisar East,Mumbai,19.2530390003417,72.8684258373265,Unfurnished,Apartment,0,19,9,New Property,Ready To Move,,Aniline Properties Private Limited
Vaibhavlaxmi Corporate Park,64700000,2157,,2,Chembur,Mumbai,19.0459181155422,72.8975231581492,Unfurnished,Commercial Office Space,0,5,10,New Property,Aug '30,,Vaibhavlaxmi Builders & Developers
VIR Paradise,34206000,1050,3,4,Malad West,Mumbai,19.1940346300819,72.8257561606587,Unfurnished,Apartment,0,4,10,New Property,Nov '27,,Unknown
L and T Island Cove,31627000,810,2,3,Mahim,Mumbai,19.0388120275329,72.8419652875755,Unfurnished,Apartment,0,45,6,New Property,Dec '30,,L & T Realty
Lodha Aureus,86000000,1706,4,4,Sewri,Mumbai,18.9920224182449,72.8537565266891,Unfurnished,Apartment,0,10,6,New Property,Dec '32,,Lodha Developers Limited
Oberoi Springs,45500000,,2,2,Andheri West,Mumbai,19.1373697481266,72.8257229439874,Unfurnished,Apartment,0,51,10,New Property,Ready To Move,,Oberoi Realty Ltd.
Godrej Reserve,79000000,2033,4,4,Kandivali East,Mumbai,19.2050017,72.8692711,Unfurnished,Apartment,0,9,10,New Property,Jun '30,,Godrej Properties
Mahindra Rainforest,33840000,,3,2,Bhandup,Mumbai,19.14871992,72.94278085,Unfurnished,Apartment,0,25,9,New Property,Dec '31,,Mahindra Lifespace Developers Ltd.
Oxford Navrang Atlantis,19900000,636,2,2,Jogeshwari West,Mumbai,19.1438823857409,72.8427830413067,Unfurnished,Apartment,0,3,10,New Property,Jan '29,,Oxford Worldone Realty LLP
Veena Solace,39049000,831,2,2,Santacruz West,Mumbai,19.0812559812257,72.8376604906028,Unfurnished,Apartment,0,32,7,New Property,Ready To Move,,Veena Developers
L&T Elixir Reserve,70000000,1223,3,3,Powai,Mumbai,19.1196773,72.9050809,Unfurnished,Apartment,0,15,10,New Property,Under Construction,"2 Covered, 1 Open",L & T Realty
Oberoi Sky City,65000000,1094,3,3,Borivali East,Mumbai,19.2272619069866,72.8634397272398,Unfurnished,Apartment,1,41,10,New Property,Ready to Move,1 Covered,Oberoi Realty Ltd.
Godrej Trilogy,246200000,2462,4,5,Worli,Mumbai,19.0036486667054,72.8175254882335,Unfurnished,Apartment,1,23,10,New Property,Dec '33,1 Covered,Godrej Properties
Rustomjee Crescent,160600000,1983,4,4,Bandra West,Mumbai,19.055229,72.830829,Unfurnished,Apartment,1,18,9,New Property,Dec '29,1 Covered,Rustomjee
Verdent Boston Harbor,30000000,1013,3,3,Andheri West,Mumbai,19.1373697481266,72.8257229439874,Unfurnished,Apartment,1,13,10,New Property,Sep '27,1 Covered,Verdent Infra Bultcon
Unkown,60000000,967,2,2,Worli,Mumbai,19.0036486667054,72.8175254882335,Unfurnished,Apartment,1,33,10,New Property,Ready to Move,1 Covered,Unknown
Sanghvi Aria,26700000,741,2,2,Santacruz East,Mumbai,19.0799983,72.8545019,Unfurnished,Apartment,1,14,10,New Property,Jan '27,1 Covered,Sanghvi Group
Serenity At Hillfront,28583000,1000,3,3,Mulund West,Mumbai,19.1749536837097,72.943103519999,Unfurnished,Apartment,1,7,10,New Property,Dec '30,1 Covered,Atul Projects
Godrej Nurture,14892000,546,2,2,Bhandup West,Mumbai,19.149901,72.931134,Unfurnished,Apartment,1,13,8,New Property,Dec '29,1 Covered,Godrej Properties
Shivani Rudram,21700000,719,2,2,Kandivali West,Mumbai,19.2101312179652,72.8305011930765,Unfurnished,Apartment,1,11,9,New Property,Mar '28,1 Covered,Shivani Builders and Developers
Zaveri Aranya The Park,28900000,1028,3,3,Malad West,Mumbai,19.1940346300819,72.8257561606587,Unfurnished,Apartment,1,12,10,New Property,Jun '27,1 Covered,Zaveri Realty
Aayush Gokul,13635000,430,1,1,Chembur East,Mumbai,19.0611638862632,72.8948410560158,Unfurnished,Apartment,1,17,2,New Property,May '27,1 Covered,Aayush Developers
Marve Queen,7200000,396,1,1,Kharodi,Mumbai,19.1959084380303,72.8193425711945,Semi-Furnished,Apartment,0,0,0,Resale,Ready to Move,,Unknown
Marve Queen,9000000,363,1,2,Malad West,Mumbai,19.1940346300819,72.8257561606587,Furnished,Apartment,0,0,10,Resale,Ready to Move,,Unknown
Marve Queen,7500000,360,1,2,Malad West,Mumbai,19.1940346300819,72.8257561606587,Unfurnished,Apartment,0,0,10,Resale,Ready to Move,,Unknown
Shree Asthvinayakh Apartments,7400000,522,2,2,Malad West,Mumbai,19.1940346300819,72.8257561606587,Furnished,Apartment,0,0,10,Resale,Ready to Move,,Unknown
Atul Blue Horizon II,16000000,648,2,2,Malad West,Mumbai,19.1940346300819,72.8257561606587,Semi-Furnished,Apartment,0,0,10,Resale,Ready to Move,,Unknown
Raheja Complex,15500000,473,2,2,Malad East,Mumbai,19.1848724519187,72.8629697025013,Unfurnished,Apartment,0,0,9,Resale,Ready to Move,,Unknown
Raheja Complex,16500000,612,2,2,Malad East,Mumbai,19.1848724519187,72.8629697025013,Furnished,Apartment,0,0,9,Resale,Ready to Move,,Unknown
Dheeraj Uphar CHS. LTD.,9700000,355,1,2,Malad East,Mumbai,19.1848724519187,72.8629697025013,Semi-Furnished,Apartment,0,0,9,Resale,Ready to Move,,Cooperative Group Housing Society
Dheeraj Uphar CHS. LTD.,12500000,414,1,2,Malad East,Mumbai,19.1848724519187,72.8629697025013,Unfurnished,Apartment,0,0,9,Resale,Ready to Move,,Cooperative Group Housing Society
Shikhar Kunj,59000000,1800,5,4,Upper Govind Nagar,Mumbai,19.1762768410761,72.854752956029,Semi-Furnished,Apartment,0,0,2,Resale,Ready to Move,,Unknown
Lemont Apartment,18600000,731,2,2,Malad East,Mumbai,19.1848724519187,72.8629697025013,Furnished,Apartment,0,8,9,Resale,Ready to Move,,Unknown
Mauli Chhaya,15500000,590,3,2,Malad East,Mumbai,19.1848724519187,72.8629697025013,Unfurnished,Apartment,0,0,9,Resale,Ready to Move,,Unknown
Utpal Park Apartment,32500000,720,2,2,Mahim,Mumbai,19.0388120275329,72.8419652875755,Furnished,Apartment,0,7,6,Resale,Ready to Move,,Utpal Group
Utpal Park Apartment,32500000,792,2,2,Mahim,Mumbai,19.0388120275329,72.8419652875755,Semi-Furnished,Apartment,0,7,6,Resale,Ready to Move,,Utpal Group
Utpal Park Apartment,32500000,792,2,2,Mahim,Mumbai,19.0388120275329,72.8419652875755,Unfurnished,Apartment,0,7,6,Resale,Ready to Move,,Utpal Group
Utpal Park Apartment,61500000,1368,3,3,Mahim,Mumbai,19.0388120275329,72.8419652875755,Furnished,Apartment,0,7,6,Resale,Ready to Move,,Utpal Group
Cadel Castle Apartment,20900000,518,1,2,Mahim,Mumbai,19.0388120275329,72.8419652875755,Semi-Furnished,Apartment,0,0,6,Resale,Ready to Move,,Unknown
Cadel Castle Apartment,19000000,518,1,2,Mahim West,Mumbai,19.0383794616621,72.8398930483562,Furnished,Apartment,0,0,3,Resale,Ready to Move,,Unknown
Lodha Allura,56500000,900,2,2,Worli,Mumbai,19.0036486667054,72.8175254882335,Furnished,Apartment,0,26,10,Resale,Ready to Move,,Lodha Developers Limited
Ashwini Lijjat Jamuna Chs,15200000,576,2,2,Sane Guruji Nagar Mulund East,Mumbai,19.1666941742401,72.9590487751938,Unfurnished,Apartment,0,0,0,Resale,Ready to Move,,Cooperative Group Housing Society
Daya Sarita,16000000,720,2,2,Goregaon East,Mumbai,19.1562110822264,72.8758090633208,Semi-Furnished,Apartment,0,0,9,Resale,Ready to Move,,Unknown
Ganga Jyoti ,35000000,900,4,4,Goregaon West,Mumbai,19.1630920855215,72.8398088005091,Furnished,Apartment,0,0,10,Resale,Ready to Move,,Unknown
Colombia Apartments ,57000000,994,3,3,Bandra West,Mumbai,19.055229,72.830829,Semi-Furnished,Apartment,0,0,9,Resale,Ready to Move,,Unknown
Highway Rose Society ,22500000,864,2,2,Vile Parle East,Mumbai,19.10046297,72.84924449,Semi-Furnished,Apartment,0,0,10,Resale,Ready to Move,,Unknown
Midas Enclave CHS ,7500000,234,1,1,Malad West,Mumbai,19.1940346300819,72.8257561606587,Unfurnished,Apartment,0,0,10,Resale,Ready to Move,,Cooperative Group Housing Society
Sheetal Airwings,35000000,646,3,3,Santacruz East,Mumbai,19.0799983,72.8545019,Unfurnished,Apartment,0,12,10,Resale,Ready to Move,,DGS Group
Deep Classic ,3000000,425,1,1,Vasai East,Mumbai,19.39954,72.8604165,Unfurnished,Apartment,0,6,6,Resale,Ready to Move,,Deep Associates
NG Silver Spring,6600000,480,1,1,Mira Road Area,Mumbai,19.2829267647424,72.8627883689306,Semi-Furnished,Apartment,0,21,8,Resale,Ready to Move,,RNA NG Builders
Colombia Apartments ,57000000,994,3,3,Bandra West,Mumbai,19.055229,72.830829,Semi-Furnished,Apartment,0,0,9,Resale,Ready to Move,,Unknown
Arkade Earth,22000000,828,2,2,Kanjurmarg East,Mumbai,19.1303464798827,72.934955451681,Semi-Furnished,Apartment,0,32,5,Resale,Ready to Move,,Arkade Group
Unkown,70000000,1500,3,3,Shivaji Park,Mumbai,19.0287954865428,72.838688734427,Semi-Furnished,Apartment,0,0,5,Resale,Ready to Move,,Unknown
Viva Gokul Complex,6500000,,2,2,Virar,Mumbai,19.462194642857,72.8049130698568,Unfurnished,Apartment,0,0,8,Resale,Ready to Move,,Unknown
Pava Puri,15000000,,2,2,Bhayandar West,Mumbai,19.302684296237,72.8274295067014,Semi-Furnished,Apartment,0,12,5,Resale,Ready to Move,,Gagan Group
Pramukh Heights,30000000,800,3,3,Andheri West,Mumbai,19.1373697481266,72.8257229439874,Unfurnished,Apartment,0,8,10,Resale,Ready to Move,,Sahajanand Infrastructure Pvt. Ltd.
MAYURESH RESIDENCY,13000000,500,1,2,Bhandup West,Mumbai,19.149901,72.931134,Unfurnished,Apartment,0,12,8,Resale,Ready to Move,,Mayuresh Group
Unkown,7690000,,1,1,Kandivali West,Mumbai,19.2101312179652,72.8305011930765,Semi-Furnished,Builder Floor Apartment,0,0,9,Resale,Ready to Move,1 Open,Unknown
Unkown,22000000,712,2,2,Chembur,Mumbai,19.0459181155422,72.8975231581492,Furnished,Apartment,0,6,10,Resale,Ready to Move,1 Covered,Unknown
Unkown,26000000,825,3,3,Eksar,Mumbai,19.24198,72.83565,Furnished,Apartment,0,0,2,Resale,Ready to Move,1 Covered,Unknown
Unkown,7500000,180,,1,Dongri,Mumbai,18.9602298834636,72.8377329943181,Furnished,Studio Apartment,0,0,0,Resale,Ready to Move,,Unknown
Mayfair Virar Gardens,4400000,,1,2,Virar West,Mumbai,19.4638767047594,72.7822993572118,Semi-Furnished,Apartment,0,18,8,Resale,Ready to Move,,Mayfair Housing
Kripa Heights,22500000,300,,,Chikoowadi Borivali West,Mumbai,19.2215039843661,72.8391826997729,Unfurnished,Commercial Shop,0,0,2,Resale,Ready to Move,,Unknown
Unkown,3800000,,1,1,,Mumbai,,,,Apartment,0,0,0,Resale,Ready to Move,,Unknown
Mayfair Breeze,27500000,728,3,3,Andheri West,Mumbai,19.1373697481266,72.8257229439874,Semi-Furnished,Apartment,0,9,10,Resale,Ready to Move,1 Covered,Mayfair Housing
Unkown,25000000,,3,2,Sion West,Mumbai,19.039754,72.860385,Furnished,Residential House,0,0,0,Resale,Ready to Move,,Unknown
Unkown,1800000,,,1,Dahisar West,Mumbai,19.2567151019289,72.8506375105369,Unfurnished,Studio Apartment,0,0,6,Resale,Ready to Move,,Unknown
Wadhwa Imperial Heights,52500000,1400,3,3,Best Nagar Goregaon West,Mumbai,19.1522184630384,72.8397327582798,Semi-Furnished,Apartment,0,13,3,Resale,Ready to Move,2 Covered,The Wadhwa Group
Unkown,42500000,,4,3,Goregaon East,Mumbai,19.1562110822264,72.8758090633208,Furnished,Apartment,0,0,9,Resale,Ready to Move,3 Covered,Unknown
Ruparel Westsky,13500000,518,2,2,Kandivali West,Mumbai,19.2101312179652,72.8305011930765,Furnished,Apartment,0,41,9,Resale,Ready to Move,,Ruparel Realty
Shimmering Heights,64000000,,3,3,Mahim West,Mumbai,19.0383794616621,72.8398930483562,Furnished,Apartment,0,11,3,Resale,Ready to Move,,Kamanwala Housing Construction Ltd.
Poonam Palash,4600000,,,,Nalasopara West,Mumbai,19.4129235749963,72.7885889890948,Unfurnished,Commercial Shop,0,14,4,New Property,Ready to Move,"1 Covered, 2 Open",Poonam Universal Construction
Shreeji Kisna,15500000,450,1,2,Santacruz East,Mumbai,19.0799983,72.8545019,Furnished,Apartment,0,6,10,Resale,Ready to Move,,Unknown
Unkown,30000000,,2,2,Mulund West,Mumbai,19.1749536837097,72.943103519999,Semi-Furnished,Apartment,0,0,10,Resale,Ready to Move,,Unknown
Unkown,3550000,,1,1,Palghar Naigaon East,Mumbai,19.3489277756968,72.8750219955356,Semi-Furnished,Apartment,0,13,4,Resale,Ready to Move,,Unknown
Unkown,22500000,,,,Andheri East,Mumbai,19.1154908,72.8726952,Furnished,Commercial Office Space,0,0,10,Resale,Ready to Move,1 Covered,Unknown
Kingston Tower,80000000,,3,4,Parel,Mumbai,18.9982694030581,72.8410429440342,Furnished,Apartment,0,15,6,Resale,Ready to Move,,Siroya Constructions
Unkown,19500000,700,2,2,Kondivita,Mumbai,19.1172632180168,72.8709950557057,Furnished,Apartment,0,0,0,Resale,Ready to Move,,Unknown
Sai Krupa Skylon Spaces,11000000,,1,2,Kandivali West,Mumbai,19.2101312179652,72.8305011930765,Furnished,Apartment,0,4,9,Resale,Ready to Move,,Sai Krupa Developers
Ali Tower,15500000,,2,1,Grant Road East,Mumbai,18.96290794,72.81873003,Semi-Furnished,Apartment,0,0,2,Resale,Ready to Move,,Unknown
Gurukrupa The Marque,50000000,797,2,2,Bandra West,Mumbai,19.055229,72.830829,Unfurnished,Apartment,0,10,9,Resale,Under Construction,,Gurukrupa Realcon Lifespaces LLP
Unkown,16500000,690,2,2,Mulund East,Mumbai,19.1531029501285,72.9678051455382,Unfurnished,Apartment,0,0,5,Resale,Ready to Move,1 Open,Unknown
Raheja Nest,18000000,511,2,2,Powai,Mumbai,19.1196773,72.9050809,Furnished,Apartment,0,0,10,Resale,Ready to Move,,Unknown
Aakruti Atria,6000000,162,1,1,Andheri East,Mumbai,19.1154908,72.8726952,Furnished,Apartment,0,0,10,Resale,Ready to Move,,Unknown
Skyview Castle,10500000,468,1,2,Kurla East,Mumbai,19.0615645059118,72.880543263673,Furnished,Apartment,0,3,1,Resale,Ready to Move,,The Hirani Group
Ayan Residency,3900000,305,2,2,Nala Sopara,Mumbai,19.4196344986519,72.8081166617887,Semi-Furnished,Apartment,0,15,8,Resale,Ready to Move,,Dudhwala Constructions
Sea Grapes,2800000,446,1,1,Nalasopara West,Mumbai,19.4129235749963,72.7885889890948,Unfurnished,Apartment,0,0,4,Resale,Ready to Move,,Nine Realty services
Kaul Heritage City,8500000,720,2,2,Vasai West,Mumbai,19.3745830863848,72.8076393946386,Furnished,Apartment,0,0,5,Resale,Ready to Move,,Kaul Builder And  Developer
Hubtown Palmrose,9500000,,2,2,Andheri East,Mumbai,19.1154908,72.8726952,Unfurnished,Apartment,0,0,10,Resale,Under Construction,,Hubtown Ltd.
Vini Residency Phase 2,2050000,266,1,1,Nalasopara West,Mumbai,19.4129235749963,72.7885889890948,Semi-Furnished,Apartment,0,0,4,Resale,Ready to Move,,Vini Group
Raheja Heights,15500000,324,1,1,Malad East,Mumbai,19.1848724519187,72.8629697025013,Semi-Furnished,Apartment,0,2,9,Resale,Ready to Move,,K Raheja Corp
Gulraj Tower,9500000,432,1,1,Kurla East,Mumbai,19.0615645059118,72.880543263673,Semi-Furnished,Apartment,0,0,1,Resale,Ready to Move,,Reliable Group
Hdil Galaxy Apartment,7500000,324,1,2,Kurla East,Mumbai,19.0615645059118,72.880543263673,Unfurnished,Apartment,0,20,1,Resale,Ready to Move,,HDIL
Akar Pinnacle,16500000,792,2,2,Borivali East,Mumbai,19.2272619069866,72.8634397272398,Unfurnished,Apartment,0,17,10,Resale,Ready to Move,,Akar Realty
Ocean View,20000000,756,2,2,Andheri West,Mumbai,19.1373697481266,72.8257229439874,Unfurnished,Apartment,0,26,10,Resale,Ready to Move,,Neminath Group
RNA COURTYARD CHS LTD,9000000,648,2,1,Mira Road Area,Mumbai,19.2829267647424,72.8627883689306,Unfurnished,Apartment,0,5,8,Resale,Ready to Move,,RNA Group
Kanakia Sevens,28000000,1296,3,3,Andheri East,Mumbai,19.1154908,72.8726952,Semi-Furnished,Apartment,0,15,10,Resale,Ready to Move,,Kanakia Spaces Realty Pvt. Ltd.
Sapphire Heights,18000000,904,3,2,Kandivali East,Mumbai,19.2050017,72.8692711,Furnished,Apartment,0,7,10,Resale,Ready to Move,,Lokhandwala Constructions
Lok Rachana,7500000,356,1,1,Mulund West,Mumbai,19.1749536837097,72.943103519999,Unfurnished,Apartment,0,15,10,Resale,Ready to Move,,Lok Group
Lodha Eternis,12500000,464,1,1,Andheri East,Mumbai,19.1154908,72.8726952,Furnished,Apartment,0,57,10,Resale,Ready to Move,,Lodha Developers Limited
Vinay Unique Homes,3000000,464,1,2,Virar,Mumbai,19.462194642857,72.8049130698568,Semi-Furnished,Apartment,0,27,8,Resale,Ready to Move,,Vinay Unique Group
DB Orchid Tower,25000000,858,1,2,Mumbai Central,Mumbai,18.9719357574575,72.8200902287046,Semi-Furnished,Apartment,0,12,8,Resale,Ready to Move,,DB Realty Pvt. Ltd.
Srishti Complex,4500000,173,1,1,Powai,Mumbai,19.1196773,72.9050809,Unfurnished,Apartment,0,17,10,Resale,Ready to Move,,Srishti Group
Ashok Garden,47500000,1012,2,3,Parel,Mumbai,18.9982694030581,72.8410429440342,Semi-Furnished,Apartment,0,31,6,Resale,Ready to Move,,Peninsula Land Ltd.
Trikutta Tower,15600000,739,2,2,Powai,Mumbai,19.1196773,72.9050809,Unfurnished,Apartment,0,17,10,Resale,Ready to Move,,Padmavati Developers
Neumec Sanskriti,9500000,504,1,2,Ghatkopar East,Mumbai,19.07907,72.907976,Semi-Furnished,Apartment,0,16,9,Resale,Ready to Move,,Neumec Group
Poonam Avenue,3150000,500,1,2,Virar West,Mumbai,19.4638767047594,72.7822993572118,Semi-Furnished,Apartment,0,32,8,Resale,Ready to Move,,Poonam Developers
Gundecha,15000000,594,2,2,"Thakur Village, Kandivali East",Mumbai,19.2102986684535,72.873037905053,Furnished,Apartment,0,0,6,Resale,Ready to Move,,Gundecha
Pandurangwadi,11900000,369,1,1,Pandurang Wadi Goregaon East,Mumbai,19.1709,72.85109,Semi-Furnished,Apartment,0,0,1,Resale,Ready to Move,,Unknown
Thakur Complex,9200000,407,1,1,Kandivali East,Mumbai,19.2050017,72.8692711,Unfurnished,Apartment,0,17,10,Resale,Ready to Move,,Unknown
Whispering Palms Xxclusives,18500000,756,2,2,Kandivali East,Mumbai,19.2050017,72.8692711,Furnished,Apartment,0,23,10,Resale,Ready to Move,,Lokhandwala Construction Industries Pvt. Ltd.
Gaurav Garden,12000000,583,2,2,Kandivali West,Mumbai,19.2101312179652,72.8305011930765,Unfurnished,Apartment,0,3,9,Resale,Ready to Move,,Ravi Group
Galaxy Apartment,3400000,436,1,1,Vasai,Mumbai,19.3914260104194,72.8285855834131,Unfurnished,Apartment,0,6,6,Resale,Ready to Move,,Orchid Construction
Tulsi Heights,3300000,400,1,1,Vasai,Mumbai,19.3914260104194,72.8285855834131,Unfurnished,Apartment,0,53,6,Resale,Ready to Move,,Tulsi Builders
wadhwa Promenade At The Address,22500000,691,2,2,Ghatkopar West,Mumbai,19.0908063,72.9076669,Furnished,Apartment,0,7,10,Resale,Ready to Move,,The Wadhwa Group
Bhavesh Plaza,4100000,418,2,2,Nala Sopara,Mumbai,19.4196344986519,72.8081166617887,Semi-Furnished,Apartment,0,11,8,Resale,Ready to Move,,Bhavesh Developer
Bhavesh Plaza,4100000,396,2,2,Nala Sopara,Mumbai,19.4196344986519,72.8081166617887,Semi-Furnished,Apartment,0,11,8,Resale,Ready to Move,,Bhavesh Developer
Bhavesh Plaza,4200000,540,2,2,Nala Sopara,Mumbai,19.4196344986519,72.8081166617887,Unfurnished,Apartment,0,11,8,Resale,Ready to Move,,Bhavesh Developer
Unkown,47000000,1048,3,4,Mulund West,Mumbai,19.1749536837097,72.943103519999,Semi-Furnished,Apartment,0,0,10,Resale,Under Construction,,Unknown
Gomti Niwas,29000000,641,2,2,Worli,Mumbai,19.0036486667054,72.8175254882335,Semi-Furnished,Apartment,0,0,10,Resale,Ready to Move,,Unknown
Sheth Irene,15300000,684,2,2,Liberty Garden,Mumbai,19.1860611235102,72.8414112963364,Unfurnished,Apartment,0,10,2,Resale,Under Construction,,Sheth Creators and Sun Vision
D Almeida Ark,11300000,468,1,2,Chembur,Mumbai,19.0459181155422,72.8975231581492,Unfurnished,Apartment,0,0,10,Resale,Ready to Move,,Unknown
Avirahi Heights,14000000,648,2,2,Jankalyan Nagar,Mumbai,19.2012375699134,72.8198116611225,Furnished,Apartment,0,26,4,Resale,Ready to Move,,Unknown
Baba Time Balaji Platinum,4000000,623,2,2,Virar West,Mumbai,19.4638767047594,72.7822993572118,Semi-Furnished,Apartment,0,0,8,Resale,Ready to Move,,Unknown
Ajmera Divyam Heights,21000000,785,2,2,Andheri West,Mumbai,19.1373697481266,72.8257229439874,Semi-Furnished,Apartment,0,11,10,Resale,Ready to Move,,Ajmera Cityscapes
Ajmera Divyam Heights,20000000,698,2,2,Andheri West,Mumbai,19.1373697481266,72.8257229439874,Semi-Furnished,Apartment,0,11,10,Resale,Ready to Move,,Ajmera Cityscapes
Lodha Elisium,30000000,961,2,2,Wadala,Mumbai,19.012216203088,72.8604594318626,Furnished,Apartment,0,47,5,Resale,Ready to Move,,Lodha Developers Limited
Shyam Niwas Apartment,19000000,540,2,2,Chembur,Mumbai,19.0459181155422,72.8975231581492,Unfurnished,Apartment,0,0,10,Resale,Ready to Move,,Unknown
Terraform Dwarka,23000000,612,2,2,Pant Nagar,Mumbai,19.08537,72.91069,Unfurnished,Apartment,0,19,6,Resale,Under Construction,,Terraform Realty
Yash Willows,14000000,299,1,1,Goregaon East,Mumbai,19.1562110822264,72.8758090633208,Furnished,Apartment,0,4,9,Resale,Ready to Move,,Unknown
Yash Willows,12800000,369,1,2,Goregaon East,Mumbai,19.1562110822264,72.8758090633208,Semi-Furnished,Apartment,0,4,9,Resale,Ready to Move,,Unknown
Shapoorji Pallonji Joyville Virar,8300000,752,3,2,Virar,Mumbai,19.462194642857,72.8049130698568,Unfurnished,Apartment,0,5,8,Resale,Ready to Move,,Shapoorji Pallonji Real Estate
Shapoorji Pallonji Joyville Virar,3500000,468,1,2,Virar,Mumbai,19.462194642857,72.8049130698568,Unfurnished,Apartment,0,5,8,Resale,Under Construction,,Shapoorji Pallonji Real Estate
The Baya Victoria,19000000,576,2,2,Byculla,Mumbai,18.9763051806034,72.8384452613639,Unfurnished,Apartment,0,13,8,Resale,Ready to Move,,The Baya Company
PrinceCare Zinnia,47500000,900,3,3,Mahim,Mumbai,19.0388120275329,72.8419652875755,Unfurnished,Apartment,0,15,6,Resale,Ready to Move,,PrinceCare Realty
MICL Aaradhya High Park,13800000,454,2,2,Mira Road Area,Mumbai,19.2829267647424,72.8627883689306,Semi-Furnished,Apartment,0,37,8,Resale,Under Construction,,MICL Group
MICL Aaradhya High Park,9200000,358,1,2,Mahajan Wadi,Mumbai,19.2659109511905,72.8757779978855,Semi-Furnished,Apartment,0,37,3,Resale,Ready to Move,,MICL Group
Siddharth Enclave,17500000,490,1,2,Lower Parel,Mumbai,18.9982431278398,72.8270305579981,Unfurnished,Apartment,0,0,9,Resale,Ready to Move,,Unknown
Sunteck Naigaon,4300000,360,1,2,Palghar Naigaon East,Mumbai,19.3489277756968,72.8750219955356,Unfurnished,Apartment,0,23,4,Resale,Ready to Move,,Sunteck Realty Ltd.
Megaj Shivom Enclave,24000000,708,3,3,Yashwant Nagar Santacruz East,Mumbai,19.07635,72.85719,Semi-Furnished,Apartment,0,11,0,Resale,Ready to Move,,Megaj Realtors Pvt.ltd
Fairmont La Paradiso,17500000,608,2,2,Santacruz East,Mumbai,19.0799983,72.8545019,Unfurnished,Apartment,0,0,10,Resale,Ready to Move,,Fairmont Constructions Pvt. Ltd.
Fairmont La Paradiso,17000000,608,2,2,Santacruz East,Mumbai,19.0799983,72.8545019,Semi-Furnished,Apartment,0,0,10,Resale,Ready to Move,,Fairmont Constructions Pvt. Ltd.
Peninsula Celestia Spaces,56000000,1660,3,4,Sewri,Mumbai,18.9920224182449,72.8537565266891,Semi-Furnished,Apartment,0,20,6,Resale,Ready to Move,,Peninsula Land Ltd.
Peninsula Celestia Spaces,56000000,1657,3,4,Sewri,Mumbai,18.9920224182449,72.8537565266891,Semi-Furnished,Apartment,0,20,6,Resale,Ready to Move,,Peninsula Land Ltd.
Peninsula Celestia Spaces,45000000,624,2,2,Sewri,Mumbai,18.9920224182449,72.8537565266891,Semi-Furnished,Apartment,0,20,6,Resale,Ready to Move,,Peninsula Land Ltd.
Peninsula Celestia Spaces,57000000,1657,3,4,Sewri,Mumbai,18.9920224182449,72.8537565266891,Unfurnished,Apartment,0,20,6,Resale,Ready to Move,,Peninsula Land Ltd.
Peninsula Celestia Spaces,39000000,980,2,2,Sewri,Mumbai,18.9920224182449,72.8537565266891,Unfurnished,Apartment,0,20,6,Resale,Ready to Move,,Peninsula Land Ltd.
Davdeep Apartment,62500000,1224,3,3,Santacruz West,Mumbai,19.0812559812257,72.8376604906028,Furnished,Apartment,0,0,7,Resale,Ready to Move,,Unknown
Ajay Apartment,37500000,819,2,2,Santacruz West,Mumbai,19.0812559812257,72.8376604906028,Unfurnished,Apartment,0,0,7,Resale,Ready to Move,,Unknown
Resham Apartment,110000000,1404,4,4,Santacruz East,Mumbai,19.0799983,72.8545019,Semi-Furnished,Apartment,0,0,10,Resale,Ready to Move,,Unknown
Peninsula Celestia Spaces,36500000,980,2,2,Sewri,Mumbai,18.9920224182449,72.8537565266891,Semi-Furnished,Apartment,0,20,6,Resale,Ready to Move,,Peninsula Land Ltd.
Siroya Shankardeep Apartment,32000000,648,3,3,Santacruz West,Mumbai,19.0812559812257,72.8376604906028,Semi-Furnished,Apartment,0,0,7,Resale,Ready to Move,,Unknown
Silver Beliza Apartment,35000000,720,3,3,Santacruz West,Mumbai,19.0812559812257,72.8376604906028,Unfurnished,Apartment,0,9,7,Resale,Ready to Move,,Unknown
Prakash CHS,47000000,1080,3,3,Santacruz West,Mumbai,19.0812559812257,72.8376604906028,Semi-Furnished,Apartment,0,0,7,Resale,Ready to Move,,Cooperative Group Housing Society
Gautam Apartments,36500000,806,2,2,Santacruz West,Mumbai,19.0812559812257,72.8376604906028,Furnished,Apartment,0,0,7,Resale,Ready to Move,,Unknown
Davdeep Apartment,62500000,1008,3,3,Santacruz West,Mumbai,19.0812559812257,72.8376604906028,Unfurnished,Apartment,0,0,7,Resale,Ready to Move,,Unknown
Tulsi Niwas,44000000,1267,3,3,Santacruz East,Mumbai,19.0799983,72.8545019,Unfurnished,Apartment,0,4,10,Resale,Ready to Move,,Pruthvi Enterprise
Legend Apartments,25000000,673,2,2,Santacruz East,Mumbai,19.0799983,72.8545019,Furnished,Apartment,0,12,10,Resale,Ready to Move,,Vasudha Buildcon
Kamala Natraj,57500000,936,3,4,Santacruz East,Mumbai,19.0799983,72.8545019,Semi-Furnished,Apartment,0,0,10,Resale,Ready to Move,,Unknown
Bhakti Sudha,11000000,432,1,1,Santacruz East,Mumbai,19.0799983,72.8545019,Unfurnished,Apartment,0,0,10,Resale,Ready to Move,,Unknown
Golden Square,34000000,720,2,2,Santacruz East,Mumbai,19.0799983,72.8545019,Unfurnished,Apartment,0,11,10,Resale,Ready to Move,,Bharat Builders
Sridutt Garden Avenue K,6200000,655,2,2,Virar West,Mumbai,19.4638767047594,72.7822993572118,Semi-Furnished,Apartment,0,29,8,Resale,Ready to Move,,Sridutt Constructions
Harmony Plaza,22100000,468,2,2,Vile Parle West,Mumbai,19.1093928395446,72.8369701399986,Unfurnished,Apartment,0,0,8,Resale,Ready to Move,,Unknown
Harmony Plaza,20000000,612,2,2,Vile Parle West,Mumbai,19.1093928395446,72.8369701399986,Furnished,Apartment,0,0,8,Resale,Ready to Move,,Unknown
Sheela Smruti Apartment,31000000,688,2,2,Vile Parle East,Mumbai,19.10046297,72.84924449,Unfurnished,Apartment,0,0,10,Resale,Ready to Move,,Unknown
Jai Ghanshyam CHS,17000000,367,1,1,Vile Parle East,Mumbai,19.10046297,72.84924449,Semi-Furnished,Apartment,0,0,10,Resale,Ready to Move,,Cooperative Group Housing Society
Aruneshwar CHS,28000000,497,2,2,Vile Parle East,Mumbai,19.10046297,72.84924449,Semi-Furnished,Apartment,0,0,10,Resale,Ready to Move,,Cooperative Group Housing Society
Vidya Darshan CHS,11700000,420,2,2,Vikhroli East,Mumbai,19.08940973659,72.9389256015301,Semi-Furnished,Apartment,0,0,7,Resale,Ready to Move,,Cooperative Group Housing Society
Om Residency Parel,23000000,511,1,2,Parel,Mumbai,18.9982694030581,72.8410429440342,Semi-Furnished,Apartment,0,8,6,Resale,Ready to Move,,Om Group
Om Residency Parel,22000000,511,1,2,Parel,Mumbai,18.9982694030581,72.8410429440342,Furnished,Apartment,0,8,6,Resale,Ready to Move,,Om Group
Deep Residency,19500000,396,1,2,Parel,Mumbai,18.9982694030581,72.8410429440342,Semi-Furnished,Apartment,0,0,6,Resale,Ready to Move,,Unknown
Tridhaatu Kshitij,120000000,1332,3,3,Matunga West,Mumbai,19.0288217353274,72.8440906063583,Furnished,Apartment,0,31,5,Resale,Ready to Move,,Tridhaatu Realty & Infra Pvt. Ltd.
Lodha Casa Essenza,8700000,450,1,1,Dahisar East,Mumbai,19.2530390003417,72.8684258373265,Semi-Furnished,Apartment,0,15,9,Resale,Ready to Move,1 Covered,Lodha Developers Limited
Unkown,11000000,444,1,2,Poonam Nagar Jogeshwari East,Mumbai,19.13692,72.86769,Unfurnished,Apartment,0,0,0,Resale,Ready to Move,,Unknown
Unkown,14500000,450,2,2,Mandapeshwar,Mumbai,19.24806,72.85539,Semi-Furnished,Apartment,0,0,0,Resale,Ready to Move,,Unknown
Unkown,60000000,,3,3,Kajupada Borivali East,Mumbai,19.235891332739,72.869988068255,Semi-Furnished,Residential House,0,0,0,Resale,Ready to Move,,Unknown
Unkown,22500000,600,2,2,Powai,Mumbai,19.1196773,72.9050809,Semi-Furnished,Apartment,0,18,10,Resale,Ready to Move,1 Covered,Unknown
Vesta Deep Laxmi,16500000,809,2,2,Ghatkopar East,Mumbai,19.07907,72.907976,Semi-Furnished,Apartment,0,8,9,Resale,Ready to Move,,Vesta Developer
Poonam Kirti,18000000,598,2,2,Andheri East,Mumbai,19.1154908,72.8726952,Furnished,Apartment,0,11,10,Resale,Ready to Move,,Poonam Group
Gurukrupa Marina Enclave,11500000,539,1,2,Jankalyan Nagar,Mumbai,19.2012375699134,72.8198116611225,Unfurnished,Apartment,0,36,4,Resale,Ready to Move,,Gurukrupa Group
Vijay Nagar Chs,14100000,396,2,2,Borivali West,Mumbai,19.2335321,72.839198,Furnished,Apartment,0,6,10,Resale,Ready to Move,,KT Group
Lodha World One,130000000,1941,4,4,Worli,Mumbai,19.0036486667054,72.8175254882335,Semi-Furnished,Apartment,0,58,10,Resale,Ready to Move,,Lodha Developers Limited
Sheth Irene,16000000,622,2,2,Liberty Garden,Mumbai,19.1860611235102,72.8414112963364,Unfurnished,Apartment,0,10,2,Resale,Under Construction,,Sheth Creators and Sun Vision
Sethia Imperial Avenue,9800000,263,1,2,Malad East,Mumbai,19.1848724519187,72.8629697025013,Furnished,Apartment,0,14,9,Resale,Ready to Move,,Sethia Infrastructure
MICL Aaradhya High Park,12000000,648,2,2,Mira Road Area,Mumbai,19.2829267647424,72.8627883689306,Semi-Furnished,Apartment,0,37,8,Resale,Under Construction,,MICL Group
Ameya Woods,6500000,720,2,2,Vasai,Mumbai,19.3914260104194,72.8285855834131,Unfurnished,Apartment,0,5,6,Resale,Ready to Move,,Unknown
Crescent Landmark,17200000,663,2,2,Andheri East,Mumbai,19.1154908,72.8726952,Semi-Furnished,Apartment,0,18,10,Resale,Ready to Move,,Crescent Group
Spenta Altavista,11500000,518,1,2,Chembur,Mumbai,19.0459181155422,72.8975231581492,Semi-Furnished,Apartment,0,16,10,Resale,Ready to Move,,Spenta and Sabari Group
Veena Serenity,15500000,454,2,2,Chembur,Mumbai,19.0459181155422,72.8975231581492,Furnished,Apartment,0,11,10,Resale,Ready to Move,,Veena Developers
Shanti Dham,6300000,468,2,2,Mira Road Area,Mumbai,19.2829267647424,72.8627883689306,Unfurnished,Apartment,0,10,8,Resale,Ready to Move,,Unique Shanti Developers Pvt. Ltd.
Krishna Residency Atmaram Compound,20000000,756,2,2,Malad West,Mumbai,19.1940346300819,72.8257561606587,Semi-Furnished,Apartment,0,12,10,Resale,Ready to Move,,K PATEL REALTY
Red Brick Ibis,35000000,1413,3,3,Mahavir Nagar Kandivali West,Mumbai,19.2135242057782,72.8409438235301,Unfurnished,Apartment,0,27,3,Resale,Under Construction,,Red Brick Group
Rashmi Divya Complex ,5500000,634,2,1,Vasai East,Mumbai,19.39954,72.8604165,Unfurnished,Apartment,0,0,6,Resale,Ready to Move,,Rashmi Housing
Delta Vrindavan,15000000,860,2,2,Mira Road Area,Mumbai,19.2829267647424,72.8627883689306,Unfurnished,Apartment,0,13,8,Resale,Ready to Move,,Delta Realty
Tilak Nagar Building,9000000,238,1,1,Chembur,Mumbai,19.0459181155422,72.8975231581492,Unfurnished,Apartment,0,0,10,Resale,Ready to Move,,Haware Tilak Nagar Building
Vivek Apartments,15000000,414,2,2,Santacruz West,Mumbai,19.0812559812257,72.8376604906028,Unfurnished,Apartment,0,0,7,Resale,Ready to Move,,Unknown
Peninsula Celestia Spaces,35500000,936,2,2,Sewri,Mumbai,18.9920224182449,72.8537565266891,Unfurnished,Apartment,0,20,6,Resale,Ready to Move,,Peninsula Land Ltd.
Blue Sea,53000000,1080,3,2,Santacruz West,Mumbai,19.0812559812257,72.8376604906028,Unfurnished,Apartment,0,0,7,Resale,Ready to Move,,Unknown
Lake Bloom,14000000,576,2,2,Powai,Mumbai,19.1196773,72.9050809,Furnished,Apartment,0,0,10,Resale,Ready to Move,,Unknown
Gurukrupa Marina Enclave,10500000,468,1,2,Malad West,Mumbai,19.1940346300819,72.8257561606587,Unfurnished,Apartment,0,36,10,Resale,Ready to Move,,Gurukrupa Group
Manavsthal Height,14500000,338,2,1,Marol,Mumbai,19.1169810025439,72.8801253056097,Furnished,Apartment,0,0,8,Resale,Ready to Move,,Unknown
Batul House,13500000,468,1,1,Mazgaon,Mumbai,18.9633811595298,72.8440624733612,Furnished,Apartment,0,10,6,Resale,Ready to Move,,Ahemat Develper
Unkown,14730000,,,,Vasai,Mumbai,19.3914260104194,72.8285855834131,,Industrial Building,0,0,6,Resale,Ready to Move,,Unknown
Unkown,76900000,2900,,4,Goregaon East,Mumbai,19.1562110822264,72.8758090633208,Unfurnished,Commercial Office Space,0,0,9,New Property,Under Construction,6 Covered,Unknown
HGP Rockside,129675000,1729,4,3,Powai,Mumbai,19.1196773,72.9050809,Semi-Furnished,Apartment,1,13,10,New Property,Under Construction,2 Covered,Hiranandani Group
Asmita Jyoti CHS,17000000,,2,3,Malad West,Mumbai,19.1940346300819,72.8257561606587,Furnished,Apartment,0,11,10,Resale,Ready to Move,,ASMITA Group
Unkown,25000000,700,2,2,JP Road,Mumbai,19.12933715,72.82618347,Semi-Furnished,Apartment,0,0,1,Resale,Ready to Move,,Unknown
Unkown,36000000,945,3,2,Chakala,Mumbai,19.1105611385167,72.8576871585438,Unfurnished,Apartment,0,0,7,Resale,Ready to Move,1 Covered,Unknown
Sunteck City 4th Avenue,37800000,1035,3,3,Goregaon West,Mumbai,19.1630920855215,72.8398088005091,Unfurnished,Apartment,0,28,10,Resale,Ready to Move,,Sunteck Realty Ltd.
Runwal Heights,16000000,629,2,2,Mulund West,Mumbai,19.1749536837097,72.943103519999,Furnished,Apartment,0,18,10,Resale,Ready to Move,,Runwal Group
Unkown,30000000,1033,3,2,Goregaon East,Mumbai,19.1562110822264,72.8758090633208,Unfurnished,Apartment,0,0,9,Resale,Ready to Move,1 Covered,Unknown
Unkown,29000000,612,2,2,Sion East,Mumbai,19.0406208013187,72.8695165321764,Furnished,Apartment,0,0,6,Resale,Ready to Move,,Unknown
Unkown,23000000,1250,3,2,Mulund East,Mumbai,19.1531029501285,72.9678051455382,Furnished,Apartment,0,0,5,Resale,Ready to Move,,Unknown
Sunteck Maxx World,4600000,570,2,2,Palghar Naigaon East,Mumbai,19.3489277756968,72.8750219955356,Unfurnished,Apartment,0,17,4,Resale,Ready to Move,,Sunteck Realty Ltd.
Sunteck City 4th Avenue,37800000,1035,3,3,Goregaon West,Mumbai,19.1630920855215,72.8398088005091,Unfurnished,Apartment,0,7,10,Resale,Ready to Move,1 Covered,Sunteck Realty Ltd.
Mystique Rose Apartment,47500000,813,2,2,Santacruz West,Mumbai,19.0812559812257,72.8376604906028,Unfurnished,Apartment,0,0,7,Resale,Ready to Move,,Unknown
Raj Infinia,37500000,,3,3,Malad West,Mumbai,19.1940346300819,72.8257561606587,Semi-Furnished,Apartment,0,17,10,Resale,Ready to Move,1 Covered,Rajesh LifeSpaces
Parasnath Nagari,3200000,410,1,2,Palghar Naigaon East,Mumbai,19.3489277756968,72.8750219955356,Semi-Furnished,Apartment,0,25,4,Resale,Ready to Move,,Parasnath Group
Unkown,40000000,3200,,3,Carnac Bunder,Mumbai,18.94704259,72.841188,Furnished,Commercial Office Space,0,0,0,Resale,Ready to Move,1 Open,Unknown
Samarth Garden,17500000,,2,2,Bhandup West,Mumbai,19.149901,72.931134,Unfurnished,Apartment,0,7,8,Resale,Ready to Move,,Mahadev & Company Pvt. Ltd.
Unkown,8800000,321,1,1,Malad West,Mumbai,19.1940346300819,72.8257561606587,Unfurnished,Apartment,0,0,10,Resale,Ready to Move,1 Open,Unknown
Kalpataru Magnus,72000000,1121,3,3,Bandra East,Mumbai,19.062055421515,72.8541362644682,Semi-Furnished,Apartment,0,10,10,Resale,Ready to Move,,Kalpataru Ltd.
Unkown,14400000,503,2,2,Somwari Bazar,Mumbai,19.1815923219014,72.8425215710442,Semi-Furnished,Apartment,0,0,0,Resale,Ready to Move,,Unknown
Lodha Primero,57500000,1287,3,3,Mahalakshmi,Mumbai,18.9865617867147,72.8182867539311,Semi-Furnished,Apartment,0,26,7,Resale,Ready to Move,3 Covered,Lodha Developers Limited
Kalpataru Avana,170000000,2645,4,5,Parel,Mumbai,18.9982694030581,72.8410429440342,Furnished,Apartment,0,32,6,Resale,Ready to Move,5 Covered,Kalpataru Ltd.
Shapoorji Pallonji Vicinia,41500000,1168,3,3,Chandivali,Mumbai,19.1104892624542,72.899191014387,Unfurnished,Apartment,0,25,8,Resale,Ready to Move,2 Covered,Shapoorji Pallonji Real Estate
Unkown,24500000,614,2,2,Byculla East,Mumbai,18.9828560965024,72.8388476258909,Unfurnished,Apartment,0,0,7,Resale,Ready to Move,1 Covered,Unknown
Cello Express Zone Mall,66000000,1200,,,Goregaon East,Mumbai,19.1562110822264,72.8758090633208,Unfurnished,Commercial Shop,0,3,9,Resale,Ready to Move,2 Covered,Unknown
Unkown,21000000,327,,,Kandivali West,Mumbai,19.2101312179652,72.8305011930765,Unfurnished,Commercial Shop,0,0,9,New Property,Ready to Move,,Unknown
K L Mehrise,87500000,1401,3,4,Santacruz West,Mumbai,19.0812559812257,72.8376604906028,Semi-Furnished,Apartment,0,7,7,Resale,Ready to Move,,M L Group
Green Acres Apartments,150000000,2129,4,5,Juhu,Mumbai,19.098267753993,72.8335140160125,Unfurnished,Apartment,0,12,9,New Property,Ready to Move,"1 Covered, 1 Open",Patel Builders & Developers
Royal Residency,60000000,1100,3,3,Lal Baug,Mumbai,18.991538368844,72.8394811827462,Furnished,Apartment,0,0,1,Resale,Ready to Move,,Unknown
Bhakti Park,12500000,448,1,2,Wadala,Mumbai,19.012216203088,72.8604594318626,Semi-Furnished,Apartment,0,33,5,Resale,Ready to Move,,Ajmera Realty & Infra India Ltd.
Unkown,33500000,1077,3,2,JB Nagar,Mumbai,19.1099298135585,72.8680393749074,Furnished,Apartment,0,0,3,Resale,Ready to Move,,Unknown
Goregaon Vivan,15500000,599,2,2,Goregaon West,Mumbai,19.1630920855215,72.8398088005091,Unfurnished,Apartment,0,15,10,New Property,Under Construction,,Goregaon Electrical Industries LLP
Grandeur Tower,21245000,775,2,2,Swami Vivekananda Road,Mumbai,19.05529335,72.83729524,Unfurnished,Apartment,0,8,2,Resale,Under Construction,1 Covered,Grandeur Developer
SD Siennaa,16500000,,2,2,Kandivali East,Mumbai,19.2050017,72.8692711,Unfurnished,Apartment,0,7,10,Resale,Ready to Move,,SD Corporation Pvt. Ltd.
Advent Deepak,11700000,,1,1,Malad West,Mumbai,19.1940346300819,72.8257561606587,Unfurnished,Apartment,0,5,10,Resale,Under Construction,50 Covered,Advent Developers
Unkown,12500000,554,2,2,,Mumbai,,,Semi-Furnished,Apartment,0,0,0,Resale,Ready to Move,,Unknown
Jai Shrinath Niwas,24900000,730,2,2,Kandivali West,Mumbai,19.2101312179652,72.8305011930765,Furnished,Apartment,0,0,9,Resale,Ready to Move,,Unknown
Parikh Yash Platina,8000000,561,2,2,Virar West,Mumbai,19.4638767047594,72.7822993572118,Semi-Furnished,Apartment,0,0,8,Resale,Ready to Move,,Parikh Group
Unkown,29000000,936,3,3,JB Nagar,Mumbai,19.1099298135585,72.8680393749074,Unfurnished,Apartment,0,0,3,New Property,Ready to Move,,Unknown
Shapoorji Pallonji Vicinia,36000000,1068,3,3,Chandivali,Mumbai,19.1104892624542,72.899191014387,Unfurnished,Apartment,0,25,8,Resale,Ready to Move,2 Covered,Shapoorji Pallonji Real Estate
Unkown,14800000,600,2,2,Kandivali West,Mumbai,19.2101312179652,72.8305011930765,Semi-Furnished,Apartment,0,0,9,Resale,Ready to Move,1 Open,Unknown
Chandak Unicorn,32500000,667,,1,Anna Nagar Jeevan Nagar,Mumbai,19.13166644,72.83163563,Unfurnished,Commercial Office Space,0,3,0,Resale,Ready to Move,1 Covered,Chandak Group
Unkown,28700000,805,2,3,Kanchpada,Mumbai,19.1905368775868,72.8386450242394,Semi-Furnished,Apartment,0,0,2,Resale,Ready to Move,,Unknown
Unkown,89500000,1650,,2,Andheri West,Mumbai,19.1373697481266,72.8257229439874,Furnished,Commercial Office Space,0,0,10,Resale,Ready to Move,,Unknown
Versova Guru Drishti,21500000,725,2,2,Andheri West,Mumbai,19.1373697481266,72.8257229439874,Furnished,Apartment,0,0,10,Resale,Ready to Move,,Unknown
Runwal Bliss,20500000,723,2,2,Kanjurmarg East,Mumbai,19.1303464798827,72.934955451681,Semi-Furnished,Apartment,0,43,5,Resale,Ready to Move,1 Covered,Runwal Enterprises
Swastik Emerald,10300000,418,1,2,Vikhroli East,Mumbai,19.08940973659,72.9389256015301,Semi-Furnished,Apartment,0,16,7,Resale,Ready to Move,,Swastik Group
Stans Arize,15850000,557,2,2,Janta Nagar,Mumbai,19.13572715,72.85607973,Unfurnished,Apartment,1,13,0,New Property,Under Construction,"1 Covered, 1 Open",Stans Buildtech
Lodha Supremus,51000000,963,,1,Andheri East,Mumbai,19.1154908,72.8726952,Furnished,Commercial Office Space,0,15,10,Resale,Ready to Move,2 Covered,Lodha Developers Limited
Indralok Apartment,29500000,750,2,2,Lokhandwala Complex Andheri West,Mumbai,19.14413,72.8241,Unfurnished,Apartment,0,0,4,Resale,Ready to Move,1 Open,Unknown
Zen Apartment,40000000,1188,3,3,Chembur,Mumbai,19.0459181155422,72.8975231581492,Semi-Furnished,Apartment,0,9,10,Resale,Ready to Move,2 Covered,Bholenath Developers Ltd.
DB Orchid Woods,35000000,985,2,2,BPCL Colony Gokuldham Colony,Mumbai,19.17201528,72.86913748,Semi-Furnished,Apartment,0,48,0,Resale,Ready to Move,1 Covered,DB Realty Pvt. Ltd.
DB Realty Orchid Suburbia,26000000,647,2,2,Kandivali West,Mumbai,19.2101312179652,72.8305011930765,Furnished,Apartment,0,16,9,Resale,Ready to Move,,DB Realty Pvt. Ltd.
Skyline Oasis ,17000000,449,,1,Ghatkopar West,Mumbai,19.0908063,72.9076669,Furnished,Commercial Office Space,0,0,10,Resale,Ready to Move,1 Open,Skyline Group
Indra Darshan Apartment,49200000,1150,3,3,Lokhandwala Complex Andheri West,Mumbai,19.14413,72.8241,Furnished,Apartment,0,4,4,Resale,Ready to Move,1 Open,Indra Darshan Developer
Destiny Pride ,7500000,305,1,1,Gavanpada Mulund East,Mumbai,19.17341,72.96469,Unfurnished,Apartment,0,0,0,Resale,Ready to Move,,Unknown
Lodha Marquise,84000000,1547,4,4,Worli,Mumbai,19.0036486667054,72.8175254882335,Unfurnished,Apartment,0,14,10,Resale,Ready to Move,3 Covered,Lodha Developers Limited
Ranjana Gayatri Niwas,11500000,385,1,2,Irani Wadi,Mumbai,19.2015501609916,72.8394247782395,Semi-Furnished,Apartment,0,19,3,Resale,Ready to Move,,Ranjana Construction Private Limited
Greenfields CHS,12000000,400,1,1,Andheri East,Mumbai,19.1154908,72.8726952,Unfurnished,Apartment,0,14,10,Resale,Ready to Move,1 Open,Cooperative Group Housing Society
Godrej Platinum,52000000,1110,3,3,Vikhroli East,Mumbai,19.08940973659,72.9389256015301,Unfurnished,Apartment,0,27,7,Resale,Ready to Move,2 Covered,Godrej Properties
Piramal Mahalaxmi,51100000,,2,2,Mahalakshmi,Mumbai,18.9865617867147,72.8182867539311,Unfurnished,Apartment,1,42,7,New Property,Ready to Move,,Piramal Realty
Drushti Sapphire,17356500,,2,2,Pant Nagar,Mumbai,19.08537,72.91069,Unfurnished,Apartment,1,18,6,New Property,Ready to Move,1 Covered,Drushti Group
Wadhwa Anmol Fortune,25000000,710,2,2,Goregaon West,Mumbai,19.1630920855215,72.8398088005091,Unfurnished,Apartment,0,10,10,Resale,Ready to Move,1 Covered,The Wadhwa Group
Adani Ten BKC ,81300000,1626,3,3,Bandra Kurla Complex,Mumbai,19.0626802993452,72.8650539233055,Unfurnished,Apartment,0,6,6,Resale,Ready to Move,,Adani Realty
Unkown,20000000,490,1,2,Hindmata,Mumbai,19.01007063,72.84249653,Unfurnished,Apartment,0,0,0,New Property,Under Construction,,Unknown
Marathon Monte South,42500000,1091,3,3,Byculla,Mumbai,18.9763051806034,72.8384452613639,Semi-Furnished,Apartment,0,28,8,New Property,Under Construction,,Marathon Realty & Adani Group
Wadhwa Solitaire,65000000,1500,3,3,Hiranandani Gardens,Mumbai,19.1177459703185,72.9111144020492,Semi-Furnished,Apartment,0,0,6,Resale,Ready to Move,"1 Covered, 1 Open",The Wadhwa Group
HDIL Metropolis,42500000,1320,3,3,DN Nagar,Mumbai,19.12296883,72.83012082,Semi-Furnished,Apartment,0,21,6,Resale,Ready to Move,2 Covered,HDIL
Unkown,47500000,800,2,2,Khar West,Mumbai,19.0699335919407,72.8363080829478,Unfurnished,Apartment,0,0,6,New Property,Ready to Move,,Unknown
Sangam The Luxor,35500000,987,3,2,Siddharth Nagar Goregaon West,Mumbai,19.15978193,72.84234796,Unfurnished,Apartment,0,26,3,Resale,Ready to Move,1 Covered,Sangam Lifespaces Ltd.
The Baya Midtown,23000000,460,2,2,Dadar West,Mumbai,19.0200667964879,72.8380779661804,Unfurnished,Apartment,0,11,9,New Property,Ready to Move,,The Baya Company
Unkown,44940000,749,2,2,Khar West,Mumbai,19.0699335919407,72.8363080829478,Unfurnished,Apartment,0,0,6,New Property,Ready to Move,1 Open,Unknown
Rajhans Dreams,8500000,,2,2,Vasai,Mumbai,19.3914260104194,72.8285855834131,Semi-Furnished,Apartment,0,28,6,Resale,Ready to Move,1 Covered,Rajhans Group
Lodha Unica,14500000,355,1,1,Jogeshwari,Mumbai,19.1391584419196,72.8491931971322,Semi-Furnished,Apartment,0,0,8,Resale,Ready to Move,,Lodha Developers Limited
Ajmera Zeon,38000000,980,2,2,Wadala East,Mumbai,19.0135321429189,72.8602998056272,Furnished,Apartment,0,33,2,Resale,Ready to Move,2 Covered,Ajmera Group
Kalpataru Estate,40000000,850,3,2,Poonam Nagar Jogeshwari East,Mumbai,19.13692,72.86769,Semi-Furnished,Apartment,0,23,0,Resale,Ready to Move,,Kalpataru Ltd.
Manavadrushti CHS,15000000,580,2,2,Kurla West,Mumbai,19.077063,72.8840395,Furnished,Apartment,0,0,10,Resale,Ready to Move,,Cooperative Group Housing Society
RNA NG Eclat,37000000,802,2,2,Lokhandwala Complex Andheri West,Mumbai,19.14413,72.8241,Furnished,Apartment,0,5,4,Resale,Ready to Move,,RNA NG Builders
Amrut Hermitage Apartment,45000000,,2,2,Vile Parle West,Mumbai,19.1093928395446,72.8369701399986,Furnished,Apartment,0,0,8,Resale,Ready to Move,,Unknown
Unkown,50000000,,3,3,New Mandala,Mumbai,19.04020305,72.93094959,Unfurnished,Residential House,0,0,0,Resale,Ready to Move,"1 Covered, 2 Open",Unknown
Unkown,61100000,940,,2,Santacruz West,Mumbai,19.0812559812257,72.8376604906028,Unfurnished,Commercial Office Space,0,0,7,New Property,Ready to Move,,Unknown
Hiranandani Gardens,16500000,465,1,2,Powai,Mumbai,19.1196773,72.9050809,Semi-Furnished,Apartment,0,16,10,Resale,Ready to Move,,Hiranandani Group
Vasant Marvel,17000000,600,2,2,Borivali East,Mumbai,19.2272619069866,72.8634397272398,Semi-Furnished,Apartment,0,24,10,Resale,Ready to Move,1 Open,Sheth Creators Pvt. Ltd.
Satra Harmony,24000000,825,2,2,Chembur,Mumbai,19.0459181155422,72.8975231581492,Unfurnished,Apartment,0,20,10,Resale,Ready to Move,,Satra Group
Unkown,47000000,840,2,2,Bhawani Sankar,Mumbai,19.023176,72.839933,Semi-Furnished,Apartment,0,0,0,Resale,Ready to Move,1 Open,Unknown
Unkown,22800000,677,2,2,Jogeshwari East,Mumbai,19.135330778145,72.8584643173496,Unfurnished,Apartment,0,0,6,Resale,Under Construction,,Unknown
Wadhwa Anmol Pride,85000000,1710,4,4,Goregaon West,Mumbai,19.1630920855215,72.8398088005091,Furnished,Apartment,0,20,10,Resale,Ready to Move,,The Wadhwa Group
Unkown,48500000,,2,2,Prabhadevi,Mumbai,19.0158585103406,72.8295254470428,Unfurnished,Apartment,0,0,6,Resale,Ready to Move,,Unknown
Unkown,20000000,1550,5,4,Virar Nallasopara Link Road,Mumbai,19.4345926,72.8074079,Unfurnished,Penthouse,0,0,0,Resale,Ready to Move,,Unknown
Mahindra BeaconHill,63000000,1237,3,3,Mahalakshmi,Mumbai,18.9865617867147,72.8182867539311,Unfurnished,Apartment,0,18,7,New Property,Under Construction,,Mahindra Lifespace Developers Limited
Hiranandani Highland,31500000,630,2,2,Powai,Mumbai,19.1196773,72.9050809,Semi-Furnished,Apartment,0,24,10,Resale,Ready to Move,1 Covered,Hiranandani Developers
7 Mahalaxmi,67700000,1266,3,3,Mahalakshmi,Mumbai,18.9865617867147,72.8182867539311,Unfurnished,Apartment,1,5,7,New Property,Oct '31,1 Covered,Runwal Enterprises
Unkown,32500000,700,2,2,Vile Parle East,Mumbai,19.10046297,72.84924449,Furnished,Apartment,0,0,10,Resale,Ready to Move,1 Covered,Unknown
Unkown,38500000,950,3,3,Vile Parle East,Mumbai,19.10046297,72.84924449,Semi-Furnished,Apartment,0,0,10,Resale,Ready to Move,1 Covered,Unknown
Sunshine Sigma Emerald,42800000,1142,3,3,Santacruz East,Mumbai,19.0799983,72.8545019,Unfurnished,Apartment,0,18,10,Resale,Ready to Move,1 Covered,Sunshine Infra
Unkown,38000000,1150,3,3,Ghatkopar East,Mumbai,19.07907,72.907976,Semi-Furnished,Apartment,0,0,9,Resale,Ready to Move,1 Covered,Unknown
Unkown,50000000,850,2,3,Juhu,Mumbai,19.098267753993,72.8335140160125,Unfurnished,Apartment,0,0,9,Resale,Ready to Move,1 Covered,Unknown
L&T Elixir Reserve,28999999,698,2,2,Powai,Mumbai,19.1196773,72.9050809,Semi-Furnished,Apartment,0,15,10,Resale,Ready to Move,1 Covered,L & T Realty
Godrej Platinum,31800000,857,2,2,Vikhroli East,Mumbai,19.08940973659,72.9389256015301,Unfurnished,Apartment,0,27,7,Resale,Ready to Move,1 Covered,Godrej Properties
Lodha Aurum Grande,27500000,862,2,2,Kanjurmarg East,Mumbai,19.1303464798827,72.934955451681,Semi-Furnished,Apartment,0,39,5,Resale,Ready to Move,1 Covered,Lodha Group
Unkown,38000000,780,2,2,Dadar West,Mumbai,19.0200667964879,72.8380779661804,Unfurnished,Apartment,0,0,9,Resale,Ready to Move,1 Covered,Unknown
Unkown,159500000,2200,3,3,Juhu,Mumbai,19.098267753993,72.8335140160125,Unfurnished,Apartment,0,0,9,Resale,Ready to Move,1 Open,Unknown
Ajmera Manhattan,29000000,750,2,2,Wadala East,Mumbai,19.0135321429189,72.8602998056272,Unfurnished,Apartment,1,54,2,Resale,Under Construction,1 Covered,Ajmera Realty & Infra India Ltd.
Ruparel Iris,95001600,2000,,1,Mahim West,Mumbai,19.0383794616621,72.8398930483562,Unfurnished,Commercial Office Space,0,13,3,New Property,Ready to Move,2 Covered,Ruparel Realty
Naman Midtown,205000000,5000,,2,Prabhadevi,Mumbai,19.0158585103406,72.8295254470428,Furnished,Commercial Office Space,0,18,6,Resale,Ready to Move,3 Covered,Shree Naman Group
HS One,10120000,440,,1,Mulund West,Mumbai,19.1749536837097,72.943103519999,Unfurnished,Commercial Office Space,1,6,10,New Property,Under Construction,1 Covered,HS Lifespace LLP
Kalpataru Magnus,87500000,1321,3,3,Bandra East,Mumbai,19.062055421515,72.8541362644682,Unfurnished,Apartment,0,10,10,Resale,Ready to Move,2 Covered,Kalpataru Ltd.
Sri Arthaya,16300000,742,2,2,Kandivali West,Mumbai,19.2101312179652,72.8305011930765,Unfurnished,Apartment,0,6,9,Resale,Ready to Move,1 Covered,Unknown
Neptune Ventures Eastern Business District,11000000,488,,,Ganesh Nagar Bhandup West,Mumbai,19.14083563,72.92972001,Furnished,Commercial Office Space,0,14,0,Resale,Ready to Move,1 Covered,Neptune Ventures & Developers Pvt. Ltd.
Mhatre and Goradia White Orchid Residency,20425000,817,2,2,Borivali West,Mumbai,19.2335321,72.839198,Unfurnished,Apartment,1,1,10,New Property,Under Construction,1 Covered,Mhatre and Goradia Developers
Shraddha Gold Crest,12000000,406,1,2,Kandivali West,Mumbai,19.2101312179652,72.8305011930765,Unfurnished,Apartment,0,29,9,Resale,Under Construction,1 Covered,Shraddha Prime Projects LTD
Runwal Raaya,124500000,1979,3,4,Worli,Mumbai,19.0036486667054,72.8175254882335,Unfurnished,Apartment,0,19,10,New Property,Under Construction,,Runwal Realty
Lake Primrose,41000000,986,3,3,Powai,Mumbai,19.1196773,72.9050809,Semi-Furnished,Apartment,0,29,10,Resale,Ready to Move,1 Covered,Ekta World
Wadhwa 25 South,170000000,2142,4,5,Prabhadevi,Mumbai,19.0158585103406,72.8295254470428,Unfurnished,Apartment,0,5,6,New Property,Under Construction,3 Covered,The Wadhwa Group
Kalpataru Elitus,14000000,472,1,2,Mulund West,Mumbai,19.1749536837097,72.943103519999,Unfurnished,Apartment,0,10,10,New Property,Under Construction,1 Covered,Kalpataru Ltd.
Unkown,51500000,864,2,3,Dadar West,Mumbai,19.0200667964879,72.8380779661804,Unfurnished,Apartment,0,0,9,Resale,Ready to Move,,Unknown
Runwal Symphony,22000000,780,2,2,Santacruz East,Mumbai,19.0799983,72.8545019,Furnished,Apartment,0,29,10,New Property,Ready to Move,1 Covered,Runwal Group
Hiranandani Highland,43900000,784,3,3,Powai,Mumbai,19.1196773,72.9050809,Semi-Furnished,Apartment,0,24,10,Resale,Ready to Move,2 Covered,Hiranandani Developers
Spring Field Apartment,15000000,405,1,2,Santacruz East,Mumbai,19.0799983,72.8545019,Semi-Furnished,Apartment,0,0,10,Resale,Ready to Move,1 Covered,Unknown
Crystal Apartment,70000000,1008,2,3,Bandra West,Mumbai,19.055229,72.830829,Furnished,Apartment,1,0,9,Resale,Ready to Move,,Unknown
Valentine Apartments,18000000,,2,2,Goregaon East,Mumbai,19.1562110822264,72.8758090633208,Semi-Furnished,Apartment,0,0,9,Resale,Ready to Move,,Unknown
Lodha Casa Essenza,10200000,600,2,2,Dahisar East,Mumbai,19.2530390003417,72.8684258373265,Furnished,Apartment,0,15,9,Resale,Ready to Move,1 Covered,Lodha Developers Limited
Ajmera Manhattan,27000000,750,2,2,Wadala,Mumbai,19.012216203088,72.8604594318626,Unfurnished,Apartment,0,54,5,Resale,Ready to Move,1 Covered,Ajmera Realty & Infra India Ltd.
Transcon Auris Serenity,44000000,,3,4,Malad West,Mumbai,19.1940346300819,72.8257561606587,Unfurnished,Apartment,1,38,10,Resale,Ready to Move,,Transcon Developers and Sheth Creators
Unkown,17000000,150,,,Gokhale Road,Mumbai,19.0172013873223,72.8352088322922,Unfurnished,Commercial Shop,0,0,4,Resale,Ready to Move,,Unknown
Sugee Atharva,31000000,590,2,2,Tulsi Pipe Road,Mumbai,19.01475228,72.83862864,Semi-Furnished,Apartment,0,12,0,Resale,Ready to Move,1 Open,Sugee
Maheswar Shikar,81400000,1215,3,3,Santacruz West,Mumbai,19.0812559812257,72.8376604906028,Unfurnished,Apartment,0,0,7,New Property,Ready to Move,2 Covered,Unknown
Spring Leaf,22500000,760,2,3,Kandivali East,Mumbai,19.2050017,72.8692711,Furnished,Apartment,0,12,10,Resale,Ready to Move,,Spring Developers
Parinee Crescenzo,490000000,6000,,4,Bandra Kurla Complex,Mumbai,19.0626802993452,72.8650539233055,Furnished,Commercial Office Space,0,19,6,Resale,Ready to Move,3 Covered,Parinee Developers
PRANAV FLORA ENCLAVE,17500000,680,2,2,Chinchpada,Mumbai,19.22852,72.86008,Unfurnished,Apartment,0,0,1,Resale,Ready to Move,3 Covered,Unknown
Unkown,140000000,2346,4,4,Gulmohar Road,Mumbai,19.10894024,72.83692149,Furnished,Apartment,0,0,1,Resale,Ready to Move,4 Open,Unknown
Sindhi Society,32500000,1000,3,3,Chembur,Mumbai,19.0459181155422,72.8975231581492,Unfurnished,Apartment,0,44,10,Resale,Ready to Move,,Unknown
Unkown,9500000,464,1,2,Bhandup West,Mumbai,19.149901,72.931134,Furnished,Apartment,0,0,8,Resale,Ready to Move,1 Covered,Unknown
Unkown,22500000,780,2,2,Andheri East,Mumbai,19.1154908,72.8726952,Unfurnished,Apartment,0,0,10,Resale,Ready to Move,1 Covered,Unknown
Unkown,11000000,650,2,2,Ramdev Park,Mumbai,19.2972811431285,72.8678073166319,Semi-Furnished,Apartment,0,0,1,New Property,Under Construction,1 Open,Unknown
Madhuban ,23500000,685,2,2,Goregaon East,Mumbai,19.1562110822264,72.8758090633208,Unfurnished,Apartment,0,0,9,Resale,Ready to Move,1 Covered,Unknown
Roswalt Raya,23914500,745,2,2,Chembur,Mumbai,19.0459181155422,72.8975231581492,Unfurnished,Apartment,1,15,10,New Property,Under Construction,1 Covered,Roswalt Realty
Omkar Alta Monte,31500000,950,2,2,Malad East,Mumbai,19.1848724519187,72.8629697025013,Furnished,Apartment,0,17,9,Resale,Ready to Move,,Omkar Realtors and Developers Pvt. Ltd.
Om Vaikunt Apartments,16000000,650,2,2,Chembur East,Mumbai,19.0611638862632,72.8948410560158,Semi-Furnished,Apartment,0,0,2,Resale,Ready to Move,"1 Covered, 1 Open",Unknown
Unkown,240000000,4500,6,5,Lokhandwala Complex Andheri West,Mumbai,19.14413,72.8241,Furnished,Villa,0,0,4,Resale,Ready to Move,,Unknown
Unkown,27500000,806,2,3,Vikhroli West,Mumbai,19.1137179954172,72.9215428733798,Semi-Furnished,Apartment,0,0,6,Resale,Ready to Move,,Unknown
Oberoi Eternia And Enigma,29700000,1050,3,3,Mulund West,Mumbai,19.1749536837097,72.943103519999,Semi-Furnished,Apartment,0,32,10,Resale,Ready to Move,"1 Covered, 1 Open",Oberoi Realty Ltd.
Mahindra Alcove,22000000,747,2,2,Chandivali,Mumbai,19.1104892624542,72.899191014387,Unfurnished,Apartment,1,39,8,New Property,Ready to Move,1 Covered,Mahindra Lifespace Developers Ltd.
Avant Hillway,18000000,722,2,2,Goregaon East,Mumbai,19.1562110822264,72.8758090633208,Unfurnished,Apartment,0,5,9,New Property,Ready to Move,,Avant Group
Unkown,15500000,665,2,2,IC Colony,Mumbai,19.249869503245,72.8491717870626,Semi-Furnished,Apartment,0,0,3,New Property,Ready to Move,,Unknown
Lodha Casa Essenza,8000000,423,1,1,Dahisar East,Mumbai,19.2530390003417,72.8684258373265,Semi-Furnished,Apartment,0,15,9,Resale,Ready to Move,1 Covered,Lodha Developers Limited
Sheetal Airwings,25000000,900,3,3,Santacruz East,Mumbai,19.0799983,72.8545019,Furnished,Apartment,0,12,10,Resale,Ready to Move,,DGS Group
Unkown,19000000,655,2,2,Teli Gali,Mumbai,19.1174285411457,72.8506362948198,Furnished,Apartment,0,0,0,Resale,Ready to Move,1 Open,Unknown
Siddhivinayak Horizon,47500000,800,2,2,Prabhadevi,Mumbai,19.0158585103406,72.8295254470428,Unfurnished,Apartment,0,13,6,Resale,Ready to Move,1 Covered,Siddhivinayak Constructions
Susharda Celestial,16000000,449,2,2,Bhandup West,Mumbai,19.149901,72.931134,Semi-Furnished,Apartment,0,14,8,Resale,Ready to Move,,Susharda Edifice Group
Satyam Springs,36000000,864,3,2,Chembur,Mumbai,19.0459181155422,72.8975231581492,Furnished,Apartment,0,22,10,Resale,Ready to Move,,Satyam Developers
Rajat Dhaulagiri CHS,50000000,864,2,2,Vile Parle East,Mumbai,19.10046297,72.84924449,Furnished,Apartment,0,24,10,Resale,Ready to Move,,Relcon Infraprojects Ltd.
Godrej Prime,25000000,662,2,2,Chembur,Mumbai,19.0459181155422,72.8975231581492,Semi-Furnished,Apartment,0,22,10,Resale,Ready to Move,,Godrej Properties
Godrej Prime,27500000,1239,3,3,Chembur,Mumbai,19.0459181155422,72.8975231581492,Unfurnished,Apartment,0,22,10,Resale,Ready to Move,,Godrej Properties
Godrej Prime,24000000,825,2,2,Chembur,Mumbai,19.0459181155422,72.8975231581492,Unfurnished,Apartment,0,22,10,Resale,Ready to Move,,Godrej Properties
Godrej Prime,28000000,576,2,2,Chembur,Mumbai,19.0459181155422,72.8975231581492,Semi-Furnished,Apartment,0,22,10,Resale,Ready to Move,,Godrej Properties
Sheth Montana,31500000,792,3,3,Mulund West,Mumbai,19.1749536837097,72.943103519999,Semi-Furnished,Apartment,0,36,10,Resale,Ready to Move,,Ashwin Sheth Group and Emami Group
The Baya Goldspot,16000000,468,2,2,Andheri East,Mumbai,19.1154908,72.8726952,Semi-Furnished,Apartment,0,7,10,Resale,Ready to Move,,The Baya Company
N G Garden,19500000,778,3,3,Kandivali West,Mumbai,19.2101312179652,72.8305011930765,Semi-Furnished,Apartment,0,0,9,Resale,Ready to Move,,RNA NG Builders
Sahajanand Arista,18000000,913,2,2,Best Nagar Goregaon West,Mumbai,19.1522184630384,72.8397327582798,Unfurnished,Apartment,0,23,3,Resale,Under Construction,,Sahajanand Developers
HDIL Residency Park,7000000,688,3,3,Virar West,Mumbai,19.4638767047594,72.7822993572118,Unfurnished,Apartment,0,0,8,Resale,Ready to Move,,HDIL
Panchsheel Society,11500000,396,1,1,Bhayandar East,Mumbai,19.3096844760714,72.8623193046283,Semi-Furnished,Apartment,0,0,5,Resale,Ready to Move,,Unknown
Udyan CHS,18000000,720,2,2,Ghatkopar East,Mumbai,19.07907,72.907976,Unfurnished,Apartment,0,0,9,Resale,Ready to Move,,Cooperative Group Housing Society
Andheri CHS,12500000,425,1,2,Andheri West,Mumbai,19.1373697481266,72.8257229439874,Unfurnished,Apartment,0,0,10,Resale,Ready to Move,,Cooperative Group Housing Society
Safal Jai Gopi Krishna,24000000,815,2,2,Chembur,Mumbai,19.0459181155422,72.8975231581492,Unfurnished,Apartment,0,13,10,Resale,Ready to Move,,Safal Group
Ritu Gardenia,4800000,652,2,2,Palghar Naigaon East,Mumbai,19.3489277756968,72.8750219955356,Unfurnished,Apartment,0,9,4,Resale,Ready to Move,,Ritu Group
Sea Shell,9300000,432,1,1,Kandivali West,Mumbai,19.2101312179652,72.8305011930765,Unfurnished,Apartment,0,9,9,Resale,Ready to Move,,Sea of Groups
Sea Shell,9600000,432,1,1,Kandivali West,Mumbai,19.2101312179652,72.8305011930765,Unfurnished,Apartment,0,9,9,Resale,Ready to Move,,Sea of Groups
Shivalik Apartment,15500000,684,2,2,Mira Road Area,Mumbai,19.2829267647424,72.8627883689306,Unfurnished,Apartment,0,0,8,Resale,Ready to Move,,Unknown
Sai Leela CHS,8000000,428,1,1,Chembur,Mumbai,19.0459181155422,72.8975231581492,Unfurnished,Apartment,0,0,10,Resale,Ready to Move,,Cooperative Group Housing Society
Soma Heights,4500000,554,2,3,Vasai East,Mumbai,19.39954,72.8604165,Unfurnished,Apartment,0,0,6,Resale,Ready to Move,,Unknown
Manavsthal Height,20000000,716,2,2,Marol,Mumbai,19.1169810025439,72.8801253056097,Semi-Furnished,Apartment,0,0,8,Resale,Ready to Move,,Unknown
MHADA Colony,14000000,698,2,2,Mulund East,Mumbai,19.1531029501285,72.9678051455382,Semi-Furnished,Apartment,0,0,5,Resale,Ready to Move,,Unknown
MHADA Colony,13500000,594,2,2,Mulund East,Mumbai,19.1531029501285,72.9678051455382,Unfurnished,Apartment,0,0,5,Resale,Ready to Move,,Unknown
Wallfort Tower,21500000,784,2,2,Andheri West,Mumbai,19.1373697481266,72.8257229439874,Semi-Furnished,Apartment,0,0,10,Resale,Ready to Move,,Unknown
Link Garden,34500000,1008,3,2,Andheri West,Mumbai,19.1373697481266,72.8257229439874,Semi-Furnished,Apartment,0,0,10,Resale,Ready to Move,,Unknown
Bhoomi Park II,9200000,468,1,2,Malad West,Mumbai,19.1940346300819,72.8257561606587,Furnished,Apartment,0,12,10,Resale,Ready to Move,,Bhoomi Group
Sai Siddhi CHS,24000000,495,2,2,Andheri East,Mumbai,19.1154908,72.8726952,Unfurnished,Apartment,0,8,10,Resale,Ready to Move,,Sai Group
Swapnil CHS,11500000,252,1,1,Borivali West,Mumbai,19.2335321,72.839198,Semi-Furnished,Apartment,0,10,10,Resale,Ready to Move,,BM GROUP
Oberoi Sky City,51998000,1094,3,,Borivali East,Mumbai,19.2272619069866,72.8634397272398,Unfurnished,Apartment,0,41,10,New Property,Ready To Move,,Oberoi Realty Ltd.
Mahindra Rainforest,25860000,,2,2,Bhandup,Mumbai,19.14871992,72.94278085,Unfurnished,Apartment,0,25,9,New Property,Dec '31,,Mahindra Lifespace Developers Ltd.
Lodha Divino,85755000,1680,4,4,Matunga East,Mumbai,19.0277771413147,72.8560635075251,Unfurnished,Apartment,0,12,9,New Property,Dec '27,,Lodha Developers Limited
Shripal Sattva,6736000,561,2,2,Vasai West,Mumbai,19.3745830863848,72.8076393946386,Unfurnished,Apartment,0,0,5,New Property,Dec '27,,Shripal Sattva LLP
32 West View,45288000,,3,2,Borivali,Mumbai,19.2310071796616,72.8523989794128,Unfurnished,Apartment,0,7,10,New Property,Dec '27,,Konark Developers
N Rose Northern Hills,28844000,1026,3,4,Dahisar East,Mumbai,19.2530390003417,72.8684258373265,Unfurnished,Apartment,0,13,9,New Property,Dec '26,,N Rose Developers Pvt. Ltd.
25 Downtown,495420000,6103,5,5,Mahalakshmi,Mumbai,18.9865617867147,72.8182867539311,Unfurnished,Apartment,0,12,7,New Property,Dec '33,,Twenty Five Downtown Realty Limited
The Address by GS Wadala,34908000,1089,3,4,Wadala,Mumbai,19.012216203088,72.8604594318626,Unfurnished,Apartment,0,14,5,New Property,Mar '31,,Raymond Realty
Oxford Navrang Laxmi,28561000,1015,3,3,Kandivali West,Mumbai,19.2101312179652,72.8305011930765,Unfurnished,Apartment,0,8,9,New Property,Dec '27,,Oxford Downtown Realty LLP
Prestige Forest Hills,51300000,1535,3,3,Mulund West,Mumbai,19.1749536837097,72.943103519999,Unfurnished,Apartment,0,37,10,New Property,Mar '32,,Prestige Group
WMI Ashford Regal Phase III Wing F Project,15150000,505,,1,Bhandup West,Mumbai,19.149901,72.931134,Unfurnished,Commercial Office Space,0,5,8,New Property,Under Construction,,WMI Real Estate Developers LLP
Godrej Trilogy Seafront,243000000,2430,4,4,Worli,Mumbai,19.0036486667054,72.8175254882335,Unfurnished,Apartment,0,27,10,New Property,Dec '34,,Godrej Properties
Lodha Adrina,86146000,1266,3,3,Worli,Mumbai,19.0036486667054,72.8175254882335,Unfurnished,Apartment,0,46,10,New Property,Ready To Move,,Lodha Developers Limited
Oberoi Sky City,51998000,1094,3,3,Borivali East,Mumbai,19.2272619069866,72.8634397272398,Unfurnished,Apartment,0,41,10,New Property,Ready To Move,,Oberoi Realty Ltd.
DLF The Westpark,63219000,1550,3,3,Andheri West,Mumbai,19.1373697481266,72.8257229439874,Unfurnished,Apartment,0,11,10,New Property,Jun '32,,DLF Ltd.
Mahindra Rainforest,33840000,,3,3,Bhandup,Mumbai,19.14871992,72.94278085,Unfurnished,Apartment,0,25,9,New Property,Dec '31,,Mahindra Lifespace Developers Ltd.
Runwal Sanctuary,23124000,830,3,3,Mulund West,Mumbai,19.1749536837097,72.943103519999,Unfurnished,Apartment,0,33,10,New Property,Jul '28,,Runwal Group
Asshna Seabliss,80749000,1988,4,4,Andheri West,Mumbai,19.1373697481266,72.8257229439874,Unfurnished,Apartment,0,7,10,New Property,Dec '26,,Asshna Developers
Gurukrupa Marina Enclave,17741000,729,2,2,Jankalyan Nagar,Mumbai,19.2012375699134,72.8198116611225,Unfurnished,Apartment,0,37,4,New Property,Ready To Move,,Gurukrupa Group
Lodha Aureus,67000000,1400,3,3,Sewri,Mumbai,18.9920224182449,72.8537565266891,Unfurnished,Apartment,0,10,6,New Property,Dec '32,,Lodha Developers Limited
L&T Rejuve 360,29238000,976,3,3,Mulund West,Mumbai,19.1749536837097,72.943103519999,Unfurnished,Apartment,0,11,10,New Property,Dec '26,,L&T Realty
Sheth 72 West,48678000,,3,3,Andheri West,Mumbai,19.1373697481266,72.8257229439874,Unfurnished,Apartment,0,8,10,New Property,Under Construction,,Ashwin Sheth Group
7 Mahalaxmi,43544000,814,2,2,Mahalakshmi,Mumbai,18.9865617867147,72.8182867539311,Unfurnished,Apartment,0,5,7,New Property,Oct '31,,Runwal Enterprises
K S Sudham ,23600000,673,2,2,Vile Parle,Mumbai,19.0945678932926,72.8616060335919,Unfurnished,Apartment,0,15,11,New Property,Dec '28,,K S Construction
Kabra Primera,70003000,,3,3,Juhu,Mumbai,19.098267753993,72.8335140160125,Unfurnished,Apartment,0,21,9,New Property,Ready To Move,,Stone Craft Infra
Raymond The Address by GS Bandra,61347000,1477,4,5,Bandra East,Mumbai,19.062055421515,72.8541362644682,Unfurnished,Apartment,0,14,10,New Property,Jun '31,,Raymond Realty
Shreejee Skymont Siddhi,17155000,655,2,2,Dahisar East,Mumbai,19.2530390003417,72.8684258373265,Unfurnished,Apartment,0,3,9,New Property,Dec '29,,Shreejee Developers
Sheth 72 West,82333000,1800,4,5,Andheri West,Mumbai,19.1373697481266,72.8257229439874,Unfurnished,Apartment,0,8,10,New Property,Under Construction,,Ashwin Sheth Group
Dhanani Shree Krishna,26500000,1039,3,3,Powai,Mumbai,19.1196773,72.9050809,Unfurnished,Apartment,0,21,10,New Property,Mar '27,,Dhanani Group
Dynamix Astrum,38911000,1300,3,3,Malad East,Mumbai,19.1848724519187,72.8629697025013,Unfurnished,Apartment,0,17,9,New Property,Ready To Move,,Dynamix Group
DTG Avenue 68,15363000,569,2,2,Dahisar East,Mumbai,19.2530390003417,72.8684258373265,Unfurnished,Apartment,0,0,9,New Property,Under Construction,1 Covered,Dhariwal Developers India Pvt. Ltd.
Piramal Aranya ,34500000,621,2,2,Byculla East,Mumbai,18.9828560965024,72.8388476258909,Semi-Furnished,Apartment,1,67,7,New Property,Under Construction,10 Covered,Piramal Realty
Narang Vivenda,28800000,837,2,2,Evershine Nagar,Mumbai,19.1907510730194,72.8323939840267,Unfurnished,Apartment,1,13,1,New Property,Under Construction,1 Covered,Narang Propco Private Limited
Dosti Eastern Bay,27000000,686,2,2,Wadala East,Mumbai,19.0135321429189,72.8602998056272,Unfurnished,Apartment,0,61,2,New Property,Ready to Move,1 Covered,Dosti Realty 
Gurukrupa Ekam,30000000,815,2,3,Andheri West,Mumbai,19.1373697481266,72.8257229439874,Unfurnished,Apartment,0,18,10,Resale,Under Construction,,Gurukrupa Realcon
Shivani Rudram,19635000,714,2,2,Kandivali West,Mumbai,19.2101312179652,72.8305011930765,Unfurnished,Apartment,0,11,9,New Property,Under Construction,1 Covered,Shivani Builders and Developers
Matrubhumi The Grand Residences,78000000,2589,5,5,Borivali East,Mumbai,19.2272619069866,72.8634397272398,Unfurnished,Apartment,0,0,10,New Property,Under Construction,3 Covered,Matrubhumi Construction Private Ltd
Vinay Unique Gardens,4695000,559,2,2,Chikhal Dongari,Mumbai,19.48203,72.79096,Semi-Furnished,Apartment,0,26,0,Resale,Ready to Move,,Vinay Unique Group
Unkown,27700000,1108,3,4,IC Colony,Mumbai,19.249869503245,72.8491717870626,Unfurnished,Apartment,0,0,3,New Property,Under Construction,,Unknown
Bharat altavista,58000000,1282,3,3,Andheri West,Mumbai,19.1373697481266,72.8257229439874,Semi-Furnished,Apartment,0,0,10,Resale,Under Construction,2 Covered,Bharat Realty venture Pvt Ltd 
The Palace Tower,10503000,629,2,2,Vinay Nagar,Mumbai,19.2801994577438,72.8818023164363,Unfurnished,Apartment,1,30,5,New Property,Under Construction,1 Open,JP Infra
Unkown,13750000,425,1,1,Daulat Nagar Borivali East,Mumbai,19.2360286434901,72.8605763336864,Unfurnished,Apartment,0,0,2,New Property,Under Construction,,Unknown
Supreme Boulevard,31801014,938,3,2,Chembur,Mumbai,19.0459181155422,72.8975231581492,Semi-Furnished,Apartment,1,22,10,New Property,Under Construction,2 Covered,Supreme Universal
Sheth Codename Younique,18400000,631,2,2,Chunabhatti,Mumbai,19.0528068400089,72.8725841605851,Semi-Furnished,Apartment,0,11,1,New Property,Under Construction,1 Covered,Sheth Builders Pvt. Ltd.
Unkown,9550000,344,,1,Shell Colony,Mumbai,19.0652541768447,72.8934169110109,Unfurnished,Commercial Office Space,1,0,5,New Property,Under Construction,1 Covered,Unknown
Oberoi Eternia And Enigma,27500000,912,3,3,Mulund West,Mumbai,19.1749536837097,72.943103519999,Unfurnished,Apartment,0,32,10,Resale,Ready to Move,2 Covered,Oberoi Realty Ltd.
Rustomjee Crown,105000000,,4,5,Prabhadevi,Mumbai,19.0158585103406,72.8295254470428,Unfurnished,Apartment,0,32,6,Resale,Ready to Move,2 Covered,Rustomjee
Orion Heights,27500000,900,3,2,Sector 1 Charkop,Mumbai,19.2117060662206,72.8267122505131,Unfurnished,Apartment,0,8,1,Resale,Under Construction,1 Covered,VV Developers
Dheeraj Gaurav Heights,45000000,1400,4,4,New Link Road,Mumbai,19.163588274983,72.834765523896,Unfurnished,Apartment,0,11,0,Resale,Ready to Move,2 Open,HDIL
Nahar Amrit Shakti,34143150,1068,3,2,Central Area,Mumbai,19.127903,72.91727,Unfurnished,Apartment,0,23,0,New Property,Under Construction,"1 Covered, 1 Open",Nahar Group
Codename StarLife,6400000,407,1,2,Vinay Nagar,Mumbai,19.2801994577438,72.8818023164363,Unfurnished,Apartment,0,0,5,New Property,Under Construction,,JP Infra
May Fair,21000000,410,1,1,Andheri West,Mumbai,19.1373697481266,72.8257229439874,Unfurnished,Apartment,0,5,10,Resale,Ready to Move,1 Covered,Unknown
Supreme Boulevard,92120000,1960,4,5,Chembur,Mumbai,19.0459181155422,72.8975231581492,Semi-Furnished,Apartment,1,22,10,New Property,Under Construction,4 Covered,Supreme Universal
Piramal Revanta,23900000,855,2,2,Mulund West,Mumbai,19.1749536837097,72.943103519999,Unfurnished,Apartment,0,15,10,New Property,Under Construction,,Piramal Realty
Sheth Montana,32500000,1338,2,2,Mulund West,Mumbai,19.1749536837097,72.943103519999,Semi-Furnished,Apartment,0,36,10,Resale,Under Construction,,Ashwin Sheth Group and Emami Group
Wadia Three Icc,64150000,1283,3,4,Spring Mill Complex,Mumbai,19.01089807,72.85017276,Semi-Furnished,Apartment,1,0,0,New Property,Under Construction,"2 Covered, 1 Open",Wadia Group
Alliance Abhimanyu,17500000,685,3,2,Malad West,Mumbai,19.1940346300819,72.8257561606587,Unfurnished,Apartment,0,0,10,New Property,Under Construction,1 Covered,Alliance City Developers Realtors Pvt. Ltd.
Unkown,33150000,940,2,2,Borivali East,Mumbai,19.2272619069866,72.8634397272398,Unfurnished,Apartment,1,0,10,New Property,Under Construction,1 Covered,Unknown
Piramal Aranya ,29000000,635,2,2,Byculla,Mumbai,18.9763051806034,72.8384452613639,Semi-Furnished,Apartment,0,67,8,New Property,Under Construction,,Piramal Realty
Piramal Revanta,34900000,1355,3,3,Mulund West,Mumbai,19.1749536837097,72.943103519999,Unfurnished,Apartment,1,15,10,New Property,Under Construction,2 Covered,Piramal Realty
Apna Ghar Phase 3,4900000,310,1,1,Vinay Nagar,Mumbai,19.2801994577438,72.8818023164363,Unfurnished,Apartment,0,0,5,Resale,Ready to Move,1 Covered,Seven Eleven Group
Raheja Imperia I,167500000,1800,4,4,Worli,Mumbai,19.0036486667054,72.8175254882335,Semi-Furnished,Apartment,0,48,10,Resale,Ready to Move,1 Covered,Raheja Universal Pvt. Ltd.
Ruparel Jewel,80500000,2314,3,3,Parel,Mumbai,18.9982694030581,72.8410429440342,Unfurnished,Apartment,1,9,6,New Property,Under Construction,,Ruparel Realty
Ruparel Westsky,18899460,620,2,2,Dahanukar Wadi,Mumbai,19.2065558879643,72.8389544986292,Unfurnished,Apartment,0,41,5,New Property,Under Construction,,Ruparel Realty
Santacruz Mansion,19999371,677,2,2,Vakola,Mumbai,19.0794899226775,72.8542218874446,Unfurnished,Apartment,1,5,4,New Property,Under Construction,1 Open,Sainath Developers
Lalbaug OM CHSL,23000000,500,1,1,Lal Baug,Mumbai,18.991538368844,72.8394811827462,Furnished,Apartment,0,0,1,Resale,Ready to Move,,Cooperative Group Housing Society
Vignarajendra,24500000,800,3,3,Amboli,Mumbai,19.1284086086709,72.8447452295284,Semi-Furnished,Apartment,0,0,4,Resale,Ready to Move,1 Covered,Unknown
DB Orchid Woods,50000000,1350,3,3,Gokuldham Colony Goregaon East,Mumbai,19.1729755212444,72.8716991438016,Furnished,Apartment,0,48,2,Resale,Ready to Move,2 Covered,DB Realty Pvt. Ltd.
Challenger Tower,22500000,720,2,2,"Thakur Village, Kandivali East",Mumbai,19.2102986684535,72.873037905053,Unfurnished,Apartment,0,14,6,Resale,Ready to Move,,Kanakia Spaces Realty Pvt. Ltd.
Amrapali Apartment,15000000,591,1,2,Vikhroli East,Mumbai,19.08940973659,72.9389256015301,Semi-Furnished,Apartment,0,0,7,Resale,Ready to Move,,Unknown
Rang Rekha,18000000,616,2,2,Dahisar East,Mumbai,19.2530390003417,72.8684258373265,Semi-Furnished,Apartment,0,8,9,Resale,Ready to Move,1 Covered,Ashapura Developers
Evershine Meadows,22500000,520,2,2,Dharavi,Mumbai,19.045871,72.8573865,Semi-Furnished,Apartment,0,14,2,Resale,Ready to Move,1 Covered,Evershine Premium Buildtech
Unkown,16000000,267,,1,Panchsheel Co Operative Housing Society,Mumbai,19.17878423,72.85663152,Furnished,Commercial Office Space,0,0,0,Resale,Ready to Move,1 Open,Unknown
Unkown,8200000,740,2,2,Nala Sopara,Mumbai,19.4196344986519,72.8081166617887,Furnished,Apartment,0,0,8,Resale,Ready to Move,1 Open,Unknown
Unkown,14500000,653,2,2,Mulund East,Mumbai,19.1531029501285,72.9678051455382,Semi-Furnished,Apartment,0,0,5,Resale,Ready to Move,,Unknown
Unkown,8500000,574,2,1,Mira Road East,Mumbai,19.282975,72.873618,Semi-Furnished,Apartment,0,0,10,Resale,Ready to Move,1 Open,Unknown
Shamiana Apartment,39500000,890,3,3,Irla,Mumbai,19.1082528517535,72.8423696382164,Unfurnished,Apartment,0,0,0,Resale,Ready to Move,1 Covered,Unknown
Hiranandani Gardens Glen Height,41000000,900,2,2,Hiranandani Gardens,Mumbai,19.1177459703185,72.9111144020492,Semi-Furnished,Apartment,0,18,6,Resale,Ready to Move,1 Covered,Hiranandani Group
Nahar Jonquille and Jamaica,20000000,600,2,2,Powai,Mumbai,19.1196773,72.9050809,Semi-Furnished,Apartment,0,30,10,Resale,Ready to Move,1 Covered,Nahar Group
Kalpataru Vienta,43000000,1006,3,3,Kandivali East,Mumbai,19.2050017,72.8692711,Unfurnished,Apartment,0,5,10,Resale,Ready to Move,2 Covered,Kalpataru Ltd.
Unkown,74000000,1193,3,4,Matunga East,Mumbai,19.0277771413147,72.8560635075251,Semi-Furnished,Apartment,0,0,9,Resale,Ready to Move,,Unknown
Yamuna Height,16000000,750,2,2,Mulund West,Mumbai,19.1749536837097,72.943103519999,Unfurnished,Apartment,0,0,10,Resale,Ready to Move,,Unknown
Unkown,72500000,1350,3,3,Sewri,Mumbai,18.9920224182449,72.8537565266891,Unfurnished,Apartment,0,0,6,Resale,Ready to Move,1 Covered,Unknown
Atlas Royal,24000000,447,1,1,Girgaon,Mumbai,18.9567919804138,72.8192909983038,Furnished,Apartment,0,10,4,Resale,Ready to Move,,Atlas Infratech Pvt. Ltd.
Unkown,22500000,550,1,1,Meghwadi Lal Baug,Mumbai,18.9941339,72.83901537,Semi-Furnished,Apartment,0,0,0,Resale,Ready to Move,,Unknown
Lodha Eternis,42500000,1300,3,3,Andheri East,Mumbai,19.1154908,72.8726952,Semi-Furnished,Apartment,0,57,10,Resale,Ready to Move,,Lodha Developers Limited
Shubh Kamana,16500000,656,2,2,Bhandup East,Mumbai,19.1401705,72.9431038,Furnished,Apartment,0,0,5,Resale,Ready to Move,,Unknown
Unkown,10800000,465,1,2,Mulund West,Mumbai,19.1749536837097,72.943103519999,Furnished,Apartment,0,0,10,Resale,Ready to Move,,Unknown
Praman Splendour,79900000,1200,3,4,Matunga East,Mumbai,19.0277771413147,72.8560635075251,Semi-Furnished,Apartment,0,0,9,Resale,Ready to Move,2 Covered,Shreepati Group
Unkown,165000000,1990,4,5,Khar Danda,Mumbai,19.0780368146905,72.8249301895514,Semi-Furnished,Apartment,0,0,1,Resale,Ready to Move,3 Covered,Unknown
Unkown,45000000,800,2,2,Kemps Corner Malabar Hill,Mumbai,18.963706,72.8061263,Semi-Furnished,Apartment,0,0,3,Resale,Ready to Move,,Unknown
Lok Everest,40200000,,1,3,Mulund West,Mumbai,19.1749536837097,72.943103519999,,Builder Floor Apartment,0,13,10,Resale,Ready to Move,1 Open,Lok Housing Group
Hubtown Sunmist,120000000,2600,4,4,Vijay Nagar Andheri East,Mumbai,19.11417,72.84971,Unfurnished,Residential House,0,20,1,New Property,Ready to Move,3 Covered,Hubtown Ltd.
Unkown,7900000,700,2,1,,Mumbai,,,Semi-Furnished,Apartment,0,0,0,Resale,Ready to Move,1 Open,Unknown
Unkown,12400000,500,1,1,Borivali West,Mumbai,19.2335321,72.839198,Semi-Furnished,Apartment,0,0,10,New Property,Ready to Move,,Unknown
Rajyog Residency,8010000,407,1,2,Amar Nagar Mulund West,Mumbai,19.1683641389879,72.9312017500049,Unfurnished,Apartment,0,0,2,Resale,Ready to Move,,Unknown
Unkown,10000000,,1,2,Mulund West,Mumbai,19.1749536837097,72.943103519999,Semi-Furnished,Apartment,0,0,10,Resale,Ready to Move,,Unknown
JSB Nakshatra Aarambh,5800000,563,2,2,Palghar Naigaon East,Mumbai,19.3489277756968,72.8750219955356,Unfurnished,Apartment,0,21,4,Resale,Ready to Move,,JSB Shelters LLP
Unkown,27000000,645,2,2,Goregaon West,Mumbai,19.1630920855215,72.8398088005091,Unfurnished,Apartment,0,0,10,Resale,Ready to Move,1 Covered,Unknown
HDIL Residency Park,4500000,650,2,1,Virar West,Mumbai,19.4638767047594,72.7822993572118,Unfurnished,Apartment,0,0,8,Resale,Ready to Move,1 Open,HDIL
Wadhwa The Address Boulevard,44000000,1046,3,2,Ghatkopar West,Mumbai,19.0908063,72.9076669,Unfurnished,Apartment,0,11,10,Resale,Ready to Move,1 Covered,The Wadhwa Group
Srishti Elegance,9800000,414,1,2,Bhandup West,Mumbai,19.149901,72.931134,Unfurnished,Apartment,0,55,8,Resale,Ready to Move,,Srishti Group
Chamunda Jewel,23500000,979,2,2,Goregaon West,Mumbai,19.1630920855215,72.8398088005091,Furnished,Apartment,0,15,10,Resale,Ready to Move,,Chamunda Developers
Bhairav Darshan,32000000,576,2,2,Elphinstone,Mumbai,19.0081314771461,72.8307980979771,Semi-Furnished,Apartment,0,8,0,Resale,Ready to Move,,Bhairaav Group
Rock View Apartment,100000000,1800,4,4,Andheri East,Mumbai,19.1154908,72.8726952,Furnished,Apartment,0,8,10,Resale,Ready to Move,,Rocky Group
Shree Vastu Enclave,29000000,900,3,3,Andheri East,Mumbai,19.1154908,72.8726952,Unfurnished,Apartment,0,12,10,Resale,Ready to Move,,Vaastu group
Oberoi Prisma,70000000,1237,4,5,Andheri East,Mumbai,19.1154908,72.8726952,Semi-Furnished,Apartment,0,7,10,Resale,Ready to Move,,Oberoi Realty Ltd.
wadhwa Promenade At The Address,30000000,720,2,2,Ghatkopar West,Mumbai,19.0908063,72.9076669,Unfurnished,Apartment,0,7,10,Resale,Ready to Move,,The Wadhwa Group
Bhavesh Plaza,4100000,418,2,2,Nala Sopara,Mumbai,19.4196344986519,72.8081166617887,Semi-Furnished,Apartment,0,11,8,Resale,Ready to Move,,Bhavesh Developer
MICL Ghatkopar Avenue,14500000,,2,,Ghatkopar East,Mumbai,19.07907,72.907976,,Apartment,0,43,9,Resale,Ready to Move,,MICL Group
Avant Heritage,11800000,296,1,2,Jogeshwari East,Mumbai,19.135330778145,72.8584643173496,Semi-Furnished,Apartment,0,11,6,Resale,Ready to Move,,Avant Group
Avant Heritage,12500000,486,1,2,Jogeshwari East,Mumbai,19.135330778145,72.8584643173496,Unfurnished,Apartment,0,11,6,Resale,Ready to Move,,Avant Group
Green Woods,25000000,767,2,2,Andheri West,Mumbai,19.1373697481266,72.8257229439874,Unfurnished,Apartment,0,8,10,Resale,Ready to Move,,Lashkaria Construction Company Pvt. Ltd.
Wadhwa Anmol Fortune,37000000,1109,3,3,Goregaon West,Mumbai,19.1630920855215,72.8398088005091,Unfurnished,Apartment,0,10,10,Resale,Ready to Move,,The Wadhwa Group
Wadhwa Anmol Fortune,40400000,801,3,3,Goregaon West,Mumbai,19.1630920855215,72.8398088005091,Unfurnished,Apartment,0,10,10,Resale,Ready to Move,,The Wadhwa Group
Eco Winds,9200000,360,1,2,Bhandup West,Mumbai,19.149901,72.931134,Unfurnished,Apartment,0,27,8,Resale,Ready to Move,,Eco Homes
Eco Winds,9200000,396,1,2,Bhandup West,Mumbai,19.149901,72.931134,Unfurnished,Apartment,0,27,8,Resale,Ready to Move,,Eco Homes
Eco Winds,9000000,396,1,2,Bhandup West,Mumbai,19.149901,72.931134,Furnished,Apartment,0,27,8,Resale,Ready to Move,,Eco Homes
Galaxy Apartment,8500000,436,1,1,Vasai,Mumbai,19.3914260104194,72.8285855834131,Unfurnished,Apartment,0,6,6,Resale,Ready to Move,,Orchid Construction
Galaxy Apartment,3400000,436,1,1,Vasai,Mumbai,19.3914260104194,72.8285855834131,Unfurnished,Apartment,0,6,6,Resale,Ready to Move,,Orchid Construction
Woodland Complex,2400000,446,1,1,Palghar Naigaon East,Mumbai,19.3489277756968,72.8750219955356,Unfurnished,Apartment,0,0,4,Resale,Ready to Move,,Unknown
Sapphire Lakeside,12000000,540,1,1,MHADA Colony Chandivali,Mumbai,19.1119,72.89604,Unfurnished,Apartment,0,0,3,Resale,Ready to Move,,B G Shirke Group of Companies
Shanti Kunj,20000000,468,1,1,Vile Parle East,Mumbai,19.10046297,72.84924449,Unfurnished,Apartment,0,0,10,Resale,Ready to Move,,Maple Group
Nathani Square,12000000,252,1,2,Mandvi,Mumbai,18.95566,72.8374,Unfurnished,Apartment,0,20,2,Resale,Ready to Move,,Nathani Supariwala Realty
Doms Park,3600000,292,1,1,Vasai West,Mumbai,19.3745830863848,72.8076393946386,Unfurnished,Apartment,0,0,5,Resale,Ready to Move,,DBR Constructions Pvt. Ltd.
Richmond,50000000,1116,4,5,Lokhandwala Complex Andheri West,Mumbai,19.14413,72.8241,Semi-Furnished,Apartment,0,0,4,Resale,Ready to Move,,Unknown
Eden Gardens,16600000,900,2,2,Chembur,Mumbai,19.0459181155422,72.8975231581492,Semi-Furnished,Apartment,0,0,10,Resale,Ready to Move,,Apex Realty
Mariyam Heritage,5610000,734,2,2,Golani Naka,Mumbai,19.414152,72.864301,Unfurnished,Apartment,0,4,2,Resale,Under Construction,,Heritage Builders and Developers
Mariyam Heritage,5610000,734,2,2,Dhumal Nagar,Mumbai,19.421961185771,72.8677938353084,Unfurnished,Apartment,0,4,0,Resale,Under Construction,,Heritage Builders and Developers
Maheshwar Milan Apartment,28000000,620,2,2,Vile Parle East,Mumbai,19.10046297,72.84924449,Furnished,Apartment,0,0,10,Resale,Ready to Move,1 Covered,Unknown
Vinayakaa Aapar Green Heights,17700000,,2,2,Kajupada Kurla,Mumbai,19.089348843718,72.8860676851739,Semi-Furnished,Apartment,0,8,1,Resale,Ready to Move,1 Covered,Vinayakaa Aapar Realtors LLP
Dhaval Sunrise Charkop,13850000,,2,2,Charkop Gaon,Mumbai,19.2092681034955,72.8158628966972,Unfurnished,Apartment,0,34,1,New Property,Under Construction,,Dhaval Developers
K Mehta Shree Rasraj Tower,30000000,,3,2,Borivali West,Mumbai,19.2335321,72.839198,Unfurnished,Apartment,0,0,10,Resale,Ready to Move,,Unknown
Bharat Sky Vistas Bluez,50000000,,3,3,DN Nagar,Mumbai,19.12296883,72.83012082,Unfurnished,Apartment,0,15,6,Resale,Ready to Move,,Bharat Infrastructure and Engineering Pvt.Ltd
Unkown,20600000,825,2,2,Subhash Nagar Chembur,Mumbai,19.05893203,72.90552056,Semi-Furnished,Apartment,0,0,1,Resale,Ready to Move,,Unknown
Unkown,6000000,,,,Phase D Shastri Nagar,Mumbai,19.140194977974,72.8304433163054,Unfurnished,Commercial Shop,0,0,0,Resale,,,Unknown
Poonam Sagar Complex,10500000,601,2,2,Mira Road Area,Mumbai,19.2829267647424,72.8627883689306,Semi-Furnished,Apartment,0,11,8,Resale,Ready to Move,,PNK Builder
Romell Peyton Place,25000000,,2,2,Santacruz East,Mumbai,19.0799983,72.8545019,Furnished,Apartment,0,11,10,Resale,Ready to Move,,Romell Group
Cosmos Legend,3450000,,1,2,Virar West,Mumbai,19.4638767047594,72.7822993572118,Semi-Furnished,Apartment,0,18,8,Resale,Ready to Move,,Cosmos Group
Sugee Atharva,20500000,385,1,2,Prabhadevi,Mumbai,19.0158585103406,72.8295254470428,Semi-Furnished,Apartment,0,12,6,Resale,Ready to Move,,Sugee
Transcon & Sheth Auris Bliss,27500000,,2,2,Malad West,Mumbai,19.1940346300819,72.8257561606587,Unfurnished,Apartment,0,21,10,Resale,Ready to Move,,Transcon Developers and Sheth Creators
Umiya Tower,20000000,702,2,2,Mulund East,Mumbai,19.1531029501285,72.9678051455382,Semi-Furnished,Apartment,0,0,5,Resale,Ready to Move,2 Covered,Unknown
Unkown,15000000,425,1,2,Dahisar East,Mumbai,19.2530390003417,72.8684258373265,Semi-Furnished,Apartment,0,0,9,Resale,Ready to Move,,Unknown
Unkown,1975000,410,1,1,,Mumbai,,,Semi-Furnished,Apartment,0,0,0,Resale,Ready to Move,,Unknown
Unkown,14000000,,3,4,Dhumal Nagar,Mumbai,19.421961185771,72.8677938353084,Unfurnished,Residential House,0,0,0,Resale,Ready to Move,"1 Covered, 1 Open",Unknown
Unkown,14500000,,,,Dongri,Mumbai,18.9602298834636,72.8377329943181,Unfurnished,Warehouse/ Godown,0,0,0,Resale,Ready to Move,,Unknown
Shraddha Polaris,10000000,396,1,1,Tagore Nagar,Mumbai,19.11623,72.93205,Furnished,Apartment,0,5,2,Resale,Ready to Move,,Shraddha Equinox LLP
Raj Legacy,13500000,,1,2,Vikhroli West,Mumbai,19.1137179954172,72.9215428733798,Semi-Furnished,Apartment,0,14,6,Resale,Ready to Move,,Rajesh LifeSpaces
Unkown,17500000,690,1,2,Andheri East,Mumbai,19.1154908,72.8726952,Furnished,Apartment,0,0,10,New Property,Ready to Move,,Unknown
Unkown,29900000,750,,2,Andheri West,Mumbai,19.1373697481266,72.8257229439874,Unfurnished,Commercial Office Space,0,0,10,Resale,Ready to Move,,Unknown
Unkown,24650000,750,2,2,Vijay Nagar Andheri East,Mumbai,19.11417,72.84971,Furnished,Apartment,0,0,1,New Property,Ready to Move,1 Open,Unknown
Neelam Senroofs,36400000,1250,3,3,Nahur East,Mumbai,19.1538107,72.9504858,Semi-Furnished,Apartment,0,39,4,Resale,Under Construction,1 Covered,Neelam Realtors
Ekta Tripolis,33500000,1084,3,3,Siddharth Nagar Goregaon West,Mumbai,19.15978193,72.84234796,Unfurnished,Apartment,0,11,3,New Property,Ready to Move,2 Covered,Ekta World
Runwal Greens,19500000,732,2,2,Mulund West,Mumbai,19.1749536837097,72.943103519999,Semi-Furnished,Apartment,0,58,10,Resale,Ready to Move,1 Covered,Runwal Group
Rivali Park,32000000,845,2,2,Dattapada,Mumbai,19.2224292956989,72.8591617598146,Furnished,Apartment,0,23,5,Resale,Ready to Move,2 Covered,CCI Projects Pvt. Ltd.
Diamond Garden,45400000,1300,3,3,Chembur,Mumbai,19.0459181155422,72.8975231581492,Unfurnished,Apartment,1,18,10,New Property,Under Construction,1 Covered,Cooperative Group Housing Society
Adani The Views,28000000,800,2,3,Railway Police Colony,Mumbai,19.0796644063873,72.9133747405554,Semi-Furnished,Apartment,1,22,0,New Property,Ready to Move,2 Covered,Adani Realty
Unkown,10000000,220,,,Sector 5 Charkop,Mumbai,19.2169038506353,72.8266997767526,Furnished,Commercial Office Space,0,0,0,Resale,Ready to Move,1 Open,Unknown
HDIL Premier Exotica,20000000,663,2,2,Kurla West,Mumbai,19.077063,72.8840395,Semi-Furnished,Apartment,0,19,10,Resale,Ready to Move,1 Covered,Housing Development & Infrastructure Ltd.
Ivory Towers CHS LTD,48000000,1420,4,4,Wadala East,Mumbai,19.0135321429189,72.8602998056272,Furnished,Apartment,0,0,2,Resale,Ready to Move,2 Covered,Cooperative Group Housing Society
K Raheja Interface Heights,15900000,502,1,1,Malad West,Mumbai,19.1940346300819,72.8257561606587,Semi-Furnished,Apartment,0,18,10,Resale,Ready to Move,,K Raheja Realty
Reliable Vasundhara CHS,16000000,525,2,2,Goregaon West,Mumbai,19.1630920855215,72.8398088005091,Semi-Furnished,Apartment,0,5,10,Resale,Ready to Move,,Reliable Construction
Valentine Apartments,12700000,387,1,2,Goregaon East,Mumbai,19.1562110822264,72.8758090633208,Semi-Furnished,Apartment,0,0,9,Resale,Ready to Move,,Unknown
Silver Arch Eden woods,36000000,800,2,2,Andheri West,Mumbai,19.1373697481266,72.8257229439874,Furnished,Apartment,0,4,10,Resale,Ready to Move,,Arch Eden Developer
Unkown,5300000,172,,1,Mulund West,Mumbai,19.1749536837097,72.943103519999,Semi-Furnished,Commercial Office Space,0,0,10,Resale,Ready to Move,,Unknown
Classic View CHS,17500000,630,2,2,Kandarpada,Mumbai,19.256099,72.852924,Semi-Furnished,Apartment,0,0,5,Resale,Ready to Move,,Unknown
Hiranandani Highland,32000000,620,2,2,Hiranandani Gardens,Mumbai,19.1177459703185,72.9111144020492,Semi-Furnished,Apartment,0,24,6,Resale,Ready to Move,2 Covered,Hiranandani Developers
Unkown,20000000,1056,,1,Mahul Road,Mumbai,19.03386173,72.89595863,Semi-Furnished,Commercial Office Space,0,0,0,Resale,Ready to Move,,Unknown
Unkown,40715000,1115,3,3,Parekh Nagar Kandivali West,Mumbai,19.20666111,72.8491342,Semi-Furnished,Apartment,1,0,0,New Property,Ready to Move,1 Covered,Unknown
Unkown,16000000,485,,1,Andheri Kurla Road,Mumbai,19.1123328,72.866972,Furnished,Commercial Office Space,0,0,1,Resale,Ready to Move,,Unknown
CCI Rivali Park Sunburst,21000000,633,2,2,Dattapada,Mumbai,19.2224292956989,72.8591617598146,Unfurnished,Apartment,1,24,5,New Property,Under Construction,1 Covered,CCI Projects Pvt. Ltd.
Siddha Sky,20000000,550,1,2,Wadala East,Mumbai,19.0135321429189,72.8602998056272,Semi-Furnished,Apartment,1,13,2,New Property,Under Construction,"1 Covered, 1 Open",Siddha Group
JP North Euphoria,6900000,416,1,2,Mira Road Area,Mumbai,19.2829267647424,72.8627883689306,Unfurnished,Apartment,0,19,8,New Property,Under Construction,,JP Infra
Raheja Park West,130000000,1732,4,4,Santacruz West,Mumbai,19.0812559812257,72.8376604906028,Unfurnished,Apartment,0,12,7,New Property,Ready to Move,2 Covered,R Raheja Properties
Raheja Vihar,20700000,735,2,2,Chandivali,Mumbai,19.1104892624542,72.899191014387,Furnished,Apartment,0,20,8,Resale,Ready to Move,1 Open,Raheja Developers Ltd.
Unkown,31200000,1090,3,3,Mulund West,Mumbai,19.1749536837097,72.943103519999,Unfurnished,Apartment,0,27,10,New Property,Ready to Move,2 Covered,Unknown
Rustomjee Summit,33000000,1007,3,3,Borivali East,Mumbai,19.2272619069866,72.8634397272398,Unfurnished,Apartment,0,42,10,Resale,Ready to Move,,Rustomjee
Roswalt Raya,24500000,727,2,3,Ashok Nagar Collector Colony,Mumbai,19.0474259862778,72.8921964898644,Unfurnished,Apartment,1,15,0,New Property,Under Construction,1 Covered,Roswalt Realty
Marathon Millennia,11500000,380,,1,Mulund West,Mumbai,19.1749536837097,72.943103519999,Furnished,Commercial Office Space,0,16,10,New Property,Ready to Move,1 Open,Marathon Realty Pvt. Ltd.
Unkown,50000000,,4,4,Goregaon East,Mumbai,19.1562110822264,72.8758090633208,Semi-Furnished,Apartment,1,0,9,Resale,Ready to Move,2 Covered,Unknown
One Lodha Place,215000000,2000,,1,Lower Parel,Mumbai,18.9982431278398,72.8270305579981,Furnished,Commercial Office Space,0,21,9,Resale,Ready to Move,2 Covered,Lodha Developers Limited
Kalpataru Magnus,150000000,1950,4,4,Kala Nagar,Mumbai,19.0578940425914,72.8516229006083,Semi-Furnished,Apartment,1,10,2,Resale,Ready to Move,3 Covered,Kalpataru Ltd.
Sion East,28500000,1000,3,3,Sion,Mumbai,19.0446433751251,72.8709840746083,Semi-Furnished,Apartment,0,29,8,Resale,Ready to Move,1 Covered,Unknown
Unkown,21500000,652,2,1,,Mumbai,,,Semi-Furnished,Apartment,0,0,0,Resale,Ready to Move,,Unknown
Unkown,24000000,670,2,2,Borivali West,Mumbai,19.2335321,72.839198,Furnished,Apartment,0,0,10,Resale,Ready to Move,,Unknown
Unkown,90000000,1800,4,4,Chembur,Mumbai,19.0459181155422,72.8975231581492,Semi-Furnished,Apartment,0,0,10,Resale,Ready to Move,,Unknown
Rising City,23430000,1092,3,3,Chedda Nagar,Mumbai,19.0651164512298,72.9074674906617,Unfurnished,Apartment,1,32,2,New Property,Ready to Move,"1 Covered, 1 Open",Rare Townships
Neha Heena Presidency,6580000,470,1,2,Mira Road Area,Mumbai,19.2829267647424,72.8627883689306,Semi-Furnished,Apartment,1,13,8,Resale,Ready to Move,1 Open,Neha Group
Nilgiri Tower,13500000,,1,1,Agripada,Mumbai,18.9750701400348,72.825301229216,Unfurnished,Apartment,0,9,3,Resale,Ready to Move,,Arok Construction
Alpine Shapoorji Pallonji,47500000,,3,3,Kandivali East,Mumbai,19.2050017,72.8692711,Semi-Furnished,Apartment,0,26,10,Resale,Ready to Move,2 Covered,Shapoorji Pallonji Real Estate
Benzer Tower,19700000,850,2,2,Ashok Nagar Kandivali East,Mumbai,19.1990018451809,72.8579753718241,Unfurnished,Apartment,0,10,1,Resale,Ready to Move,,Benzer Group
Unkown,1500000,208,,,Palghar Naigaon West,Mumbai,19.3476588,72.8302734,Unfurnished,Commercial Shop,0,0,1,Resale,Ready to Move,,Unknown
Tricity Natraj,30000000,740,2,2,Chembur,Mumbai,19.0459181155422,72.8975231581492,Furnished,Apartment,0,9,10,Resale,Ready to Move,1 Covered,Tricity Reality Pvt. Ltd.
JP Chalet Amar,39500000,820,3,2,Juhu,Mumbai,19.098267753993,72.8335140160125,Semi-Furnished,Apartment,0,0,9,Resale,Ready to Move,,Unknown
L&T Crescent Bay,39000000,850,2,2,Parel,Mumbai,18.9982694030581,72.8410429440342,Semi-Furnished,Apartment,0,44,6,Resale,Ready to Move,2 Covered,L&T Realty
Unkown,18000000,450,1,2,Kandawadi,Mumbai,18.95461,72.821592,Semi-Furnished,Apartment,0,0,0,Resale,Ready to Move,,Unknown
Godavari CHS,12000000,485,1,2,Vakola,Mumbai,19.0794899226775,72.8542218874446,Semi-Furnished,Apartment,0,0,4,Resale,Ready to Move,1 Open,Cooperative Group Housing Society
Unkown,29000000,955,3,3,Borivali East,Mumbai,19.2272619069866,72.8634397272398,Unfurnished,Apartment,0,0,10,Resale,Ready to Move,,Unknown
Unkown,1900000,420,1,1,Ambernath West,Mumbai,19.2107415190685,73.1908213734783,Unfurnished,Apartment,0,0,2,Resale,Ready to Move,1 Open,Unknown
Hans Apartment,3200000,525,1,1,Vasai,Mumbai,19.3914260104194,72.8285855834131,Semi-Furnished,Apartment,0,0,6,Resale,Ready to Move,1 Open,shree jee construction
Unkown,29500000,750,2,2,Lokhandwala Complex Andheri West,Mumbai,19.14413,72.8241,Furnished,Apartment,0,0,4,Resale,Ready to Move,,Unknown
Sun and Moon,22500000,650,2,2,Borivali East,Mumbai,19.2272619069866,72.8634397272398,Furnished,Apartment,0,0,10,Resale,Ready to Move,,Kaustubh Construction Pvt. Ltd.
Unkown,10000000,715,2,2,Mulund West,Mumbai,19.1749536837097,72.943103519999,Semi-Furnished,Builder Floor Apartment,0,0,10,Resale,Ready to Move,,Unknown
GHP Suncity Pluto,13500000,634,2,2,Powai,Mumbai,19.1196773,72.9050809,Semi-Furnished,Apartment,0,12,10,Resale,Ready to Move,,GHP Group
Unkown,29900000,950,3,3,Kandivali West,Mumbai,19.2101312179652,72.8305011930765,Furnished,Apartment,0,0,9,Resale,Ready to Move,1 Covered,Unknown
Oberoi Springs,52500000,,3,2,Andheri West,Mumbai,19.1373697481266,72.8257229439874,Furnished,Apartment,0,51,10,Resale,Ready to Move,,Oberoi Realty Ltd.
New India Ashok Smruti,25000000,940,3,3,Old Nagardas Road,Mumbai,19.12422254,72.84774134,Furnished,Apartment,0,5,1,Resale,Ready to Move,,Unknown
Unkown,13000000,490,1,1,Eksar,Mumbai,19.24198,72.83565,Semi-Furnished,Apartment,0,0,2,Resale,Ready to Move,,Unknown
Shreedham Classic,21000000,763,2,2,Goregaon West,Mumbai,19.1630920855215,72.8398088005091,Unfurnished,Apartment,0,18,10,Resale,Ready to Move,1 Covered,Shreedham Group
Siroya Kingston Tower,54000000,1200,3,3,Parel,Mumbai,18.9982694030581,72.8410429440342,Semi-Furnished,Apartment,0,9,6,Resale,Ready to Move,"1 Covered, 1 Open",Siroya Constructions
Shraddha Nipun Galaxy,6500000,,1,1,Kokan Nagar Bhandup West,Mumbai,19.1464555895029,72.9270735153966,Unfurnished,Apartment,0,10,0,New Property,Under Construction,,SHRADDHA LANDMARK PVT. LTD
Dhaval Sunrise Charkop,13300000,,2,2,Charkop Gaon,Mumbai,19.2092681034955,72.8158628966972,Unfurnished,Apartment,0,34,1,Resale,Ready to Move,,Dhaval Developers
Dhaval Sunrise Charkop,13200000,,2,2,Charkop Gaon,Mumbai,19.2092681034955,72.8158628966972,Semi-Furnished,Apartment,0,34,1,Resale,Ready to Move,,Dhaval Developers
Dosti Belleza,13500000,,1,2,Parel,Mumbai,18.9982694030581,72.8410429440342,Unfurnished,Apartment,0,9,6,Resale,Ready to Move,,Dosti Realty
Crescent Landmark,16900000,,2,2,Marol,Mumbai,19.1169810025439,72.8801253056097,Semi-Furnished,Apartment,0,18,8,Resale,Ready to Move,,Crescent Group
ND Palai Towers,33000000,,4,4,Goregaon West,Mumbai,19.1630920855215,72.8398088005091,Unfurnished,Apartment,0,6,10,Resale,Under Construction,,ND Developers Pvt. Ltd.
Rustomjee Pinnacle,18600000,,3,2,Rajendra Nagar,Mumbai,19.2193312084231,72.8588004155209,Unfurnished,Apartment,0,0,1,New Property,Ready to Move,,Rustomjee
Rustomjee Pinnacle,18500000,,3,2,Borivali East,Mumbai,19.2272619069866,72.8634397272398,Unfurnished,Apartment,0,0,10,New Property,Ready to Move,,Rustomjee
Tirupathi The Windsor,6450000,266,1,1,Kandivali East,Mumbai,19.2050017,72.8692711,Semi-Furnished,Apartment,0,43,10,Resale,Ready to Move,,Tirupathi Enterprises
Jyoti Ascent,11500000,425,1,2,Bhavani Nagar Marol,Mumbai,19.12062,72.88357,Semi-Furnished,Apartment,0,0,1,Resale,Ready to Move,,DB Developers
Sai Sagar Tower,17100000,594,2,2,Goregaon East,Mumbai,19.1562110822264,72.8758090633208,Semi-Furnished,Apartment,0,9,9,Resale,Ready to Move,,Sai Usha Development Ltd.
Yashodham Complex,25000000,700,2,2,Yashodham,Mumbai,19.1721403570781,72.859157725407,Semi-Furnished,Apartment,0,0,1,Resale,Ready to Move,,Unknown
Nathani Heights,31500000,,1,1,Mumbai Central,Mumbai,18.9719357574575,72.8200902287046,Semi-Furnished,Apartment,0,48,8,Resale,Ready to Move,,Nathani Supariwala Realty
Sheth Vasant Utsav,10000000,432,1,1,Kandivali East,Mumbai,19.2050017,72.8692711,Semi-Furnished,Apartment,0,24,10,Resale,Ready to Move,,Sheth Creators
Gaurav Residency II,6000000,540,2,2,Mira Road Area,Mumbai,19.2829267647424,72.8627883689306,Unfurnished,Apartment,0,12,8,Resale,Ready to Move,,Ravi Group Of Builders And Developers
Sai Sahawas CHS,8500000,428,1,1,Andheri West,Mumbai,19.1373697481266,72.8257229439874,Semi-Furnished,Apartment,0,0,10,Resale,Ready to Move,,Cooperative Group Housing Society
Transcon Auris Serenity,27000000,808,2,3,Malad West,Mumbai,19.1940346300819,72.8257561606587,Unfurnished,Apartment,0,38,10,New Property,Ready to Move,,Transcon Developers and Sheth Creators
Mahindra Rainforest,19900000,,2,2,Bhandup West,Mumbai,19.149901,72.931134,Unfurnished,Apartment,0,25,8,Resale,Under Construction,,Mahindra Lifespace Developers Ltd.
Mangal CHS Apartment,15000000,468,2,2,Matunga East,Mumbai,19.0277771413147,72.8560635075251,Unfurnished,Apartment,0,0,9,Resale,Ready to Move,,Cooperative Group Housing Society
Agate TBC Marol Phase 1,27720000,924,2,2,Marol,Mumbai,19.1169810025439,72.8801253056097,Unfurnished,Apartment,0,14,8,Resale,Under Construction,,Agate Realtors and Developers
Unkown,7200000,260,1,1,Andheri East,Mumbai,19.1154908,72.8726952,Semi-Furnished,Residential House,0,0,10,Resale,Ready to Move,,Unknown
Uadaka Heights,20000000,775,2,2,Goregaon West,Mumbai,19.1630920855215,72.8398088005091,Semi-Furnished,Apartment,0,38,10,Resale,Ready to Move,1 Covered,DLH Group
Cosmos Regency,6000000,,2,2,Virar,Mumbai,19.462194642857,72.8049130698568,Semi-Furnished,Apartment,0,22,8,Resale,Ready to Move,20 Open,Cosmos Group
Unkown,18500000,620,2,2,Amboli,Mumbai,19.1284086086709,72.8447452295284,Furnished,Apartment,0,0,4,Rent,Ready to Move,,Unknown
Unkown,13000000,300,2,2,Sector 2 Charkop,Mumbai,19.21222,72.82118,Unfurnished,Residential House,0,0,2,Resale,Ready to Move,,Unknown
Unkown,11100000,3000,3,3,Ulhasnagar,Mumbai,19.2298419727021,73.1644753282394,Furnished,Residential House,0,0,4,Resale,Ready to Move,1 Covered,Unknown
Unkown,6500000,115,,1,Kala Ghoda Fort,Mumbai,18.9312920478894,72.8332761583892,Semi-Furnished,Commercial Office Space,0,0,1,Resale,Ready to Move,4 Open,Unknown
Unkown,26000000,,2,2,Chinchpokli,Mumbai,18.9840441117955,72.8344120291597,Furnished,Apartment,0,0,0,Resale,Ready to Move,2 Open,Unknown
Unkown,3200000,590,2,1,Nilemore,Mumbai,19.425021,72.8161,Unfurnished,Apartment,0,0,1,Resale,Ready to Move,,Unknown
Kalpataru Vivant,29000000,675,2,2,Jogeshwari East,Mumbai,19.135330778145,72.8584643173496,Unfurnished,Apartment,0,17,6,Resale,Ready to Move,,Kalpataru Ltd.
Unkown,21000000,554,2,2,Andheri West,Mumbai,19.1373697481266,72.8257229439874,Unfurnished,Apartment,0,0,10,Resale,Ready to Move,,Unknown
Unkown,24500000,641,2,2,Oshiwara,Mumbai,19.1477763241262,72.8410641675255,Unfurnished,Apartment,0,0,1,Resale,Ready to Move,,Unknown
Unkown,11000000,324,1,1,Andheri East,Mumbai,19.1154908,72.8726952,Unfurnished,Apartment,0,0,10,Resale,Ready to Move,,Unknown
Unkown,17000000,598,2,2,Andheri East,Mumbai,19.1154908,72.8726952,Unfurnished,Apartment,0,0,10,Resale,Ready to Move,,Unknown
Unkown,17500000,738,2,2,Andheri East,Mumbai,19.1154908,72.8726952,Semi-Furnished,Apartment,0,0,10,Resale,Ready to Move,,Unknown
Unkown,6500000,238,1,1,,Mumbai,,,Furnished,Apartment,0,0,0,Resale,Ready to Move,,Unknown
Unkown,7500000,414,1,1,Nehru Nagar Airport Area,Mumbai,19.1024967523958,72.8350069696556,Semi-Furnished,Apartment,0,0,0,Resale,Ready to Move,,Unknown
Unkown,15100000,634,2,2,,Mumbai,,,Unfurnished,Apartment,0,0,0,Resale,Ready to Move,,Unknown
Unkown,29000000,504,2,2,Dadar East,Mumbai,19.0135792007831,72.8448295038214,Unfurnished,Apartment,0,0,8,Resale,Ready to Move,,Unknown
Unkown,13000000,346,1,2,,Mumbai,,,Semi-Furnished,Apartment,0,0,0,Resale,Ready to Move,,Unknown
Unkown,8800000,439,1,2,Indira Nagar Jogeshwari East,Mumbai,19.1328331528563,72.8645290605068,Furnished,Apartment,0,0,0,Resale,Ready to Move,,Unknown
Unkown,105000000,2268,4,4,Deonar Farm Road,Mumbai,19.043048,72.911767,Semi-Furnished,Apartment,0,0,1,Resale,Under Construction,,Unknown
Unkown,5500000,468,1,1,,Mumbai,,,Semi-Furnished,Apartment,0,0,0,Resale,Ready to Move,,Unknown
Unkown,5000000,396,2,2,Silver Park,Mumbai,19.280041,72.873952,Unfurnished,Apartment,0,0,1,Resale,Ready to Move,,Unknown
Unkown,5000000,396,2,2,Mira Road East,Mumbai,19.282975,72.873618,Unfurnished,Apartment,0,0,10,Resale,Ready to Move,,Unknown
Unkown,22500000,707,2,2,Kurla,Mumbai,19.071989,72.884082,Semi-Furnished,Apartment,0,0,10,Resale,Ready to Move,,Unknown
Unkown,20000000,882,2,2,Ghatkopar,Mumbai,19.0790315269233,72.9079878628838,Semi-Furnished,Apartment,0,0,10,Resale,Ready to Move,,Unknown
Unkown,13000000,781,2,2,Mahul Road,Mumbai,19.03386173,72.89595863,Semi-Furnished,Apartment,0,0,0,Resale,Ready to Move,,Unknown
Unkown,22000000,621,2,2,Chembur,Mumbai,19.0459181155422,72.8975231581492,Furnished,Apartment,0,0,10,Resale,Ready to Move,,Unknown
Unkown,31500000,1620,2,2,Jogeshwari East,Mumbai,19.135330778145,72.8584643173496,Furnished,Apartment,0,0,6,Resale,Ready to Move,,Unknown
Unkown,2700000,428,1,1,Virar East,Mumbai,19.4652899784439,72.8189990617033,Unfurnished,Apartment,0,0,7,Resale,Ready to Move,,Unknown
Unkown,13000000,504,2,2,Bhandup West,Mumbai,19.149901,72.931134,Furnished,Apartment,0,0,8,Resale,Ready to Move,,Unknown
Unkown,14700000,738,2,2,Panchsheel Nagar Bhandup West,Mumbai,19.1480125164498,72.9327838321096,Furnished,Apartment,0,0,0,Resale,Ready to Move,,Unknown
Unkown,11000000,418,1,2,Valmik Nagar,Mumbai,19.14605,72.93295,Furnished,Apartment,0,0,1,Resale,Ready to Move,,Unknown
Unkown,17500000,540,1,2,Versova Marg,Mumbai,19.1281382252134,72.8311710258696,Unfurnished,Apartment,0,0,0,Resale,Ready to Move,,Unknown
Unkown,6500000,439,1,2,Mira Road,Mumbai,19.2824790028886,72.8826767010947,Unfurnished,Apartment,0,0,3,Resale,Ready to Move,,Unknown
Unkown,6300000,256,1,1,Shivaji Nagar,Mumbai,19.0654023553353,72.9247600621677,Unfurnished,Apartment,0,0,0,Resale,Ready to Move,,Unknown
Unkown,34500000,720,2,2,Parel,Mumbai,18.9982694030581,72.8410429440342,Semi-Furnished,Apartment,0,0,6,Resale,Ready to Move,,Unknown
Unkown,23000000,396,2,2,,Mumbai,,,Unfurnished,Apartment,0,0,0,Resale,Ready to Move,,Unknown
Unkown,15000000,756,2,2,Chandivali,Mumbai,19.1104892624542,72.899191014387,Semi-Furnished,Apartment,0,0,8,Resale,Ready to Move,,Unknown
Runwal Meadows Aster,22200000,852,2,2,Kanjurmarg East,Mumbai,19.1303464798827,72.934955451681,Semi-Furnished,Apartment,0,15,5,New Property,Under Construction,,Runwal Enterprises
Arihant Balaji Pride,55000000,1500,4,4,Central Avenue Road,Mumbai,19.057928,72.900514,Unfurnished,Apartment,0,0,1,New Property,Ready to Move,2 Covered,Unknown
Krishna Residency Atmaram Compound,28500000,800,2,2,Sunder Nagar Malad West,Mumbai,19.177041,72.841444,Furnished,Apartment,1,12,4,Resale,Ready to Move,1 Open,K PATEL REALTY
Raheja Ridgewood,34500000,800,2,2,Goregaon East,Mumbai,19.1562110822264,72.8758090633208,Semi-Furnished,Apartment,0,43,9,Resale,Ready to Move,2 Open,Raheja Universal Pvt. Ltd.
Unkown,24000000,750,3,2,Piramal Nagar,Mumbai,19.16895,72.84731,Unfurnished,Apartment,0,0,0,Resale,Ready to Move,,Unknown
Karwa Desh Bandhu,14000000,500,2,2,Siddharth Nagar Goregaon West,Mumbai,19.15978193,72.84234796,Unfurnished,Apartment,0,0,3,Resale,Ready to Move,,Unknown
Kalpataru Crest,21100000,797,2,2,Bhandup West,Mumbai,19.149901,72.931134,Semi-Furnished,Apartment,0,35,8,Resale,Ready to Move,,Kalpataru Ltd.
K Raheja Interface Heights,15900000,502,1,1,Malad West,Mumbai,19.1940346300819,72.8257561606587,Semi-Furnished,Apartment,1,18,10,Resale,Ready to Move,1 Open,K Raheja Realty
Adityaraj Platinum,24000000,700,,2,Chembur East,Mumbai,19.0611638862632,72.8948410560158,Unfurnished,Commercial Office Space,1,16,2,New Property,Under Construction,"1 Covered, 1 Open",Adityaraj Group
Unkown,64500000,860,,1,Mahalakshmi,Mumbai,18.9865617867147,72.8182867539311,Unfurnished,Commercial Office Space,1,0,7,New Property,Ready to Move,1 Covered,Unknown
BLA Business Park ,160000000,3696,,3,Goregaon East,Mumbai,19.1562110822264,72.8758090633208,Unfurnished,Commercial Office Space,0,12,9,Resale,Ready to Move,4 Covered,BLA Developers
Kanhaji Eirene Heights,34675200,774,2,2,Mahim,Mumbai,19.0388120275329,72.8419652875755,Semi-Furnished,Apartment,0,3,6,New Property,Under Construction,"1 Covered, 1 Open",KANHAJI DEVELOPERS
Shanti Kamal CHS,37500000,965,2,2,Chinchpokli,Mumbai,18.9840441117955,72.8344120291597,Furnished,Apartment,0,14,0,Resale,Ready to Move,1 Covered,Paras Porwal Developer
Chandak Highscape City,10900000,,1,2,Chembur,Mumbai,19.0459181155422,72.8975231581492,Semi-Furnished,Apartment,1,30,10,New Property,Under Construction,1 Covered,Chandak Group
Arkade Rare,19200000,727,2,2,Bhandup West,Mumbai,19.149901,72.931134,Unfurnished,Apartment,1,0,8,New Property,Under Construction,1 Covered,Arkade Group
Unkown,17100000,615,2,2,Kandivali West,Mumbai,19.2101312179652,72.8305011930765,Unfurnished,Apartment,0,0,9,New Property,Under Construction,,Unknown
Runwal Forests,17300000,661,2,2,Kanjurmarg West,Mumbai,19.1341354387679,72.9249978851096,Furnished,Apartment,0,33,2,Resale,Ready to Move,1 Covered,Runwal Group
Mahindra Rainforest,14852000,661,2,2,Bhandup,Mumbai,19.14871992,72.94278085,Unfurnished,Apartment,0,25,9,New Property,Under Construction,1 Covered,Mahindra Lifespace Developers Ltd.
Unkown,15400000,513,2,2,Dahanukar Wadi,Mumbai,19.2065558879643,72.8389544986292,Unfurnished,Apartment,0,0,5,Resale,Ready to Move,1 Covered,Unknown
Piramal Revanta,34800000,1145,3,3,Mulund West,Mumbai,19.1749536837097,72.943103519999,Unfurnished,Apartment,1,15,10,New Property,Under Construction,2 Covered,Piramal Realty
Adani Ten BKC ,84000000,,3,3,Bandra Kurla Complex,Mumbai,19.0626802993452,72.8650539233055,Unfurnished,Apartment,1,6,6,Resale,Ready to Move,,Adani Realty
Mahindra Vista,13800000,432,1,2,Kandivali East,Mumbai,19.2050017,72.8692711,Unfurnished,Apartment,0,13,10,New Property,Under Construction,,Mahindra Lifespace Developers Ltd.
Sheth Auris Serinity,47100000,1233,3,4,Malad West,Mumbai,19.1940346300819,72.8257561606587,Furnished,Apartment,0,36,10,Resale,Under Construction,2 Covered,Sheth Creators Pvt. Ltd.
Shapoorji NP 1.2,38940000,1320,3,3,Kandivali East,Mumbai,19.2050017,72.8692711,Unfurnished,Apartment,1,3,10,New Property,Under Construction,2 Covered,Shapoorji Pallonji Real Estate
Adani Ten BKC ,63300000,978,3,2,Bandra Kurla Complex,Mumbai,19.0626802993452,72.8650539233055,Unfurnished,Apartment,0,6,6,New Property,Under Construction,1 Open,Adani Realty
Shikara Heights,13500000,375,1,1,Sion,Mumbai,19.0446433751251,72.8709840746083,Semi-Furnished,Apartment,0,15,8,Resale,Under Construction,1 Covered,Shikara Constructions Pvt. Ltd.
Unkown,17516000,604,2,2,Mahatama Gandhi Road,Mumbai,19.2053728520938,72.8388464564091,Unfurnished,Apartment,1,0,0,New Property,Under Construction,,Unknown
Raheja imperia 2,118446000,2078,5,6,Lower Parel West,Mumbai,19.0010243905285,72.8239939828909,Semi-Furnished,Apartment,0,0,0,New Property,Under Construction,4 Covered,K Raheja Corp
Radius 10 BKC,100000000,1600,4,5,Bandra Kurla Complex,Mumbai,19.0626802993452,72.8650539233055,Semi-Furnished,Apartment,0,9,6,Resale,Ready to Move,3 Covered,Adani Realty
Trump Tower,94900931,1375,3,3,Senapati Bapat Marg,Mumbai,19.01473811,72.83867556,Furnished,Apartment,1,21,2,Resale,Ready to Move,2 Covered,Lodha Developers Limited
DB Ozone,8000000,632,2,2,Mira Road Area,Mumbai,19.2829267647424,72.8627883689306,Unfurnished,Apartment,0,52,8,Resale,Ready to Move,,DB Realty Pvt. Ltd.
DB Ozone,8700000,632,2,2,Mira Road Area,Mumbai,19.2829267647424,72.8627883689306,Furnished,Apartment,0,52,8,Resale,Ready to Move,,DB Realty Pvt. Ltd.
DB Ozone,9500000,562,2,2,Mira Road Area,Mumbai,19.2829267647424,72.8627883689306,Semi-Furnished,Apartment,0,52,8,Resale,Ready to Move,,DB Realty Pvt. Ltd.
DB Ozone,9000000,449,2,2,Mira Road Area,Mumbai,19.2829267647424,72.8627883689306,Semi-Furnished,Apartment,0,52,8,Resale,Ready to Move,,DB Realty Pvt. Ltd.
DB Ozone,9000000,449,2,2,Mira Road Area,Mumbai,19.2829267647424,72.8627883689306,Semi-Furnished,Apartment,0,52,8,Resale,Ready to Move,,DB Realty Pvt. Ltd.
DB Ozone,7800000,635,2,2,Mira Road Area,Mumbai,19.2829267647424,72.8627883689306,Unfurnished,Apartment,0,52,8,Resale,Ready to Move,,DB Realty Pvt. Ltd.
Shanti Dham,6300000,468,2,2,Mira Road Area,Mumbai,19.2829267647424,72.8627883689306,Semi-Furnished,Apartment,0,10,8,Resale,Ready to Move,,Unique Shanti Developers Pvt. Ltd.
Agarwal Nimit Tower,20000000,828,3,3,Kandivali West,Mumbai,19.2101312179652,72.8305011930765,Unfurnished,Apartment,0,7,9,Resale,Ready to Move,,Agarwal Group
Sahyadri CHS,19500000,504,1,2,Kandivali West,Mumbai,19.2101312179652,72.8305011930765,Unfurnished,Apartment,0,0,9,Resale,Ready to Move,,Cooperative Group Housing Society
Blue Oasis II,16000000,610,2,2,Kandivali West,Mumbai,19.2101312179652,72.8305011930765,Furnished,Apartment,0,0,9,Resale,Ready to Move,,Unknown
Silver Leaf,24500000,900,3,3,Kandivali East,Mumbai,19.2050017,72.8692711,Furnished,Apartment,0,0,10,Resale,Ready to Move,,Unknown
Swastik Society Vile Parle West,75000000,1080,4,5,Juhu,Mumbai,19.098267753993,72.8335140160125,Semi-Furnished,Apartment,0,0,9,Resale,Ready to Move,,Unknown
Rachana Rumeet,39000000,1058,2,2,Juhu,Mumbai,19.098267753993,72.8335140160125,Semi-Furnished,Apartment,0,0,9,Resale,Ready to Move,,Unknown
Shiv Satyam Apartment,9000000,360,1,2,Kandivali West,Mumbai,19.2101312179652,72.8305011930765,Unfurnished,Apartment,0,0,9,Resale,Ready to Move,,Unknown
Radhika Apartment,18000000,648,2,3,Kandivali West,Mumbai,19.2101312179652,72.8305011930765,Furnished,Apartment,0,0,9,Resale,Ready to Move,,Unknown
Shree Niketan,13000000,443,1,2,Kandivali West,Mumbai,19.2101312179652,72.8305011930765,Furnished,Apartment,0,3,9,Resale,Ready to Move,,Dipti Group
Shalimar CHS,22500000,450,1,2,Kandivali West,Mumbai,19.2101312179652,72.8305011930765,Furnished,Apartment,0,0,9,Resale,Ready to Move,,Cooperative Group Housing Society
Omkaar Shri,13000000,528,2,2,Sector 8 Charkop,Mumbai,19.21815,72.81592,Semi-Furnished,Apartment,0,21,2,Resale,Ready to Move,,SD Construction
Bhoomi Samkit,57500000,1800,5,5,Kandivali West,Mumbai,19.2101312179652,72.8305011930765,Furnished,Apartment,0,0,9,Resale,Ready to Move,,Bhoomi Properties
Avani Tower,13500000,616,2,2,Mulund West,Mumbai,19.1749536837097,72.943103519999,Furnished,Apartment,0,0,10,Resale,Ready to Move,,Unknown
Aakruti Abich Apartment,23500000,886,3,3,Mulund West,Mumbai,19.1749536837097,72.943103519999,Furnished,Apartment,0,0,10,Resale,Ready to Move,,Unknown
Aakruti Abich Apartment,23000000,972,3,3,Tambe Nagar,Mumbai,19.1805503799405,72.9562796743222,Furnished,Apartment,0,0,0,Resale,Ready to Move,,Unknown
Aakruti Abich Apartment,23500000,886,3,3,Tambe Nagar,Mumbai,19.1805503799405,72.9562796743222,Furnished,Apartment,0,0,0,Resale,Ready to Move,,Unknown
Guru Jyot Building,16000000,504,2,2,Mulund East,Mumbai,19.1531029501285,72.9678051455382,Semi-Furnished,Apartment,0,0,5,Resale,Ready to Move,,Unknown
Atharwa CHS,14500000,619,2,2,Mulund East,Mumbai,19.1531029501285,72.9678051455382,Furnished,Apartment,0,0,5,Resale,Ready to Move,,Cooperative Group Housing Society
Ankur Enclave,5900000,454,1,2,Mira Road Area,Mumbai,19.2829267647424,72.8627883689306,Unfurnished,Apartment,0,0,8,Resale,Ready to Move,,Unknown
Audumbar Chaya Chs,17000000,403,2,2,Mazgaon,Mumbai,18.9633811595298,72.8440624733612,Unfurnished,Apartment,0,0,6,Resale,Ready to Move,,Cooperative Group Housing Society
Sheerji Heights,59999999,1440,3,3,Matunga West,Mumbai,19.0288217353274,72.8440906063583,Furnished,Apartment,0,0,5,Resale,Ready to Move,,Unknown
Pranav Apartment,43500000,792,2,3,Matunga East,Mumbai,19.0277771413147,72.8560635075251,Furnished,Apartment,0,0,9,Resale,Ready to Move,,Unknown
Neelkamal Apartment,21000000,540,2,2,Andheri West,Mumbai,19.1373697481266,72.8257229439874,Furnished,Apartment,0,13,10,Resale,Ready to Move,,SM Developers
Shubh Seven Square Avenue,17061000,1091,2,2,Mira Road East,Mumbai,19.282975,72.873618,Unfurnished,Apartment,0,2,10,New Property,Ready To Move,,Shubh Realty
Mayfair Mira Pride,18069000,1031,3,2,Mira Road Area,Mumbai,19.2829267647424,72.8627883689306,Unfurnished,Apartment,0,14,8,New Property,Under Construction,,Mayfair Housing
Shelton Elite,63704000,1356,3,4,Juhu,Mumbai,19.098267753993,72.8335140160125,Unfurnished,Apartment,0,6,9,New Property,Mar '27,,Shelton Groups
Piramal Revanta,29359000,1040,2,2,Mulund West,Mumbai,19.1749536837097,72.943103519999,Unfurnished,Apartment,0,15,10,New Property,Ready To Move,,Piramal Realty
25 Downtown,308471000,3800,4,4,Mahalakshmi,Mumbai,18.9865617867147,72.8182867539311,Unfurnished,Apartment,0,12,7,New Property,Dec '33,,Twenty Five Downtown Realty Limited
Nahars Chandi Valley,62000000,1864,3,3,Chandivali,Mumbai,19.1104892624542,72.899191014387,Unfurnished,Apartment,0,7,8,New Property,Dec '30,,Nahar Builders Limited
Runwal Raaya,294306000,4750,5,5,Worli,Mumbai,19.0036486667054,72.8175254882335,Unfurnished,Apartment,0,19,10,New Property,Dec '32,,Runwal Realty
Ajmera Manhattan,49765000,1239,3,3,Wadala,Mumbai,19.012216203088,72.8604594318626,Unfurnished,Apartment,0,54,5,New Property,Jun '27,,Ajmera Realty & Infra India Ltd.
Siddha Sky,25774000,911,3,2,Wadala East,Mumbai,19.0135321429189,72.8602998056272,Unfurnished,Apartment,0,13,2,New Property,Under Construction,,Siddha Group
Rustomjee Balmoral,79117000,1399,3,3,Chembur,Mumbai,19.0459181155422,72.8975231581492,Unfurnished,Apartment,0,52,10,New Property,Apr '30,,Rustomjee
Prestige Garden Trails,27100000,1078,3,3,Mira Road East,Mumbai,19.282975,72.873618,Unfurnished,Apartment,0,17,10,New Property,Oct '30,,Prestige Group
Chandak Greenairy,46119000,1327,4,4,Borivali East,Mumbai,19.2272619069866,72.8634397272398,Unfurnished,Apartment,0,8,10,New Property,Jun '28,,Chandak Group
Lodha Park,69321000,1126,3,3,Worli,Mumbai,19.0036486667054,72.8175254882335,Unfurnished,Apartment,0,57,10,New Property,Ready To Move,,Lodha Developers Limited
Lodha Corinthia,90881000,3332,5,5,Bhandup West,Mumbai,19.149901,72.931134,Unfurnished,Apartment,0,9,8,New Property,Jun '30,,Lodha Developers Limited
Godrej Reserve,79000000,2033,4,5,Kandivali East,Mumbai,19.2050017,72.8692711,Unfurnished,Apartment,0,9,10,New Property,Jun '30,,Godrej Properties
Roswalt Raya,20546000,747,2,3,Chembur,Mumbai,19.0459181155422,72.8975231581492,Unfurnished,Apartment,0,15,10,New Property,Dec '27,,Roswalt Realty
Prarambh Chandiwala,17406000,646,2,2,Andheri West,Mumbai,19.1373697481266,72.8257229439874,Unfurnished,Apartment,0,5,10,New Property,Dec '30,,CHANDIWALA ENTERPRISES PVT LTD
Runwal Bliss,20715000,692,2,2,Kanjurmarg East,Mumbai,19.1303464798827,72.934955451681,Unfurnished,Apartment,0,43,5,New Property,Jun '28,,Runwal Enterprises
Puravankara Purva Estrella,49500000,1100,3,1,Andheri West,Mumbai,19.1373697481266,72.8257229439874,Unfurnished,Apartment,0,10,10,New Property,Jul '32,,Puravankara Ltd.
Ariha Skyes,58619000,1850,4,4,Goregaon West,Mumbai,19.1630920855215,72.8398088005091,Unfurnished,Apartment,0,12,10,New Property,Mar '29,,Ariha Globe LLP
Dotom Hilton,30200000,996,3,4,Borivali West,Mumbai,19.2335321,72.839198,Unfurnished,Apartment,0,6,10,New Property,Aug '27,,Dotom Realty
Oberoi Sky City,51998000,1094,3,3,Borivali East,Mumbai,19.2272619069866,72.8634397272398,Unfurnished,Apartment,0,41,10,New Property,Ready To Move,,Oberoi Realty Ltd.
Ramdev Avighna Sky,23017000,1508,3,4,Mira Road East,Mumbai,19.282975,72.873618,Unfurnished,Apartment,0,9,10,New Property,Mar '30,,Ramdev Developers And Builders Pvt Ltd
Supreme Boulevard,70317000,1962,4,4,Chembur,Mumbai,19.0459181155422,72.8975231581492,Unfurnished,Apartment,0,22,10,New Property,Mar '29,,Supreme Universal
Lodha Woods,49367000,1540,4,4,Kandivali East,Mumbai,19.2050017,72.8692711,Unfurnished,Apartment,0,14,10,New Property,Nov '27,,Lodha Developers Limited
Shapoorji NP 1.2,49600000,1544,3,3,Kandivali East,Mumbai,19.2050017,72.8692711,Unfurnished,Apartment,0,3,10,New Property,Oct '32,,Shapoorji Pallonji Real Estate
Viceroy SAVANA,52068000,1170,3,3,Kandivali East,Mumbai,19.2050017,72.8692711,Unfurnished,Apartment,0,5,10,New Property,Under Construction,,Viceroy Properties
Prestige Garden Trails,17000000,735,2,2,Mira Road East,Mumbai,19.282975,72.873618,Unfurnished,Apartment,0,17,10,New Property,Oct '30,,Prestige Group
Kalpataru Vivant,33544000,1076,3,3,Jogeshwari Vikhroli Link Road,Mumbai,19.12761,72.88863,Unfurnished,Apartment,0,17,4,New Property,Mar '28,,Kalpataru Ltd.
The Address by GS Wadala,34908000,1089,3,4,Wadala,Mumbai,19.012216203088,72.8604594318626,Unfurnished,Apartment,0,14,5,New Property,Mar '31,,Raymond Realty
Gurukrupa Marina Enclave,11500000,452,1,2,Malad West,Mumbai,19.1940346300819,72.8257561606587,Semi-Furnished,Apartment,0,36,10,Resale,Ready to Move,,Gurukrupa Group
Om Sai Chembur Nandadeep CHS,16000000,650,2,2,Chembur,Mumbai,19.0459181155422,72.8975231581492,Semi-Furnished,Apartment,0,0,10,Resale,Ready to Move,,Om Sai Developers
Mangalmay Tower,16500000,750,2,2,Kandivali West,Mumbai,19.2101312179652,72.8305011930765,Semi-Furnished,Apartment,0,4,9,Resale,Ready to Move,,Shree Mangal Projects
Silver Nest,26500000,745,2,2,Andheri East,Mumbai,19.1154908,72.8726952,Furnished,Apartment,0,0,10,Resale,Ready to Move,,Unknown
Unkown,70000000,2531,,3,Chandivali Farm Road,Mumbai,19.11447871,72.89767082,Furnished,Commercial Office Space,0,0,0,Resale,Ready to Move,,Unknown
Unkown,8000000,,,1,Masjid Bandar,Mumbai,18.9513077051656,72.8375512824105,Semi-Furnished,Commercial Office Space,0,0,3,Resale,Ready to Move,,Unknown
Beauty Landmark,8500000,360,1,1,Bhandup West,Mumbai,19.149901,72.931134,Furnished,Apartment,0,4,8,Resale,Ready to Move,,Beauty Ganraj Construction LLP
Unkown,10500000,200,,1,Mumbai CST Area,Mumbai,18.9439272,72.836039,Furnished,Commercial Office Space,0,0,3,Resale,Ready to Move,1 Open,Unknown
Unkown,12500000,451,1,1,Vakola,Mumbai,19.0794899226775,72.8542218874446,Unfurnished,Apartment,0,0,4,Resale,Under Construction,,Unknown
Ram Kutir,72000000,,3,3,Matunga East,Mumbai,19.0277771413147,72.8560635075251,Furnished,Apartment,0,2,9,Resale,Ready to Move,,JP Developers
MICL Aaradhya High Park,12500000,508,1,2,Mira Road Area,Mumbai,19.2829267647424,72.8627883689306,Furnished,Apartment,0,37,8,Resale,Ready to Move,,MICL Group
DB Orchid Woods,52000000,1250,3,3,Goregaon East,Mumbai,19.1562110822264,72.8758090633208,Semi-Furnished,Apartment,0,48,9,Resale,Ready to Move,2 Covered,DB Realty Pvt. Ltd.
Kanakia Samarpan Tower,24200000,,2,2,Borivali East,Mumbai,19.2272619069866,72.8634397272398,Semi-Furnished,Apartment,0,15,10,Resale,Ready to Move,,Kanakia Spaces Realty Pvt. Ltd.
Unkown,65000000,1050,3,3,Matunga West,Mumbai,19.0288217353274,72.8440906063583,Furnished,Apartment,0,0,5,Resale,Ready to Move,,Unknown
L&T Elixir Reserve,62000000,1230,3,3,Powai,Mumbai,19.1196773,72.9050809,Semi-Furnished,Apartment,0,15,10,Resale,Ready to Move,,L & T Realty
Romell Empress,18000000,700,2,2,IC Colony,Mumbai,19.249869503245,72.8491717870626,Unfurnished,Apartment,0,20,3,Resale,Ready to Move,,Romell Group
Pardis Chitragandha,29000000,959,3,3,Swastik Park,Mumbai,19.0551547591403,72.8882306638195,Unfurnished,Apartment,0,5,2,Resale,Ready to Move,2 Covered,Pardis Construction LLP
Unkown,72500000,1116,3,3,Bandra West,Mumbai,19.055229,72.830829,Unfurnished,Apartment,0,0,9,New Property,Ready to Move,,Unknown
Avighna Complex,7000000,460,1,2,Mira Road,Mumbai,19.2824790028886,72.8826767010947,Unfurnished,Apartment,0,0,3,Resale,Ready to Move,,Unknown
Nine Dimensions Shanta Durga,40000000,700,2,2,Mahim,Mumbai,19.0388120275329,72.8419652875755,Unfurnished,Apartment,0,17,6,Resale,Ready to Move,1 Covered,Nine Dimensions Housing LLP
Maruti Square Building No 7,12700000,510,,2,Mira Road,Mumbai,19.2824790028886,72.8826767010947,Unfurnished,Commercial Office Space,1,0,3,New Property,Under Construction,1 Covered,Maruti Group
Shapoorji Sarova,24500000,720,2,2,Kandivali East,Mumbai,19.2050017,72.8692711,Unfurnished,Apartment,0,0,10,Resale,Under Construction,,Shapoorji Pallonji Group
Unkown,43000000,950,3,4,Dadi Sheth Wadi,Mumbai,18.95644,72.80735,Unfurnished,Apartment,0,0,0,Resale,Ready to Move,,Unknown
Nahar Amrit Shakti powai,35000000,,3,2,Chandivali,Mumbai,19.1104892624542,72.899191014387,Unfurnished,Apartment,0,0,8,Resale,Ready to Move,,Unknown
Unkown,23000000,450,1,1,Dadar West,Mumbai,19.0200667964879,72.8380779661804,Unfurnished,Apartment,0,0,9,Resale,Ready to Move,,Unknown
DLH Sorrento,45000000,1100,3,3,Andheri West,Mumbai,19.1373697481266,72.8257229439874,Furnished,Apartment,1,0,10,Resale,Ready to Move,1 Covered,Dev Land Housing
Godrej Nurture,26600000,,3,3,Bhandup West,Mumbai,19.149901,72.931134,Unfurnished,Residential House,1,13,8,New Property,Under Construction,1 Covered,Godrej Properties
Unkown,20000000,714,2,2,Irani Wadi,Mumbai,19.2015501609916,72.8394247782395,Semi-Furnished,Apartment,0,0,3,Resale,Ready to Move,,Unknown
Sai Karishma,10100000,,2,2,Mira Bhayandar,Mumbai,19.2783121,72.8580188,Semi-Furnished,Apartment,0,18,10,Resale,Ready to Move,,Rajhans Group
Unkown,19000000,800,2,2,Subhash Nagar Chembur,Mumbai,19.05893203,72.90552056,Semi-Furnished,Apartment,0,0,1,Resale,Ready to Move,,Unknown
Oberoi Woods,43000000,997,3,2,Goregaon East,Mumbai,19.1562110822264,72.8758090633208,Semi-Furnished,Apartment,0,22,9,Resale,Ready to Move,1 Covered,Oberoi Realty Ltd.
Bhoomi Valley,13500000,600,2,2,"Thakur Village, Kandivali East",Mumbai,19.2102986684535,72.873037905053,Semi-Furnished,Apartment,1,27,6,Resale,Ready to Move,1 Open,Bhoomi Properties
Unkown,14000000,370,,1,Jay Prakash Nagar Goregaon East,Mumbai,19.1638922344228,72.8538812715161,Furnished,Commercial Office Space,0,0,4,Resale,Ready to Move,1 Covered,Unknown
N Rose Northern Heights,29500000,1106,3,4,Dahisar East,Mumbai,19.2530390003417,72.8684258373265,Unfurnished,Apartment,0,9,9,Resale,Ready to Move,1 Covered,N Rose Developers Pvt. Ltd.
Rajhans Vandana,14500000,,2,2,Dahisar,Mumbai,19.253294549215,72.8588324428622,Furnished,Apartment,0,11,7,Resale,Ready to Move,,Rajhans Constructions
Unkown,42500000,736,,,Chincholi Bunder,Mumbai,19.17957831,72.83839457,Unfurnished,Commercial Shop,0,0,4,Resale,Ready to Move,2 Open,Unknown
Unkown,12700000,545,2,2,Sector 2 Charkop,Mumbai,19.21222,72.82118,Semi-Furnished,Apartment,0,0,2,Resale,Ready to Move,,Unknown
Unkown,140000000,3417,,2,Western Express Highway,Mumbai,19.15517,72.85705,Furnished,Commercial Office Space,0,0,0,Resale,Ready to Move,6 Covered,Unknown
Sheth Vasant Blossom,17000000,180,,,Andheri East,Mumbai,19.1154908,72.8726952,Furnished,Commercial Shop,0,7,10,Resale,Ready to Move,,Sheth Creators Pvt. Ltd.
Paradigm Antalya,17500000,529,2,2,Oshiwara,Mumbai,19.1477763241262,72.8410641675255,Unfurnished,Apartment,0,10,1,Resale,Ready to Move,1 Covered,Paradigm Realty
Shraddha Autumn Park,8000000,328,1,2,Saikrupa Society,Mumbai,19.13182435,72.93362554,Unfurnished,Apartment,0,23,0,Resale,Ready to Move,,SHRADDHA LANDMARK PVT. LTD
Birla KDI Juhu Ankur,99000000,1789,4,4,Juhu,Mumbai,19.098267753993,72.8335140160125,Unfurnished,Apartment,0,10,9,Resale,Ready to Move,3 Covered,Birla Estates Private Limited
Oberoi Sky City,47500000,1073,3,3,Borivali East,Mumbai,19.2272619069866,72.8634397272398,Unfurnished,Apartment,0,41,10,Resale,Ready to Move,2 Covered,Oberoi Realty Ltd.
Piramal Revanta,20000000,659,2,2,Nirmal Nagar Mulund West,Mumbai,19.18226,72.94042,Unfurnished,Apartment,0,15,2,Resale,Ready to Move,1 Covered,Piramal Realty
MOONGIPA ARCADE,23800000,595,,1,Andheri West,Mumbai,19.1373697481266,72.8257229439874,Unfurnished,Commercial Office Space,0,2,10,Resale,Ready to Move,,MOONGIPA Realty Pvt Ltd
MHADA Century Mill,9000000,,,1,Prabhadevi,Mumbai,19.0158585103406,72.8295254470428,Semi-Furnished,Studio Apartment,0,11,6,New Property,Ready to Move,,Unknown
JP North Atria,11000000,540,2,2,Vinay Nagar,Mumbai,19.2801994577438,72.8818023164363,Semi-Furnished,Apartment,0,0,5,Resale,Ready to Move,2 Covered,JP Infra
Vaishno Heights,17500000,628,2,2,Malad East,Mumbai,19.1848724519187,72.8629697025013,Unfurnished,Apartment,0,0,9,Resale,Under Construction,,Poonam Housecon
Unkown,4900000,580,2,2,Virar West,Mumbai,19.4638767047594,72.7822993572118,Semi-Furnished,Apartment,0,0,8,Resale,Ready to Move,,Unknown
Unkown,1500000,300,1,1,Bolinj,Mumbai,19.4422975939069,72.7945125078501,Unfurnished,Builder Floor Apartment,0,0,4,Resale,Ready to Move,,Unknown
Amar Sahajeevan,24000000,690,2,2,Borivali West,Mumbai,19.2335321,72.839198,Semi-Furnished,Apartment,0,0,10,Resale,Ready to Move,1 Covered,Amar Groups of Companies
Runwal Symphony,25550000,655,2,2,Santacruz East,Mumbai,19.0799983,72.8545019,Furnished,Apartment,0,29,10,Resale,Ready to Move,,Runwal Group
Unkown,35000000,1055,,,Raheja Township,Mumbai,19.18026902,72.85653741,Unfurnished,Commercial Shop,0,0,0,Resale,Ready to Move,1 Covered,Unknown
A&O F Residences Malad,33000000,900,3,3,Malad East,Mumbai,19.1848724519187,72.8629697025013,Unfurnished,Apartment,0,14,9,Resale,Ready to Move,1 Covered,A&O Realty and Riddhi Siddhi Group
Shubh Labh Apartment,12000000,430,1,2,Mulund East,Mumbai,19.1531029501285,72.9678051455382,Semi-Furnished,Apartment,0,0,5,Resale,Ready to Move,,Unknown
Runwal Bliss,21000000,670,2,2,CGS Colony Kanjurmarg East,Mumbai,19.13985208,72.93746747,Semi-Furnished,Apartment,0,43,0,Resale,Ready to Move,"1 Covered, 1 Open",Runwal Enterprises
Unkown,6000000,222,,,Nalasopara East,Mumbai,19.43138984792,72.8497262547151,Unfurnished,Commercial Shop,0,0,4,Resale,Ready to Move,,Unknown
Ambika Darshan,19500000,600,2,2,Kandivali East,Mumbai,19.2050017,72.8692711,Furnished,Apartment,0,0,10,Resale,Ready to Move,1 Open,Unknown
Arkade Art,15500000,756,2,2,Mira Road Area,Mumbai,19.2829267647424,72.8627883689306,Furnished,Apartment,0,34,8,Resale,Ready to Move,1 Open,Arkade Group
Veena Tower,200000000,4060,4,4,Colaba,Mumbai,18.9037004,72.8131432,Furnished,Apartment,0,0,9,Resale,Ready to Move,"3 Covered, 1 Open",Unknown
Batul House,13500000,468,1,1,Mazgaon,Mumbai,18.9633811595298,72.8440624733612,Furnished,Apartment,0,10,6,Resale,Ready to Move,,Ahemat Develper
Gauri Excellency,15000000,351,2,2,Charkop Gaon,Mumbai,19.2092681034955,72.8158628966972,Unfurnished,Apartment,0,49,1,Resale,Under Construction,,Gauri Land Developers LLP
Shubham Heights,11500000,504,1,2,Andheri East,Mumbai,19.1154908,72.8726952,Unfurnished,Apartment,0,13,10,Resale,Ready to Move,,Shubham Developer
Regal Complex,5100000,518,2,1,Vasai East,Mumbai,19.39954,72.8604165,Semi-Furnished,Apartment,0,0,6,Resale,Ready to Move,,Unknown
Lloyd Estate,15500000,503,1,1,Wadala East,Mumbai,19.0135321429189,72.8602998056272,Furnished,Apartment,0,9,2,Resale,Ready to Move,,Unknown
Chandra Darshan,10050000,511,2,2,Malad West,Mumbai,19.1940346300819,72.8257561606587,Semi-Furnished,Apartment,0,7,10,Resale,Ready to Move,,Chandra Development
Shree Sai Usha Complex,6500000,277,1,1,Bhandup West,Mumbai,19.149901,72.931134,Unfurnished,Apartment,0,11,8,Resale,Ready to Move,,Shree Sai Usha Developer
Sachdev Complex,11500000,468,1,2,Bhandup West,Mumbai,19.149901,72.931134,Furnished,Apartment,0,12,8,Resale,Ready to Move,,Sharada Group
Unkown,18200000,835,2,2,Borivali East,Mumbai,19.2272619069866,72.8634397272398,Furnished,Apartment,0,0,10,Resale,Ready to Move,,Unknown
Suvidha Emerald,105000000,2016,4,3,Dadar West,Mumbai,19.0200667964879,72.8380779661804,Unfurnished,Apartment,0,13,9,Resale,Ready to Move,,Suvidha Projects
Accel Belvedere,11500000,644,2,2,Bhandup West,Mumbai,19.149901,72.931134,Semi-Furnished,Apartment,0,15,8,Resale,Ready to Move,,Accel Group
Millennium Court,42500000,1296,3,3,Andheri West,Mumbai,19.1373697481266,72.8257229439874,Semi-Furnished,Apartment,0,11,10,Resale,Ready to Move,,Kamla Builders
Millennium Court,28000000,900,2,3,Andheri West,Mumbai,19.1373697481266,72.8257229439874,Unfurnished,Apartment,0,11,10,Resale,Ready to Move,,Kamla Builders
Adani Western Heights,70000000,1584,4,4,Andheri West,Mumbai,19.1373697481266,72.8257229439874,Semi-Furnished,Apartment,0,57,10,Resale,Ready to Move,,Adani Realty
Ruparel Ariana,32000000,1022,2,2,Parel,Mumbai,18.9982694030581,72.8410429440342,Unfurnished,Apartment,0,28,6,Resale,Ready to Move,,Ruparel Realty
Dheeraj Insignia Apartment,52500000,2070,4,6,Bandra East,Mumbai,19.062055421515,72.8541362644682,Furnished,Apartment,0,66,10,Resale,Ready to Move,,Dheeraj Realty
Ravi Kiran CHS,9800000,396,1,2,Andheri West,Mumbai,19.1373697481266,72.8257229439874,Semi-Furnished,Apartment,0,13,10,Resale,Ready to Move,,Westin Developer Pvt. Ltd.
Godrej The Trees,87200000,1584,4,4,Vikhroli East,Mumbai,19.08940973659,72.9389256015301,Semi-Furnished,Apartment,0,56,7,Resale,Ready to Move,,Godrej Properties
Aangan CHS,15800000,558,2,2,"Thakur Village, Kandivali East",Mumbai,19.2102986684535,72.873037905053,Semi-Furnished,Apartment,0,34,6,Resale,Ready to Move,,Kanakia Spaces Realty Pvt. Ltd.
Veena Beena,35000000,720,3,3,Sewri,Mumbai,18.9920224182449,72.8537565266891,Furnished,Apartment,0,2,6,Resale,Ready to Move,,Unknown
Libra CHS,7500000,324,1,1,Malad West,Mumbai,19.1940346300819,72.8257561606587,Furnished,Apartment,0,7,10,Resale,Ready to Move,,Libra Group
Emgee Greens,12000000,361,1,1,Wadala East,Mumbai,19.0135321429189,72.8602998056272,Furnished,Apartment,0,9,2,Resale,Ready to Move,,Emgee Group
Parinee Essence,8100000,490,1,2,Kandivali West,Mumbai,19.2101312179652,72.8305011930765,Semi-Furnished,Apartment,0,9,9,Resale,Ready to Move,,Parinee Developers
Hdil Galaxy Apartment,10500000,662,2,2,Qureshi Nagar,Mumbai,19.0599068355234,72.8771601565175,Unfurnished,Apartment,0,20,0,Resale,Ready to Move,,HDIL
Kakad Paradise,8600000,720,2,2,Penkarpada,Mumbai,19.2642888665218,72.869786333427,Semi-Furnished,Apartment,0,8,1,Resale,Under Construction,,Kakad Realty
Ajmera Pristine,34900000,1199,3,3,Borivali West,Mumbai,19.2335321,72.839198,Furnished,Apartment,0,24,10,Resale,Ready to Move,,Ajmera Group
Ravi Gaurav Samruddhi,4700000,468,1,2,Mira Road Area,Mumbai,19.2829267647424,72.8627883689306,Unfurnished,Apartment,0,11,8,Resale,Ready to Move,,Ravi Group
DLH Swapnadeep,31000000,907,3,2,Andheri West,Mumbai,19.1373697481266,72.8257229439874,Semi-Furnished,Apartment,0,17,10,Resale,Ready to Move,,Dev Land Housing Ltd.
DSK Madhukosh,14900000,792,2,2,Andheri East,Mumbai,19.1154908,72.8726952,Unfurnished,Apartment,0,34,10,Resale,Under Construction,,D.S. Kulkarni & Associates
Joy Valencia,32000000,886,3,3,Andheri East,Mumbai,19.1154908,72.8726952,Semi-Furnished,Apartment,0,28,10,Resale,Ready to Move,,Joy Builders and Developers
