project_name,price,area,bedrooms,bathrooms,locality,city,lat,long,furnished,type,rera,amenities,landmarks,transaction,possesion_by,parking,developers
Prayag City,2500000,468,1,1,Panvel,Navi Mumbai,18.9894007,73.1175162,Unfurnished,Apartment,0,12,10,Resale,Ready to Move,,Prayag Builders and Developers
Jindal Residency,4800000,,1,2,Panvel,Navi Mumbai,18.9894007,73.1175162,Unfurnished,Apartment,0,6,10,New Property,Under Construction,,Jindal Builder
Jindal Residency,4511000,,1,2,Panvel,Navi Mumbai,18.9894007,73.1175162,Unfurnished,Apartment,0,6,10,New Property,Ready to Move,,Jindal Builder
Mahalaxmi City ,2500000,410,1,1,Panvel,Navi Mumbai,18.9894007,73.1175162,Unfurnished,Apartment,0,0,10,Resale,Ready to Move,,Unknown
Mahalaxmi City ,2800000,360,1,1,Panvel,Navi Mumbai,18.9894007,73.1175162,Unfurnished,Apartment,0,0,10,Resale,Ready to Move,,Unknown
Progressive Solitaire,21000000,1170,3,3,Kopar Khairane,Navi Mumbai,19.1033695651723,73.0121586680414,Semi-Furnished,Apartment,0,0,10,Resale,Ready to Move,,Progressive Group
Solitaire,9700000,518,2,2,New Panvel,Navi Mumbai,19.0003258753664,73.1153385297118,Unfurnished,Apartment,0,12,5,Resale,Ready to Move,,Panache Realty
Sankalp Riddhi Siddhi Heights,5900000,,1,1,Ulwe,Navi Mumbai,18.9750941,73.052334,Unfurnished,Apartment,0,9,6,New Property,Under Construction,,Sankalp Group
Krishna Angan Complex,5500000,702,2,1,New Panvel,Navi Mumbai,19.0003258753664,73.1153385297118,Unfurnished,Apartment,0,8,5,Resale,Ready to Move,,S.P. Construction
Universal Arena,8500000,792,2,3,Ulwe,Navi Mumbai,18.9750941,73.052334,Unfurnished,Apartment,0,0,6,Resale,Under Construction,,Unknown
Tharwani Krupa,9600000,770,2,2,Kamothe,Navi Mumbai,19.0174101252323,73.0958540380712,Semi-Furnished,Apartment,0,0,3,Resale,Ready to Move,,Unknown
Shree Ganesh Amrut Garden,6300000,,1,1,New Panvel,Navi Mumbai,19.0003258753664,73.1153385297118,Unfurnished,Apartment,0,18,5,New Property,Under Construction,,Shree Ganesh Enterprises
Shree Ganesh Amrut Garden,6300000,,1,2,New Panvel,Navi Mumbai,19.0003258753664,73.1153385297118,Unfurnished,Apartment,0,18,5,New Property,Under Construction,,Shree Ganesh Enterprises
Shree Ganesh Amrut Garden,6000000,,1,2,New Panvel,Navi Mumbai,19.0003258753664,73.1153385297118,Unfurnished,Apartment,0,18,5,New Property,Under Construction,,Shree Ganesh Enterprises
Shree Ganesh Amrut Garden,5800000,,1,1,New Panvel,Navi Mumbai,19.0003258753664,73.1153385297118,Unfurnished,Apartment,0,18,5,New Property,Under Construction,,Shree Ganesh Enterprises
Galaxy Aura,40000000,,3,3,Sector 6 Nerul,Navi Mumbai,19.0422020592081,73.0104016189229,Unfurnished,Apartment,0,4,0,Resale,Ready to Move,,Galaxy Group
Neelsidhi Orbit,5000000,,1,2,New Panvel,Navi Mumbai,19.0003258753664,73.1153385297118,Unfurnished,Apartment,0,25,5,New Property,Under Construction,,Neel Sidhi
Balaji Neel Delta,8700000,,2,2,Ulwe,Navi Mumbai,18.9750941,73.052334,Unfurnished,Apartment,0,5,6,New Property,Ready to Move,,Balaji Group
Balaji Neel Delta,6200000,,1,2,Ulwe,Navi Mumbai,18.9750941,73.052334,Unfurnished,Apartment,0,5,6,New Property,Ready to Move,,Balaji Group
STK Kukreja Classic,17900000,,2,2,Sanpada,Navi Mumbai,19.0583094914648,73.0164374121942,Semi-Furnished,Apartment,0,7,9,New Property,Under Construction,,Kukreja Construction Company
Indraprastha Apartment,4900000,482,1,1,New Panvel,Navi Mumbai,19.0003258753664,73.1153385297118,Unfurnished,Apartment,0,0,5,Resale,Ready to Move,,Unknown
Clan City,7500000,778,2,2,Kharghar,Navi Mumbai,19.0656721198219,73.05961185164,Unfurnished,Apartment,0,26,8,Resale,Under Construction,,SUPREME CONSTRUCTION and DEVELOPERS PVT. LTD.
Clan City,6500000,685,2,2,Kharghar,Navi Mumbai,19.0656721198219,73.05961185164,Unfurnished,Apartment,0,26,8,Resale,Under Construction,,SUPREME CONSTRUCTION and DEVELOPERS PVT. LTD.
Clan City,6000000,503,1,1,Kharghar,Navi Mumbai,19.0656721198219,73.05961185164,Unfurnished,Apartment,0,26,8,Resale,Under Construction,,SUPREME CONSTRUCTION and DEVELOPERS PVT. LTD.
Clan City,8500000,469,2,2,Kharghar,Navi Mumbai,19.0656721198219,73.05961185164,Unfurnished,Apartment,0,26,8,Resale,Under Construction,,SUPREME CONSTRUCTION and DEVELOPERS PVT. LTD.
Clan City,4800000,324,1,1,Kharghar,Navi Mumbai,19.0656721198219,73.05961185164,Unfurnished,Apartment,0,26,8,Resale,Under Construction,,SUPREME CONSTRUCTION and DEVELOPERS PVT. LTD.
Clan City,7700000,775,2,2,Kharghar,Navi Mumbai,19.0656721198219,73.05961185164,Unfurnished,Apartment,0,26,8,Resale,Under Construction,,SUPREME CONSTRUCTION and DEVELOPERS PVT. LTD.
Sankalp Riddhi Siddhi Heights,5800000,,1,1,Ulwe,Navi Mumbai,18.9750941,73.052334,Unfurnished,Apartment,0,9,6,New Property,Ready to Move,,Sankalp Group
Sankalp Riddhi Siddhi Heights,5800000,,1,1,Ulwe,Navi Mumbai,18.9750941,73.052334,Unfurnished,Apartment,0,9,6,Resale,Ready to Move,,Sankalp Group
Neelkanth Luxuria,3950000,,1,1,Taloja,Navi Mumbai,19.074076996436,73.1181841544665,Unfurnished,Apartment,0,28,6,New Property,Under Construction,,Neelkanth Group
Unkown,2000000,,,1,Panvel,Navi Mumbai,18.9894007,73.1175162,Unfurnished,Studio Apartment,0,0,10,Resale,Ready to Move,,Unknown
Aastha River View,4950000,,1,1,Taloja,Navi Mumbai,19.074076996436,73.1181841544665,Unfurnished,Apartment,0,34,6,Resale,Ready to Move,,Aastha Buildcon
Mateshwari Vaishnavi Nagri,3600000,,2,2,Rasayani,Navi Mumbai,18.8956516083249,73.1761766681785,Unfurnished,Apartment,0,0,4,Resale,Ready to Move,45 Open,Mateshwari Group
Indiabulls Greens Panvel,6800000,,2,2,Panvel,Navi Mumbai,18.9894007,73.1175162,Unfurnished,Apartment,0,56,10,Resale,Ready to Move,,Indiabulls Greens
Satyam prestige Panvel,3500000,420,1,1,Panvel,Navi Mumbai,18.9894007,73.1175162,Unfurnished,Apartment,0,0,10,Resale,Ready to Move,,Unknown
Unkown,2900000,660,1,2,,Navi Mumbai,,,Unfurnished,Apartment,0,0,0,Resale,Ready to Move,,Unknown
K K Sapphire,5500000,,1,1,Ulwe,Navi Mumbai,18.9750941,73.052334,Furnished,Apartment,0,11,6,Resale,Ready to Move,,KK Developers
Unkown,5600000,,1,2,Taloja,Navi Mumbai,19.074076996436,73.1181841544665,Semi-Furnished,Apartment,0,0,6,Resale,Ready to Move,,Unknown
Indiabulls Greens Panvel,4700000,,2,2,Panvel,Navi Mumbai,18.9894007,73.1175162,Unfurnished,Apartment,0,56,10,Resale,Ready to Move,,Indiabulls Greens
Unkown,3700000,410,1,2,Nevali,Navi Mumbai,19.0236093353299,73.1291902751426,Unfurnished,Apartment,0,0,0,Resale,Ready to Move,,Unknown
Avianna Invicta,9500000,525,2,2,Ulwe,Navi Mumbai,18.9750941,73.052334,Unfurnished,Apartment,0,4,6,Resale,Ready to Move,1 Covered,Avianna Infra LLP
Lakhani Suncoast,42000000,1200,3,3,CBD Belapur,Navi Mumbai,19.0190788324849,73.0384581174593,Furnished,Apartment,0,0,9,Resale,Ready to Move,,Lakhani
Gurudeo C H S,10000000,697,2,2,Kamothe,Navi Mumbai,19.0174101252323,73.0958540380712,Unfurnished,Apartment,0,11,3,Resale,Ready to Move,,SRB Developer
Lakshadeep Heights,4000000,,1,1,,Navi Mumbai,,,Semi-Furnished,Apartment,0,6,0,Resale,Ready to Move,,Lakshadeep Developers
Unkown,5800000,,2,2,Taloja,Navi Mumbai,19.074076996436,73.1181841544665,Semi-Furnished,Apartment,0,0,6,Resale,Ready to Move,,Unknown
Siddheshwar,5000000,660,2,2,Taloja,Navi Mumbai,19.074076996436,73.1181841544665,Furnished,Apartment,0,9,6,Resale,Ready to Move,,Madhuraaj Group
Unkown,2200000,,,,,Navi Mumbai,,,,Industrial Building,0,0,0,Resale,Under Construction,,Unknown
Galaxy Krishna Tower,11500000,,2,,Ulwe,Navi Mumbai,18.9750941,73.052334,,Apartment,0,27,6,Resale,Ready to Move,,Galaxy Group
Arihant Aspire,8000000,1200,2,2,Palaspa,Navi Mumbai,18.9490253001646,73.1296703741091,Unfurnished,Apartment,0,11,1,Resale,Ready to Move,,Arihant Superstructures Ltd.
Unkown,4000000,380,1,1,Ajivali,Navi Mumbai,18.958107,73.169167,Unfurnished,Apartment,0,0,0,Resale,Ready to Move,1 Covered,Unknown
Unkown,10500000,410,,,,Navi Mumbai,,,Unfurnished,Commercial Shop,0,0,0,Resale,Ready to Move,,Unknown
Unkown,13000000,1010,3,2,Sector 10 Khanda Colony,Navi Mumbai,19.00533784,73.1134267,Furnished,Apartment,0,0,0,Resale,Ready to Move,,Unknown
Unkown,4000000,,1,2,Phase 1 Taloja,Navi Mumbai,19.0775674635419,73.0913385991051,Unfurnished,Builder Floor Apartment,0,0,1,Resale,Under Construction,,Unknown
Unkown,3000000,550,2,1,Uran,Navi Mumbai,18.8763656322669,72.9355372705729,Unfurnished,Apartment,0,0,5,Resale,Ready to Move,,Unknown
Uran Park,4000000,450,1,1,Uran,Navi Mumbai,18.8763656322669,72.9355372705729,Unfurnished,Apartment,0,0,5,Resale,Ready to Move,,Puravankara Projects Ltd.
Dolphins Pride,7500000,456,1,2,Kharghar,Navi Mumbai,19.0656721198219,73.05961185164,Unfurnished,Apartment,0,20,8,Resale,Ready to Move,,Dolphin Enterprises
Unkown,4500000,,1,1,,Navi Mumbai,,,Unfurnished,Apartment,0,0,0,Resale,Ready to Move,,Unknown
Arihant Anshula,5300000,900,2,2,Taloja,Navi Mumbai,19.074076996436,73.1181841544665,Unfurnished,Apartment,0,19,6,Resale,Ready to Move,,Arihant Superstructures Ltd.
Unkown,6200000,680,2,2,Sector 20 Ulwe,Navi Mumbai,18.9779516240329,73.0293337092446,Unfurnished,Apartment,0,0,0,Resale,Ready to Move,,Unknown
Unkown,3600000,,1,2,Pushpak Nagar,Navi Mumbai,18.9699719839935,73.0754708794387,Unfurnished,Apartment,0,0,0,Resale,Under Construction,1 Covered,Unknown
Gauri Janaki,5500000,432,1,1,Ulwe,Navi Mumbai,18.9750941,73.052334,Unfurnished,Apartment,0,25,6,Resale,Ready to Move,,Gauri krupa Developers
Shree Rajal Jyot,6400000,342,1,1,Kharghar,Navi Mumbai,19.0656721198219,73.05961185164,Unfurnished,Apartment,0,8,8,Resale,Ready to Move,,Shree Balaji Developers
Orchid Tower,4200000,418,1,2,Taloja,Navi Mumbai,19.074076996436,73.1181841544665,Unfurnished,Apartment,0,7,6,Resale,Ready to Move,,SS Fairmount Builders
KK Moreshwar,10000000,886,2,2,Ulwe,Navi Mumbai,18.9750941,73.052334,Unfurnished,Apartment,0,17,6,Resale,Ready to Move,,K  K Developer
Blue Heaven,10500000,612,2,2,Ulwe,Navi Mumbai,18.9750941,73.052334,Furnished,Apartment,0,13,6,Resale,Ready to Move,,Shwet Jems
Pearl Planet,5500000,442,1,2,Kharghar,Navi Mumbai,19.0656721198219,73.05961185164,Unfurnished,Apartment,0,24,8,Resale,Ready to Move,,Planet Builders And Developers
Neelkanth Residency,4800000,480,1,1,Roadpali,Navi Mumbai,19.0385501152056,73.0962748008091,Unfurnished,Apartment,0,8,2,Resale,Ready to Move,,Neelkanth Developers
Sai Raj Complex,6500000,389,1,2,Navde,Navi Mumbai,19.0534298108845,73.09743386978,Unfurnished,Apartment,0,24,0,Resale,Ready to Move,,Sai Raj Developers
Shree Raj Uma Palace,4500000,456,1,1,Roadpali,Navi Mumbai,19.0385501152056,73.0962748008091,Unfurnished,Apartment,0,9,2,Resale,Ready to Move,,Shreeraj Realtors
Durvankur Apartment,11500000,981,3,3,Taloja,Navi Mumbai,19.074076996436,73.1181841544665,Unfurnished,Apartment,0,14,6,Resale,Ready to Move,,A.R Construction
Dev Balaji Residency,4000000,551,1,1,Panvel,Navi Mumbai,18.9894007,73.1175162,Unfurnished,Apartment,0,18,10,Resale,Ready to Move,,Dev Builders & Developers
Dev Balaji Residency,2800000,324,1,1,Panvel,Navi Mumbai,18.9894007,73.1175162,Unfurnished,Apartment,0,18,10,Resale,Ready to Move,,Dev Builders & Developers
Dev Balaji Residency,5500000,626,2,2,Panvel,Navi Mumbai,18.9894007,73.1175162,Unfurnished,Apartment,0,18,10,Resale,Ready to Move,,Dev Builders & Developers
Dev Balaji Residency,5500000,864,2,2,Panvel,Navi Mumbai,18.9894007,73.1175162,Unfurnished,Apartment,0,18,10,Resale,Ready to Move,,Dev Builders & Developers
Balaji Arcade,2200000,301,1,1,Panvel,Navi Mumbai,18.9894007,73.1175162,Unfurnished,Apartment,0,14,10,Resale,Ready to Move,,Tirupati Balaji Builcon Pvt. Ltd.
Sai Plaza,5000000,468,1,1,Ulwe,Navi Mumbai,18.9750941,73.052334,Unfurnished,Apartment,0,10,6,Resale,Ready to Move,,Sai Yash Developers
Tricity Luxuria,6000000,,1,2,New Panvel,Navi Mumbai,19.0003258753664,73.1153385297118,Unfurnished,Apartment,0,11,5,Resale,Under Construction,,Tricity Reality Pvt. Ltd.
Arihant Anaika,6500000,743,2,2,Taloja,Navi Mumbai,19.074076996436,73.1181841544665,Unfurnished,Apartment,0,20,6,Resale,Ready to Move,,Arihant Superstructures Ltd
Arihant Anaika,6000000,817,2,2,Taloja,Navi Mumbai,19.074076996436,73.1181841544665,Unfurnished,Apartment,0,20,6,Resale,Ready to Move,,Arihant Superstructures Ltd
Greystone Heights,6300000,702,2,2,Kamothe,Navi Mumbai,19.0174101252323,73.0958540380712,Unfurnished,Apartment,0,11,3,Resale,Ready to Move,,Greystone Space LLP
Greystone Heights,5800000,475,1,1,Kamothe,Navi Mumbai,19.0174101252323,73.0958540380712,Unfurnished,Apartment,0,11,3,Resale,Ready to Move,,Greystone Space LLP
Raj Ambar,3800000,461,1,1,Karanjade,Navi Mumbai,18.974265373985,73.1099196329075,Unfurnished,Apartment,0,5,2,Resale,Ready to Move,,Radiant Builders
Shiv Bliss,3800000,432,1,1,Karanjade,Navi Mumbai,18.974265373985,73.1099196329075,Unfurnished,Apartment,0,14,2,Resale,Ready to Move,,Bhaweshwar Group
Priyanka Unite,14200000,1332,2,2,Ulwe,Navi Mumbai,18.9750941,73.052334,Unfurnished,Apartment,0,29,6,Resale,Ready to Move,,Priyanka Regency
La Arihant Enclave,3000000,566,2,2,Panvel,Navi Mumbai,18.9894007,73.1175162,Unfurnished,Apartment,0,26,10,Resale,Ready to Move,,La Arihant Enclave
Laxmi Apartment,5300000,306,1,1,Kamothe,Navi Mumbai,19.0174101252323,73.0958540380712,Unfurnished,Apartment,0,0,3,Resale,Ready to Move,,Unknown
Chamunda Hill Crest,4700000,493,1,1,Karanjade,Navi Mumbai,18.974265373985,73.1099196329075,Unfurnished,Apartment,0,13,2,Resale,Ready to Move,,Chamunda Infrastructure
Om Shivam Apartment,4800000,360,1,1,Kamothe,Navi Mumbai,19.0174101252323,73.0958540380712,Semi-Furnished,Apartment,0,23,3,Resale,Under Construction,,Om Shivam Builders Pvt. Ltd.
Triveni The Dreams,6500000,498,1,1,Kamothe,Navi Mumbai,19.0174101252323,73.0958540380712,Unfurnished,Apartment,0,16,3,Resale,Ready to Move,,Triveni Builders and Developers
RSM Athena,6000000,468,1,2,Ulwe,Navi Mumbai,18.9750941,73.052334,Unfurnished,Apartment,0,14,6,Resale,Ready to Move,,Atlantic Builders & Developers
Divine Galaxy Apartment,4250000,468,1,1,Ulwe,Navi Mumbai,18.9750941,73.052334,Unfurnished,Apartment,0,7,6,Resale,Ready to Move,,Unknown
Atharva Society,6000000,468,2,2,Kopar Khairane,Navi Mumbai,19.1033695651723,73.0121586680414,Semi-Furnished,Apartment,0,0,10,Resale,Ready to Move,,Unknown
Tulsi Heights CHS,11500000,891,2,2,Khandeshhwar,Navi Mumbai,19.0101328272487,73.0960622725552,Unfurnished,Apartment,0,0,2,Resale,Ready to Move,,Unknown
Jainam Nx,4000000,461,1,1,Sector 19 Ulwe,Navi Mumbai,18.973194,73.029363,Furnished,Apartment,0,0,0,Resale,Ready to Move,,Jainam Group
Hiranandani Fortune City,15000000,1044,2,3,Panvel,Navi Mumbai,18.9894007,73.1175162,Semi-Furnished,Apartment,0,35,10,Resale,Ready to Move,,Hiranandani Group
Ram Laxman Tower,6800000,412,1,1,Vashi,Navi Mumbai,19.0777155057838,73.0027923491613,Semi-Furnished,Apartment,0,0,9,Resale,Ready to Move,,Unknown
Krishna Residency,5500000,450,1,1,Kamothe,Navi Mumbai,19.0174101252323,73.0958540380712,Unfurnished,Apartment,0,2,3,Resale,Ready to Move,,Radhe Krishna Builders
Manjari Paradise,6000000,384,1,1,Kharghar,Navi Mumbai,19.0656721198219,73.05961185164,Unfurnished,Apartment,0,0,8,Resale,Ready to Move,,Unknown
The Signature,18000000,,2,2,Sector 44A Seawoods,Navi Mumbai,19.0125017862104,73.0115225755724,Unfurnished,Apartment,0,24,1,New Property,Under Construction,,Shree Sawan Buildcon
Proviso Sai Proviso Sapphire,5400000,,1,1,Roadpali,Navi Mumbai,19.0385501152056,73.0962748008091,Unfurnished,Apartment,0,8,2,New Property,Under Construction,,Proviso Group
Prajapati Ornate,10000000,,2,2,New Panvel East,Navi Mumbai,18.998631,73.120102,Semi-Furnished,Apartment,0,2,3,New Property,Under Construction,,PRAJAPATI CONSTRUCTIONS Ltd.
MGM Residency,4100000,443,1,1,Ulwe,Navi Mumbai,18.9750941,73.052334,Unfurnished,Apartment,0,0,6,Resale,Ready to Move,,Unknown
Neelsidhi Regalia,5500000,,1,2,Khanda Colony,Navi Mumbai,19.0060589882185,73.1090163976725,Unfurnished,Apartment,0,21,3,New Property,Under Construction,,Neelsidhi
Ganesha Sai Aashray,5500000,,2,2,Ulwe,Navi Mumbai,18.9750941,73.052334,Unfurnished,Apartment,0,22,6,New Property,Ready to Move,,Ganesha Construction
Konnark Heavens,2460000,450,1,2,New Panvel,Navi Mumbai,19.0003258753664,73.1153385297118,Unfurnished,Apartment,0,2,5,Resale,Ready to Move,,Konnark Realtors
Jindal Residency,4500000,,1,1,Old Panvel,Navi Mumbai,18.9866237154805,73.1078262369691,Unfurnished,Apartment,0,6,4,New Property,Under Construction,,Jindal Builder
Progressive Pearl,9900000,617,2,2,Kopar Khairane,Navi Mumbai,19.1033695651723,73.0121586680414,Unfurnished,Apartment,0,0,10,Resale,Ready to Move,,Progressive Group
Emerald Bay,80000000,,4,4,Nerul,Navi Mumbai,19.034973,73.02228,Unfurnished,Apartment,0,0,8,New Property,Ready to Move,,Maithili Group
Shubh Darshan CHS,5500000,331,3,2,New Panvel,Navi Mumbai,19.0003258753664,73.1153385297118,Furnished,Apartment,0,0,5,Resale,Ready to Move,,Cooperative Group Housing Society
Today Sai Vrindavan,5400000,,1,2,Karanjade,Navi Mumbai,18.974265373985,73.1099196329075,Unfurnished,Apartment,0,0,2,Resale,Ready to Move,,Unknown
Swaminarayan Complex,7000000,806,2,2,Karanjade,Navi Mumbai,18.974265373985,73.1099196329075,Unfurnished,Apartment,0,10,2,Resale,Ready to Move,,Sai Enterprises
Marvel Amit CHS,7200000,713,2,2,Kalamboli,Navi Mumbai,19.0311212885643,73.1052711758489,Unfurnished,Apartment,0,10,5,Resale,Ready to Move,,Marvel Realtors
Shivam Complex,4600000,562,2,1,New Panvel,Navi Mumbai,19.0003258753664,73.1153385297118,Furnished,Apartment,0,0,5,Resale,Ready to Move,,Unknown
Mittal Tower CHS,11000000,692,2,2,Kopar Khairane,Navi Mumbai,19.1033695651723,73.0121586680414,Furnished,Apartment,0,0,10,Resale,Ready to Move,,Cooperative Group Housing Society
National Meridian Apartments,53000000,2160,5,5,Nerul,Navi Mumbai,19.034973,73.02228,Semi-Furnished,Apartment,0,0,8,Resale,Ready to Move,,Unknown
Neelsidhi Orbit,6000000,360,1,1,New Panvel,Navi Mumbai,19.0003258753664,73.1153385297118,Unfurnished,Apartment,0,25,5,Resale,Under Construction,,Neel Sidhi
Parth Avenue,5500000,306,1,1,Kamothe,Navi Mumbai,19.0174101252323,73.0958540380712,Semi-Furnished,Apartment,0,14,3,Resale,Ready to Move,,Parth Enterprise
Majestic Heights,21000000,808,2,2,Nerul,Navi Mumbai,19.034973,73.02228,Unfurnished,Apartment,0,16,8,Resale,Ready to Move,,Majestic Developers
Unnati Tower,2550000,233,1,1,Ulwe,Navi Mumbai,18.9750941,73.052334,Unfurnished,Apartment,0,10,6,Resale,Ready to Move,,Raja Developers
Sai Ashish,11200000,817,2,2,Ghansoli,Navi Mumbai,19.1271933235627,72.9966520846173,Furnished,Apartment,0,9,9,Resale,Ready to Move,,Sai Developers
Samrajya Land,270000,,,,Uran,Navi Mumbai,18.8763656322669,72.9355372705729,,Residential Plot,0,0,5,New Property,,,Samrajya Reality
Paradise Sai World Empire,50000000,1400,3,3,Kharghar,Navi Mumbai,19.0656721198219,73.05961185164,Furnished,Apartment,0,59,8,New Property,Ready to Move,,Paradise Group
Unkown,2600000,375,1,2,,Navi Mumbai,,,Unfurnished,Apartment,0,0,0,Resale,Ready to Move,,Unknown
Qualcon Greenwood Estate Phase 2,3700000,,1,2,Panvel,Navi Mumbai,18.9894007,73.1175162,Unfurnished,Apartment,0,43,10,Resale,Ready to Move,,Qualcon Properties LLP
Arihant Aspire,7500000,,1,1,Panvel,Navi Mumbai,18.9894007,73.1175162,Unfurnished,Apartment,0,11,10,Resale,Under Construction,,Arihant Superstructures Ltd.
Surya Vihar,4000000,,,,Kalamboli,Navi Mumbai,19.0311212885643,73.1052711758489,Unfurnished,Commercial Shop,0,0,5,Resale,Ready to Move,,Unknown
Unkown,2000000,,1,1,Ghansoli,Navi Mumbai,19.1271933235627,72.9966520846173,Unfurnished,Apartment,0,0,9,Resale,Ready to Move,,Unknown
Maruti Nandan,5300000,400,1,1,Kamothe,Navi Mumbai,19.0174101252323,73.0958540380712,Semi-Furnished,Apartment,0,0,3,Resale,Ready to Move,,Unknown
Kaveri,6000000,600,2,2,Kharghar,Navi Mumbai,19.0656721198219,73.05961185164,Unfurnished,Apartment,0,0,8,Resale,Ready to Move,,Haware Properties
Laxmi Height,7000000,,1,2,Kharghar,Navi Mumbai,19.0656721198219,73.05961185164,Semi-Furnished,Apartment,0,13,8,Resale,Ready to Move,,Aditya Projects & Developers
Unkown,2500000,,1,1,,Navi Mumbai,,,Semi-Furnished,Apartment,0,0,0,Resale,Ready to Move,,Unknown
Gami Asters,25500000,1400,3,2,Ghansoli,Navi Mumbai,19.1271933235627,72.9966520846173,Unfurnished,Apartment,0,18,9,Resale,Ready to Move,,Gami Group
Parth Magnus,25000000,,2,2,Sanpada,Navi Mumbai,19.0583094914648,73.0164374121942,Unfurnished,Apartment,0,6,9,Resale,Ready to Move,,Parth Group
Emperia Garden,2100000,425,1,2,Panvel,Navi Mumbai,18.9894007,73.1175162,Semi-Furnished,Apartment,0,56,10,Resale,Ready to Move,,Akshar Group
Valley Shilp,10500000,,2,2,Sector 36 Kamothe,Navi Mumbai,19.0248120846853,73.0906842633753,Unfurnished,Apartment,0,7,1,Resale,Ready to Move,,Cidco
Unkown,11000000,750,2,2,Sector 21 Kamothe,Navi Mumbai,19.01379332,73.09680615,Unfurnished,Apartment,0,0,0,Resale,Ready to Move,,Unknown
Unkown,6895000,458,1,1,Kharghar,Navi Mumbai,19.0656721198219,73.05961185164,Semi-Furnished,Apartment,0,0,8,Resale,Ready to Move,1 Open,Unknown
Grow Riverside Greens,3500000,,1,1,Panvel,Navi Mumbai,18.9894007,73.1175162,Unfurnished,Apartment,0,16,10,Resale,Ready to Move,,GrowHomes
Juhi Avenue,20000000,750,2,2,Sector 50 Seawoods,Navi Mumbai,19.0137179623377,73.0229633500715,Furnished,Apartment,0,0,0,Resale,Ready to Move,,Juhi Developers
Arjun,8500000,,2,2,Kamothe,Navi Mumbai,19.0174101252323,73.0958540380712,Unfurnished,Apartment,0,11,3,Resale,Ready to Move,,Om Shivam Builders Pvt. Ltd.
Unkown,5400000,,1,2,,Navi Mumbai,,,Unfurnished,Apartment,0,0,0,Resale,Ready to Move,,Unknown
Sai Sadan,4600000,,1,1,Karanjade,Navi Mumbai,18.974265373985,73.1099196329075,Unfurnished,Apartment,0,6,2,Resale,Ready to Move,,Shrijee Krupa Developers
Unkown,5400000,364,1,1,Ulwe,Navi Mumbai,18.9750941,73.052334,Semi-Furnished,Apartment,0,0,6,Resale,Ready to Move,,Unknown
Shivesh Aura,3300000,200,1,1,Ulwe,Navi Mumbai,18.9750941,73.052334,Semi-Furnished,Apartment,0,0,6,Resale,Ready to Move,,Shivesh Developers
Unkown,17000000,1000,3,2,Sector 21 Kharghar,Navi Mumbai,19.0502271040729,73.0676638452533,Unfurnished,Apartment,0,0,1,Resale,Ready to Move,,Unknown
Unkown,2400000,327,1,1,Khopoli,Navi Mumbai,18.7980131509559,73.3372686360754,Furnished,Builder Floor Apartment,0,0,2,Resale,Ready to Move,,Unknown
Unkown,100000000,,,,Panvel,Navi Mumbai,18.9894007,73.1175162,,Residential Plot,0,0,10,New Property,,,Unknown
Bhumiraj Retreat,25000000,,2,2,Sanpada,Navi Mumbai,19.0583094914648,73.0164374121942,Semi-Furnished,Apartment,0,9,9,Resale,Ready to Move,1 Open,Bhumiraj Group
Unkown,2800000,,3,1,,Navi Mumbai,,,Semi-Furnished,Apartment,0,0,0,Resale,Ready to Move,,Unknown
Unkown,3800000,650,2,2,Palaspa,Navi Mumbai,18.9490253001646,73.1296703741091,Semi-Furnished,Builder Floor Apartment,0,0,1,Resale,Ready to Move,,Unknown
Neelsidhi Orbit,4800000,,1,2,New Panvel,Navi Mumbai,19.0003258753664,73.1153385297118,Semi-Furnished,Apartment,0,25,5,New Property,Under Construction,,Neel Sidhi
Real Paradise ,4200000,632,2,2,Taloja,Navi Mumbai,19.074076996436,73.1181841544665,Unfurnished,Apartment,0,0,6,Resale,Ready to Move,,Unknown
Moraj Pride,9500000,756,2,2,Ulwe,Navi Mumbai,18.9750941,73.052334,Unfurnished,Apartment,0,2,6,Resale,Ready to Move,,Moraj Infratech Builders
Bhaveshwar Villa,3300000,418,1,1,Karanjade,Navi Mumbai,18.974265373985,73.1099196329075,Furnished,Apartment,0,0,2,Resale,Ready to Move,,Unknown
Omkar Puram,2800000,432,1,1,Panvel,Navi Mumbai,18.9894007,73.1175162,Unfurnished,Apartment,0,10,10,Resale,Ready to Move,,Omkar Krupa Builders and Developers
Shree Ganesh Amrut Garden,5083000,,1,1,New Panvel,Navi Mumbai,19.0003258753664,73.1153385297118,Unfurnished,Apartment,0,18,5,New Property,Under Construction,,Shree Ganesh Enterprises
Shree Ganesh Amrut Garden,5083000,,1,1,New Panvel,Navi Mumbai,19.0003258753664,73.1153385297118,Unfurnished,Apartment,0,18,5,New Property,Under Construction,,Shree Ganesh Enterprises
Pushpanarayan Complex,3300000,371,1,1,New Panvel,Navi Mumbai,19.0003258753664,73.1153385297118,Unfurnished,Apartment,0,13,5,Resale,Ready to Move,,Space India
Pillars Regency,8500000,576,2,2,Ulwe,Navi Mumbai,18.9750941,73.052334,Unfurnished,Apartment,0,11,6,Resale,Ready to Move,,Pillars Group
Moreshwar Park,5550000,468,1,1,Kamothe,Navi Mumbai,19.0174101252323,73.0958540380712,Unfurnished,Apartment,0,0,3,Resale,Ready to Move,,Mahesh Builders and Developers
Lakhani Royale,5650000,,1,1,Ulwe,Navi Mumbai,18.9750941,73.052334,Unfurnished,Apartment,0,6,6,New Property,Under Construction,,Lakhani Builders Pvt. Ltd.
Lakhani Royale,5574000,,1,1,Ulwe,Navi Mumbai,18.9750941,73.052334,Unfurnished,Apartment,0,6,6,New Property,Under Construction,,Lakhani Builders Pvt. Ltd.
Green Valley,3500000,432,1,1,New Panvel,Navi Mumbai,19.0003258753664,73.1153385297118,Unfurnished,Apartment,0,5,5,Resale,Ready to Move,,Varsha Developers
Green Valley,3500000,432,1,1,New Panvel,Navi Mumbai,19.0003258753664,73.1153385297118,Unfurnished,Apartment,0,5,5,Resale,Ready to Move,,Varsha Developers
RV Konnark Gardens,3200000,432,1,1,Panvel,Navi Mumbai,18.9894007,73.1175162,Unfurnished,Apartment,0,15,10,Resale,Ready to Move,,RV Group
RV Konnark Gardens,3600000,450,1,2,Panvel,Navi Mumbai,18.9894007,73.1175162,Unfurnished,Apartment,0,15,10,Resale,Under Construction,,RV Group
RV Konnark Gardens,2600000,281,1,2,Panvel,Navi Mumbai,18.9894007,73.1175162,Unfurnished,Apartment,0,15,10,Resale,Ready to Move,,RV Group
Satyam Bellagio,17400000,,2,2,Sanpada,Navi Mumbai,19.0583094914648,73.0164374121942,Semi-Furnished,Apartment,0,5,9,Resale,Ready to Move,,Satyam Developers
Satyam Bellagio,17300000,,2,2,Sanpada,Navi Mumbai,19.0583094914648,73.0164374121942,Unfurnished,Apartment,0,5,9,Resale,Ready to Move,,Satyam Developers
Satyam Bellagio,17300000,,2,2,Sanpada,Navi Mumbai,19.0583094914648,73.0164374121942,Semi-Furnished,Apartment,0,5,9,Resale,Under Construction,,Satyam Developers
Satyam Bellagio,16800000,,2,2,Sanpada,Navi Mumbai,19.0583094914648,73.0164374121942,Semi-Furnished,Apartment,0,5,9,Resale,Ready to Move,,Satyam Developers
Pyramid Elements,7800000,,1,2,Sector 20 Airoli,Navi Mumbai,19.1651597988784,72.9905366741832,Unfurnished,Apartment,0,33,0,New Property,Ready to Move,,Pyramid Infratech Company
Pyramid Elements,7800000,,1,2,Airoli,Navi Mumbai,19.1609103453837,72.9933968951486,Unfurnished,Apartment,0,33,10,New Property,Ready to Move,,Pyramid Infratech Company
Infinity Heights,7900000,810,2,2,Roadpali,Navi Mumbai,19.0385501152056,73.0962748008091,Semi-Furnished,Apartment,0,0,2,Resale,Ready to Move,,Unknown
Infinity Heights,7610000,810,2,2,Roadpali,Navi Mumbai,19.0385501152056,73.0962748008091,Semi-Furnished,Apartment,0,0,2,Resale,Ready to Move,,Unknown
Mansarover Complex,5600000,612,2,1,Kamothe,Navi Mumbai,19.0174101252323,73.0958540380712,Unfurnished,Apartment,0,0,3,Resale,Ready to Move,,Unknown
Mansarover Complex,6750000,576,2,2,Kamothe,Navi Mumbai,19.0174101252323,73.0958540380712,Semi-Furnished,Apartment,0,0,3,Resale,Ready to Move,,Unknown
Pyramid Elements,7800000,,1,2,Airoli,Navi Mumbai,19.1609103453837,72.9933968951486,Unfurnished,Apartment,0,33,10,New Property,Under Construction,,Pyramid Infratech Company
Royal Palms Residency,4500000,802,2,2,New Panvel,Navi Mumbai,19.0003258753664,73.1153385297118,Unfurnished,Apartment,0,5,5,Resale,Ready to Move,,Royale Realtors
Mansarover Complex,18000000,576,2,2,Kamothe,Navi Mumbai,19.0174101252323,73.0958540380712,Unfurnished,Apartment,0,0,3,Resale,Ready to Move,,Unknown
Om Sai Sai Vihar CHS,7800000,498,1,1,Kharghar,Navi Mumbai,19.0656721198219,73.05961185164,Semi-Furnished,Apartment,0,12,8,Resale,Ready to Move,,Om Sai Developers
Lakhani Royale,5500000,,1,2,Ulwe,Navi Mumbai,18.9750941,73.052334,Unfurnished,Apartment,0,6,6,New Property,Ready to Move,,Lakhani Builders Pvt. Ltd.
Lakhani Royale,5500000,,1,2,Ulwe,Navi Mumbai,18.9750941,73.052334,Unfurnished,Apartment,0,6,6,New Property,Under Construction,,Lakhani Builders Pvt. Ltd.
Lakhani Royale,5200000,,1,1,Ulwe,Navi Mumbai,18.9750941,73.052334,Unfurnished,Apartment,0,6,6,New Property,Under Construction,,Lakhani Builders Pvt. Ltd.
Neelsidhi Orbit,7100000,324,1,1,New Panvel,Navi Mumbai,19.0003258753664,73.1153385297118,Furnished,Apartment,0,25,5,Resale,Ready to Move,,Neel Sidhi
Neelsidhi Orbit,6600000,468,1,1,New Panvel,Navi Mumbai,19.0003258753664,73.1153385297118,Unfurnished,Apartment,0,25,5,Resale,Ready to Move,,Neel Sidhi
Satyam Residency,6600000,709,2,2,Karanjade,Navi Mumbai,18.974265373985,73.1099196329075,Unfurnished,Apartment,0,9,2,Resale,Ready to Move,,Sataym Concast Pvt. Ltd.
Vishesh Balaji Symphony,9000000,,2,2,New Panvel,Navi Mumbai,19.0003258753664,73.1153385297118,Unfurnished,Apartment,0,36,5,Resale,Ready to Move,,Vishesh Group
Shree Dharti Enclave,8700000,749,2,2,Kamothe,Navi Mumbai,19.0174101252323,73.0958540380712,Unfurnished,Apartment,0,8,3,Resale,Ready to Move,,Unknown
Shreepati Arcade,4200000,432,1,1,Karanjade,Navi Mumbai,18.974265373985,73.1099196329075,Semi-Furnished,Apartment,0,23,2,Resale,Ready to Move,,Gurusaikripa Builders LLP
Lakhani Rajesh Presidency,12500000,878,2,2,Ulwe,Navi Mumbai,18.9750941,73.052334,Unfurnished,Apartment,0,8,6,Resale,Ready to Move,,Lakhani Builders Pvt. Ltd.
Ambe Prerna,12000000,720,3,2,Ghansoli,Navi Mumbai,19.1271933235627,72.9966520846173,Semi-Furnished,Apartment,0,11,9,Resale,Ready to Move,,Sai Developers
Parth Avenue,5500000,306,1,2,Kamothe,Navi Mumbai,19.0174101252323,73.0958540380712,Semi-Furnished,Apartment,0,14,3,Resale,Ready to Move,,Parth Enterprise
Parth Avenue,5500000,346,1,1,Kamothe,Navi Mumbai,19.0174101252323,73.0958540380712,Unfurnished,Apartment,0,14,3,Resale,Ready to Move,,Parth Enterprise
Vishesh Balaji Symphony,8200000,,2,2,New Panvel,Navi Mumbai,19.0003258753664,73.1153385297118,Unfurnished,Apartment,0,36,5,Resale,Ready to Move,,Vishesh Group
Guru Kripa,8500000,432,1,1,Ulwe,Navi Mumbai,18.9750941,73.052334,Unfurnished,Apartment,0,5,6,Resale,Ready to Move,,Guru Kripa Developer
Amrut Height,11000000,828,2,2,Karanjade,Navi Mumbai,18.974265373985,73.1099196329075,Unfurnished,Apartment,0,10,2,Resale,Ready to Move,,Dev Enterprises
Bhakti Apartment,4200000,403,1,1,Karanjade,Navi Mumbai,18.974265373985,73.1099196329075,Semi-Furnished,Apartment,0,6,2,Resale,Ready to Move,,Bhakti Developers
Galaxy Krishna Tower,9000000,792,2,2,Ulwe,Navi Mumbai,18.9750941,73.052334,Semi-Furnished,Apartment,0,27,6,Resale,Ready to Move,,Galaxy Group
Victory Splendour,18000000,576,2,2,Kopar Khairane,Navi Mumbai,19.1033695651723,73.0121586680414,Semi-Furnished,Apartment,0,6,10,Resale,Ready to Move,,Victory Builders And Developers
Labh Aspire,5000000,484,1,1,Karanjade,Navi Mumbai,18.974265373985,73.1099196329075,Semi-Furnished,Apartment,0,9,2,Resale,Ready to Move,,Barnwal Enterprises
Jupiter Heights,4750000,468,1,2,Roadpali,Navi Mumbai,19.0385501152056,73.0962748008091,Unfurnished,Apartment,0,7,2,Resale,Ready to Move,,Rupal Builder
Siddhivinayak Paradise,12500000,936,2,2,Ulwe,Navi Mumbai,18.9750941,73.052334,Unfurnished,Apartment,0,7,6,Resale,Ready to Move,,Bathija Developers
Heritage Castle,7200000,451,2,2,Taloja,Navi Mumbai,19.074076996436,73.1181841544665,Unfurnished,Apartment,0,20,6,Resale,Ready to Move,,Heritage Builders
Heritage Castle,4500000,468,1,2,Taloja,Navi Mumbai,19.074076996436,73.1181841544665,Semi-Furnished,Apartment,0,20,6,Resale,Ready to Move,,Heritage Builders
Skyline Heritage,4500000,457,1,1,Ulwe,Navi Mumbai,18.9750941,73.052334,Unfurnished,Apartment,0,23,6,Resale,Ready to Move,,Skyline Builders
Seven Hills,6500000,530,1,2,Kharghar,Navi Mumbai,19.0656721198219,73.05961185164,Semi-Furnished,Apartment,0,7,8,Resale,Ready to Move,,Unknown
Vision Residency,4900000,475,1,1,Kalamboli,Navi Mumbai,19.0311212885643,73.1052711758489,Unfurnished,Apartment,0,9,5,Resale,Ready to Move,,Vision Associate
Vision Residency,4800000,461,1,1,Kalamboli,Navi Mumbai,19.0311212885643,73.1052711758489,Semi-Furnished,Apartment,0,9,5,Resale,Ready to Move,,Vision Associate
Sai Krupa,7000000,762,2,2,Sector 30 Kharghar,Navi Mumbai,19.06659,73.06811,Unfurnished,Apartment,0,9,1,Resale,Ready to Move,,Sai Developer
Devratna,10000000,,2,2,Taloja Panchanand,Navi Mumbai,19.0786912120664,73.0924195199983,Semi-Furnished,Apartment,0,28,0,Resale,Ready to Move,,Dev Krupa Enterprises
Wadhwa Wise City,17500000,,,,Panvel,Navi Mumbai,18.9894007,73.1175162,,Residential Plot,0,15,10,Resale,,,The Wadhwa Group
NRI Complex Phase,100000000,1200,3,4,Seawoods,Navi Mumbai,19.0134923674099,73.0176711021806,Semi-Furnished,Apartment,0,14,7,Resale,Ready to Move,,Cidco
Unkown,52800000,1350,3,3,Sector 6 Ghansoli,Navi Mumbai,19.1218283641253,73.003630790763,Semi-Furnished,Apartment,0,0,0,Resale,Ready to Move,1 Covered,Unknown
Mita Heights,16000000,,2,2,Sector 20 Kharghar,Navi Mumbai,19.0499727808114,73.0725224614798,Semi-Furnished,Apartment,0,13,1,Resale,Ready to Move,1 Covered,Asian Buildcon
Abhiruchi CHS,14200000,700,2,2,Vashi,Navi Mumbai,19.0777155057838,73.0027923491613,Semi-Furnished,Apartment,0,0,9,Resale,Ready to Move,1 Open,Unknown
Unnati Tower,6000000,400,1,1,Sector 2 Ulwe,Navi Mumbai,18.982763,73.027401,Unfurnished,Apartment,0,10,0,Resale,Ready to Move,,Raja Developers
Seawoods Grand Central,74000000,,,1,Seawoods,Navi Mumbai,19.0134923674099,73.0176711021806,Furnished,Commercial Office Space,0,9,7,Resale,Ready to Move,,L&T Realty
Unkown,5700000,,,,Jui,Navi Mumbai,18.87900065,73.02708207,,Residential Plot,0,0,0,Resale,,,Unknown
Balaji Shradha,11000000,750,2,2,Ulwe,Navi Mumbai,18.9750941,73.052334,Unfurnished,Apartment,0,28,6,Resale,Ready to Move,,Reliable Builders
Lucky Dream Opel,6000000,,1,1,Ulwe,Navi Mumbai,18.9750941,73.052334,Semi-Furnished,Apartment,0,0,6,Resale,Ready to Move,,Unknown
Hiranandani Fortune City,6500000,,1,1,Panvel,Navi Mumbai,18.9894007,73.1175162,Unfurnished,Apartment,0,35,10,Resale,Ready to Move,,Hiranandani Group
Paradise Sai World City,16000000,871,2,2,Palaspe Phata,Navi Mumbai,18.96872083,73.12948074,Furnished,Apartment,0,38,1,Resale,Ready to Move,1 Covered,Paradise Group
Kamdhenu The Hallmark,10000000,397,,1,Kopar Khairane,Navi Mumbai,19.1033695651723,73.0121586680414,Unfurnished,Commercial Office Space,1,13,10,New Property,Under Construction,"1 Covered, 2 Open",Accura Developers LLP
Paradise Sai World Empire,24800000,1255,3,3,Kharghar,Navi Mumbai,19.0656721198219,73.05961185164,Unfurnished,Apartment,0,59,8,Resale,Ready to Move,,Paradise Group
Unkown,1500000,110,,,Panvel,Navi Mumbai,18.9894007,73.1175162,Unfurnished,Commercial Shop,0,0,10,Resale,Ready to Move,1 Open,Unknown
Unkown,12922000,,,,Old Thane Naka Road,Navi Mumbai,18.99449675,73.10693433,,Residential Plot,0,0,0,New Property,,,Unknown
Balaji Delta Central,30000000,800,2,2,Kharghar,Navi Mumbai,19.0656721198219,73.05961185164,Furnished,Apartment,0,22,8,Resale,Ready to Move,1 Covered,Balaji Group
Embassy Park Panvel,13998000,699,2,2,Panvel,Navi Mumbai,18.9894007,73.1175162,Unfurnished,Apartment,0,19,10,New Property,Under Construction,1 Covered,Embassy Group
Unkown,12500000,397,,1,Kopar Khairane,Navi Mumbai,19.1033695651723,73.0121586680414,Unfurnished,Commercial Office Space,0,0,10,New Property,Under Construction,1 Covered,Unknown
Sai Riverdale,9260931,701,2,2,Taloja,Navi Mumbai,19.074076996436,73.1181841544665,Unfurnished,Apartment,0,32,6,Resale,Ready to Move,1 Covered,Paradise Group
Unnathi,26200000,1050,3,3,Sector 21 Kharghar,Navi Mumbai,19.0502271040729,73.0676638452533,Semi-Furnished,Apartment,0,12,1,Resale,Ready to Move,,Concept Relation
Space India Amulyam,3150000,423,1,2,Panvel,Navi Mumbai,18.9894007,73.1175162,Semi-Furnished,Apartment,0,12,10,Resale,Ready to Move,1 Covered,SPACE INDIA builders and developers
Cyber One,37499586,862,,2,Vashi,Navi Mumbai,19.0777155057838,73.0027923491613,Unfurnished,Commercial Office Space,0,19,9,Resale,Ready to Move,1 Covered,Greenscape Developers Pvt. Ltd.
Atlantis Aura,8500000,591,2,2,Kalamboli,Navi Mumbai,19.0311212885643,73.1052711758489,Furnished,Apartment,0,11,5,Resale,Under Construction,,Atlanties Developers
Unkown,12500000,430,,,CBD Belapur,Navi Mumbai,19.0190788324849,73.0384581174593,Unfurnished,Commercial Office Space,0,0,9,Resale,Ready to Move,,Unknown
Akshar Alvario,38000000,1100,3,3,Nerul,Navi Mumbai,19.034973,73.02228,Unfurnished,Apartment,0,26,8,Resale,Ready to Move,1 Covered,Akshar Group
L&T Seawoods Residences,42500000,,3,3,Nerul,Navi Mumbai,19.034973,73.02228,Semi-Furnished,Apartment,0,2,8,New Property,Ready to Move,,L&T Realty
Unkown,2400000,250,,1,New Panvel East,Navi Mumbai,18.998631,73.120102,Semi-Furnished,Studio Apartment,0,0,3,Resale,Ready to Move,1 Open,Unknown
Unkown,300000,2500,,,Sector 21 Kamothe,Navi Mumbai,19.01379332,73.09680615,Unfurnished,Commercial Showroom,0,0,0,Resale,Ready to Move,,Unknown
ML Tower,4500000,453,1,2,Mahape,Navi Mumbai,19.1231028484763,73.0348871793876,Unfurnished,Apartment,0,7,1,Resale,Under Construction,1 Open,ML Group
Superior Exotica,25671375,925,3,3,Airoli,Navi Mumbai,19.1609103453837,72.9933968951486,Semi-Furnished,Apartment,0,0,10,New Property,Ready to Move,"1 Covered, 1 Open",Jewel Construction
Arihant Anshula,5000000,685,2,2,Ghot,Navi Mumbai,19.0866662303889,73.1139743468294,Unfurnished,Apartment,1,19,0,Resale,Ready to Move,1 Open,Arihant Superstructures Ltd.
Marathon Nexzone,6200000,587,2,2,Panvel,Navi Mumbai,18.9894007,73.1175162,Unfurnished,Apartment,0,10,10,Resale,Ready to Move,,Marathon Realty Pvt. Ltd.
Unkown,1600000,360,1,1,Khopoli,Navi Mumbai,18.7980131509559,73.3372686360754,Unfurnished,Apartment,0,0,2,Resale,Ready to Move,,Unknown
Neel Sankul,7200000,710,2,2,Kalamboli,Navi Mumbai,19.0311212885643,73.1052711758489,Semi-Furnished,Apartment,0,19,5,Resale,Ready to Move,,Neelsidhi Group
Arihant Anshula,3500000,612,2,1,Taloja,Navi Mumbai,19.074076996436,73.1181841544665,Unfurnished,Apartment,0,19,6,Resale,Ready to Move,,Arihant Superstructures Ltd.
Jimmy Tower Crystal,13000000,734,2,2,Kopar Khairane,Navi Mumbai,19.1033695651723,73.0121586680414,Semi-Furnished,Apartment,0,12,10,Resale,Ready to Move,,Jimmi Builders  Developers
Sai Pride,33500000,900,3,3,Sanpada,Navi Mumbai,19.0583094914648,73.0164374121942,Furnished,Apartment,0,10,9,Resale,Ready to Move,,Pardesi Group
Emperia Garden,1800000,277,1,1,Panvel,Navi Mumbai,18.9894007,73.1175162,Unfurnished,Apartment,0,56,10,Resale,Ready to Move,,Akshar Group
Kanchan Junga Tower,15000000,684,2,2,Kopar Khairane,Navi Mumbai,19.1033695651723,73.0121586680414,Furnished,Apartment,0,0,10,Resale,Ready to Move,,Unknown
SN Park,18000000,1296,3,3,Sector 3 Kharghar,Navi Mumbai,19.0285175,73.0586058,Semi-Furnished,Apartment,0,0,0,Resale,Ready to Move,,Unknown
Platinum Liviano,7200000,486,1,1,Kamothe,Navi Mumbai,19.0174101252323,73.0958540380712,Unfurnished,Apartment,0,14,3,Resale,Ready to Move,,Platinum Group
mahavir heritage,16800000,1026,3,3,Sector 35G Kharghar,Navi Mumbai,19.0708918019987,73.0699596369218,Semi-Furnished,Apartment,0,13,1,Resale,Ready to Move,,MAHAVIR DEVELOPERS
Anmol Sadan,11000000,1135,3,3,Kharghar,Navi Mumbai,19.0656721198219,73.05961185164,Semi-Furnished,Apartment,0,8,8,Resale,Ready to Move,,Anmol Developers
Kesar Exotica,14000000,875,2,2,Sector 10 Kharghar,Navi Mumbai,19.0347856231581,73.0754657441173,Furnished,Apartment,0,19,0,Resale,Ready to Move,,Kesar Group
Akshar Green World,21000000,1188,3,3,Airoli,Navi Mumbai,19.1609103453837,72.9933968951486,Semi-Furnished,Apartment,0,29,10,Resale,Ready to Move,,Akshar Group
Rosewood Heights,15000000,828,2,2,Kharghar,Navi Mumbai,19.0656721198219,73.05961185164,Unfurnished,Apartment,0,18,8,Resale,Ready to Move,,Tharwani Realty
Indiabulls Greens Panvel,9000000,1228,3,3,New Panvel,Navi Mumbai,19.0003258753664,73.1153385297118,Semi-Furnished,Apartment,0,56,5,Resale,Ready to Move,,Indiabulls Greens
Belle Vista,17000000,533,2,2,CBD Belapur,Navi Mumbai,19.0190788324849,73.0384581174593,Semi-Furnished,Apartment,0,0,9,Resale,Ready to Move,,Mayuresh
Ram Laxman Tower,6800000,412,1,1,Vashi,Navi Mumbai,19.0777155057838,73.0027923491613,Semi-Furnished,Apartment,0,0,9,Resale,Ready to Move,,Unknown
Ram Laxman Tower,7200000,412,1,2,Vashi,Navi Mumbai,19.0777155057838,73.0027923491613,Semi-Furnished,Apartment,0,0,9,Resale,Ready to Move,,Unknown
Vasundhara Heights ,25500000,1174,3,3,Sanpada,Navi Mumbai,19.0583094914648,73.0164374121942,Semi-Furnished,Apartment,0,0,9,Resale,Ready to Move,,Unknown
Patel Raj Park,10000000,975,2,2,Ulwe,Navi Mumbai,18.9750941,73.052334,Semi-Furnished,Apartment,0,0,6,Resale,Ready to Move,,Unknown
C.J. Kalpavriksha,2500000,466,1,1,Panvel,Navi Mumbai,18.9894007,73.1175162,Unfurnished,Apartment,0,26,10,Resale,Ready to Move,,C.J. Group
Marathon Nexzone,9910000,903,3,2,Panvel,Navi Mumbai,18.9894007,73.1175162,Unfurnished,Apartment,0,10,10,New Property,Dec '29,,Marathon Realty Pvt. Ltd.
Sankalp Siddhi,4057000,,1,1,Karanjade,Navi Mumbai,18.974265373985,73.1099196329075,Unfurnished,Apartment,0,3,2,New Property,Under Construction,,Sankalp Realty
Bhagwati Greens 3,13500000,,2,2,Kharghar,Navi Mumbai,19.0656721198219,73.05961185164,Unfurnished,Apartment,0,23,8,Resale,Under Construction,,Bhagwati Group
Saikiran Complex,4000000,450,1,1,Kamothe,Navi Mumbai,19.0174101252323,73.0958540380712,Semi-Furnished,Apartment,0,0,3,Resale,Ready to Move,,Unknown
Siddharameshwar CHS,10000000,459,1,1,Sanpada,Navi Mumbai,19.0583094914648,73.0164374121942,Semi-Furnished,Apartment,0,0,9,Resale,Ready to Move,,Cooperative Group Housing Society
Unkown,4500000,,1,1,Sector 19 Ulwe,Navi Mumbai,18.973194,73.029363,Unfurnished,Apartment,0,0,0,Resale,Ready to Move,,Unknown
Unkown,53999990,650,2,2,CBD Belapur,Navi Mumbai,19.0190788324849,73.0384581174593,Unfurnished,Apartment,0,0,9,Resale,Ready to Move,,Unknown
Unkown,3500000,,1,1,,Navi Mumbai,,,Semi-Furnished,Apartment,0,0,0,Resale,Ready to Move,,Unknown
Hiranandani Fortune City,6000000,,1,2,Panvel,Navi Mumbai,18.9894007,73.1175162,Semi-Furnished,Apartment,0,35,10,Resale,Ready to Move,,Hiranandani Group
Suncity Reva,8500000,400,,,Roadpali,Navi Mumbai,19.0385501152056,73.0962748008091,Unfurnished,Commercial Shop,0,8,2,Resale,Ready to Move,,Akash Builder and Developer
Krishna Residency,6000000,425,1,1,Kamothe,Navi Mumbai,19.0174101252323,73.0958540380712,Unfurnished,Apartment,0,2,3,Resale,Ready to Move,,Radhe Krishna Builders
Panchavati CHS,10800000,690,2,1,Ghansoli,Navi Mumbai,19.1271933235627,72.9966520846173,Furnished,Apartment,0,0,9,Resale,Ready to Move,1 Open,Cooperative Group Housing Society
Sai Proviso County,7000000,608,2,2,Panvel,Navi Mumbai,18.9894007,73.1175162,Furnished,Apartment,0,18,10,Resale,Ready to Move,140 Open,Proviso Group
Unkown,25000000,,,,Sector 3 Ghansoli,Navi Mumbai,19.1151061065396,73.0044917509771,Furnished,Commercial Shop,0,0,2,Resale,Ready to Move,,Unknown
Unkown,2700000,130,,,Kolkhe,Navi Mumbai,18.9678874776626,73.1405501231688,Unfurnished,Commercial Shop,0,0,0,Resale,Ready to Move,,Unknown
Unkown,4000000,257,,,Sector 6 New Panvel East,Navi Mumbai,19.0094432394229,73.1170204621214,Semi-Furnished,Commercial Shop,0,0,0,Resale,Ready to Move,,Unknown
Unkown,7000000,660,1,2,Ulwe,Navi Mumbai,18.9750941,73.052334,Semi-Furnished,Apartment,0,0,6,Resale,Ready to Move,1 Open,Unknown
Reddys Orion,4200000,115,,,Ulwe,Navi Mumbai,18.9750941,73.052334,Unfurnished,Commercial Shop,0,0,6,Resale,Ready to Move,,Unknown
Parvati Castle,3800000,,1,1,Taloja,Navi Mumbai,19.074076996436,73.1181841544665,Unfurnished,Apartment,0,10,6,Resale,Ready to Move,,R D Builder
Belmac Riverside,6000000,,1,1,New Panvel,Navi Mumbai,19.0003258753664,73.1153385297118,Semi-Furnished,Apartment,0,11,5,Resale,Ready to Move,,Supreme Holdings & Hospitality India Ltd.
Gurukrupa Aramus Complex,18000000,600,2,2,Ulwe,Navi Mumbai,18.9750941,73.052334,Unfurnished,Apartment,0,0,6,Resale,Ready to Move,2 Covered,Gurukrupa Group
Unkown,35500000,1100,3,3,Sector 8 Sanpada,Navi Mumbai,19.06131127,73.00929144,Unfurnished,Apartment,0,0,0,New Property,Ready to Move,,Unknown
Unkown,8000000,170,,,New Panvel,Navi Mumbai,19.0003258753664,73.1153385297118,Unfurnished,Commercial Shop,0,0,5,Resale,Ready to Move,,Unknown
Ecostar Qualcon Green Meadows,2500000,,1,1,Panvel,Navi Mumbai,18.9894007,73.1175162,Unfurnished,Builder Floor Apartment,0,11,10,Resale,Ready to Move,,Ecostar Qualcon Properties LLP
Indiabulls Greens Panvel,12500000,,2,2,Panvel,Navi Mumbai,18.9894007,73.1175162,Semi-Furnished,Apartment,0,56,10,Resale,,1 Covered,Indiabulls Greens
Gautam Complex,10000000,1200,2,2,CBD Belapur,Navi Mumbai,19.0190788324849,73.0384581174593,Unfurnished,Apartment,0,0,9,Resale,Ready to Move,,Ahuja Constructions
Unkown,25000000,,3,4,,Navi Mumbai,,,Furnished,Villa,0,0,0,Resale,Ready to Move,1 Covered,Unknown
Jijai Complex,4000000,,1,1,Taloja,Navi Mumbai,19.074076996436,73.1181841544665,Semi-Furnished,Apartment,0,17,6,Resale,Ready to Move,,Shubham Builders
Unkown,8500000,,1,2,Sector 21 Nerul,Navi Mumbai,19.0301062999969,73.020739590686,Unfurnished,Apartment,0,0,1,Resale,Ready to Move,,Unknown
Samruddhi Complex,3000000,300,1,2,Panvel,Navi Mumbai,18.9894007,73.1175162,Semi-Furnished,Apartment,0,4,10,Resale,Ready to Move,,Samruddhi Buildcon 
Wadhwa Wise City,7200000,494,2,2,Shedung,Navi Mumbai,18.9524038054088,73.1757912751373,Unfurnished,Apartment,0,15,0,Resale,Ready to Move,,The Wadhwa Group
QN Greens,5500000,611,2,2,Ghotkamp Koyana Vele,Navi Mumbai,19.07894952,73.11371856,Unfurnished,Apartment,0,15,0,New Property,Ready to Move,,Qualitas Naman Group
Unkown,8600000,,1,2,Sector 9 Airoli,Navi Mumbai,19.1464748007227,72.9910032825873,Semi-Furnished,Apartment,0,0,1,Resale,Ready to Move,,Unknown
Hill View Complex,3000000,465,1,1,Adai,Navi Mumbai,19.0146597506832,73.1331101231684,Semi-Furnished,Apartment,0,13,0,Resale,Ready to Move,,Shree Vastupurti Developers
Maple Castra,4000000,,1,1,Dronagiri,Navi Mumbai,18.8598511200022,72.9380988664184,Unfurnished,Apartment,0,14,2,New Property,Ready to Move,,Jalaram Investment
Lakhanis White Castle,5700000,522,1,1,Ulwe,Navi Mumbai,18.9750941,73.052334,Semi-Furnished,Apartment,0,11,6,Resale,Ready to Move,,Lakhani Builders Pvt. Ltd.
Laxmina Aurum,6500000,537,1,2,Ulwe,Navi Mumbai,18.9750941,73.052334,Unfurnished,Apartment,0,20,6,Resale,Ready to Move,,Laxmina Ventures
Sai Riverdale,8999999,803,2,2,Taloja,Navi Mumbai,19.074076996436,73.1181841544665,Semi-Furnished,Apartment,0,32,6,Resale,Ready to Move,,Paradise Group
Sai Riverdale,8100000,468,2,2,Taloja,Navi Mumbai,19.074076996436,73.1181841544665,Semi-Furnished,Apartment,0,32,6,Resale,Ready to Move,,Paradise Group
Sai Riverdale,8100000,540,2,2,Taloja,Navi Mumbai,19.074076996436,73.1181841544665,Semi-Furnished,Apartment,0,32,6,Resale,Ready to Move,,Paradise Group
Ramdev Tower,3300000,490,1,1,Taloja,Navi Mumbai,19.074076996436,73.1181841544665,Semi-Furnished,Apartment,0,21,6,Resale,Ready to Move,,Dhabas Builders
Dream Residency,4500000,324,1,1,Panvel,Navi Mumbai,18.9894007,73.1175162,Unfurnished,Apartment,0,21,10,Resale,Ready to Move,,Shubh Realty
OM SAI APEKSHA,3500000,396,1,1,Taloja,Navi Mumbai,19.074076996436,73.1181841544665,Unfurnished,Apartment,0,9,6,Resale,Ready to Move,,Platinum Group
Space India Vaastusiddhi Landmark Riverside,2600000,333,1,1,Panvel,Navi Mumbai,18.9894007,73.1175162,Unfurnished,Apartment,0,26,10,Resale,Ready to Move,,Space India
Prem Pride,6600000,450,1,2,Kamothe,Navi Mumbai,19.0174101252323,73.0958540380712,Unfurnished,Apartment,0,15,3,Resale,Ready to Move,,Prem Developers
Siddhivinayak Eden,7300000,714,2,2,Panvel,Navi Mumbai,18.9894007,73.1175162,Unfurnished,Apartment,0,10,10,Resale,Ready to Move,,Hari Siddhi Homes
Gami Bhakti,8500000,720,2,2,Kamothe,Navi Mumbai,19.0174101252323,73.0958540380712,Unfurnished,Apartment,0,5,3,Resale,Ready to Move,,Gami Group
Juhi Garden,7800000,576,2,2,Kamothe,Navi Mumbai,19.0174101252323,73.0958540380712,Furnished,Apartment,0,0,3,Resale,Ready to Move,,Unknown
Ocean Villa,3500000,468,1,1,Dronagiri,Navi Mumbai,18.8598511200022,72.9380988664184,Unfurnished,Apartment,0,0,2,Resale,Under Construction,,Unknown
Ronak Residency,5700000,648,1,1,Kalamboli,Navi Mumbai,19.0311212885643,73.1052711758489,Unfurnished,Apartment,0,8,5,Resale,Ready to Move,,Ronak Developers
Ronak Residency,7500000,686,2,2,Kalamboli,Navi Mumbai,19.0311212885643,73.1052711758489,Unfurnished,Apartment,0,8,5,Resale,Ready to Move,,Ronak Developers
Pyramid Florencia,30000000,1152,3,3,Sector 19 Airoli,Navi Mumbai,19.1596810821273,72.9931086807739,Furnished,Apartment,0,25,2,Resale,Ready to Move,,Pyramid Developers
Pyramid Florencia,30000000,1152,3,3,Sector 19 Airoli,Navi Mumbai,19.1596810821273,72.9931086807739,Furnished,Apartment,0,25,2,Resale,Ready to Move,,Pyramid Developers
Shiv Swastik,10000000,421,1,1,Sanpada,Navi Mumbai,19.0583094914648,73.0164374121942,Semi-Furnished,Apartment,0,8,9,Resale,Ready to Move,,Square Homes
A R Pearl,6700000,360,1,1,Ulwe,Navi Mumbai,18.9750941,73.052334,Unfurnished,Apartment,0,19,6,Resale,Ready to Move,,S R Developers
Advance Vision,4500000,270,1,2,Ulwe,Navi Mumbai,18.9750941,73.052334,Unfurnished,Apartment,0,24,6,Resale,Ready to Move,,Advance Groups
Balaji Prangan,7000000,436,1,1,Kharghar,Navi Mumbai,19.0656721198219,73.05961185164,Unfurnished,Apartment,0,11,8,Resale,Ready to Move,,Neelsiddhi Developers
Balaji Prangan,6700000,436,1,1,Kharghar,Navi Mumbai,19.0656721198219,73.05961185164,Unfurnished,Apartment,0,11,8,Resale,Ready to Move,,Neelsiddhi Developers
Bhaveshwar Heights,4200000,468,1,1,Karanjade,Navi Mumbai,18.974265373985,73.1099196329075,Unfurnished,Apartment,0,13,2,Resale,Ready to Move,,Anita Developers
Bhoomi Sagar,5000000,446,1,1,Kharghar,Navi Mumbai,19.0656721198219,73.05961185164,Unfurnished,Apartment,0,7,8,Resale,Ready to Move,,Bhoomi Builders
BKS GALAXY REALTORS PVT. LTD. Galaxy Orion,9800000,835,2,2,Kharghar,Navi Mumbai,19.0656721198219,73.05961185164,Semi-Furnished,Apartment,0,0,8,Resale,Ready to Move,,Unknown
BKS GALAXY REALTORS PVT. LTD. Galaxy Orion,8500000,853,2,2,Kharghar,Navi Mumbai,19.0656721198219,73.05961185164,Furnished,Apartment,0,0,8,Resale,Ready to Move,,Unknown
Century Complex,3300000,443,1,2,Kharghar,Navi Mumbai,19.0656721198219,73.05961185164,Unfurnished,Apartment,0,0,8,Resale,Ready to Move,,Farash Group
Century Complex,4500000,385,1,1,Kharghar,Navi Mumbai,19.0656721198219,73.05961185164,Unfurnished,Apartment,0,0,8,Resale,Ready to Move,,Farash Group
dev classic,3950000,451,1,1,Kharghar,Navi Mumbai,19.0656721198219,73.05961185164,Unfurnished,Apartment,0,6,8,Resale,Ready to Move,,Aristo Realty Developers Ltd.
Anmol Residency,8500000,849,2,2,Kharghar,Navi Mumbai,19.0656721198219,73.05961185164,Unfurnished,Apartment,0,7,8,Resale,Ready to Move,,Anmol Developers
Tricity Avenue,11000000,827,2,2,Sector 20 Ulwe,Navi Mumbai,18.9779516240329,73.0293337092446,Unfurnished,Apartment,0,13,0,Resale,Ready to Move,,Tricity Reality Pvt. Ltd.
Bhoomi Avenue,5500000,504,1,2,Kharghar,Navi Mumbai,19.0656721198219,73.05961185164,Unfurnished,Apartment,0,8,8,Resale,Ready to Move,,Rushi Construction
Manas 21,14000000,702,2,2,Vashi,Navi Mumbai,19.0777155057838,73.0027923491613,Furnished,Apartment,0,10,9,Resale,Ready to Move,,Manas Group
La Mer Residency,5275000,499,1,1,Panvel,Navi Mumbai,18.9894007,73.1175162,Semi-Furnished,Apartment,0,9,10,Resale,Ready to Move,,La Mer Developers
Jimmy Tower Crystal,13000000,720,2,2,Kopar Khairane,Navi Mumbai,19.1033695651723,73.0121586680414,Unfurnished,Apartment,0,12,10,Resale,Ready to Move,,Jimmi Builders  Developers
Lakhanis Oasis,5000000,479,1,1,Ulwe,Navi Mumbai,18.9750941,73.052334,Unfurnished,Apartment,0,5,6,Resale,Ready to Move,,Lakhani Builders Pvt. Ltd.
La Mer Residency,9450000,806,2,2,Panvel,Navi Mumbai,18.9894007,73.1175162,Semi-Furnished,Apartment,0,9,10,Resale,Ready to Move,,La Mer Developers
Arihant Anaika,4500000,389,1,1,Taloja,Navi Mumbai,19.074076996436,73.1181841544665,Unfurnished,Apartment,0,20,6,Resale,Under Construction,,Arihant Superstructures Ltd
Akshar Alvario,39000000,1519,3,3,Nerul,Navi Mumbai,19.034973,73.02228,Unfurnished,Apartment,0,26,8,Resale,Ready to Move,,Akshar Group
Sai Sakha,3300000,22,1,1,Ulwe,Navi Mumbai,18.9750941,73.052334,Furnished,Apartment,0,15,6,Resale,Ready to Move,,Platinum Construction
Gokul Dham,10000000,792,2,2,Kharghar,Navi Mumbai,19.0656721198219,73.05961185164,Unfurnished,Apartment,0,0,8,Resale,Ready to Move,,Unknown
Paradise Sai World Empire,22500000,1350,3,2,Sector 36 Kharghar,Navi Mumbai,19.0719499906313,73.080639190968,Unfurnished,Apartment,0,59,0,Resale,Under Construction,,Paradise Group
Gayatri Residency,6800000,540,2,2,Kharghar,Navi Mumbai,19.0656721198219,73.05961185164,Furnished,Apartment,0,0,8,Resale,Ready to Move,,Unknown
Shree Pandurang Apartment,15500000,770,2,2,Nerul,Navi Mumbai,19.034973,73.02228,Semi-Furnished,Apartment,0,0,8,Resale,Ready to Move,,Unknown
Mahaavir Majesty,3750000,516,1,1,Taloja,Navi Mumbai,19.074076996436,73.1181841544665,Unfurnished,Apartment,0,17,6,Resale,Ready to Move,,Mahaavir Universal Homes Pvt. Ltd.
Mahaavir Majesty,3750000,516,1,1,Taloja,Navi Mumbai,19.074076996436,73.1181841544665,Unfurnished,Apartment,0,17,6,Resale,Ready to Move,,Mahaavir Universal Homes Pvt. Ltd.
Balaji Towers,45500000,2232,4,4,Nerul,Navi Mumbai,19.034973,73.02228,Furnished,Apartment,0,0,8,Resale,Ready to Move,,Unknown
Yashraj Sai Simran,4300000,461,1,2,Karanjade,Navi Mumbai,18.974265373985,73.1099196329075,Unfurnished,Apartment,0,0,2,Resale,Ready to Move,,Unknown
Omkar Bramha,3000000,432,1,1,New Panvel,Navi Mumbai,19.0003258753664,73.1153385297118,Unfurnished,Apartment,0,0,5,Resale,Ready to Move,,Unknown
Omkar Bramha,4500000,583,2,2,New Panvel,Navi Mumbai,19.0003258753664,73.1153385297118,Unfurnished,Apartment,0,0,5,Resale,Ready to Move,,Unknown
Mahaavir Majesty,3600000,516,1,1,Taloja,Navi Mumbai,19.074076996436,73.1181841544665,Unfurnished,Apartment,0,17,6,Resale,Ready to Move,,Mahaavir Universal Homes Pvt. Ltd.
Mahaavir Majesty,4000000,516,1,1,Taloja,Navi Mumbai,19.074076996436,73.1181841544665,Unfurnished,Apartment,0,17,6,Resale,Ready to Move,,Mahaavir Universal Homes Pvt. Ltd.
Mahaavir Majesty,3400000,446,1,2,Taloja,Navi Mumbai,19.074076996436,73.1181841544665,Unfurnished,Apartment,0,17,6,Resale,Ready to Move,,Mahaavir Universal Homes Pvt. Ltd.
Sai Mannat,15000000,828,2,2,Kharghar,Navi Mumbai,19.0656721198219,73.05961185164,Semi-Furnished,Apartment,0,18,8,Resale,Ready to Move,,Paradise Group
Millennium Grand,13500000,871,2,2,Kharghar,Navi Mumbai,19.0656721198219,73.05961185164,Semi-Furnished,Apartment,0,0,8,Resale,Ready to Move,,Unknown
Shiv Parvati CHS,21500000,1224,3,2,Vashi,Navi Mumbai,19.0777155057838,73.0027923491613,Furnished,Apartment,0,0,9,Resale,Ready to Move,,Cooperative Group Housing Society
Akshar Estonia,12000000,1098,3,3,Dronagiri,Navi Mumbai,18.8598511200022,72.9380988664184,Semi-Furnished,Apartment,0,43,2,Resale,Ready to Move,,Akshar Group
Siddhivinayak Residency,7500000,693,2,2,Kharghar,Navi Mumbai,19.0656721198219,73.05961185164,Semi-Furnished,Apartment,0,13,8,Resale,Ready to Move,,Siddhivinayak Developers
Sea Wind,25000000,1116,3,3,Kopar Khairane,Navi Mumbai,19.1033695651723,73.0121586680414,Semi-Furnished,Apartment,0,23,10,Resale,Ready to Move,,Nirmal Group
Marathon Nexzone,8000000,432,2,2,Panvel,Navi Mumbai,18.9894007,73.1175162,Unfurnished,Apartment,0,10,10,Resale,Ready to Move,,Marathon Realty Pvt. Ltd.
Marathon Nexzone,8700000,778,2,2,Panvel,Navi Mumbai,18.9894007,73.1175162,Unfurnished,Apartment,0,10,10,Resale,Ready to Move,,Marathon Realty Pvt. Ltd.
Marathon Nexzone,9700000,734,2,2,Panvel,Navi Mumbai,18.9894007,73.1175162,Semi-Furnished,Apartment,0,10,10,Resale,Ready to Move,,Marathon Realty Pvt. Ltd.
Embassy Park Panvel,7750000,932,2,2,Panvel,Navi Mumbai,18.9894007,73.1175162,Unfurnished,Apartment,0,19,10,Resale,Under Construction,,Embassy Group
Marathon Nexzone,8850000,864,2,2,Panvel,Navi Mumbai,18.9894007,73.1175162,Unfurnished,Apartment,0,10,10,Resale,Ready to Move,,Marathon Realty Pvt. Ltd.
Indiabulls Greens Panvel,7600000,,2,2,New Panvel,Navi Mumbai,19.0003258753664,73.1153385297118,Semi-Furnished,Apartment,0,56,5,Resale,Ready to Move,,Indiabulls Greens
Unkown,1500000,252,1,2,Khopoli,Navi Mumbai,18.7980131509559,73.3372686360754,Unfurnished,Apartment,0,0,2,Resale,Ready to Move,,Unknown
Unkown,2800000,432,1,1,Harigram,Navi Mumbai,19.022608,73.148571,Unfurnished,Apartment,0,0,0,Resale,Ready to Move,,Unknown
Unkown,2500000,396,1,1,Khopoli,Navi Mumbai,18.7980131509559,73.3372686360754,Unfurnished,Apartment,0,0,2,Resale,Ready to Move,,Unknown
Grow More Tower,12000000,,,1,Sector 2 Kharghar,Navi Mumbai,19.0279940804728,73.0614051689716,Furnished,Commercial Office Space,0,13,1,Resale,,,Earth Group
Belmac Riverside,3900000,432,1,1,New Panvel,Navi Mumbai,19.0003258753664,73.1153385297118,Unfurnished,Apartment,0,11,5,Resale,Ready to Move,,Supreme Holdings & Hospitality India Ltd.
Punit Park,17500000,972,3,3,Nerul,Navi Mumbai,19.034973,73.02228,Unfurnished,Apartment,0,0,8,Resale,Ready to Move,,Unknown
Saraswati Pride CHS,6400000,688,2,1,Roadpali,Navi Mumbai,19.0385501152056,73.0962748008091,Unfurnished,Apartment,0,0,2,Resale,Ready to Move,,Cooperative Group Housing Society
Mahalaxmi City ,3200000,612,2,2,Panvel,Navi Mumbai,18.9894007,73.1175162,Unfurnished,Apartment,0,0,10,Resale,Ready to Move,,Unknown
Bilad Bloom Field,9000000,742,2,2,Ulwe,Navi Mumbai,18.9750941,73.052334,Semi-Furnished,Apartment,0,0,6,Resale,Ready to Move,,Bilad Builders and Developers
Bhairaav Goldcrest Residency,14000000,836,2,2,Ghansoli,Navi Mumbai,19.1271933235627,72.9966520846173,Unfurnished,Apartment,0,16,9,Resale,Under Construction,,Bhairaav Group
Krishna Angan Complex,3500000,480,1,2,New Panvel,Navi Mumbai,19.0003258753664,73.1153385297118,Unfurnished,Apartment,0,8,5,Resale,Ready to Move,,S.P. Construction
Namaskar CHS,11000000,792,2,2,Airoli,Navi Mumbai,19.1609103453837,72.9933968951486,Unfurnished,Apartment,0,0,10,Resale,Ready to Move,,Cooperative Group Housing Society
Narmada Kunj CHS,5200000,461,2,2,Kharghar,Navi Mumbai,19.0656721198219,73.05961185164,Unfurnished,Apartment,0,0,8,Resale,Ready to Move,,Cooperative Group Housing Society
Swami Samarth CHS,9600000,559,2,1,CBD Belapur,Navi Mumbai,19.0190788324849,73.0384581174593,Furnished,Apartment,0,0,9,Resale,Ready to Move,,Cooperative Group Housing Society
Munot Regency,5700000,509,1,2,Old Panvel,Navi Mumbai,18.9866237154805,73.1078262369691,Unfurnished,Apartment,0,0,4,Resale,Ready to Move,,Madras Housing And Constructions
Riddhi Siddhi Residency,3640000,360,2,2,Ulwe,Navi Mumbai,18.9750941,73.052334,Unfurnished,Apartment,0,12,6,Resale,Under Construction,,Shailesh Enterprises
Satyam Arcade,5500000,418,1,1,Kamothe,Navi Mumbai,19.0174101252323,73.0958540380712,Unfurnished,Apartment,0,0,3,Resale,Ready to Move,,Unknown
Sai Yashvasin,19000000,1050,3,3,Kharghar,Navi Mumbai,19.0656721198219,73.05961185164,Semi-Furnished,Apartment,0,0,8,Resale,Ready to Move,,Unknown
Tulsi Aura,9500000,457,1,2,Ghansoli,Navi Mumbai,19.1271933235627,72.9966520846173,Unfurnished,Apartment,0,20,9,Resale,Ready to Move,,Tulsi Constructions
Patel Paradise,9500000,806,2,2,Sector 35E Kharghar,Navi Mumbai,19.0671965175572,73.0742738353258,Unfurnished,Apartment,0,18,0,Resale,Ready to Move,,Vintage Enterprises
Vishesh Balaji Symphony,6500000,580,2,2,Panvel,Navi Mumbai,18.9894007,73.1175162,Unfurnished,Apartment,0,36,10,Resale,Ready to Move,,Vishesh Group
Empire Residency,7500000,832,2,2,Roadpali,Navi Mumbai,19.0385501152056,73.0962748008091,Unfurnished,Apartment,0,27,2,Resale,Ready to Move,,Empire Developers
Green Palms,16200000,828,2,2,Ghansoli,Navi Mumbai,19.1271933235627,72.9966520846173,Furnished,Apartment,0,15,9,Resale,Ready to Move,,Bhagwati Group
Ajanta Sea Breeze,16500000,829,3,2,Airoli,Navi Mumbai,19.1609103453837,72.9933968951486,Furnished,Apartment,0,5,10,Resale,Ready to Move,,Ajantha Constructions
Unkown,35000000,,,,Vashi,Navi Mumbai,19.0777155057838,73.0027923491613,Unfurnished,Warehouse/ Godown,0,0,9,Resale,Ready to Move,,Unknown
Unkown,6500000,,,,Ulwe,Navi Mumbai,18.9750941,73.052334,Unfurnished,Commercial Shop,0,0,6,Resale,Ready to Move,,Unknown
Unkown,5550000,425,1,1,Kamothe,Navi Mumbai,19.0174101252323,73.0958540380712,Semi-Furnished,Apartment,0,0,3,Resale,Ready to Move,,Unknown
Unkown,2920000,247,1,1,Ghansoli Gaon,Navi Mumbai,19.125352,72.99719,Unfurnished,Apartment,0,0,0,Resale,Ready to Move,,Unknown
Unkown,18000000,,,,Ulwe,Navi Mumbai,18.9750941,73.052334,Unfurnished,Commercial Shop,0,0,6,Resale,Ready to Move,,Unknown
Shreeji Castle,5000000,415,1,1,Sector 17 Ulwe,Navi Mumbai,18.9640564736564,73.0214063070489,Unfurnished,Apartment,0,23,0,Resale,Ready to Move,,Shreeji Group
Unkown,15000000,,,,Airoli,Navi Mumbai,19.1609103453837,72.9933968951486,Unfurnished,Commercial Shop,0,0,10,Resale,Ready to Move,,Unknown
Unkown,3999999,210,,,Sector 8 Ulwe,Navi Mumbai,18.9655600284838,73.0151962459117,Unfurnished,Commercial Shop,0,0,0,Resale,Ready to Move,,Unknown
Sai Plaza,9500000,800,2,2,Ulwe,Navi Mumbai,18.9750941,73.052334,Unfurnished,Apartment,0,10,6,Resale,Ready to Move,,Sai Yash Developers
Moreshwar Heritage,15000000,,2,2,Sector 5 Ulwe,Navi Mumbai,18.9800428925109,73.0248941000616,Unfurnished,Apartment,0,9,0,Resale,Ready to Move,10 Open,NMS Enterprises
Kalpataru Waterfront,4900000,520,1,2,Panvel,Navi Mumbai,18.9894007,73.1175162,Furnished,Apartment,0,22,10,Resale,Ready to Move,,Kalpataru Ltd.
Unkown,4000000,,1,1,Taloja,Navi Mumbai,19.074076996436,73.1181841544665,Unfurnished,Apartment,0,0,6,Resale,Ready to Move,,Unknown
Unkown,9000000,500,2,1,Nerul,Navi Mumbai,19.034973,73.02228,Semi-Furnished,Apartment,0,0,8,Resale,Ready to Move,,Unknown
Unkown,20000000,,,,Sanpada,Navi Mumbai,19.0583094914648,73.0164374121942,Furnished,Commercial Shop,0,0,9,Resale,Ready to Move,,Unknown
Unkown,5900000,,1,1,Khanda Colony,Navi Mumbai,19.0060589882185,73.1090163976725,Furnished,Apartment,0,0,3,Resale,Ready to Move,,Unknown
Arihant Anshula,3300000,420,1,2,Taloja,Navi Mumbai,19.074076996436,73.1181841544665,Semi-Furnished,Apartment,0,19,6,Resale,Ready to Move,,Arihant Superstructures Ltd.
Lodha Crown Taloja,3200000,,1,1,Taloja,Navi Mumbai,19.074076996436,73.1181841544665,Semi-Furnished,Apartment,0,6,6,Resale,Ready to Move,,Lodha Developers Limited
Maithili The Trellis,42500000,,4,4,Kopar Khairane,Navi Mumbai,19.1033695651723,73.0121586680414,Unfurnished,Apartment,0,13,10,Resale,Under Construction,,Maithili Group
Platinum Escaso,13500000,410,,,Ulwe,Navi Mumbai,18.9750941,73.052334,Semi-Furnished,Commercial Shop,0,21,6,Resale,Ready to Move,,Platinum Group
Neeljeet Ekadanta,4500000,588,2,2,Taloja,Navi Mumbai,19.074076996436,73.1181841544665,Unfurnished,Apartment,0,0,6,Resale,Ready to Move,,Dweepmala Developers
Unkown,19000000,503,,1,Vashi,Navi Mumbai,19.0777155057838,73.0027923491613,Furnished,Commercial Office Space,0,0,9,Resale,Ready to Move,,Unknown
Riddhi Siddhi Apartment,4354000,406,1,2,Ulwe,Navi Mumbai,18.9750941,73.052334,Unfurnished,Apartment,0,9,6,Resale,Ready to Move,,Bhagwati Group
Unkown,1700000,636,2,2,Shilphata,Navi Mumbai,19.1458005253221,73.0395101733678,Unfurnished,Apartment,0,0,3,Resale,Ready to Move,50 Covered,Unknown
Gavdevi Garden,1599000,,1,1,Taloja,Navi Mumbai,19.074076996436,73.1181841544665,Unfurnished,Apartment,0,0,6,Resale,Ready to Move,,Gavdevi Construction
Unkown,6000000,,1,1,CBD Belapur,Navi Mumbai,19.0190788324849,73.0384581174593,Unfurnished,Apartment,0,0,9,Resale,Ready to Move,,Unknown
Unkown,2800000,,1,1,,Navi Mumbai,,,Semi-Furnished,Apartment,0,0,0,Resale,Ready to Move,,Unknown
Unkown,37000000,1300,,3,Sector 19 Vashi,Navi Mumbai,19.07608133,73.00884276,Furnished,Commercial Office Space,0,0,1,Resale,Ready to Move,3 Covered,Unknown
Green Acres,4800000,750,2,2,Panvel,Navi Mumbai,18.9894007,73.1175162,Unfurnished,Apartment,0,8,10,Resale,Ready to Move,,Namo Properties
Wadhwa Wise City,11000000,,,,Panvel,Navi Mumbai,18.9894007,73.1175162,,Residential Plot,0,15,10,Resale,,,The Wadhwa Group
Mangal Murti Complex,16000000,566,,,Khanda Colony,Navi Mumbai,19.0060589882185,73.1090163976725,Unfurnished,Commercial Shop,0,0,3,Resale,Ready to Move,,Unknown
Neelkanth Luxuria,3861500,,1,2,Taloja,Navi Mumbai,19.074076996436,73.1181841544665,Unfurnished,Apartment,0,28,6,New Property,Under Construction,,Neelkanth Group
Neelkanth Luxuria,3850000,,1,2,Taloja,Navi Mumbai,19.074076996436,73.1181841544665,Unfurnished,Apartment,0,28,6,New Property,Under Construction,,Neelkanth Group
Neelkanth Luxuria,3850000,,1,2,Taloja,Navi Mumbai,19.074076996436,73.1181841544665,Unfurnished,Apartment,0,28,6,New Property,Under Construction,,Neelkanth Group
Swastik Residency,5300000,518,1,1,Ulwe,Navi Mumbai,18.9750941,73.052334,Unfurnished,Apartment,0,3,6,Resale,Ready to Move,,RV Group
Progressive Grande,10000000,,2,2,Ulwe,Navi Mumbai,18.9750941,73.052334,Unfurnished,Apartment,0,2,6,Resale,Ready to Move,,Progressive Group
Progressive Grande,10000000,,2,2,Ulwe,Navi Mumbai,18.9750941,73.052334,Semi-Furnished,Apartment,0,2,6,New Property,Ready to Move,,Progressive Group
Progressive Grande,9880000,,2,2,Ulwe,Navi Mumbai,18.9750941,73.052334,Unfurnished,Apartment,0,2,6,New Property,Under Construction,,Progressive Group
Anant Heights,6300000,778,2,2,Taloja,Navi Mumbai,19.074076996436,73.1181841544665,Unfurnished,Apartment,0,9,6,Resale,Ready to Move,,Harmony Enterprises
Anant Heights,6969696,749,2,2,Taloja,Navi Mumbai,19.074076996436,73.1181841544665,Unfurnished,Apartment,0,9,6,Resale,Ready to Move,,Harmony Enterprises
Anant Heights,7000000,749,2,2,Taloja,Navi Mumbai,19.074076996436,73.1181841544665,Unfurnished,Apartment,0,9,6,Resale,Ready to Move,,Harmony Enterprises
Anant Heights,3700000,475,1,1,Taloja,Navi Mumbai,19.074076996436,73.1181841544665,Unfurnished,Apartment,0,9,6,Resale,Ready to Move,,Harmony Enterprises
Commanders Renaissance,5500000,568,2,1,New Panvel,Navi Mumbai,19.0003258753664,73.1153385297118,Furnished,Apartment,0,22,5,Resale,Ready to Move,,Jupiter Infrastructures
Sai Vihar,4500000,432,1,1,New Panvel,Navi Mumbai,19.0003258753664,73.1153385297118,Unfurnished,Apartment,0,20,5,Resale,Ready to Move,,Raj infra developers
Uma Paradise,3900000,487,1,1,Taloja,Navi Mumbai,19.074076996436,73.1181841544665,Unfurnished,Apartment,0,11,6,Resale,Ready to Move,,Shree Raj Group
Parvati Castle,7000000,824,2,2,Taloja,Navi Mumbai,19.074076996436,73.1181841544665,Unfurnished,Apartment,0,10,6,Resale,Ready to Move,,R D Builder
Sai Prasad,4500000,468,1,1,Sector 34C Kharghar,Navi Mumbai,19.0726002,73.0763134,Semi-Furnished,Apartment,0,13,1,Resale,Under Construction,,Lord Balaji
Om Shivam Residency,6200000,356,1,1,Kamothe,Navi Mumbai,19.0174101252323,73.0958540380712,Unfurnished,Apartment,0,7,3,Resale,Ready to Move,,Om Shivam Constructions
Shreeram Arcade,8500000,750,2,2,Kamothe,Navi Mumbai,19.0174101252323,73.0958540380712,Semi-Furnished,Apartment,0,10,3,Resale,Ready to Move,,Sierra Homes
Arjun,8500000,726,2,2,Kamothe,Navi Mumbai,19.0174101252323,73.0958540380712,Semi-Furnished,Apartment,0,11,3,Resale,Ready to Move,,Om Shivam Builders Pvt. Ltd.
Arjun,8000000,725,2,2,Kamothe,Navi Mumbai,19.0174101252323,73.0958540380712,Semi-Furnished,Apartment,0,11,3,Resale,Ready to Move,,Om Shivam Builders Pvt. Ltd.
Eternia Greenscapes,5800000,497,1,2,Roadpali,Navi Mumbai,19.0385501152056,73.0962748008091,Unfurnished,Apartment,0,17,2,Resale,Under Construction,,Greenscape Developers Pvt. Ltd.
Siddhivinayak Garima,3500000,472,1,1,Taloja,Navi Mumbai,19.074076996436,73.1181841544665,Semi-Furnished,Apartment,0,19,6,Resale,Ready to Move,,SiddhiVinayak Homes
Dweepmala Baline Royale,4000000,468,1,1,Taloja,Navi Mumbai,19.074076996436,73.1181841544665,Unfurnished,Apartment,0,30,6,Resale,Ready to Move,,Dweepmala Developers
Dweepmala Baline Royale,4700000,461,1,1,Taloja,Navi Mumbai,19.074076996436,73.1181841544665,Semi-Furnished,Apartment,0,30,6,Resale,Ready to Move,,Dweepmala Developers
Dweepmala Baline Royale,5100000,443,1,2,Taloja,Navi Mumbai,19.074076996436,73.1181841544665,Semi-Furnished,Apartment,0,30,6,Resale,Ready to Move,,Dweepmala Developers
Goodwill Pride,6200000,482,1,2,New Panvel,Navi Mumbai,19.0003258753664,73.1153385297118,Unfurnished,Apartment,0,6,5,Resale,Ready to Move,,Goodwill Developers
Sai Angan,9000000,832,2,2,Ulwe,Navi Mumbai,18.9750941,73.052334,Unfurnished,Apartment,0,3,6,Resale,Ready to Move,,Shivalay Group
Balaji Garden,5000000,1152,2,2,Rasayani,Navi Mumbai,18.8956516083249,73.1761766681785,Unfurnished,Apartment,0,5,4,Resale,Ready to Move,,Emkayen Group
Balaji Garden,5000000,684,2,2,Rasayani,Navi Mumbai,18.8956516083249,73.1761766681785,Unfurnished,Apartment,0,5,4,Resale,Ready to Move,,Emkayen Group
Trimurti Residency,7700000,1030,2,2,Ulwe,Navi Mumbai,18.9750941,73.052334,Semi-Furnished,Apartment,0,9,6,Resale,Ready to Move,,Trimurti Construction
Shri Manoshi Complex,12500000,936,2,2,Ghansoli,Navi Mumbai,19.1271933235627,72.9966520846173,Unfurnished,Apartment,0,9,9,Resale,Ready to Move,,Krishna Developers
Dharti Apartment,7700000,684,2,2,Kharghar,Navi Mumbai,19.0656721198219,73.05961185164,Unfurnished,Apartment,0,0,8,Resale,Ready to Move,,Unknown
Pratik Gems,14000000,941,3,3,Kamothe,Navi Mumbai,19.0174101252323,73.0958540380712,Unfurnished,Apartment,0,18,3,Resale,Ready to Move,,Pratik Group Of Companies
Krishna Heights,10500000,817,2,2,Ghansoli,Navi Mumbai,19.1271933235627,72.9966520846173,Semi-Furnished,Apartment,0,9,9,Resale,Ready to Move,,Krishna Developers
Platinum The Springs,11000000,958,2,2,Roadpali,Navi Mumbai,19.0385501152056,73.0962748008091,Unfurnished,Apartment,0,31,2,Resale,Ready to Move,,Platinum Group Builders
Unkown,10000000,1228,3,3,Panvel,Navi Mumbai,18.9894007,73.1175162,Unfurnished,Apartment,0,0,10,Resale,Ready to Move,,Unknown
Suyash Park,10500000,770,2,2,Ulwe,Navi Mumbai,18.9750941,73.052334,Furnished,Apartment,0,19,6,Resale,Ready to Move,,Rupa Enterprises Pvt. Ltd.
Radhey Residency 2,4900000,637,2,2,New Panvel,Navi Mumbai,19.0003258753664,73.1153385297118,Semi-Furnished,Apartment,0,22,5,Resale,Ready to Move,,Radhey Properties Builders
Future Darshan,4200000,464,1,2,Karanjade,Navi Mumbai,18.974265373985,73.1099196329075,Unfurnished,Apartment,0,19,2,Resale,Ready to Move,,Dream maker Developer
Chamunda Heights,15000000,821,2,2,Ghansoli,Navi Mumbai,19.1271933235627,72.9966520846173,Unfurnished,Apartment,0,26,9,Resale,Ready to Move,,Chamunda Infrastructure Pvt. Ltd.
BKS Galaxy,9000000,821,2,3,Kharghar,Navi Mumbai,19.0656721198219,73.05961185164,Furnished,Apartment,0,10,8,Resale,Ready to Move,,BKS GALAXY REALTORS
Anmol Planet,10200000,778,2,2,Kharghar,Navi Mumbai,19.0656721198219,73.05961185164,Unfurnished,Apartment,0,12,8,Resale,Ready to Move,,Anmol Developers
Galaxy Green Woods Apartment,18500000,1260,3,3,Kharghar,Navi Mumbai,19.0656721198219,73.05961185164,Unfurnished,Apartment,0,22,8,Resale,Ready to Move,,Galaxy Group Proviso Group and Rakhi Sai Realty
Shantiniketan,10000000,634,2,2,Kharghar,Navi Mumbai,19.0656721198219,73.05961185164,Semi-Furnished,Apartment,0,0,8,Resale,Ready to Move,,Haware Properties
Dynamic Enclave,7300000,,1,1,Kamothe,Navi Mumbai,19.0174101252323,73.0958540380712,Semi-Furnished,Apartment,0,8,3,Resale,Ready to Move,,Dynamic Developers
Neel Siddhi Amrante,7000000,470,1,1,Kalamboli,Navi Mumbai,19.0311212885643,73.1052711758489,Furnished,Apartment,0,26,5,Resale,Ready to Move,,Neelsiddhi Developers
Ishwar Iris,15500000,875,2,2,Seawoods,Navi Mumbai,19.0134923674099,73.0176711021806,Semi-Furnished,Apartment,0,9,7,Resale,Ready to Move,,Ishwar Group Builders And Developers
Proviso Sai Proviso Sapphire,4750000,,1,2,Roadpali,Navi Mumbai,19.0385501152056,73.0962748008091,Unfurnished,Apartment,0,8,2,New Property,Under Construction,,Proviso Group
Vihan Sunshine Heights,7800000,324,1,1,Ghansoli,Navi Mumbai,19.1271933235627,72.9966520846173,Unfurnished,Apartment,0,0,9,Resale,Ready to Move,,Unknown
Swapnapurti CHS,4000000,432,1,2,Sector 36 Kharghar,Navi Mumbai,19.0719499906313,73.080639190968,Unfurnished,Apartment,0,51,0,Resale,Ready to Move,,Cooperative Group Housing Society
The Signature,35000000,,3,3,Seawoods,Navi Mumbai,19.0134923674099,73.0176711021806,Unfurnished,Apartment,0,24,7,Resale,Ready to Move,,Shree Sawan Buildcon
Radheshyam CHS,7300000,396,1,2,Ghansoli,Navi Mumbai,19.1271933235627,72.9966520846173,Semi-Furnished,Apartment,0,0,9,Resale,Ready to Move,,Cooperative Group Housing Society
Aditya Heights,7500000,756,2,2,Kamothe,Navi Mumbai,19.0174101252323,73.0958540380712,Semi-Furnished,Apartment,0,0,3,Resale,Ready to Move,,Unknown
Marina,25500000,1076,3,3,Kopar Khairane,Navi Mumbai,19.1033695651723,73.0121586680414,Furnished,Apartment,0,20,10,Resale,Ready to Move,,Pranjee Group
Shelter Empire,11500000,850,2,2,Kharghar,Navi Mumbai,19.0656721198219,73.05961185164,Unfurnished,Apartment,0,13,8,Resale,Ready to Move,,Shelter Builders & Developers
Ganesh Plaza,8500000,824,2,2,New Panvel,Navi Mumbai,19.0003258753664,73.1153385297118,Unfurnished,Apartment,0,3,5,Resale,Ready to Move,,Ansh Group
Emerald Bay,85000000,,4,4,Nerul,Navi Mumbai,19.034973,73.02228,Unfurnished,Apartment,0,0,8,Resale,Ready to Move,,Maithili Group
Clan City,7500000,756,2,2,Kharghar,Navi Mumbai,19.0656721198219,73.05961185164,Unfurnished,Apartment,0,26,8,Resale,Under Construction,,SUPREME CONSTRUCTION and DEVELOPERS PVT. LTD.
AMI Planet Mercury,4350000,450,1,1,Ulwe,Navi Mumbai,18.9750941,73.052334,Unfurnished,Apartment,0,10,6,Resale,Ready to Move,,Ami Housing & Developers Pvt. Ltd.
Today Royal Elisium,3820000,443,1,1,Karanjade,Navi Mumbai,18.974265373985,73.1099196329075,Unfurnished,Apartment,0,18,2,Resale,Ready to Move,,Today Royal Group & KD Corp
Arihant Amisha,2850000,,1,1,Taloja Panchanand,Navi Mumbai,19.0786912120664,73.0924195199983,Unfurnished,Apartment,0,25,0,Resale,Ready to Move,,Arihant Group
Prabhu Simran,15000000,700,2,2,Kharghar,Navi Mumbai,19.0656721198219,73.05961185164,Semi-Furnished,Apartment,0,0,8,Resale,Ready to Move,,Unknown
Sai Mannat,45000000,,4,4,Kharghar,Navi Mumbai,19.0656721198219,73.05961185164,Furnished,Apartment,0,18,8,Resale,Ready to Move,2 Covered,Paradise Group
Ocean Villa,3500000,432,1,1,Dronagiri,Navi Mumbai,18.8598511200022,72.9380988664184,Unfurnished,Apartment,0,0,2,Resale,Ready to Move,,Unknown
Nandkutir CHS,30000000,1050,4,4,Kopar Khairane,Navi Mumbai,19.1033695651723,73.0121586680414,Semi-Furnished,Apartment,0,0,10,Resale,Ready to Move,,Cooperative Group Housing Society
Guru Kripa,8500000,,1,1,Ulwe,Navi Mumbai,18.9750941,73.052334,Unfurnished,Apartment,0,5,6,Resale,Ready to Move,,Guru Kripa Developer
Today Royal Belantara,4000000,,2,2,Panvel,Navi Mumbai,18.9894007,73.1175162,Unfurnished,Apartment,0,29,10,Resale,Ready to Move,1 Open,Today Royal Group & KD Corp
Shraddha Suman CHS,4500000,,,,Sector 20 Airoli,Navi Mumbai,19.1651597988784,72.9905366741832,Furnished,Commercial Shop,0,0,0,Resale,Ready to Move,,Cooperative Group Housing Society
Unkown,42600000,1600,3,3,,Navi Mumbai,,,Semi-Furnished,Villa,0,0,0,Resale,Ready to Move,,Unknown
Sai Shanti Park,3000000,478,2,2,Taloja,Navi Mumbai,19.074076996436,73.1181841544665,Unfurnished,Apartment,0,47,6,Resale,Ready to Move,,Marvel Developers
Mangal Sadan,4000000,150,,,Ulwe,Navi Mumbai,18.9750941,73.052334,Unfurnished,Commercial Shop,0,0,6,Resale,Ready to Move,,Unknown
Unkown,6500000,,1,1,Airoli,Navi Mumbai,19.1609103453837,72.9933968951486,Semi-Furnished,Builder Floor Apartment,0,0,10,Resale,Ready to Move,,Unknown
Unkown,4500000,320,1,1,Taloja Panchanand,Navi Mumbai,19.0786912120664,73.0924195199983,Unfurnished,Apartment,0,0,0,Resale,Ready to Move,,Unknown
Unkown,29500000,,3,3,Kharghar,Navi Mumbai,19.0656721198219,73.05961185164,Semi-Furnished,Apartment,0,0,8,Resale,Ready to Move,,Unknown
Gami Amar Harmony,8500000,790,2,2,Phase 1 Taloja,Navi Mumbai,19.0775674635419,73.0913385991051,Furnished,Apartment,0,32,1,Resale,Ready to Move,,Gami Group
Silver Park,3200000,480,1,2,Taloja,Navi Mumbai,19.074076996436,73.1181841544665,Unfurnished,Apartment,0,7,6,Resale,Ready to Move,,Hari Om Group
Shantivan,16000000,900,2,2,Kharghar,Navi Mumbai,19.0656721198219,73.05961185164,Unfurnished,Apartment,0,0,8,Resale,Ready to Move,,Haware Properties
Unkown,13500000,650,2,2,,Navi Mumbai,,,Furnished,Apartment,0,0,0,Resale,Ready to Move,,Unknown
Akshar Business Park,19000000,503,,,Turbhe,Navi Mumbai,19.076032619951,73.0221446052293,Furnished,Commercial Office Space,0,32,5,Resale,Ready to Move,,Akshar Developers
Unkown,13500000,,2,2,Airoli,Navi Mumbai,19.1609103453837,72.9933968951486,Furnished,Apartment,0,0,10,Resale,Ready to Move,1 Covered,Unknown
Arihant Anaika,6500000,950,2,2,Phase 2 Taloja,Navi Mumbai,19.0724911057852,73.0995037912802,Furnished,Apartment,0,20,0,Resale,Ready to Move,,Arihant Superstructures Ltd
Godrej Woods,12000000,,2,2,Panvel,Navi Mumbai,18.9894007,73.1175162,Semi-Furnished,Apartment,0,14,10,Resale,Ready to Move,,Godrej Properties
Unkown,5000000,,1,1,Taloja,Navi Mumbai,19.074076996436,73.1181841544665,Unfurnished,Apartment,0,0,6,Resale,Ready to Move,,Unknown
Arihant Anant,4000000,350,1,1,Ghot,Navi Mumbai,19.0866662303889,73.1139743468294,Unfurnished,Apartment,0,4,0,Resale,Ready to Move,,Arihant Superstructures Ltd.
Konnark River City,4850000,,2,2,Panvel,Navi Mumbai,18.9894007,73.1175162,Unfurnished,Apartment,0,26,10,New Property,Ready to Move,1 Covered,Konnark Township Pvt Ltd
Micron Residency,5000000,,1,1,Ulwe,Navi Mumbai,18.9750941,73.052334,Unfurnished,Apartment,0,18,6,Resale,Ready to Move,,Micron Infra
N S View,6500000,950,2,2,Taloja,Navi Mumbai,19.074076996436,73.1181841544665,Unfurnished,Apartment,0,10,6,Resale,Ready to Move,,N.S Builders And Developers
Chaurang,40000000,1000,3,3,Sector 16 Sanpada,Navi Mumbai,19.05971896,73.00448809,Semi-Furnished,Apartment,0,0,0,Resale,Ready to Move,,Metro Group
Unkown,3450000,405,1,2,Dhansar,Navi Mumbai,19.10568339,73.07531545,Furnished,Apartment,0,0,0,Resale,Ready to Move,,Unknown
Prayag Galaxy,4500000,500,1,1,New Panvel,Navi Mumbai,19.0003258753664,73.1153385297118,Unfurnished,Apartment,0,21,5,New Property,Ready to Move,,Prayag Builders
Unkown,3500000,420,1,,Ghansoli,Navi Mumbai,19.1271933235627,72.9966520846173,Semi-Furnished,Apartment,0,0,9,Resale,Ready to Move,,Unknown
Mahaavir Darpan,20000000,,2,1,Sector 27 Nerul,Navi Mumbai,19.02015113,73.02591762,Semi-Furnished,Apartment,0,30,0,Resale,Ready to Move,1 Covered,Mahaavir Universal Homes Pvt. Ltd.
Space Prakriti Sparsh,4500000,,2,2,New Panvel,Navi Mumbai,19.0003258753664,73.1153385297118,Unfurnished,Apartment,0,24,5,Resale,Ready to Move,,Space India
Indiabulls Greens Panvel,5000000,,1,1,Panvel,Navi Mumbai,18.9894007,73.1175162,Unfurnished,Apartment,0,56,10,Resale,Ready to Move,,Indiabulls Greens
Umiya Darshan CHS ,13500000,790,2,2,Seawoods,Navi Mumbai,19.0134923674099,73.0176711021806,Semi-Furnished,Apartment,0,0,7,Resale,Ready to Move,1 Covered,Cooperative Group Housing Society
Wadhwa Wise City,8900000,606,2,2,Palaspe Phata,Navi Mumbai,18.96872083,73.12948074,Unfurnished,Apartment,0,15,1,Resale,Ready to Move,,The Wadhwa Group
Wadhwa Wise City,3900000,390,1,2,New Panvel,Navi Mumbai,19.0003258753664,73.1153385297118,Semi-Furnished,Apartment,0,15,5,Resale,Ready to Move,,The Wadhwa Group
Unkown,15000000,,2,2,Bharti Vidyapeeth Utsav Chowk Road,Navi Mumbai,19.03242213,73.05909901,Semi-Furnished,Apartment,0,0,0,Resale,Ready to Move,,Unknown
Krishna Vandana CHS,8500000,743,3,2,Vichumbe,Navi Mumbai,18.9873582922948,73.1362091846528,Semi-Furnished,Apartment,0,0,0,Resale,Ready to Move,,Cooperative Group Housing Society
Mayureshwar CHS,5700000,550,1,1,Khanda Colony,Navi Mumbai,19.0060589882185,73.1090163976725,Unfurnished,Apartment,0,0,3,Resale,Ready to Move,,Unknown
Sunrise Arcade,3500000,230,,,Kopar Khairane,Navi Mumbai,19.1033695651723,73.0121586680414,Unfurnished,Commercial Office Space,0,0,10,Resale,Ready to Move,1 Open,Unknown
Sai Proviso Icon,6900000,425,1,1,Roadpali,Navi Mumbai,19.0385501152056,73.0962748008091,Semi-Furnished,Apartment,0,13,2,Resale,Ready to Move,,Proviso Group
Ashoka Residency,17000000,792,2,2,Kharghar,Navi Mumbai,19.0656721198219,73.05961185164,Semi-Furnished,Apartment,0,15,8,Resale,Ready to Move,1 Covered,Ashoka Builders
Oriental Heights,21000000,,2,2,Seawoods,Navi Mumbai,19.0134923674099,73.0176711021806,Unfurnished,Apartment,0,0,7,Resale,Ready to Move,,Unknown
Unkown,7500000,450,1,2,Kharghar,Navi Mumbai,19.0656721198219,73.05961185164,Semi-Furnished,Apartment,0,0,8,Resale,Ready to Move,,Unknown
Today Global Anandam,19000000,1050,3,3,Kharghar,Navi Mumbai,19.0656721198219,73.05961185164,Unfurnished,Apartment,0,1,8,Resale,Ready to Move,,Today Global Builders & Developers
Tricity Avenue,12000000,630,2,2,Ulwe,Navi Mumbai,18.9750941,73.052334,Semi-Furnished,Apartment,0,13,6,Resale,Ready to Move,,Tricity Reality Pvt. Ltd.
Ravariya Complex,2700000,260,1,1,Taloja,Navi Mumbai,19.074076996436,73.1181841544665,Unfurnished,Apartment,0,12,6,Resale,Ready to Move,,Sai Enterprises
Unkown,4200000,310,1,1,Ulwe,Navi Mumbai,18.9750941,73.052334,Unfurnished,Builder Floor Apartment,0,0,6,Resale,Ready to Move,,Unknown
Platinum Experio,7200000,380,1,2,Roadpali,Navi Mumbai,19.0385501152056,73.0962748008091,Unfurnished,Apartment,0,7,2,Resale,Ready to Move,,Platinum Group
Unkown,4000000,,1,1,Taloja,Navi Mumbai,19.074076996436,73.1181841544665,Unfurnished,Apartment,0,0,6,Resale,Ready to Move,,Unknown
Unkown,12000000,,3,3,Kamothe,Navi Mumbai,19.0174101252323,73.0958540380712,Semi-Furnished,Apartment,0,0,3,Resale,Ready to Move,,Unknown
Valley Shilp,12500000,,2,2,Sector 36 Kamothe,Navi Mumbai,19.0248120846853,73.0906842633753,Semi-Furnished,Apartment,0,7,1,Resale,Ready to Move,,Cidco
Space Palace,6800000,,,,Ulwe,Navi Mumbai,18.9750941,73.052334,Semi-Furnished,Commercial Shop,0,0,6,Resale,Ready to Move,,Unknown
Mahalaxmi City ,3800000,742,2,2,Panvel,Navi Mumbai,18.9894007,73.1175162,Unfurnished,Apartment,0,0,10,Resale,Ready to Move,,Unknown
Unkown,500000,,,,Dronagiri,Navi Mumbai,18.8598511200022,72.9380988664184,,Commercial Land,0,0,2,Resale,,,Unknown
Unkown,8600000,400,1,2,Sector 16 Airoli,Navi Mumbai,19.1500404042937,72.9941626381045,Semi-Furnished,Residential House,0,0,0,Resale,Ready to Move,,Unknown
Bhairavi CHS,3400000,280,1,1,Dronagiri,Navi Mumbai,18.8598511200022,72.9380988664184,Furnished,Apartment,0,0,2,Resale,Ready to Move,,Unknown
Galaxy Aura,44100000,1340,3,3,Nerul,Navi Mumbai,19.034973,73.02228,Unfurnished,Apartment,0,4,8,Resale,Ready to Move,1 Covered,Galaxy Group
Arihant Anaika Phase II,6500000,750,2,2,Taloja,Navi Mumbai,19.074076996436,73.1181841544665,Furnished,Apartment,0,0,6,Resale,Ready to Move,,Unknown
Unkown,6000000,655,2,2,Panvel,Navi Mumbai,18.9894007,73.1175162,Furnished,Apartment,0,0,10,Resale,Ready to Move,,Unknown
Unkown,7900000,897,2,2,Panvel,Navi Mumbai,18.9894007,73.1175162,Semi-Furnished,Apartment,0,0,10,Resale,Ready to Move,,Unknown
Unkown,4000000,720,2,2,Khopoli,Navi Mumbai,18.7980131509559,73.3372686360754,Unfurnished,Apartment,0,0,2,Resale,Ready to Move,,Unknown
Unkown,4200000,493,1,1,Karanjade,Navi Mumbai,18.974265373985,73.1099196329075,Semi-Furnished,Apartment,0,0,2,Resale,Ready to Move,,Unknown
Unkown,4650000,569,2,2,Koproli,Navi Mumbai,19.0131290143443,73.1595960702193,Semi-Furnished,Apartment,0,0,0,Resale,Ready to Move,,Unknown
Unkown,2500000,403,1,1,Shirdhon,Navi Mumbai,18.9332897846845,73.1361847980623,Unfurnished,Apartment,0,0,0,Resale,Ready to Move,,Unknown
Unkown,5400000,504,1,1,Taloja Panchanand,Navi Mumbai,19.0786912120664,73.0924195199983,Semi-Furnished,Apartment,0,0,0,Resale,Ready to Move,,Unknown
Unkown,6000000,531,1,1,Taloja Panchanand,Navi Mumbai,19.0786912120664,73.0924195199983,Unfurnished,Apartment,0,0,0,Resale,Ready to Move,,Unknown
Unkown,3600000,475,1,1,,Navi Mumbai,,,Furnished,Apartment,0,0,0,Resale,Ready to Move,,Unknown
Unkown,2700000,576,2,2,Khopoli,Navi Mumbai,18.7980131509559,73.3372686360754,Unfurnished,Apartment,0,0,2,Resale,Ready to Move,,Unknown
Unkown,2300000,447,1,1,Khopoli,Navi Mumbai,18.7980131509559,73.3372686360754,Unfurnished,Apartment,0,0,2,Resale,Ready to Move,,Unknown
Unkown,2700000,418,1,2,Khopoli,Navi Mumbai,18.7980131509559,73.3372686360754,Unfurnished,Apartment,0,0,2,Resale,Ready to Move,,Unknown
Unkown,2550000,403,1,1,Khopoli,Navi Mumbai,18.7980131509559,73.3372686360754,Unfurnished,Apartment,0,0,2,Resale,Ready to Move,,Unknown
Unkown,7600000,540,2,2,,Navi Mumbai,,,Unfurnished,Apartment,0,0,0,Resale,Ready to Move,,Unknown
Unkown,4500000,468,1,1,Ulwe,Navi Mumbai,18.9750941,73.052334,Unfurnished,Apartment,0,0,6,Resale,Ready to Move,,Unknown
Wadhwa Palm Beach Residency,62500000,944,3,2,Nerul West,Navi Mumbai,19.0367731328415,73.0148297211474,Semi-Furnished,Apartment,0,19,2,Resale,Ready to Move,1 Covered,The Wadhwa Group
Neelkanth Vishwa,4900000,,1,1,New Panvel,Navi Mumbai,19.0003258753664,73.1153385297118,Semi-Furnished,Apartment,0,5,5,Resale,Ready to Move,,Bhagchand C. Khubchandani
Hari Heritage,12000000,,2,2,Kamothe,Navi Mumbai,19.0174101252323,73.0958540380712,Unfurnished,Apartment,0,8,3,Resale,Ready to Move,1 Open,Shanti Enterprises
Neelkanth Heights,5200000,461,1,1,Roadpali,Navi Mumbai,19.0385501152056,73.0962748008091,Unfurnished,Apartment,0,10,2,Resale,Ready to Move,,PATEL GROUP & CO.
Shagun Residency,8000000,432,2,2,Kalamboli,Navi Mumbai,19.0311212885643,73.1052711758489,Semi-Furnished,Apartment,0,17,5,Resale,Ready to Move,,Shree Shagun Developers
Gurudev Tower,6500000,491,1,1,Ulwe,Navi Mumbai,18.9750941,73.052334,Semi-Furnished,Apartment,0,0,6,Resale,Ready to Move,,Platinum Constructions
Siddhivinayak Heights,8500000,810,2,2,Roadpali,Navi Mumbai,19.0385501152056,73.0962748008091,Unfurnished,Apartment,0,6,2,Resale,Ready to Move,,Bathija Developers
K D Kalash,4500000,450,1,2,Karanjade,Navi Mumbai,18.974265373985,73.1099196329075,Unfurnished,Apartment,0,14,2,Resale,Ready to Move,,Satpanth Group
Vishal Residency,6500000,511,1,2,Ulwe,Navi Mumbai,18.9750941,73.052334,Unfurnished,Apartment,0,30,6,Resale,Ready to Move,,Vishal Sales Corporation
Vishal Residency,6000000,511,1,1,Ulwe,Navi Mumbai,18.9750941,73.052334,Unfurnished,Apartment,0,30,6,Resale,Ready to Move,,Vishal Sales Corporation
Paradise Sai World City,14500000,1019,2,2,Panvel,Navi Mumbai,18.9894007,73.1175162,Semi-Furnished,Apartment,0,38,10,Resale,Ready to Move,,Paradise Group
Paradise Sai World City,13500000,504,2,3,Panvel,Navi Mumbai,18.9894007,73.1175162,Semi-Furnished,Apartment,0,38,10,Resale,Ready to Move,,Paradise Group
Akshar Rivergate,3500000,569,2,2,Rasayani,Navi Mumbai,18.8956516083249,73.1761766681785,Unfurnished,Apartment,0,32,4,Resale,Under Construction,,Akshar Developers
Today Royal Belantara,4200000,605,2,2,Rasayani,Navi Mumbai,18.8956516083249,73.1761766681785,Furnished,Apartment,0,0,4,Resale,Ready to Move,,Unknown
Today Royal Belantara,3250000,508,2,2,Rasayani,Navi Mumbai,18.8956516083249,73.1761766681785,Unfurnished,Apartment,0,0,4,Resale,Ready to Move,,Unknown
Suyash Apartment,8500000,756,2,2,Ulwe,Navi Mumbai,18.9750941,73.052334,Unfurnished,Apartment,0,15,6,Resale,Ready to Move,,Sejal Group
Priya Arcade,2600000,454,1,2,Panvel,Navi Mumbai,18.9894007,73.1175162,Semi-Furnished,Apartment,0,13,10,Resale,Ready to Move,,Bhomi Developers
Balaji Amrit,5500000,468,1,1,Ulwe,Navi Mumbai,18.9750941,73.052334,Semi-Furnished,Apartment,0,8,6,Resale,Ready to Move,,Balaji World
Premier Residency,3650000,468,1,1,Taloja Panchanand,Navi Mumbai,19.0786912120664,73.0924195199983,Unfurnished,Apartment,0,13,0,Resale,Ready to Move,,Red Brick Corporation
Premier Residency,7000000,540,2,2,Taloja Panchanand,Navi Mumbai,19.0786912120664,73.0924195199983,Semi-Furnished,Apartment,0,13,0,Resale,Ready to Move,,Red Brick Corporation
Premier Residency,3825000,468,1,1,Taloja Panchanand,Navi Mumbai,19.0786912120664,73.0924195199983,Unfurnished,Apartment,0,13,0,Resale,Ready to Move,,Red Brick Corporation
Galaxy Nebula,19000000,720,2,2,Kharghar,Navi Mumbai,19.0656721198219,73.05961185164,Furnished,Apartment,0,4,8,Resale,Ready to Move,,BKS GALAXY REALTORS
Jewel Ekvira,13500000,817,2,2,Sector 10 Kharghar,Navi Mumbai,19.0347856231581,73.0754657441173,Furnished,Apartment,0,31,0,Resale,Ready to Move,,JEWEL BUILDERS AND INFRAPROJECTS LTD
Shah Royale,9500000,338,1,1,Kharghar,Navi Mumbai,19.0656721198219,73.05961185164,Semi-Furnished,Apartment,0,25,8,Resale,Ready to Move,,Shah Group
MK Vakratunda,3650000,446,1,1,Kharghar,Navi Mumbai,19.0656721198219,73.05961185164,Unfurnished,Apartment,0,8,8,Resale,Ready to Move,,Shree Hari Groups
Ashtavinayak Phase I,4400000,684,2,2,Panvel,Navi Mumbai,18.9894007,73.1175162,Unfurnished,Apartment,0,7,10,Resale,Ready to Move,,Karnala Infrastructure Projects Pvt. Ltd.
Omkar Puram,2700000,291,1,1,Panvel,Navi Mumbai,18.9894007,73.1175162,Unfurnished,Apartment,0,10,10,Resale,Ready to Move,,Omkar Krupa Builders and Developers
Omkar Puram,3100000,457,1,1,Panvel,Navi Mumbai,18.9894007,73.1175162,Unfurnished,Apartment,0,10,10,Resale,Ready to Move,,Omkar Krupa Builders and Developers
Sai Amber Residency,3500000,688,1,1,Panvel,Navi Mumbai,18.9894007,73.1175162,Unfurnished,Apartment,0,7,10,Resale,Ready to Move,,Shree Sai Developers And Builders
Moraj Gateway,9000000,612,2,2,Panvel,Navi Mumbai,18.9894007,73.1175162,Furnished,Apartment,0,10,10,Resale,Ready to Move,,Moraj Infratech Builders
National Harmony,14000000,936,3,3,New Panvel,Navi Mumbai,19.0003258753664,73.1153385297118,Semi-Furnished,Apartment,0,22,5,Resale,Ready to Move,,National Builders
Govind Greenfield,2200000,313,1,1,Panvel,Navi Mumbai,18.9894007,73.1175162,Unfurnished,Apartment,0,9,10,Resale,Ready to Move,,Priyal Group
Aramus Realty,6300000,540,1,1,Ulwe,Navi Mumbai,18.9750941,73.052334,Unfurnished,Apartment,0,25,6,Resale,Ready to Move,,Gurukrupa Group
Prem Amber,8000000,720,2,2,Kamothe,Navi Mumbai,19.0174101252323,73.0958540380712,Unfurnished,Apartment,0,9,3,Resale,Ready to Move,,Prem Developers
Royal Galaxy,5800000,504,1,1,Kharghar,Navi Mumbai,19.0656721198219,73.05961185164,Unfurnished,Apartment,0,4,8,Resale,Ready to Move,,Galaxy Group
Sarang Arham,4200000,446,1,2,Karanjade,Navi Mumbai,18.974265373985,73.1099196329075,Semi-Furnished,Apartment,0,23,2,Resale,Ready to Move,,S R Developers
Status Vihar,9800000,800,2,2,Kharghar,Navi Mumbai,19.0656721198219,73.05961185164,Furnished,Apartment,0,14,8,Resale,Ready to Move,,Batavias Labh Group
SM Majestic,5400000,482,1,1,Ulwe,Navi Mumbai,18.9750941,73.052334,Unfurnished,Apartment,0,9,6,Resale,Ready to Move,,SM Developers
Swaraj Symphony,5300000,396,1,1,Kharghar,Navi Mumbai,19.0656721198219,73.05961185164,Unfurnished,Apartment,0,19,8,Resale,Ready to Move,,Swaraj Builders and Developers
Koperkhairane Annex,18500000,1188,3,2,Kopar Khairane,Navi Mumbai,19.1033695651723,73.0121586680414,Unfurnished,Apartment,0,24,10,Resale,Ready to Move,,Tirupati Builders and Developers
Manzil Pride,5200000,482,1,1,Dronagiri,Navi Mumbai,18.8598511200022,72.9380988664184,Unfurnished,Apartment,0,21,2,Resale,Ready to Move,,Manzil Group Builders and Developers
Simran Saffire,15000000,828,2,2,Kharghar,Navi Mumbai,19.0656721198219,73.05961185164,Furnished,Apartment,0,20,8,Resale,Ready to Move,,Simran Enterprises
Meghna Shivam,7200000,648,2,2,Karanjade,Navi Mumbai,18.974265373985,73.1099196329075,Furnished,Apartment,0,19,2,Resale,Ready to Move,,Satpanth Group
Millenium Orchid,16500000,1080,3,4,Kharghar,Navi Mumbai,19.0656721198219,73.05961185164,Unfurnished,Apartment,0,0,8,Resale,Ready to Move,,Millennium Group
Lakhanis White Castle,6000000,522,1,1,Ulwe,Navi Mumbai,18.9750941,73.052334,Unfurnished,Apartment,0,11,6,Resale,Ready to Move,,Lakhani Builders Pvt. Ltd.
Enkay Garden,2500000,489,1,1,Taloja Panchanand,Navi Mumbai,19.0786912120664,73.0924195199983,Unfurnished,Apartment,0,20,0,Resale,Ready to Move,,Enkay Homes Ltd.
Mistri 9 PBR,36000000,979,3,3,Nerul,Navi Mumbai,19.034973,73.02228,Furnished,Apartment,0,54,8,Resale,Ready to Move,,Mistri Construction
Mistri 9 PBR,36000000,979,3,3,Nerul,Navi Mumbai,19.034973,73.02228,Furnished,Apartment,0,54,8,Resale,Ready to Move,,Mistri Construction
Mannat,4900000,,2,2,Taloja,Navi Mumbai,19.074076996436,73.1181841544665,Unfurnished,Apartment,0,1,6,New Property,Ready to Move,1 Covered,Muktistar Construction
Ravechi Complex,4500000,479,1,1,Karanjade,Navi Mumbai,18.974265373985,73.1099196329075,Unfurnished,Apartment,0,0,2,Resale,Ready to Move,,Unknown
Unkown,21000000,1300,3,3,Sector 2 Ulwe,Navi Mumbai,18.982763,73.027401,Unfurnished,Apartment,0,0,0,Resale,Ready to Move,2 Open,Unknown
Aawas chs,7900000,350,,,Kamothe,Navi Mumbai,19.0174101252323,73.0958540380712,Furnished,Commercial Shop,0,0,3,Resale,Ready to Move,,Cooperative Group Housing Society
Unkown,4500000,,1,1,Ulwe,Navi Mumbai,18.9750941,73.052334,Semi-Furnished,Builder Floor Apartment,0,0,6,Rent,Immediately,,Unknown
Unkown,17500000,1119,3,3,Panvel,Navi Mumbai,18.9894007,73.1175162,Furnished,Villa,0,0,10,Resale,Ready to Move,,Unknown
Neelsidhi Vista,21500000,,3,3,Ulwe,Navi Mumbai,18.9750941,73.052334,Unfurnished,Apartment,0,14,6,Resale,Ready to Move,,Neelsidhi Group
Grow More Tower,8000000,203,,1,Sector 2 Kharghar,Navi Mumbai,19.0279940804728,73.0614051689716,Furnished,Commercial Office Space,0,13,1,Resale,Ready to Move,1 Open,Earth Group
Keystone Arista ,7500000,650,2,2,Taloja,Navi Mumbai,19.074076996436,73.1181841544665,Furnished,Apartment,0,0,6,Resale,Ready to Move,,Keystone Lifespaces
Shankheshwar Pallazo,6700000,435,1,2,Ulwe,Navi Mumbai,18.9750941,73.052334,Unfurnished,Apartment,0,18,6,Resale,Ready to Move,,Shankheshwar Group of Companies
Abhiyanta CHS,8200000,,1,1,Sanpada,Navi Mumbai,19.0583094914648,73.0164374121942,Semi-Furnished,Apartment,0,0,9,Resale,Ready to Move,,Cooperative Group Housing Society
RNA NG Grand Plaza,27500000,1000,3,3,Ghansoli,Navi Mumbai,19.1271933235627,72.9966520846173,Furnished,Apartment,0,15,9,Resale,Ready to Move,,Om Namah Shivay Developers Private Limited
Vaishali Apartment,11600000,,1,2,Ghansoli,Navi Mumbai,19.1271933235627,72.9966520846173,Furnished,Apartment,0,4,9,Resale,Ready to Move,,Shree Vaishnavi Estates Consultant and Developers
Unkown,7000000,,,,,Navi Mumbai,,,Unfurnished,Commercial Shop,0,0,0,Resale,Ready to Move,,Unknown
QN Greens,2200000,261,1,1,Taloja,Navi Mumbai,19.074076996436,73.1181841544665,Unfurnished,Apartment,0,15,6,Resale,Ready to Move,,Qualitas Naman Group
Unkown,4000000,435,1,1,Taloja,Navi Mumbai,19.074076996436,73.1181841544665,Unfurnished,Apartment,0,0,6,Resale,Ready to Move,,Unknown
Good Luck Heights,7500000,685,2,3,Taloja,Navi Mumbai,19.074076996436,73.1181841544665,Semi-Furnished,Apartment,0,15,6,Resale,Ready to Move,,Raveriya Group
Unkown,4400000,,1,1,Panvel,Navi Mumbai,18.9894007,73.1175162,Unfurnished,Builder Floor Apartment,0,0,10,Resale,Ready to Move,,Unknown
Today Global Utsav City,6500000,,2,2,Panvel,Navi Mumbai,18.9894007,73.1175162,Unfurnished,Apartment,0,19,10,Resale,Ready to Move,,Today Global Builders & Developers
Unkown,8500000,600,,1,Panvel,Navi Mumbai,18.9894007,73.1175162,Unfurnished,Commercial Office Space,0,0,10,Resale,Ready to Move,,Unknown
Unkown,2199000,400,1,1,Bonshet,Navi Mumbai,18.99994,73.15706,Unfurnished,Apartment,0,0,0,Resale,Ready to Move,,Unknown
Arihant Amisha,4300000,632,2,2,Taloja Panchanand,Navi Mumbai,19.0786912120664,73.0924195199983,Semi-Furnished,Apartment,0,25,0,Resale,Ready to Move,,Arihant Group
Gami Amar Harmony,5500000,,1,1,Taloja,Navi Mumbai,19.074076996436,73.1181841544665,Unfurnished,Apartment,0,32,6,Resale,Ready to Move,,Gami Group
Arihant Anshula,3900000,,1,1,Taloja,Navi Mumbai,19.074076996436,73.1181841544665,Unfurnished,Apartment,0,19,6,Resale,Ready to Move,,Arihant Superstructures Ltd.
Maruti Sadan,7200000,295,,,Kamothe,Navi Mumbai,19.0174101252323,73.0958540380712,Furnished,Commercial Shop,0,3,3,Resale,Ready to Move,,Maruti Group
Pine Wood Tower,3250000,,1,2,Taloja,Navi Mumbai,19.074076996436,73.1181841544665,Unfurnished,Apartment,0,7,6,Resale,Ready to Move,,GKR Infrastructures
Unkown,16000000,1040,2,2,Sector 21 Nerul,Navi Mumbai,19.0301062999969,73.020739590686,Unfurnished,Apartment,0,0,1,Resale,Ready to Move,,Unknown
Simran Uptown Avenue,7000000,650,1,2,Panvel,Navi Mumbai,18.9894007,73.1175162,Unfurnished,Apartment,0,13,10,Resale,Ready to Move,,Simran Enterprises
Unkown,7500000,,2,2,Roadpali,Navi Mumbai,19.0385501152056,73.0962748008091,Semi-Furnished,Residential House,0,0,2,Resale,Ready to Move,,Unknown
Unkown,5800000,320,1,1,,Navi Mumbai,,,Semi-Furnished,Apartment,0,0,0,Resale,Ready to Move,,Unknown
Indiabulls Greens Panvel,19000000,,4,4,Panvel,Navi Mumbai,18.9894007,73.1175162,Unfurnished,Apartment,0,56,10,Resale,Ready to Move,,Indiabulls Greens
Wadhwa Wise City,6800000,628,2,2,Panvel,Navi Mumbai,18.9894007,73.1175162,Unfurnished,Apartment,0,15,10,Resale,Ready to Move,,The Wadhwa Group
Unkown,9500000,,3,3,New Panvel,Navi Mumbai,19.0003258753664,73.1153385297118,Semi-Furnished,Apartment,0,0,5,Resale,Ready to Move,,Unknown
Space Blue Crest,9200000,692,2,2,Panvel,Navi Mumbai,18.9894007,73.1175162,Unfurnished,Apartment,0,16,10,Resale,Ready to Move,,Space India
Unkown,2400000,,1,1,Panvel,Navi Mumbai,18.9894007,73.1175162,Semi-Furnished,Builder Floor Apartment,0,0,10,Resale,Ready to Move,,Unknown
Enkay Heritage2 CHS,8500000,30,,,Panvel,Navi Mumbai,18.9894007,73.1175162,Semi-Furnished,Commercial Shop,0,0,10,Resale,Ready to Move,,Unknown
Aaiji Park,5050000,675,1,1,Karanjade,Navi Mumbai,18.974265373985,73.1099196329075,Semi-Furnished,Apartment,0,0,2,Resale,Under Construction,,Om Sai Enterprises
Arihant Arham,6000000,,2,2,Panvel,Navi Mumbai,18.9894007,73.1175162,Semi-Furnished,Apartment,0,14,10,Resale,Ready to Move,,Arihant Superstructures Ltd.
Indiabulls Greens Panvel,8500000,,1,2,Panvel,Navi Mumbai,18.9894007,73.1175162,Unfurnished,Apartment,0,56,10,Resale,Ready to Move,,Indiabulls Greens
Unkown,5500000,395,1,1,Sector 26 Vashi,Navi Mumbai,19.0895770412048,73.0135325367252,Unfurnished,Apartment,0,0,1,Resale,Ready to Move,,Unknown
Shubh Jyoti,3500000,,1,1,Navde,Navi Mumbai,19.0534298108845,73.09743386978,Unfurnished,Apartment,0,8,0,Resale,Ready to Move,,Jay Shakti Builders and Developers
Ajay Deep,6000000,,2,2,Kharghar,Navi Mumbai,19.0656721198219,73.05961185164,Unfurnished,Apartment,0,0,8,Resale,Ready to Move,,Unknown
Unkown,2500000,,,,Kamothe,Navi Mumbai,19.0174101252323,73.0958540380712,Unfurnished,Commercial Office Space,0,0,3,Resale,Ready to Move,1 Open,Unknown
Pioneer Vijay Abode,7500000,1000,2,2,Panvel,Navi Mumbai,18.9894007,73.1175162,Semi-Furnished,Apartment,0,11,10,Resale,Ready to Move,,Pioneer Group
Today Oxy Fresh Homes,6500000,421,1,2,Rohinjan,Navi Mumbai,19.086627,73.07432,Semi-Furnished,Apartment,0,37,0,Resale,Ready to Move,,Today Global Builders & Developers
Unkown,2500000,,1,1,Sector 12 Kopar Khairane,Navi Mumbai,19.0968024495766,73.0119295336957,Semi-Furnished,Residential House,0,0,1,Resale,Ready to Move,,Unknown
Unkown,5000000,270,,1,Sector 19 Vashi,Navi Mumbai,19.07608133,73.00884276,Unfurnished,Commercial Office Space,0,0,1,Resale,Ready to Move,,Unknown
Unkown,4365520,,1,1,,Navi Mumbai,,,Unfurnished,Apartment,0,0,0,Resale,Under Construction,,Unknown
Platinum The Springs,26500000,,3,3,Roadpali,Navi Mumbai,19.0385501152056,73.0962748008091,Furnished,Apartment,0,31,2,Resale,Ready to Move,,Platinum Group Builders
Sapphire Apartment,3500000,374,1,1,Ulwe,Navi Mumbai,18.9750941,73.052334,Furnished,Apartment,0,0,6,Resale,Ready to Move,,Unknown
Unkown,4500000,,1,1,,Navi Mumbai,,,Unfurnished,Apartment,0,0,0,Resale,Ready to Move,,Unknown
Krishna Tower,7500000,630,2,2,Sector 34 Kharghar,Navi Mumbai,19.0697439393486,73.0803510193809,Unfurnished,Builder Floor Apartment,0,27,2,Resale,Under Construction,,Krishna Enterprise
Hiranandani Fortune City,23300000,350,,,Panvel,Navi Mumbai,18.9894007,73.1175162,Unfurnished,Commercial Shop,0,35,10,Resale,Ready to Move,,Hiranandani Group
Haridra,12000000,,2,2,Kharghar,Navi Mumbai,19.0656721198219,73.05961185164,Semi-Furnished,Apartment,0,29,8,Resale,Ready to Move,,Sai Developers
Indiabulls Greens Panvel,5000000,,2,2,Panvel,Navi Mumbai,18.9894007,73.1175162,Semi-Furnished,Apartment,0,56,10,Resale,Ready to Move,,Indiabulls Greens
Shree Vastu Harmony,5000000,,2,2,Panvel,Navi Mumbai,18.9894007,73.1175162,Unfurnished,Apartment,0,4,10,Resale,Ready to Move,,Shree Vastupurti Developers
Unkown,25000000,,5,5,Sector 1 Kopar Khairane,Navi Mumbai,19.1093900764395,73.0062901038381,Furnished,Residential House,0,0,1,Resale,Ready to Move,,Unknown
Unkown,3500000,,1,1,Kharghar,Navi Mumbai,19.0656721198219,73.05961185164,Unfurnished,Apartment,0,0,8,Resale,Ready to Move,,Unknown
Kamdhenu Gardenia,5300000,,2,2,Taloja,Navi Mumbai,19.074076996436,73.1181841544665,Unfurnished,Apartment,0,7,6,Resale,Ready to Move,,Kamdhenu Realties
Royal Meadows,3100000,,1,2,New Panvel,Navi Mumbai,19.0003258753664,73.1153385297118,Unfurnished,Apartment,0,11,5,Resale,Ready to Move,1 Open,Royale Realtors
Unkown,13500000,,2,2,,Navi Mumbai,,,Unfurnished,Apartment,0,0,0,Resale,Ready to Move,1 Open,Unknown
Unkown,16000000,,,,Panvel Road,Navi Mumbai,18.99146517,73.11559378,,Residential Plot,0,0,0,Resale,,,Unknown
Unkown,32500000,750,,,,Navi Mumbai,,,Unfurnished,Commercial Shop,0,0,0,Resale,Ready to Move,,Unknown
Unkown,3000000,270,1,1,Sector 14 Nerul,Navi Mumbai,19.039718,73.010249,Unfurnished,Apartment,0,0,0,Resale,Ready to Move,,Unknown
Unkown,6000000,625,2,1,Usarli Khurd,Navi Mumbai,18.9778545805204,73.139208979943,Semi-Furnished,Apartment,0,0,0,Resale,Ready to Move,,Unknown
Orient Plaza,10500000,750,2,2,Kharghar,Navi Mumbai,19.0656721198219,73.05961185164,Furnished,Apartment,0,16,8,Resale,Ready to Move,40 Covered,Orient Builders and Developers
Shree Labheshwar Pratham,7200000,12000,,,Sector 14 Taloje Panchanand,Navi Mumbai,19.07618688,73.09471104,Furnished,Commercial Shop,0,28,0,Resale,Ready to Move,,Shree Labheshwar Developers LLP
Unkown,7000000,600,2,1,Sector 12 Kharghar,Navi Mumbai,19.043551,73.066347,Semi-Furnished,Apartment,0,0,1,Resale,Ready to Move,1 Open,Unknown
Unkown,2600000,500,1,1,Taloja Panchanand,Navi Mumbai,19.0786912120664,73.0924195199983,Unfurnished,Apartment,0,0,0,Resale,Ready to Move,,Unknown
Shree Siddhi Sankalp,22500000,1576,3,3,Kharghar,Navi Mumbai,19.0656721198219,73.05961185164,Unfurnished,Apartment,0,8,8,Resale,Ready to Move,1 Open,Shree Siddhi Developers
Unkown,8200000,,2,2,Kamothe,Navi Mumbai,19.0174101252323,73.0958540380712,Semi-Furnished,Apartment,0,0,3,Resale,Ready to Move,,Unknown
Arihant Anaika Phase II,3500000,450,1,1,Taloja,Navi Mumbai,19.074076996436,73.1181841544665,Unfurnished,Apartment,0,0,6,Resale,Ready to Move,,Unknown
Unkown,2100000,,1,1,New Panvel,Navi Mumbai,19.0003258753664,73.1153385297118,Unfurnished,Apartment,0,0,5,Resale,Ready to Move,,Unknown
Indiabulls Greens Panvel,4500000,,1,2,Panvel,Navi Mumbai,18.9894007,73.1175162,Unfurnished,Apartment,0,56,10,Resale,Ready to Move,,Indiabulls Greens
Anmol Residency,20000000,1600,2,2,Sector 34B Kharghar,Navi Mumbai,19.0696287,73.0829535,Semi-Furnished,Apartment,0,7,0,Resale,,,Anmol Developers
Himax Prathmesh Platinum,7000000,689,1,1,Sector 18 Ulwe,Navi Mumbai,18.9678540805294,73.0229620988582,Unfurnished,Apartment,0,23,0,Resale,Ready to Move,,Himax Developers Pvt Ltd.
Unkown,7800000,,2,2,,Navi Mumbai,,,Semi-Furnished,Apartment,0,0,0,Resale,Ready to Move,,Unknown
Gurumahima Heights CHS,40000000,,3,3,Sanpada,Navi Mumbai,19.0583094914648,73.0164374121942,Unfurnished,Apartment,0,0,9,Resale,Ready to Move,,Cooperative Group Housing Society
Siddhivinayak Twins,9000000,,2,2,Roadpali,Navi Mumbai,19.0385501152056,73.0962748008091,Unfurnished,Apartment,0,26,2,Resale,Ready to Move,,Bathija Developers
Neel Sankul,8500000,750,2,2,Kalamboli,Navi Mumbai,19.0311212885643,73.1052711758489,Unfurnished,Apartment,0,19,5,Resale,Ready to Move,,Neelsidhi Group
Sai Shrushti Apartment,9500000,540,2,2,Kharghar,Navi Mumbai,19.0656721198219,73.05961185164,Semi-Furnished,Apartment,0,0,8,Resale,Ready to Move,,Unknown
Unkown,35000000,1240,4,2,,Navi Mumbai,,,Semi-Furnished,Apartment,0,0,0,Resale,Ready to Move,,Unknown
Unkown,19500000,700,,2,Sector 30 Vashi,Navi Mumbai,19.0660836957872,72.996494243611,Furnished,Commercial Office Space,0,0,0,Resale,Ready to Move,2 Covered,Unknown
Unkown,9500000,550,2,2,Airoli,Navi Mumbai,19.1609103453837,72.9933968951486,Semi-Furnished,Builder Floor Apartment,0,0,10,Resale,Ready to Move,,Unknown
Krishna valley,2600000,400,1,1,Khopoli,Navi Mumbai,18.7980131509559,73.3372686360754,Semi-Furnished,Apartment,0,12,2,Resale,Ready to Move,,Space India Builders & Developers
Aaum Ayodhya,2500000,320,1,1,Dronagiri,Navi Mumbai,18.8598511200022,72.9380988664184,Unfurnished,Apartment,0,0,2,New Property,Ready to Move,,Unknown
Good Luck Heights,5050000,413,1,2,Taloja,Navi Mumbai,19.074076996436,73.1181841544665,Semi-Furnished,Apartment,0,15,6,Resale,Ready to Move,,Raveriya Group
Jijai Complex,3700000,522,1,1,Taloja,Navi Mumbai,19.074076996436,73.1181841544665,Semi-Furnished,Apartment,0,17,6,Resale,Ready to Move,,Shubham Builders
Jijai Complex,4170000,521,1,2,Taloja,Navi Mumbai,19.074076996436,73.1181841544665,Semi-Furnished,Apartment,0,17,6,Resale,Ready to Move,,Shubham Builders
Jijai Complex,5600000,756,2,2,Taloja,Navi Mumbai,19.074076996436,73.1181841544665,Semi-Furnished,Apartment,0,17,6,Resale,Ready to Move,,Shubham Builders
Jijai Complex,3500000,521,1,1,Taloja,Navi Mumbai,19.074076996436,73.1181841544665,Semi-Furnished,Apartment,0,17,6,Resale,Ready to Move,,Shubham Builders
Jijai Complex,3200000,396,1,1,Taloja,Navi Mumbai,19.074076996436,73.1181841544665,Semi-Furnished,Apartment,0,17,6,Resale,Ready to Move,,Shubham Builders
Jijai Complex,3350000,518,1,1,Taloja,Navi Mumbai,19.074076996436,73.1181841544665,Semi-Furnished,Apartment,0,17,6,Resale,Ready to Move,,Shubham Builders
Hiranandani Fortune City,9500000,402,1,2,Panvel,Navi Mumbai,18.9894007,73.1175162,Unfurnished,Apartment,0,35,10,Resale,Ready to Move,,Hiranandani Group
Hiranandani Fortune City,6500000,321,1,1,Panvel,Navi Mumbai,18.9894007,73.1175162,Unfurnished,Apartment,0,35,10,Resale,Under Construction,,Hiranandani Group
Hiranandani Fortune City,7800000,454,1,2,Panvel,Navi Mumbai,18.9894007,73.1175162,Unfurnished,Apartment,0,35,10,Resale,Ready to Move,,Hiranandani Group
Hiranandani Fortune City,7500000,454,1,1,Panvel,Navi Mumbai,18.9894007,73.1175162,Semi-Furnished,Apartment,0,35,10,Resale,Under Construction,,Hiranandani Group
Hiranandani Fortune City,7000000,551,1,2,Panvel,Navi Mumbai,18.9894007,73.1175162,Unfurnished,Apartment,0,35,10,Resale,Ready to Move,,Hiranandani Group
Ram Laxman Tower,7400000,432,1,1,Vashi,Navi Mumbai,19.0777155057838,73.0027923491613,Unfurnished,Apartment,0,0,9,Resale,Ready to Move,,Unknown
Baba Tulip,3500000,495,1,1,Panvel,Navi Mumbai,18.9894007,73.1175162,Unfurnished,Apartment,0,0,10,Resale,Ready to Move,,Unknown
Baba Tulip,3500000,495,1,1,Panvel,Navi Mumbai,18.9894007,73.1175162,Unfurnished,Apartment,0,0,10,Resale,Ready to Move,,Unknown
Baba Tulip,3600000,490,1,2,Panvel,Navi Mumbai,18.9894007,73.1175162,Unfurnished,Apartment,0,0,10,Resale,Ready to Move,,Unknown
Maitri Icon,6800000,450,1,1,Kharghar,Navi Mumbai,19.0656721198219,73.05961185164,Unfurnished,Apartment,0,0,8,Resale,Ready to Move,,Unknown
Maitri Icon,6500000,472,1,1,Kharghar,Navi Mumbai,19.0656721198219,73.05961185164,Unfurnished,Apartment,0,0,8,Resale,Ready to Move,,Unknown
Vasundhara Heights ,25500000,1174,3,3,Sanpada,Navi Mumbai,19.0583094914648,73.0164374121942,Semi-Furnished,Apartment,0,0,9,Resale,Ready to Move,,Unknown
Vasundhara Heights ,25500000,1174,3,3,Sanpada,Navi Mumbai,19.0583094914648,73.0164374121942,Semi-Furnished,Apartment,0,0,9,Resale,Ready to Move,,Unknown
Amrut Dhara Complex CHS ,7200000,540,1,1,Sector 20 Kharghar,Navi Mumbai,19.0499727808114,73.0725224614798,Unfurnished,Apartment,0,0,1,Resale,Ready to Move,,Cooperative Group Housing Society
Nirmiti Garden,2900000,328,1,1,Panvel,Navi Mumbai,18.9894007,73.1175162,Unfurnished,Apartment,0,0,10,Resale,Ready to Move,,Unknown
Nirmiti Garden,3000000,343,1,1,Panvel,Navi Mumbai,18.9894007,73.1175162,Semi-Furnished,Apartment,0,0,10,Resale,Ready to Move,,Unknown
Kamdhenu Gardenia,3890000,540,1,2,Taloja,Navi Mumbai,19.074076996436,73.1181841544665,Unfurnished,Apartment,0,7,6,Resale,Ready to Move,,Kamdhenu Realties
Kamdhenu Gardenia,6000000,630,2,2,Taloja,Navi Mumbai,19.074076996436,73.1181841544665,Unfurnished,Apartment,0,7,6,Resale,Ready to Move,,Kamdhenu Realties
Kamdhenu Gardenia,4000000,540,1,2,Taloja,Navi Mumbai,19.074076996436,73.1181841544665,Unfurnished,Apartment,0,7,6,Resale,Ready to Move,,Kamdhenu Realties
Kalpataru Riverside,16500000,866,2,2,Old Panvel,Navi Mumbai,18.9866237154805,73.1078262369691,Semi-Furnished,Apartment,0,14,4,Resale,Ready to Move,2 Covered,Kalpataru Ltd.
Vishesh Balaji Symphony,9000000,760,2,2,New Panvel,Navi Mumbai,19.0003258753664,73.1153385297118,Unfurnished,Apartment,0,36,5,Resale,Ready to Move,,Vishesh Group
Vishesh Balaji Symphony,8200000,724,2,2,New Panvel,Navi Mumbai,19.0003258753664,73.1153385297118,Unfurnished,Apartment,0,36,5,Resale,Ready to Move,,Vishesh Group
Krishna Residency,6800000,360,1,1,Kamothe,Navi Mumbai,19.0174101252323,73.0958540380712,Semi-Furnished,Apartment,0,2,3,Resale,Ready to Move,,Radhe Krishna Builders
Bhairavi CHS,3500000,320,1,2,Dronagiri,Navi Mumbai,18.8598511200022,72.9380988664184,Unfurnished,Apartment,0,0,2,Resale,Ready to Move,,Unknown
Yashodeep Heights,19500000,,2,2,Rabale,Navi Mumbai,19.1439232937657,73.0108611798346,Unfurnished,Apartment,0,10,4,Resale,Ready to Move,1 Covered,Raikar Group
Adhiraj Samyama,9500000,527,1,2,Kharghar,Navi Mumbai,19.0656721198219,73.05961185164,Unfurnished,Apartment,0,39,8,Resale,Ready to Move,1 Covered,Adhiraj Constructions
Bonzer Celebrations,2100000,,1,1,Khopoli,Navi Mumbai,18.7980131509559,73.3372686360754,Unfurnished,Apartment,0,21,2,Resale,Ready to Move,,Bonzer Infra
Marathon Nexzone,6500000,590,2,2,Panvel,Navi Mumbai,18.9894007,73.1175162,Unfurnished,Apartment,0,10,10,Resale,Ready to Move,,Marathon Realty Pvt. Ltd.
Marathon Nexzone,7500000,626,2,2,Panvel,Navi Mumbai,18.9894007,73.1175162,Unfurnished,Apartment,0,10,10,Resale,Ready to Move,,Marathon Realty Pvt. Ltd.
Marathon Nexzone,9000000,708,2,2,Palaspe Phata,Navi Mumbai,18.96872083,73.12948074,Semi-Furnished,Apartment,0,10,1,Resale,Ready to Move,1 Covered,Marathon Realty Pvt. Ltd.
Shree Swastik Apartment,8500000,680,2,2,Sector 10 Kharghar,Navi Mumbai,19.0347856231581,73.0754657441173,Semi-Furnished,Apartment,0,0,0,Resale,Ready to Move,1 Open,Unknown
Arihant 4 Anaika,3300000,29,1,1,Taloja,Navi Mumbai,19.074076996436,73.1181841544665,Unfurnished,Apartment,0,19,6,Resale,Ready to Move,,Arihant Superstructures Ltd
National Marvel,12500000,,2,2,Ulwe,Navi Mumbai,18.9750941,73.052334,Semi-Furnished,Apartment,0,20,6,Resale,Ready to Move,,National Builders
Unkown,34900000,789,3,3,Sector 8B CBD Belapur,Navi Mumbai,19.0311683587324,73.0448677659921,Semi-Furnished,Residential House,0,0,0,Resale,Ready to Move,,Unknown
Bhoomi Harmony,17500000,,3,3,Kamothe,Navi Mumbai,19.0174101252323,73.0958540380712,Semi-Furnished,Apartment,0,13,3,Resale,Ready to Move,,Sri Triveni Pvt. Ltd.
Orange Aura,9000000,600,2,1,Dronagiri,Navi Mumbai,18.8598511200022,72.9380988664184,Unfurnished,Apartment,0,8,2,Resale,Ready to Move,,Orange Realty
Sirvi Heritage,4600000,450,1,1,Karanjade,Navi Mumbai,18.974265373985,73.1099196329075,Unfurnished,Apartment,0,7,2,Resale,Ready to Move,,Sirvi Developers
Unkown,2800000,,,,Jui,Navi Mumbai,18.87900065,73.02708207,,Residential Plot,0,0,0,Resale,,,Unknown
Unkown,2200000,428,1,1,Khopoli,Navi Mumbai,18.7980131509559,73.3372686360754,Unfurnished,Apartment,0,0,2,Resale,Ready to Move,,Unknown
Unkown,2350000,576,2,2,Khopoli,Navi Mumbai,18.7980131509559,73.3372686360754,Unfurnished,Apartment,0,0,2,Resale,Ready to Move,,Unknown
Unkown,5500000,634,2,2,Kalamboli,Navi Mumbai,19.0311212885643,73.1052711758489,Unfurnished,Apartment,0,0,5,Resale,Ready to Move,,Unknown
Unkown,2350000,497,1,2,Khopoli,Navi Mumbai,18.7980131509559,73.3372686360754,Unfurnished,Apartment,0,0,2,Resale,Ready to Move,,Unknown
Neel Sankul,7000000,710,2,2,Kalamboli,Navi Mumbai,19.0311212885643,73.1052711758489,Unfurnished,Apartment,0,19,5,Resale,Ready to Move,,Neelsidhi Group
Shagun Residency,8500000,777,2,2,Roadpali,Navi Mumbai,19.0385501152056,73.0962748008091,Unfurnished,Apartment,0,17,2,Resale,Ready to Move,,Shree Shagun Developers
Anant Ganesha,2700000,277,1,1,Panvel,Navi Mumbai,18.9894007,73.1175162,Semi-Furnished,Apartment,0,4,10,Resale,Ready to Move,,Anant Realty
Belmac Riverside,4000000,384,1,1,New Panvel,Navi Mumbai,19.0003258753664,73.1153385297118,Unfurnished,Apartment,0,11,5,Resale,Ready to Move,,Supreme Holdings & Hospitality India Ltd.
Sakshi Park,3200000,428,1,1,Panvel,Navi Mumbai,18.9894007,73.1175162,Unfurnished,Apartment,0,0,10,Resale,Ready to Move,,Milan Developers & Builders Pvt. Ltd.
QN Greens,2200000,370,1,1,Taloja,Navi Mumbai,19.074076996436,73.1181841544665,Unfurnished,Apartment,0,15,6,Resale,Ready to Move,,Qualitas Naman Group
Paradise Sai Solitaire,12000000,904,2,2,Kharghar,Navi Mumbai,19.0656721198219,73.05961185164,Semi-Furnished,Apartment,0,0,8,Resale,Ready to Move,,Unknown
Bhagwati Greens 2,17400000,864,2,2,Kharghar,Navi Mumbai,19.0656721198219,73.05961185164,Unfurnished,Apartment,0,32,8,Resale,Under Construction,,Bhagwati Group
Neptune CHS,14500000,614,2,2,Vashi,Navi Mumbai,19.0777155057838,73.0027923491613,Unfurnished,Apartment,0,0,9,Resale,Ready to Move,,Cooperative Group Housing Society
Siddhi Arcade,6700000,425,1,1,Airoli,Navi Mumbai,19.1609103453837,72.9933968951486,Semi-Furnished,Apartment,0,0,10,Resale,Ready to Move,,Unknown
Advance Plaza ,3980000,454,1,1,Ulwe,Navi Mumbai,18.9750941,73.052334,Semi-Furnished,Apartment,0,0,6,Resale,Ready to Move,,Advance Home Makers Group
Mahalaxmi City ,4500000,735,3,3,Panvel,Navi Mumbai,18.9894007,73.1175162,Unfurnished,Apartment,0,0,10,Resale,Ready to Move,,Unknown
Millennium Avanish,19000000,720,2,2,Airoli,Navi Mumbai,19.1609103453837,72.9933968951486,Furnished,Apartment,0,11,10,Resale,Ready to Move,,Millenium Corporation
Kalpavruksha Aura,2800000,436,1,1,Taloja,Navi Mumbai,19.074076996436,73.1181841544665,Semi-Furnished,Apartment,0,17,6,Resale,Ready to Move,,Kalpavruksha Enterprises
Kalpavruksha Aura,3500000,472,1,1,Taloja,Navi Mumbai,19.074076996436,73.1181841544665,Unfurnished,Apartment,0,17,6,Resale,Ready to Move,,Kalpavruksha Enterprises
Indiabulls Golf City,10000000,1090,2,2,Panvel,Navi Mumbai,18.9894007,73.1175162,Unfurnished,Apartment,0,31,10,Resale,Under Construction,,Indiabulls Real Estate Ltd.
Mangal CHS,10500000,670,2,2,Ghansoli,Navi Mumbai,19.1271933235627,72.9966520846173,Semi-Furnished,Apartment,0,13,9,Resale,Ready to Move,,Meena Builders & Developers
Yashraj Sai Simran,7500000,716,2,2,Karanjade,Navi Mumbai,18.974265373985,73.1099196329075,Unfurnished,Apartment,0,8,2,Resale,Ready to Move,,Yashraj Group
Jai Shivam Arcade,2700000,288,1,1,Karanjade,Navi Mumbai,18.974265373985,73.1099196329075,Unfurnished,Apartment,0,24,2,Resale,Ready to Move,,Anchit Group
Jai Shivam Arcade,2800000,324,1,1,Karanjade,Navi Mumbai,18.974265373985,73.1099196329075,Semi-Furnished,Apartment,0,24,2,Resale,Ready to Move,,Anchit Group
Satyam Residency,15000000,832,2,2,Karanjade,Navi Mumbai,18.974265373985,73.1099196329075,Unfurnished,Apartment,0,9,2,Resale,Ready to Move,,Sataym Concast Pvt. Ltd.
Silicon Residency,5500000,482,1,1,Roadpali,Navi Mumbai,19.0385501152056,73.0962748008091,Unfurnished,Apartment,0,9,2,Resale,Ready to Move,,Vasani Developers
Unnati Tower,4500000,396,1,1,Ulwe,Navi Mumbai,18.9750941,73.052334,Furnished,Apartment,0,10,6,Resale,Ready to Move,,Raja Developers
Unnati Tower,2700000,233,1,1,Ulwe,Navi Mumbai,18.9750941,73.052334,Unfurnished,Apartment,0,10,6,Resale,Ready to Move,,Raja Developers
Sai Puja Apartment,4000000,486,1,1,Ulwe,Navi Mumbai,18.9750941,73.052334,Unfurnished,Apartment,0,22,6,Resale,Ready to Move,,Kishor Construction
Moon Light Apartment,6200000,792,2,2,Taloja,Navi Mumbai,19.074076996436,73.1181841544665,Unfurnished,Apartment,0,7,6,Resale,Ready to Move,,PATEL GROUP & CO.
Moon Light Apartment,2500000,324,1,1,Taloja,Navi Mumbai,19.074076996436,73.1181841544665,Unfurnished,Apartment,0,7,6,Resale,Ready to Move,,PATEL GROUP & CO.
DattaRam Arcade,8500000,706,2,2,Kharghar,Navi Mumbai,19.0656721198219,73.05961185164,Unfurnished,Apartment,0,8,8,Resale,Ready to Move,,Ahilya Enterprises
Dynamic Royale,8500000,846,2,2,Karanjade,Navi Mumbai,18.974265373985,73.1099196329075,Furnished,Apartment,0,14,2,Resale,Ready to Move,,Dynamic Group
Bhanu Jyot,11000000,778,2,2,Kharghar,Navi Mumbai,19.0656721198219,73.05961185164,Unfurnished,Apartment,0,7,8,Resale,Ready to Move,,Bhanu Jyot Construction
Vision Residency,4600000,486,1,1,Kalamboli,Navi Mumbai,19.0311212885643,73.1052711758489,Unfurnished,Apartment,0,9,5,Resale,Ready to Move,,Vision Associate
Vision Residency,4500000,486,1,1,Kalamboli,Navi Mumbai,19.0311212885643,73.1052711758489,Unfurnished,Apartment,0,9,5,Resale,Ready to Move,,Vision Associate
Dhana Shree Pearl,4200000,432,1,1,Taloja,Navi Mumbai,19.074076996436,73.1181841544665,Unfurnished,Apartment,0,8,6,Resale,Ready to Move,,Dhana Shree Developers
Silver Height,6000000,486,1,2,Ulwe,Navi Mumbai,18.9750941,73.052334,Furnished,Apartment,0,13,6,Resale,Ready to Move,,ST Group
Rajesh Sea Star,9800000,878,2,2,Ulwe,Navi Mumbai,18.9750941,73.052334,Unfurnished,Apartment,0,19,6,Resale,Ready to Move,,Rajesh and Dsouza Associates
Mannat,6000000,756,2,2,Taloja,Navi Mumbai,19.074076996436,73.1181841544665,Unfurnished,Apartment,0,1,6,Resale,Ready to Move,,Muktistar Construction
Golden Tower,6500000,774,2,2,Taloja,Navi Mumbai,19.074076996436,73.1181841544665,Furnished,Apartment,0,19,6,Resale,Under Construction,,Sumer Associates
Anant Corner,3300000,461,1,1,Navde,Navi Mumbai,19.0534298108845,73.09743386978,Semi-Furnished,Apartment,0,8,0,Resale,Ready to Move,,Anant Builders and Developers
Elite Homes,6500000,540,1,1,Kharghar,Navi Mumbai,19.0656721198219,73.05961185164,Unfurnished,Apartment,0,8,8,Resale,Ready to Move,,Nathdwara Developers
Elite Homes,6500000,464,1,1,Kharghar,Navi Mumbai,19.0656721198219,73.05961185164,Semi-Furnished,Apartment,0,8,8,Resale,Ready to Move,,Nathdwara Developers
Dream Homes,3000000,443,1,1,Panvel,Navi Mumbai,18.9894007,73.1175162,Unfurnished,Apartment,0,8,10,Resale,Ready to Move,,Skyline Developers
Sai Sankalp,3300000,433,1,1,Panvel,Navi Mumbai,18.9894007,73.1175162,Semi-Furnished,Apartment,0,11,10,Resale,Ready to Move,,Disha Bright Space Pvt. Ltd.
Unkown,8700000,370,2,1,,Navi Mumbai,,,Unfurnished,Apartment,0,0,0,Resale,Ready to Move,,Unknown
Samruddhi Complex,2900000,,1,1,Panvel,Navi Mumbai,18.9894007,73.1175162,Unfurnished,Apartment,0,4,10,Resale,Ready to Move,,Samruddhi Buildcon 
Unkown,1800000,,,,Panvel,Navi Mumbai,18.9894007,73.1175162,Furnished,Commercial Shop,0,0,10,Resale,Ready to Move,"1 Covered, 1 Open",Unknown
Unkown,190000000,8803,,2,Sector 19 Vashi,Navi Mumbai,19.07608133,73.00884276,Unfurnished,Commercial Office Space,0,0,1,Resale,Ready to Move,4 Open,Unknown
Unkown,2800000,410,1,2,Panvel Matheran Road,Navi Mumbai,19.00035564,73.13181198,Unfurnished,Apartment,0,0,0,Resale,Ready to Move,,Unknown
Laxmina Aurum,12000000,,2,2,Ulwe,Navi Mumbai,18.9750941,73.052334,Unfurnished,Apartment,0,20,6,Resale,Ready to Move,,Laxmina Ventures
Dharti Green Acres,3200000,,2,2,Panvel,Navi Mumbai,18.9894007,73.1175162,Semi-Furnished,Apartment,0,0,10,Resale,Ready to Move,,Dharti Developers
Unkown,4500000,,1,1,Karanjade,Navi Mumbai,18.974265373985,73.1099196329075,Unfurnished,Apartment,0,0,2,Resale,Under Construction,,Unknown
Unkown,10000000,,,,Palaspe Phata,Navi Mumbai,18.96872083,73.12948074,,Residential Plot,0,0,1,Resale,,,Unknown
Unkown,2100000,,1,1,Ghansoli,Navi Mumbai,19.1271933235627,72.9966520846173,Unfurnished,Builder Floor Apartment,0,0,9,Resale,Ready to Move,,Unknown
Unkown,14500000,610,2,2,Kharghar,Navi Mumbai,19.0656721198219,73.05961185164,Unfurnished,Apartment,0,0,8,Resale,Ready to Move,,Unknown
Sai Sankalp,8400000,,,,Panvel,Navi Mumbai,18.9894007,73.1175162,,Residential Plot,0,4,10,Resale,,,Sankalp Group
Unkown,1500000,117,,,,Navi Mumbai,,,Unfurnished,Commercial Shop,0,0,0,Resale,Ready to Move,,Unknown
Krishna Park,2300000,,1,1,Panvel,Navi Mumbai,18.9894007,73.1175162,Unfurnished,Apartment,0,12,10,Resale,Ready to Move,,Monarch Properties
Keystone Arista ,4300000,,1,2,Taloja,Navi Mumbai,19.074076996436,73.1181841544665,Unfurnished,Apartment,0,0,6,Resale,Ready to Move,,Keystone Lifespaces
Suncity Avenue,13000000,,2,2,Sector 10 Kharghar,Navi Mumbai,19.0347856231581,73.0754657441173,Semi-Furnished,Apartment,0,10,0,Resale,Ready to Move,1 Covered,Suncity Projects Pvt. Ltd.
Sangam Residency,8800000,,1,1,Airoli,Navi Mumbai,19.1609103453837,72.9933968951486,Semi-Furnished,Apartment,0,8,10,Resale,Ready to Move,,Nest Builders
Vishesh Balaji Symphony,8700000,650,2,2,,Navi Mumbai,,,Semi-Furnished,Apartment,0,36,0,New Property,Ready to Move,,Vishesh Group
Today Elite,8500000,730,2,2,Sector 17 Ulwe,Navi Mumbai,18.9640564736564,73.0214063070489,Semi-Furnished,Residential House,0,23,0,Resale,Ready to Move,,Today Homes & Infrastructure Pvt. Ltd.
Samruddhi Complex,3000000,430,1,1,Panvel,Navi Mumbai,18.9894007,73.1175162,Semi-Furnished,Apartment,0,4,10,Resale,Ready to Move,,Samruddhi Buildcon 
Unkown,85000000,,3,4,Nerul West,Navi Mumbai,19.0367731328415,73.0148297211474,Semi-Furnished,Penthouse,0,0,2,Resale,Ready to Move,,Unknown
Balaji Shreeji,6200000,467,1,1,Kopar Khairane,Navi Mumbai,19.1033695651723,73.0121586680414,Furnished,Apartment,0,0,10,Resale,Ready to Move,,Reliable Builders
Unkown,8500000,,1,1,Airoli,Navi Mumbai,19.1609103453837,72.9933968951486,Semi-Furnished,Apartment,0,0,10,Resale,Ready to Move,,Unknown
Unkown,4000000,400,1,1,,Navi Mumbai,,,Semi-Furnished,Apartment,0,0,0,Resale,Ready to Move,,Unknown
Arihant Arshiya,2250000,441,1,2,Khopoli,Navi Mumbai,18.7980131509559,73.3372686360754,Unfurnished,Apartment,0,17,2,Resale,Ready to Move,,Arihant Superstructures Ltd
Unkown,11700000,817,2,2,Sector 1 Kopar Khairane,Navi Mumbai,19.1093900764395,73.0062901038381,Unfurnished,Penthouse,0,0,1,Resale,Ready to Move,,Unknown
Wadhwa Wise City,6000000,,2,2,Panvel,Navi Mumbai,18.9894007,73.1175162,Unfurnished,Apartment,0,15,10,Resale,Under Construction,,The Wadhwa Group
Innovative Heights,12000000,750,2,2,Sector 35I Kharghar,Navi Mumbai,19.0707509842896,73.0729469960674,Semi-Furnished,Apartment,0,18,4,Resale,Ready to Move,,R K Builders and Developers
Unkown,7400000,,2,2,,Navi Mumbai,,,Unfurnished,Apartment,0,0,0,Resale,Ready to Move,,Unknown
Unkown,3400000,692,1,1,,Navi Mumbai,,,Semi-Furnished,Apartment,0,0,0,Resale,Under Construction,,Unknown
Mamta Residency,6000000,948,2,2,Taloja,Navi Mumbai,19.074076996436,73.1181841544665,Unfurnished,Apartment,0,9,6,Resale,Ready to Move,,Rachna Enterprises
Mamta Residency,5700000,778,2,2,Taloja,Navi Mumbai,19.074076996436,73.1181841544665,Unfurnished,Apartment,0,9,6,Resale,Ready to Move,,Rachna Enterprises
Aarti Gaurav,5200000,490,1,1,Ulwe,Navi Mumbai,18.9750941,73.052334,Unfurnished,Apartment,0,6,6,Resale,Ready to Move,,Gaurav Enterprises
Jain Darshan,6700000,745,2,2,Karanjade,Navi Mumbai,18.974265373985,73.1099196329075,Semi-Furnished,Apartment,0,6,2,Resale,Ready to Move,,Jain Enterprises
Today Ganesham,15000000,864,2,2,Ulwe,Navi Mumbai,18.9750941,73.052334,Furnished,Apartment,0,12,6,Resale,Ready to Move,,Today Homes & Infrastructure Pvt. Ltd.
Ganesh Park,5500000,666,1,2,Karanjade,Navi Mumbai,18.974265373985,73.1099196329075,,Apartment,0,19,2,Resale,Ready to Move,,Ansh Developers
Anmol Kavya,4300000,509,1,2,Karanjade,Navi Mumbai,18.974265373985,73.1099196329075,Unfurnished,Apartment,0,13,2,Resale,Ready to Move,,Anmol Developers
Chandra Darshan Hill View,4500000,464,1,1,Karanjade,Navi Mumbai,18.974265373985,73.1099196329075,Semi-Furnished,Apartment,0,13,2,Resale,Ready to Move,,Space India
Babas Pearl Height,13000000,1152,3,3,Kamothe,Navi Mumbai,19.0174101252323,73.0958540380712,Unfurnished,Apartment,0,14,3,Resale,Ready to Move,,Baba Homes Builders And Developers
Babas Pearl Height,11000000,664,3,3,Kamothe,Navi Mumbai,19.0174101252323,73.0958540380712,Unfurnished,Apartment,0,14,3,Resale,Ready to Move,,Baba Homes Builders And Developers
Shiv Corner,5100000,666,2,2,Taloja,Navi Mumbai,19.074076996436,73.1181841544665,Unfurnished,Apartment,0,14,6,Resale,Ready to Move,,Shiv Shakti Developer
Krishna Arcade,5200000,756,2,2,Taloja,Navi Mumbai,19.074076996436,73.1181841544665,Unfurnished,Apartment,0,9,6,Resale,Ready to Move,,MJ Enterprises
Jayavant Galaxy,4500000,403,1,1,Karanjade,Navi Mumbai,18.974265373985,73.1099196329075,Unfurnished,Apartment,0,13,2,Resale,Ready to Move,,Vaibhav Corporation Pvt. Ltd.
Siddhivinayak Garima,3200000,461,1,2,Taloja,Navi Mumbai,19.074076996436,73.1181841544665,Semi-Furnished,Apartment,0,19,6,Resale,Ready to Move,,SiddhiVinayak Homes
Bhaveshwar Apartment,7500000,792,2,2,Karanjade,Navi Mumbai,18.974265373985,73.1099196329075,Unfurnished,Apartment,0,16,2,Resale,Ready to Move,,Bhaveshwar Developers
Sai Pride,6300000,540,1,1,Kamothe,Navi Mumbai,19.0174101252323,73.0958540380712,Unfurnished,Apartment,0,9,3,Resale,Ready to Move,,Shree Sai Developers
Nimbeshwar Pinnacle,4650000,465,1,1,New Panvel,Navi Mumbai,19.0003258753664,73.1153385297118,Semi-Furnished,Apartment,0,3,5,Resale,Ready to Move,,Nimbeshwar Mahadev Group
Jai Sambhav LK Planet,3800000,421,1,1,Karanjade,Navi Mumbai,18.974265373985,73.1099196329075,Unfurnished,Apartment,0,5,2,Resale,Ready to Move,,Sambhav Group
Jijau CHS,7000000,648,2,1,Kamothe,Navi Mumbai,19.0174101252323,73.0958540380712,Unfurnished,Apartment,0,0,3,Resale,Ready to Move,,Manas Developers
Cidco Valley Shilp,9999999,720,2,2,Kharghar,Navi Mumbai,19.0656721198219,73.05961185164,Furnished,Apartment,0,0,8,Resale,Ready to Move,,Unknown
Marvel Amit CHS,7500000,842,2,2,Kalamboli,Navi Mumbai,19.0311212885643,73.1052711758489,Unfurnished,Apartment,0,10,5,Resale,Ready to Move,,Marvel Realtors
Today Royal Elisium,4900000,450,1,2,Karanjade,Navi Mumbai,18.974265373985,73.1099196329075,Furnished,Apartment,0,18,2,Resale,Ready to Move,,Today Royal Group & KD Corp
Aatmay Elixir,5500000,493,1,1,Ulwe,Navi Mumbai,18.9750941,73.052334,Unfurnished,Apartment,0,23,6,Resale,Ready to Move,,Vaishnavi Builder And Developer
Jijau CHS,8500000,740,2,2,Kamothe,Navi Mumbai,19.0174101252323,73.0958540380712,Unfurnished,Apartment,0,0,3,Resale,Ready to Move,,Manas Developers
Jijau CHS,8500000,740,2,2,Kamothe,Navi Mumbai,19.0174101252323,73.0958540380712,Unfurnished,Apartment,0,0,3,Resale,Ready to Move,,Manas Developers
Cidco Valley Shilp,10500000,713,2,2,Kharghar,Navi Mumbai,19.0656721198219,73.05961185164,Unfurnished,Apartment,0,0,8,Resale,Ready to Move,,Unknown
Shree Siddhivinayak Tower,19500000,835,2,2,Kopar Khairane,Navi Mumbai,19.1033695651723,73.0121586680414,Furnished,Apartment,0,10,10,Resale,Ready to Move,,Marvel Developer
Jewel Residency,3400000,464,1,1,New Panvel,Navi Mumbai,19.0003258753664,73.1153385297118,Unfurnished,Apartment,0,0,5,Resale,Ready to Move,,Unknown
Sai Prasad Residency,9500000,756,2,2,Khandeshhwar,Navi Mumbai,19.0101328272487,73.0960622725552,Unfurnished,Apartment,0,0,2,Resale,Ready to Move,,Sai Prasad Group
Vijay Pride,3400000,414,1,1,Taloja,Navi Mumbai,19.074076996436,73.1181841544665,Unfurnished,Apartment,0,8,6,Resale,Ready to Move,,Vijay Properties Builders & Developers
Today Royal Belantara,3200000,623,2,2,Rasayani,Navi Mumbai,18.8956516083249,73.1761766681785,Unfurnished,Apartment,0,0,4,Resale,Ready to Move,,Unknown
Today Royal Belantara,3500000,580,2,2,Rasayani,Navi Mumbai,18.8956516083249,73.1761766681785,Unfurnished,Apartment,0,0,4,Resale,Ready to Move,,Unknown
Royal Palms,4500000,638,2,2,Panvel,Navi Mumbai,18.9894007,73.1175162,Semi-Furnished,Apartment,0,0,10,Resale,Ready to Move,,Unknown
Platinum Emporius,14000000,850,2,2,Ulwe,Navi Mumbai,18.9750941,73.052334,Semi-Furnished,Apartment,0,18,6,Resale,Ready to Move,,Platinum Group
Parth Apartment,12000000,642,2,2,Kharghar,Navi Mumbai,19.0656721198219,73.05961185164,Semi-Furnished,Apartment,0,0,8,Resale,Ready to Move,,Unknown
Radhika CHS,8500000,446,1,1,Kopar Khairane,Navi Mumbai,19.1033695651723,73.0121586680414,Unfurnished,Apartment,0,0,10,Resale,Ready to Move,,Cooperative Group Housing Society
Arihant Anaika Phase II,3900000,453,1,1,Taloja,Navi Mumbai,19.074076996436,73.1181841544665,Unfurnished,Apartment,0,0,6,Resale,Ready to Move,,Unknown
Arihant Anaika Phase II,3400000,342,1,1,Taloja,Navi Mumbai,19.074076996436,73.1181841544665,Unfurnished,Apartment,0,0,6,Resale,Ready to Move,,Unknown
Arihant Anaika Phase II,3700000,425,1,1,Taloja,Navi Mumbai,19.074076996436,73.1181841544665,Unfurnished,Apartment,0,0,6,Resale,Ready to Move,,Unknown
Today Global Callisto,15000000,839,2,2,Ulwe,Navi Mumbai,18.9750941,73.052334,Semi-Furnished,Apartment,0,0,6,Resale,Ready to Move,,Unknown
JMD Orchid,4700000,396,1,1,Ulwe,Navi Mumbai,18.9750941,73.052334,Unfurnished,Apartment,0,0,6,Resale,Ready to Move,,Unknown
QN Greens,3500000,495,1,1,Taloja,Navi Mumbai,19.074076996436,73.1181841544665,Unfurnished,Apartment,0,15,6,Resale,Ready to Move,,Qualitas Naman Group
QN Greens,3650000,507,1,1,Taloja,Navi Mumbai,19.074076996436,73.1181841544665,Semi-Furnished,Apartment,0,15,6,Resale,Ready to Move,,Qualitas Naman Group
QN Greens,3800000,507,1,1,Taloja,Navi Mumbai,19.074076996436,73.1181841544665,Unfurnished,Apartment,0,15,6,Resale,Ready to Move,,Qualitas Naman Group
Arihant Aspire,6200000,394,1,1,Panvel,Navi Mumbai,18.9894007,73.1175162,Unfurnished,Apartment,0,11,10,Resale,Under Construction,,Arihant Superstructures Ltd.
Arihant Aspire,10500000,868,2,2,Panvel,Navi Mumbai,18.9894007,73.1175162,Unfurnished,Apartment,0,11,10,Resale,Under Construction,,Arihant Superstructures Ltd.
Future Heights,6300000,330,1,1,Panvel,Navi Mumbai,18.9894007,73.1175162,Unfurnished,Apartment,0,17,10,Resale,Ready to Move,,Future Homes Construction
Tejas Siddharth,4500000,451,1,2,Ulwe,Navi Mumbai,18.9750941,73.052334,Unfurnished,Apartment,0,0,6,Resale,Ready to Move,,Unknown
Adhiraj Capital City,12500000,767,2,2,Kharghar,Navi Mumbai,19.0656721198219,73.05961185164,Unfurnished,Apartment,0,23,8,Resale,Under Construction,,Adhiraj Constructions Pvt. Ltd.
Shankheshwar Heights,9500000,590,2,3,Kharghar,Navi Mumbai,19.0656721198219,73.05961185164,Unfurnished,Apartment,0,0,8,Resale,Ready to Move,,Unknown
Skyline Bhakti Heights,8500000,734,2,2,Ulwe,Navi Mumbai,18.9750941,73.052334,Unfurnished,Apartment,0,6,6,Resale,Ready to Move,,Skyline Infrastructure
Chinmay Gaurang,3900000,360,1,1,Panvel,Navi Mumbai,18.9894007,73.1175162,Unfurnished,Apartment,0,3,10,Resale,Ready to Move,,Shree Chinmay Gaurang Infrastructure
Today Global Utsav City,6500000,677,2,2,Panvel,Navi Mumbai,18.9894007,73.1175162,Unfurnished,Apartment,0,19,10,Resale,Under Construction,,Today Global Builders & Developers
Maruti Enclave CHS,4200000,360,1,1,Kharghar,Navi Mumbai,19.0656721198219,73.05961185164,Semi-Furnished,Apartment,0,0,8,Resale,Ready to Move,,Cooperative Group Housing Society
Shri Kaluram Complex,5600000,364,1,1,Kharghar,Navi Mumbai,19.0656721198219,73.05961185164,Unfurnished,Apartment,0,0,8,Resale,Ready to Move,,Unknown
Basant Bahar Apartment,8000000,522,2,2,Kamothe,Navi Mumbai,19.0174101252323,73.0958540380712,Semi-Furnished,Apartment,0,0,3,Resale,Ready to Move,,Unknown
Parth Apartment,11500000,642,2,2,Kharghar,Navi Mumbai,19.0656721198219,73.05961185164,Semi-Furnished,Apartment,0,0,8,Resale,Ready to Move,,Unknown
JMD Orchid,5000000,540,1,1,Ulwe,Navi Mumbai,18.9750941,73.052334,Furnished,Apartment,0,0,6,Resale,Ready to Move,,Unknown
Sulabh CHS,7500000,763,2,2,Kharghar,Navi Mumbai,19.0656721198219,73.05961185164,Semi-Furnished,Apartment,0,0,8,Resale,Ready to Move,,Cooperative Group Housing Society
QN Greens,5300000,515,1,2,Taloja,Navi Mumbai,19.074076996436,73.1181841544665,Semi-Furnished,Apartment,0,15,6,Resale,Ready to Move,,Qualitas Naman Group
Sapphire Heights,9200000,,2,2,Sector 34A Kharghar,Navi Mumbai,19.0692769058388,73.0815809344759,Unfurnished,Apartment,0,9,1,Resale,Ready to Move,,Patel Developers
Unkown,10500000,660,2,2,Forest Colony,Navi Mumbai,18.99133388,73.11810616,Semi-Furnished,Apartment,0,0,0,Resale,Ready to Move,,Unknown
Hindustan Celebrations,29500000,1600,3,4,Airoli,Navi Mumbai,19.1609103453837,72.9933968951486,,Penthouse,0,11,10,Resale,Ready to Move,1 Open,Hindustan Constructions
SF Trimurti Pride,6000000,,1,1,Kamothe,Navi Mumbai,19.0174101252323,73.0958540380712,Unfurnished,Apartment,0,0,3,Resale,Ready to Move,,Unknown
Unkown,2860000,,,,Khanda Colony,Navi Mumbai,19.0060589882185,73.1090163976725,,Residential Plot,0,0,3,Resale,,,Unknown
Haware Fantasia,3900000,98,,,Vashi,Navi Mumbai,19.0777155057838,73.0027923491613,Furnished,Commercial Shop,0,21,9,Resale,Ready to Move,,Haware Group
Innovative Galaxy,2900000,400,,1,Kharghar,Navi Mumbai,19.0656721198219,73.05961185164,Semi-Furnished,Studio Apartment,0,4,8,Resale,Ready to Move,,Innovative Construction Company
Unkown,3500000,,1,1,Nevali,Navi Mumbai,19.0236093353299,73.1291902751426,Semi-Furnished,Apartment,0,0,0,Resale,Ready to Move,,Unknown
Unkown,27500000,,3,3,Ulwe,Navi Mumbai,18.9750941,73.052334,Semi-Furnished,Apartment,0,0,6,Resale,Ready to Move,,Unknown
Gangadhar Tower,4200000,477,1,1,Kamothe,Navi Mumbai,19.0174101252323,73.0958540380712,Semi-Furnished,Apartment,0,0,3,Resale,Ready to Move,,Unknown
Unkown,9500000,420,1,1,Seawoods,Navi Mumbai,19.0134923674099,73.0176711021806,Unfurnished,Apartment,0,0,7,Resale,Ready to Move,,Unknown
Unkown,3200000,,1,1,Vihighar,Navi Mumbai,19.0030368758154,73.162279548643,Unfurnished,Apartment,0,0,0,Resale,Ready to Move,,Unknown
Ashirwad Apartment,16000000,750,2,2,Seawoods,Navi Mumbai,19.0134923674099,73.0176711021806,Unfurnished,Builder Floor Apartment,0,0,7,Resale,Ready to Move,102 Covered,Unknown
Unkown,2200000,240,1,1,Vashi,Navi Mumbai,19.0777155057838,73.0027923491613,Furnished,Apartment,0,0,9,Resale,Ready to Move,,Unknown
Nirvaana,6900000,900,2,2,New Panvel,Navi Mumbai,19.0003258753664,73.1153385297118,Semi-Furnished,Apartment,0,8,5,Resale,Ready to Move,,Nirvaana Developers
Unkown,3300000,300,1,1,Phase 1 Taloja,Navi Mumbai,19.0775674635419,73.0913385991051,Unfurnished,Apartment,0,0,1,New Property,Ready to Move,,Unknown
Indiabulls Daffodils Tower,23000000,,4,5,Panvel,Navi Mumbai,18.9894007,73.1175162,Unfurnished,Apartment,0,0,10,New Property,Ready to Move,,Indiabulls Real Estate Ltd.
Unkown,18500000,,2,2,,Navi Mumbai,,,Semi-Furnished,Apartment,0,0,0,Resale,Ready to Move,,Unknown
Unkown,5000000,,2,2,Khar Kopar,Navi Mumbai,18.9654436273347,73.0155095714941,Unfurnished,Builder Floor Apartment,0,0,0,Resale,Ready to Move,,Unknown
Kharghar Celebration KH4 Cooperative Housing Society,2700000,302,1,2,Vastu Vihar Road,Navi Mumbai,19.04381302,73.08134505,Unfurnished,Apartment,0,0,0,Resale,Ready to Move,1 Open,Unknown
Prayag Garden,4500000,500,2,1,Vichumbe,Navi Mumbai,18.9873582922948,73.1362091846528,Unfurnished,Apartment,0,9,0,Resale,Ready to Move,,Prayag Builders and Developers
Arihant 3 Anaika,3500000,,1,1,Taloja,Navi Mumbai,19.074076996436,73.1181841544665,Semi-Furnished,Apartment,0,9,6,Resale,Ready to Move,,Arihant Superstructures Ltd.
Arihant 3 Anaika,3700000,,1,1,Taloja,Navi Mumbai,19.074076996436,73.1181841544665,Unfurnished,Apartment,0,9,6,Resale,Ready to Move,,Arihant Superstructures Ltd.
Unkown,3200000,,2,2,Vihighar,Navi Mumbai,19.0030368758154,73.162279548643,Semi-Furnished,Apartment,0,0,0,Resale,,,Unknown
Unkown,1500000,,,,Khopoli,Navi Mumbai,18.7980131509559,73.3372686360754,,Residential Plot,0,0,2,Resale,,,Unknown
Mahaavir Majesty,7500000,,2,2,Ghot,Navi Mumbai,19.0866662303889,73.1139743468294,Furnished,Builder Floor Apartment,0,17,0,Resale,Ready to Move,1 Covered,Mahaavir Universal Homes Pvt. Ltd.
Unkown,2500000,590,2,1,Panvel,Navi Mumbai,18.9894007,73.1175162,Unfurnished,Villa,0,0,10,Resale,Ready to Move,,Unknown
Qualcon Greenwood Estate,2100000,460,1,2,Taloja,Navi Mumbai,19.074076996436,73.1181841544665,Unfurnished,Apartment,0,42,6,Resale,Ready to Move,,Qualcon Properties LLP
Unkown,9000000,260,,,Ghansoli,Navi Mumbai,19.1271933235627,72.9966520846173,Unfurnished,Commercial Shop,0,0,9,Resale,Ready to Move,,Unknown
Shiv Govind Apartment,15000000,,3,2,Kharghar,Navi Mumbai,19.0656721198219,73.05961185164,Unfurnished,Apartment,0,0,8,Resale,Ready to Move,,Unknown
Swapnapurti CHS,4400000,372,1,1,Kharghar,Navi Mumbai,19.0656721198219,73.05961185164,Unfurnished,Apartment,0,51,8,Resale,Ready to Move,,Cooperative Group Housing Society
Swapnapurti CHS,4100000,360,1,1,Kharghar,Navi Mumbai,19.0656721198219,73.05961185164,Unfurnished,Apartment,0,51,8,Resale,Ready to Move,,Cooperative Group Housing Society
Swapnapurti CHS,4400000,468,1,1,Kharghar,Navi Mumbai,19.0656721198219,73.05961185164,Semi-Furnished,Apartment,0,51,8,Resale,Ready to Move,,Cooperative Group Housing Society
Aaiji Park,4800000,467,1,1,Karanjade,Navi Mumbai,18.974265373985,73.1099196329075,Unfurnished,Apartment,0,0,2,Resale,Ready to Move,,Om Sai Enterprises
Shikhar CHS,7850000,537,2,2,Sector 11 Kharghar,Navi Mumbai,19.038414,73.070319,Semi-Furnished,Apartment,0,0,1,Resale,Ready to Move,,Cooperative Group Housing Society
Satyam Aura,5500000,425,1,1,Jawle,Navi Mumbai,18.95892609,73.02945967,Unfurnished,Apartment,0,4,0,Resale,Ready to Move,,Satyam Developers
Today Royal Belantara,2500000,288,1,1,Rasayani,Navi Mumbai,18.8956516083249,73.1761766681785,Unfurnished,Apartment,0,0,4,Resale,Ready to Move,,Unknown
Sankalp Siddhi,4475000,,1,2,Karanjade,Navi Mumbai,18.974265373985,73.1099196329075,Unfurnished,Apartment,0,3,2,New Property,Under Construction,,Sankalp Realty
Sankalp Siddhi,4000000,,1,1,Karanjade,Navi Mumbai,18.974265373985,73.1099196329075,Unfurnished,Apartment,0,3,2,New Property,Under Construction,,Sankalp Realty
Sankalp Siddhi,3750000,,1,1,Karanjade,Navi Mumbai,18.974265373985,73.1099196329075,Unfurnished,Apartment,0,3,2,New Property,Under Construction,,Sankalp Realty
Proviso Sai Proviso Sapphire,5400000,,1,2,Roadpali,Navi Mumbai,19.0385501152056,73.0962748008091,Unfurnished,Apartment,0,8,2,New Property,Ready to Move,,Proviso Group
MGM Residency,5000000,432,1,1,Ulwe,Navi Mumbai,18.9750941,73.052334,Unfurnished,Apartment,0,0,6,Resale,Ready to Move,,Unknown
MGM Residency,3700000,288,1,2,Ulwe,Navi Mumbai,18.9750941,73.052334,Semi-Furnished,Apartment,0,0,6,Resale,Ready to Move,,Unknown
Dhanashree CHS,4400000,432,1,2,Kharghar,Navi Mumbai,19.0656721198219,73.05961185164,Unfurnished,Apartment,0,0,8,Resale,Ready to Move,,Cooperative Group Housing Society
Cidco Unnati,4500000,288,1,1,Ulwe,Navi Mumbai,18.9750941,73.052334,Unfurnished,Apartment,0,0,6,Resale,Ready to Move,,Cidco
Arihant 3 Anaika,3500000,462,1,2,Taloja,Navi Mumbai,19.074076996436,73.1181841544665,Unfurnished,Apartment,0,9,6,Resale,Ready to Move,,Arihant Superstructures Ltd.
Arihant 3 Anaika,3400000,437,1,1,Taloja,Navi Mumbai,19.074076996436,73.1181841544665,Unfurnished,Apartment,0,9,6,Resale,Ready to Move,,Arihant Superstructures Ltd.
Arihant 3 Anaika,3300000,438,1,1,Taloja,Navi Mumbai,19.074076996436,73.1181841544665,Unfurnished,Apartment,0,9,6,Resale,Ready to Move,,Arihant Superstructures Ltd.
Arihant 3 Anaika,4200000,463,1,1,Phase 2 Taloja,Navi Mumbai,19.0724911057852,73.0995037912802,Unfurnished,Apartment,0,9,0,Resale,Ready to Move,,Arihant Superstructures Ltd.
Riddhi Siddhi Exotica,5400000,490,1,1,Ulwe,Navi Mumbai,18.9750941,73.052334,Unfurnished,Apartment,0,0,6,Resale,Ready to Move,,Om Sai Riddhi Siddhi Developers
QN Greens,5000000,688,2,2,Taloja,Navi Mumbai,19.074076996436,73.1181841544665,Semi-Furnished,Apartment,0,15,6,Resale,Ready to Move,,Qualitas Naman Group
Krushna Kunj,4300000,720,1,1,Taloja,Navi Mumbai,19.074076996436,73.1181841544665,Unfurnished,Apartment,0,17,6,Resale,Ready to Move,,Krushna Dham Builders & Developers
Bombay Castle,3900000,490,1,1,Dronagiri,Navi Mumbai,18.8598511200022,72.9380988664184,Semi-Furnished,Apartment,0,15,2,Resale,Ready to Move,,Bombay Developers
Tharwani Residency,6800000,478,1,1,Kamothe,Navi Mumbai,19.0174101252323,73.0958540380712,Semi-Furnished,Apartment,0,0,3,Resale,Ready to Move,,Tharwani Construction Pvt. Ltd.
Moraj RiverView,4600000,396,1,2,Panvel,Navi Mumbai,18.9894007,73.1175162,Semi-Furnished,Apartment,0,0,10,Resale,Ready to Move,,Moraj Infratech Builders
Aditya Heights,7700000,756,2,2,Kamothe,Navi Mumbai,19.0174101252323,73.0958540380712,Semi-Furnished,Apartment,0,0,3,Resale,Ready to Move,,Unknown
Shanti Harmony,3500000,504,1,2,New Panvel,Navi Mumbai,19.0003258753664,73.1153385297118,Semi-Furnished,Apartment,0,0,5,Resale,Ready to Move,,Shanti Developers
Shanti Harmony,3600000,518,1,2,New Panvel,Navi Mumbai,19.0003258753664,73.1153385297118,Unfurnished,Apartment,0,0,5,Resale,Ready to Move,,Shanti Developers
Lodha Codename Golden Dream,2700000,324,1,1,Taloja,Navi Mumbai,19.074076996436,73.1181841544665,Unfurnished,Apartment,0,19,6,Resale,Ready to Move,,Lodha Developers Limited
Swastik Towers,7000000,414,1,1,Panvel,Navi Mumbai,18.9894007,73.1175162,Unfurnished,Apartment,0,4,10,Resale,Ready to Move,,GrowHomes
Prayag Galaxy,4500000,500,1,1,New Panvel,Navi Mumbai,19.0003258753664,73.1153385297118,Unfurnished,Apartment,0,21,5,New Property,Ready to Move,,Prayag Builders
Unkown,8399000,750,2,2,Kalamboli,Navi Mumbai,19.0311212885643,73.1052711758489,Semi-Furnished,Apartment,0,0,5,Resale,Ready to Move,858 Open,Unknown
Mohan Palms,28500000,1000,3,2,Nerul,Navi Mumbai,19.034973,73.02228,Unfurnished,Apartment,0,27,8,Resale,Ready to Move,,V. M. Constructions
Moraj RiverView,5500000,371,1,1,Panvel,Navi Mumbai,18.9894007,73.1175162,Unfurnished,Apartment,0,0,10,Resale,Ready to Move,,Moraj Infratech Builders
Dream Paradise,13000000,588,2,2,Sector 9 Ulwe,Navi Mumbai,18.9714376482715,73.0180411108987,Unfurnished,Apartment,0,0,0,Resale,Ready to Move,2 Covered,Unknown
Sai Raj Paradise,8000000,814,2,2,Sai Nagar Panvel,Navi Mumbai,18.99454144,73.10029238,Unfurnished,Apartment,0,0,0,Resale,Ready to Move,1 Covered,Super Constructions
Indiabulls Greens Panvel,8000000,750,2,2,Sawala Apta Road,Navi Mumbai,18.95105927,73.15088738,Unfurnished,Apartment,0,56,0,Resale,Ready to Move,,Indiabulls Greens
Unkown,12000000,400,,,Kopar Khairane,Navi Mumbai,19.1033695651723,73.0121586680414,Unfurnished,Commercial Shop,0,0,10,Resale,Ready to Move,,Unknown
Unkown,4500000,,1,1,,Navi Mumbai,,,Semi-Furnished,Apartment,0,0,0,Resale,Ready to Move,,Unknown
Today Global Aamod,5000000,393,1,1,Panvel,Navi Mumbai,18.9894007,73.1175162,Unfurnished,Apartment,0,26,10,Resale,Ready to Move,,Today Global Group
Unkown,58500000,3000,5,5,Sector 17 Nerul,Navi Mumbai,19.0345288521898,73.0231001033685,Semi-Furnished,Villa,0,0,0,Resale,Ready to Move,,Unknown
Unkown,75000000,,5,5,Sector 5 Kharghar,Navi Mumbai,19.0347248284545,73.0584022894259,Unfurnished,Residential House,0,0,0,Resale,Ready to Move,,Unknown
Vishwa Highlands,8000000,650,2,2,Kamothe,Navi Mumbai,19.0174101252323,73.0958540380712,Unfurnished,Apartment,0,4,3,Resale,Ready to Move,,Life Group
Unkown,1400000,,,1,Kharghar,Navi Mumbai,19.0656721198219,73.05961185164,Unfurnished,Studio Apartment,0,0,8,Resale,Ready to Move,,Unknown
Radhey Residency 2,4000000,450,1,1,New Panvel,Navi Mumbai,19.0003258753664,73.1153385297118,Unfurnished,Apartment,0,22,5,Resale,Ready to Move,,Radhey Properties Builders
Balaji Complex Lawjee,4000000,,,,Khopoli,Navi Mumbai,18.7980131509559,73.3372686360754,,Residential Plot,0,1,2,Resale,,,Space India Builders & Developers
Akshar Panchratna,22500000,760,2,2,Sector 9,Navi Mumbai,19.03948439,73.02406265,Unfurnished,Apartment,0,6,0,Resale,Ready to Move,,Akshar Builders
Meghna Solitaire,5500000,725,2,2,Sector 11 Taloja Panchanand,Navi Mumbai,19.0755484982864,73.0922985145143,Unfurnished,Apartment,0,10,0,Resale,Ready to Move,,Meghna Builders Pvt. Ltd.
Valley Shilp,9300000,,2,2,Sector 36 Kamothe,Navi Mumbai,19.0248120846853,73.0906842633753,Semi-Furnished,Apartment,0,7,1,Resale,Ready to Move,,Cidco
Arihant Amisha,4000000,,1,1,Taloja,Navi Mumbai,19.074076996436,73.1181841544665,Unfurnished,Apartment,0,25,6,Resale,Ready to Move,,Arihant Group
Classic Tower,7000000,,2,2,Taloja,Navi Mumbai,19.074076996436,73.1181841544665,Unfurnished,Apartment,0,24,6,Resale,Ready to Move,1 Covered,S R Developers
Unkown,4000000,106,,1,Sector 30A Vashi,Navi Mumbai,19.066787,73.004776,Furnished,Commercial Office Space,0,0,0,Resale,Ready to Move,1 Open,Unknown
Today Global Anandam,6500000,,1,2,Kharghar,Navi Mumbai,19.0656721198219,73.05961185164,Semi-Furnished,Apartment,0,1,8,Resale,Ready to Move,,Today Global Builders & Developers
Royal Meadows,5500000,1154,3,2,New Panvel,Navi Mumbai,19.0003258753664,73.1153385297118,Unfurnished,Apartment,0,11,5,Resale,Ready to Move,,Royale Realtors
Unkown,11000000,,2,2,Uran,Navi Mumbai,18.8763656322669,72.9355372705729,Unfurnished,Apartment,0,0,5,Resale,Ready to Move,,Unknown
Unkown,22500000,,2,3,Sector 8 Airoli,Navi Mumbai,19.1441599002955,72.9937602196457,Unfurnished,Residential House,0,0,1,Resale,Ready to Move,1 Open,Unknown
Pratik Heritage,4400000,,1,2,Karanjade,Navi Mumbai,18.974265373985,73.1099196329075,Unfurnished,Apartment,0,3,2,Resale,Ready to Move,,Ashiana Buildcon
Prathamesh Park,7000000,,2,2,Kharghar,Navi Mumbai,19.0656721198219,73.05961185164,Semi-Furnished,Apartment,0,8,8,Resale,Ready to Move,1 Open,Prathamesh Infrastructures
Unkown,14500000,558,2,2,Sector 28 Nerul,Navi Mumbai,19.0264926214343,73.0169927645613,Unfurnished,Apartment,0,0,0,Resale,Ready to Move,,Unknown
Tulip Plaza CHS,8500000,888,2,2,Kharghar,Navi Mumbai,19.0656721198219,73.05961185164,Unfurnished,Apartment,0,0,8,Resale,Ready to Move,,Cooperative Group Housing Society
Vishesh Balaji Symphony,5520000,439,1,1,Panvel,Navi Mumbai,18.9894007,73.1175162,Semi-Furnished,Apartment,0,36,10,Resale,Ready to Move,,Vishesh Group
Vishesh Balaji Symphony,5500000,454,1,1,Panvel,Navi Mumbai,18.9894007,73.1175162,Semi-Furnished,Apartment,0,36,10,Resale,Ready to Move,,Vishesh Group
Vishesh Balaji Symphony,6000000,454,1,1,Panvel,Navi Mumbai,18.9894007,73.1175162,Semi-Furnished,Apartment,0,36,10,Resale,Ready to Move,,Vishesh Group
Vishesh Balaji Symphony,7000000,580,2,1,New Panvel,Navi Mumbai,19.0003258753664,73.1153385297118,Furnished,Apartment,0,36,5,Resale,Ready to Move,,Vishesh Group
Vishesh Balaji Symphony,5200000,454,1,1,Panvel,Navi Mumbai,18.9894007,73.1175162,Semi-Furnished,Apartment,0,36,10,Resale,Ready to Move,,Vishesh Group
Vishesh Balaji Symphony,8200000,760,2,2,New Panvel East,Navi Mumbai,18.998631,73.120102,Unfurnished,Apartment,0,36,3,Resale,Ready to Move,,Vishesh Group
Vishesh Balaji Symphony,8850000,580,2,2,Panvel,Navi Mumbai,18.9894007,73.1175162,Semi-Furnished,Apartment,0,36,10,Resale,Ready to Move,,Vishesh Group
Vishesh Balaji Symphony,5450000,439,1,1,Panvel,Navi Mumbai,18.9894007,73.1175162,Furnished,Apartment,0,36,10,Resale,Ready to Move,,Vishesh Group
Vishesh Balaji Symphony,7000000,454,1,1,Panvel,Navi Mumbai,18.9894007,73.1175162,Semi-Furnished,Apartment,0,36,10,Resale,Ready to Move,,Vishesh Group
Vishesh Balaji Symphony,9500000,760,2,2,Panvel,Navi Mumbai,18.9894007,73.1175162,Unfurnished,Apartment,0,36,10,Resale,Ready to Move,,Vishesh Group
Vishesh Balaji Symphony,5100000,301,1,1,Panvel,Navi Mumbai,18.9894007,73.1175162,Semi-Furnished,Apartment,0,36,10,Resale,Ready to Move,,Vishesh Group
Vishesh Balaji Symphony,7600000,580,2,1,Panvel,Navi Mumbai,18.9894007,73.1175162,Furnished,Apartment,0,36,10,Resale,Ready to Move,,Vishesh Group
Vishesh Balaji Symphony,8500000,760,2,2,Panvel,Navi Mumbai,18.9894007,73.1175162,Unfurnished,Apartment,0,36,10,Resale,Ready to Move,,Vishesh Group
Vishesh Balaji Symphony,6000000,454,1,1,Panvel,Navi Mumbai,18.9894007,73.1175162,Unfurnished,Apartment,0,36,10,Resale,Ready to Move,,Vishesh Group
Vishesh Balaji Symphony,10000000,760,2,2,Panvel,Navi Mumbai,18.9894007,73.1175162,Unfurnished,Apartment,0,36,10,Resale,Ready to Move,,Vishesh Group
Vishesh Balaji Symphony,9000000,778,2,2,Panvel,Navi Mumbai,18.9894007,73.1175162,Unfurnished,Apartment,0,36,10,Resale,Ready to Move,,Vishesh Group
Vishesh Balaji Symphony,5250000,454,1,1,Panvel,Navi Mumbai,18.9894007,73.1175162,Semi-Furnished,Apartment,0,36,10,Resale,Ready to Move,,Vishesh Group
Vishesh Balaji Symphony,6000000,475,1,1,Panvel,Navi Mumbai,18.9894007,73.1175162,Unfurnished,Apartment,0,36,10,Resale,Ready to Move,,Vishesh Group
Vishesh Balaji Symphony,6000000,454,1,1,New Panvel,Navi Mumbai,19.0003258753664,73.1153385297118,Unfurnished,Apartment,0,36,5,Resale,Under Construction,,Vishesh Group
Vishesh Balaji Symphony,5900000,439,1,2,Panvel,Navi Mumbai,18.9894007,73.1175162,Unfurnished,Apartment,0,36,10,Resale,Ready to Move,,Vishesh Group
Platinum Aura,9000000,763,2,2,Roadpali,Navi Mumbai,19.0385501152056,73.0962748008091,Furnished,Apartment,0,11,2,Resale,Ready to Move,,Platinum Group
Platinum Aura,8700000,713,2,2,Roadpali,Navi Mumbai,19.0385501152056,73.0962748008091,Unfurnished,Apartment,0,11,2,Resale,Ready to Move,,Platinum Group
Arihant Amisha,3700000,706,2,2,Taloja,Navi Mumbai,19.074076996436,73.1181841544665,Unfurnished,Apartment,0,25,6,Resale,Ready to Move,,Arihant Group
Arihant Amisha,3700000,655,2,2,Taloja,Navi Mumbai,19.074076996436,73.1181841544665,Unfurnished,Apartment,0,25,6,Resale,Ready to Move,,Arihant Group
Arihant Amisha,3000000,374,1,1,Taloja,Navi Mumbai,19.074076996436,73.1181841544665,Semi-Furnished,Apartment,0,25,6,Resale,Ready to Move,,Arihant Group
Arihant Amisha,3800000,655,2,2,Taloja,Navi Mumbai,19.074076996436,73.1181841544665,Unfurnished,Apartment,0,25,6,Resale,Ready to Move,,Arihant Group
Kinjal Paradise,11500000,946,2,2,Kharghar,Navi Mumbai,19.0656721198219,73.05961185164,Unfurnished,Apartment,0,6,8,Resale,Ready to Move,,Sunrise Buildcon
Galaxy Orion,9000000,770,2,2,Kharghar,Navi Mumbai,19.0656721198219,73.05961185164,Unfurnished,Apartment,0,10,8,Resale,Ready to Move,,Galaxy Developers
Sai Jewels,14400000,893,2,2,Kharghar,Navi Mumbai,19.0656721198219,73.05961185164,Semi-Furnished,Apartment,0,9,8,Resale,Ready to Move,,PARADISE GROUP BUILDERS & DEVELOPERS
Maple Hills,11000000,562,2,2,Kharghar,Navi Mumbai,19.0656721198219,73.05961185164,Semi-Furnished,Apartment,0,19,8,Resale,Ready to Move,,Bhoomi Homes
Kapil Vastu Apartment,7500000,585,2,2,Sanpada,Navi Mumbai,19.0583094914648,73.0164374121942,Unfurnished,Apartment,0,0,9,Resale,Ready to Move,,Shree Developers
Krishn Kanhaiya CHS,6200000,433,1,1,Airoli,Navi Mumbai,19.1609103453837,72.9933968951486,Unfurnished,Apartment,0,0,10,Resale,Ready to Move,,Cooperative Group Housing Society
Hiranandani Fortune City,21000000,1397,3,3,Panvel,Navi Mumbai,18.9894007,73.1175162,Unfurnished,Apartment,0,35,10,Resale,Ready to Move,,Hiranandani Group
Ganga Ornate ,7500000,544,2,2,Kharghar,Navi Mumbai,19.0656721198219,73.05961185164,Unfurnished,Apartment,0,0,8,Resale,Ready to Move,,Unknown
Saomya Fortune Belleza,4200000,491,1,1,Panvel,Navi Mumbai,18.9894007,73.1175162,Semi-Furnished,Apartment,0,13,10,Resale,Ready to Move,,Saomya Fortune Infra Ventures
Paradise Sai World Empire,28000000,,3,3,Sector 36 Kharghar,Navi Mumbai,19.0719499906313,73.080639190968,Unfurnished,Apartment,0,59,0,Resale,Ready to Move,,Paradise Group
Unkown,5500000,400,1,1,Sector 19 Kopar Khairane,Navi Mumbai,19.1052526930733,72.9995718033151,Semi-Furnished,Apartment,0,0,0,Resale,Ready to Move,,Unknown
Rachana Enclave,7700000,400,1,2,Kharghar,Navi Mumbai,19.0656721198219,73.05961185164,Unfurnished,Apartment,0,42,8,Resale,Ready to Move,,Rachana Lifespaces
Bianca,6900000,792,2,2,Kalamboli,Navi Mumbai,19.0311212885643,73.1052711758489,Semi-Furnished,Apartment,0,17,5,Resale,Ready to Move,,AP Realty Ltd.
Mahalaxmi Aangan,1780000,366,1,2,Panvel,Navi Mumbai,18.9894007,73.1175162,Unfurnished,Apartment,0,4,10,Resale,Ready to Move,,Unknown
Sankalp Siddhi,3750000,,1,1,Karanjade,Navi Mumbai,18.974265373985,73.1099196329075,Unfurnished,Apartment,0,3,2,New Property,Under Construction,,Sankalp Realty
Satyam Bellagio,21000000,648,2,2,Sanpada,Navi Mumbai,19.0583094914648,73.0164374121942,Unfurnished,Apartment,0,5,9,Resale,Ready to Move,,Satyam Developers
Cidco Unnati,4500000,324,1,1,Sector 19B Ulwe,Navi Mumbai,18.9717998938419,73.0246980875072,Unfurnished,Apartment,0,0,1,Resale,Ready to Move,,Cidco
Sai Proviso Icon,5500000,526,1,2,Roadpali,Navi Mumbai,19.0385501152056,73.0962748008091,Semi-Furnished,Apartment,0,13,2,Resale,Under Construction,,Proviso Group
Tharwani Residency,6200000,454,1,1,Kamothe,Navi Mumbai,19.0174101252323,73.0958540380712,Semi-Furnished,Apartment,0,0,3,Resale,Ready to Move,,Tharwani Construction Pvt. Ltd.
Bhagwati Greens 3,14000000,,2,3,Sector 23 Kharghar,Navi Mumbai,19.0572037585355,73.0675746299707,Semi-Furnished,Apartment,0,23,1,New Property,Under Construction,,Bhagwati Group
S M Corner,4000000,648,2,1,Taloja,Navi Mumbai,19.074076996436,73.1181841544665,Furnished,Apartment,0,7,6,Resale,Ready to Move,,SM Associates
Balaji Mayuresh Delta,11276500,,2,2,Ulwe,Navi Mumbai,18.9750941,73.052334,Unfurnished,Apartment,0,6,6,New Property,Ready to Move,,Balaji Group
Aditya Complex,3200000,292,1,1,Kamothe,Navi Mumbai,19.0174101252323,73.0958540380712,Unfurnished,Apartment,0,0,3,Resale,Ready to Move,,Unknown
Proviso Sai Proviso Sapphire,8500000,749,2,2,Roadpali,Navi Mumbai,19.0385501152056,73.0962748008091,Unfurnished,Apartment,0,8,2,Resale,Under Construction,,Proviso Group
Shelter Empire,15500000,1076,3,3,Kharghar,Navi Mumbai,19.0656721198219,73.05961185164,Semi-Furnished,Apartment,0,13,8,Resale,Ready to Move,,Shelter Builders & Developers
Harmony Garden,2600000,432,1,1,New Panvel East,Navi Mumbai,18.998631,73.120102,Semi-Furnished,Apartment,0,18,3,Resale,Ready to Move,,Harmony Homes Creation
Jindal Residency,4750000,,1,2,Old Panvel,Navi Mumbai,18.9866237154805,73.1078262369691,Unfurnished,Apartment,0,6,4,New Property,Under Construction,,Jindal Builder
Jindal Residency,4550000,,1,2,Panvel,Navi Mumbai,18.9894007,73.1175162,Unfurnished,Apartment,0,6,10,New Property,Ready to Move,,Jindal Builder
Mahalaxmi City ,2500000,396,1,1,Panvel,Navi Mumbai,18.9894007,73.1175162,Unfurnished,Apartment,0,0,10,Resale,Ready to Move,,Unknown
Emerald Bay,80800000,,4,4,Nerul,Navi Mumbai,19.034973,73.02228,Unfurnished,Apartment,0,0,8,New Property,Ready to Move,,Maithili Group
Shiv Bhoomi,5500000,482,1,2,Kharghar,Navi Mumbai,19.0656721198219,73.05961185164,Unfurnished,Apartment,0,12,8,Resale,Ready to Move,,Rushi Construction
Enkay Classic,11000000,848,2,2,Ulwe,Navi Mumbai,18.9750941,73.052334,Furnished,Apartment,0,12,6,Resale,Ready to Move,,Enkay Life Realtors Pvt. Ltd.
Chandra Darshan Hill View,3800000,464,1,1,Karanjade,Navi Mumbai,18.974265373985,73.1099196329075,Unfurnished,Apartment,0,13,2,Resale,Ready to Move,,Space India
Vatsal Paradise,2300000,460,1,1,Taloja,Navi Mumbai,19.074076996436,73.1181841544665,Unfurnished,Apartment,0,0,6,Resale,Ready to Move,,VUB Group
Unkown,50000000,,2,2,,Navi Mumbai,,,Furnished,Apartment,0,0,0,Resale,Ready to Move,,Unknown
Akshar Business Park,56000000,2040,,1,Sector 25 Vashi,Navi Mumbai,19.08839612,73.01627586,Furnished,Office in IT Park/ SEZ,0,32,0,Resale,Ready to Move,2 Covered,Akshar Developers
Unkown,1700000,230,1,1,,Navi Mumbai,,,Unfurnished,Apartment,0,0,0,Resale,Ready to Move,,Unknown
Moreshwar 19 East,26500000,708,2,2,Nerul East,Navi Mumbai,19.0324331484139,73.0198496617469,Unfurnished,Apartment,0,7,2,Resale,Ready to Move,,Moreshwar Developers
Unkown,7000000,,2,2,,Navi Mumbai,,,Unfurnished,Apartment,0,0,0,Resale,Ready to Move,,Unknown
Unkown,3500000,450,1,1,Khopoli,Navi Mumbai,18.7980131509559,73.3372686360754,Unfurnished,Apartment,0,0,2,Resale,Ready to Move,3 Open,Unknown
Arihant Aspire,12000000,732,2,2,Panvel,Navi Mumbai,18.9894007,73.1175162,Unfurnished,Apartment,0,11,10,Resale,Ready to Move,,Arihant Superstructures Ltd.
Imperial Crest,7500000,,2,2,Taloja,Navi Mumbai,19.074076996436,73.1181841544665,Semi-Furnished,Apartment,0,17,6,Resale,Under Construction,,SURYAKIRAN ENTERPRISES
Unkown,8100000,750,2,2,Panvel,Navi Mumbai,18.9894007,73.1175162,Unfurnished,Apartment,0,0,10,Resale,Ready to Move,,Unknown
Quality Planet,4500000,430,1,1,Sector 20 Taloje Panchanand,Navi Mumbai,19.06895539,73.09654213,Unfurnished,Apartment,0,15,0,Resale,Ready to Move,2 Open,Quality Developer
QN Greens,6500000,1068,2,2,Koyana Velhe,Navi Mumbai,19.0805274,73.1132386,Unfurnished,Apartment,0,15,0,Resale,Ready to Move,,Qualitas Naman Group
Lucky complex,2000000,,,1,Taloja,Navi Mumbai,19.074076996436,73.1181841544665,Unfurnished,Studio Apartment,0,6,6,Resale,Ready to Move,,Ravriya Group
Wadhwa Wise City,4300000,,,1,Panvel,Navi Mumbai,18.9894007,73.1175162,Unfurnished,Studio Apartment,0,15,10,Resale,Ready to Move,,The Wadhwa Group
Juhi Pride,1500000,,1,1,CBD Belapur,Navi Mumbai,19.0190788324849,73.0384581174593,Unfurnished,Apartment,0,7,9,Resale,Ready to Move,,Juhi Developers
Unkown,7700000,,1,1,,Navi Mumbai,,,Semi-Furnished,Apartment,0,0,0,Resale,Ready to Move,,Unknown
Emperia Hill Crest,4500000,420,1,2,Panvel,Navi Mumbai,18.9894007,73.1175162,Semi-Furnished,Apartment,0,14,10,Resale,Under Construction,,Emperia Builtcon
Aakar Residency,5500000,,2,2,Taloja,Navi Mumbai,19.074076996436,73.1181841544665,Furnished,Apartment,0,7,6,Resale,Ready to Move,,Aakar Developers
Shah And Chheda Mahavir Ornate,37500000,1800,4,4,Sector 11 Kopar Khairane,Navi Mumbai,19.0938366484403,73.0122927409262,Semi-Furnished,Apartment,0,0,2,Resale,Ready to Move,2 Covered,Unknown
Unkown,26000000,,6,6,,Navi Mumbai,,,Semi-Furnished,Residential House,0,0,0,Resale,Ready to Move,,Unknown
Dweepmala Baline Royale,4500000,,1,1,Taloja,Navi Mumbai,19.074076996436,73.1181841544665,Semi-Furnished,Apartment,0,30,6,Resale,Ready to Move,,Dweepmala Developers
Enkay Garden,3020000,,2,2,Taloja Panchanand,Navi Mumbai,19.0786912120664,73.0924195199983,Unfurnished,Apartment,0,20,0,New Property,Ready to Move,1 Open,Enkay Homes Ltd.
Vishesh Balaji Avvante,4000000,416,1,2,Panvel,Navi Mumbai,18.9894007,73.1175162,Unfurnished,Apartment,0,34,10,Resale,Ready to Move,,Vishesh Greenscape LLP
Vardhman Plaza,7700000,670,2,2,Roadpali,Navi Mumbai,19.0385501152056,73.0962748008091,Semi-Furnished,Apartment,0,11,2,Resale,Ready to Move,,Unknown
Akshar Silvercrest,6500000,,1,1,Khandeshhwar,Navi Mumbai,19.0101328272487,73.0960622725552,Unfurnished,Apartment,0,42,2,Resale,Ready to Move,,Akshar Group
Unkown,28000000,,,,New Panvel,Navi Mumbai,19.0003258753664,73.1153385297118,,Residential Plot,0,0,5,Resale,,,Unknown
Vishesh Balaji Symphony,6500000,365,1,1,New Panvel,Navi Mumbai,19.0003258753664,73.1153385297118,Semi-Furnished,Apartment,0,36,5,Resale,Ready to Move,1 Covered,Vishesh Group
Unkown,3500000,,2,1,New Panvel,Navi Mumbai,19.0003258753664,73.1153385297118,Unfurnished,Apartment,0,0,5,Resale,Ready to Move,,Unknown
Mahaavir Majesty,4000000,,1,1,Taloja,Navi Mumbai,19.074076996436,73.1181841544665,Unfurnished,Apartment,0,17,6,Resale,Ready to Move,,Mahaavir Universal Homes Pvt. Ltd.
Sun Elite,5100000,427,1,1,Ulwe,Navi Mumbai,18.9750941,73.052334,Unfurnished,Apartment,0,0,6,Resale,Ready to Move,,Unknown
Oasis Nest,5200000,,1,1,Ulwe,Navi Mumbai,18.9750941,73.052334,Semi-Furnished,Apartment,0,0,6,Resale,Ready to Move,,Oasis Builder and Developers
Bhaweshwar Heights,3800000,446,1,1,Panvel,Navi Mumbai,18.9894007,73.1175162,Unfurnished,Apartment,0,6,10,Resale,Ready to Move,,Anita Developers
Adhiraj Constructions Township,5500000,479,2,2,Kharghar,Navi Mumbai,19.0656721198219,73.05961185164,Unfurnished,Apartment,0,17,8,Resale,Under Construction,,Adhiraj Codename Capital City
Green Heaven Residency,3800000,625,2,2,Panvel,Navi Mumbai,18.9894007,73.1175162,Semi-Furnished,Apartment,0,0,10,Resale,Ready to Move,,Unknown
Krishna Tower,8000000,864,2,2,Kharghar,Navi Mumbai,19.0656721198219,73.05961185164,Unfurnished,Apartment,0,27,8,Resale,Ready to Move,,Krishna Enterprise
Yash Heights,9200000,828,2,2,Ulwe,Navi Mumbai,18.9750941,73.052334,Furnished,Apartment,0,11,6,Resale,Ready to Move,,Yash Developers
Dweepmala Baline Residency,6800000,738,2,2,Taloja,Navi Mumbai,19.074076996436,73.1181841544665,Semi-Furnished,Apartment,0,27,6,Resale,Ready to Move,,Dweepmala Developers
Dweepmala Baline Residency,8500000,828,2,2,Taloja,Navi Mumbai,19.074076996436,73.1181841544665,Furnished,Apartment,0,27,6,Resale,Ready to Move,,Dweepmala Developers
Dweepmala Baline Residency,7000000,828,2,2,Taloja,Navi Mumbai,19.074076996436,73.1181841544665,Unfurnished,Apartment,0,27,6,Resale,Ready to Move,,Dweepmala Developers
Bhoomi Gardernia,5100000,497,1,1,Roadpali,Navi Mumbai,19.0385501152056,73.0962748008091,Unfurnished,Apartment,0,17,2,Resale,Ready to Move,,Gajra Developers Ltd
Phoniex Heights,9000000,792,2,2,Roadpali,Navi Mumbai,19.0385501152056,73.0962748008091,Unfurnished,Apartment,0,17,2,Resale,Ready to Move,,Vision Associate
Fortune Springs,6500000,324,1,2,Kharghar,Navi Mumbai,19.0656721198219,73.05961185164,Unfurnished,Apartment,0,17,8,Resale,Ready to Move,,Fortune Developers
Proviso Corner,15000000,914,3,2,Sector 23 Ulwe,Navi Mumbai,18.9787366471365,73.0347665307859,Semi-Furnished,Apartment,0,35,0,Resale,Ready to Move,,Proviso Group
Kalash Park,3750000,468,1,1,Panvel,Navi Mumbai,18.9894007,73.1175162,Unfurnished,Apartment,0,15,10,Resale,Ready to Move,,Aastha Group
Bhoomi Trivas,6000000,486,1,1,Kharghar,Navi Mumbai,19.0656721198219,73.05961185164,Unfurnished,Apartment,0,5,8,Resale,Ready to Move,,Gajra Developers Ltd
Bhoomi Trivas,6000000,479,1,1,Kharghar,Navi Mumbai,19.0656721198219,73.05961185164,Semi-Furnished,Apartment,0,5,8,Resale,Ready to Move,,Gajra Developers Ltd
Saomya Fortune Belleza,3500000,360,1,1,Panvel,Navi Mumbai,18.9894007,73.1175162,Unfurnished,Apartment,0,13,10,Resale,Ready to Move,,Saomya Fortune Infra Ventures
Dolphins Pride,8200000,896,2,2,Kharghar,Navi Mumbai,19.0656721198219,73.05961185164,Unfurnished,Apartment,0,20,8,Resale,Ready to Move,,Dolphin Enterprises
Green Acres,4600000,799,3,2,Panvel,Navi Mumbai,18.9894007,73.1175162,Unfurnished,Apartment,0,8,10,Resale,Ready to Move,,Namo Properties
Green Acres,6000000,936,3,3,Panvel,Navi Mumbai,18.9894007,73.1175162,Semi-Furnished,Apartment,0,8,10,Resale,Ready to Move,,Namo Properties
Dev Drishti,3700000,461,1,2,Navde,Navi Mumbai,19.0534298108845,73.09743386978,Semi-Furnished,Apartment,0,16,0,Resale,Ready to Move,,Dev Krupa Enterprises
Dev Drishti,6000000,706,2,2,Navde,Navi Mumbai,19.0534298108845,73.09743386978,Furnished,Apartment,0,16,0,Resale,Ready to Move,,Dev Krupa Enterprises
Neelkanth Vishwa,6500000,659,2,2,New Panvel,Navi Mumbai,19.0003258753664,73.1153385297118,Unfurnished,Apartment,0,5,5,Resale,Ready to Move,,Bhagchand C. Khubchandani
Fortune Green Heaven,2800000,459,1,1,New Panvel,Navi Mumbai,19.0003258753664,73.1153385297118,Semi-Furnished,Apartment,0,9,5,Resale,Ready to Move,,Saomya Fortune Infra Ventures
Panchnand Heights,6500000,763,2,2,Taloja,Navi Mumbai,19.074076996436,73.1181841544665,Semi-Furnished,Apartment,0,11,6,Resale,Ready to Move,,Panchanand Enterprises
Sai Fortune,10500000,814,2,2,Ulwe,Navi Mumbai,18.9750941,73.052334,Unfurnished,Apartment,0,28,6,Resale,Ready to Move,,Paradise Group
Enkay Garden,3017000,621,2,2,Taloja Panchanand,Navi Mumbai,19.0786912120664,73.0924195199983,Unfurnished,Apartment,0,20,0,Resale,Ready to Move,,Enkay Homes Ltd.
Enkay Garden,2700000,561,2,2,Taloja Panchanand,Navi Mumbai,19.0786912120664,73.0924195199983,Semi-Furnished,Apartment,0,20,0,Resale,Ready to Move,,Enkay Homes Ltd.
Skyline Sapphire,8000000,756,2,2,Taloja,Navi Mumbai,19.074076996436,73.1181841544665,Semi-Furnished,Apartment,0,7,6,Resale,Ready to Move,,Skyline Builders
Skyline Sapphire,8000000,756,2,2,Taloja,Navi Mumbai,19.074076996436,73.1181841544665,Unfurnished,Apartment,0,7,6,Resale,Ready to Move,,Skyline Builders
S M Plaza,3950000,468,1,1,Taloja,Navi Mumbai,19.074076996436,73.1181841544665,Unfurnished,Apartment,0,30,6,Resale,Ready to Move,,S R Developers
Payal Heritage,12000000,810,2,2,Kharghar,Navi Mumbai,19.0656721198219,73.05961185164,Unfurnished,Apartment,0,14,8,Resale,Ready to Move,,Payal Enterprise
Payal Riddhi,6000000,432,1,1,Kharghar,Navi Mumbai,19.0656721198219,73.05961185164,Semi-Furnished,Apartment,0,7,8,Resale,Ready to Move,,Payal Enterprise
Prayag Gurudarshan,3100000,382,1,1,Panvel,Navi Mumbai,18.9894007,73.1175162,Unfurnished,Apartment,0,27,10,Resale,Ready to Move,,Prayag Builders and Developers
Platinum Regalo,8500000,709,2,2,Ulwe,Navi Mumbai,18.9750941,73.052334,Furnished,Apartment,0,30,6,Resale,Ready to Move,,Platinum Group
Platinum Royal Residency,9800000,835,2,2,Kharghar,Navi Mumbai,19.0656721198219,73.05961185164,Unfurnished,Apartment,0,8,8,Resale,Ready to Move,,Platinum Group
Sai Harmony,5500000,482,1,1,Ulwe,Navi Mumbai,18.9750941,73.052334,Unfurnished,Apartment,0,20,6,Resale,Ready to Move,,Paradise Group
Sai Harmony,9000000,792,2,2,Ulwe,Navi Mumbai,18.9750941,73.052334,Unfurnished,Apartment,0,20,6,Resale,Ready to Move,,Paradise Group
Shankar Residency,9000000,792,2,2,Kharghar,Navi Mumbai,19.0656721198219,73.05961185164,Unfurnished,Apartment,0,6,8,Resale,Ready to Move,,Shankar Developers
Siddhivinayak Utopia,13500000,487,2,2,Ulwe,Navi Mumbai,18.9750941,73.052334,Furnished,Apartment,0,28,6,Resale,Ready to Move,,SiddhiVinayak Homes
SOHAM RESIDENCY,16000000,1224,3,2,Kharghar,Navi Mumbai,19.0656721198219,73.05961185164,Unfurnished,Apartment,0,14,8,Resale,Ready to Move,,Soham Srajan Township India Ltd.
Sai Shanti Park,2700000,446,1,2,Taloja,Navi Mumbai,19.074076996436,73.1181841544665,Unfurnished,Apartment,0,47,6,Resale,Ready to Move,,Marvel Developers
Vasundhara Co Op Hsg Society,5800000,324,1,1,Kharghar,Navi Mumbai,19.0656721198219,73.05961185164,Semi-Furnished,Apartment,0,0,8,Resale,Ready to Move,,Unknown
Dev Samruddhi,4600000,468,1,1,Kharghar,Navi Mumbai,19.0656721198219,73.05961185164,Unfurnished,Apartment,0,17,8,Resale,Ready to Move,,Devkrupa
Sai Shubham,3900000,279,1,1,Taloja Panchanand,Navi Mumbai,19.0786912120664,73.0924195199983,Unfurnished,Apartment,0,17,0,Resale,Ready to Move,,Wadhwani Constructions
Vishwa Hans,20000000,1224,3,3,Kharghar,Navi Mumbai,19.0656721198219,73.05961185164,Semi-Furnished,Apartment,0,18,8,Resale,Ready to Move,,Vishwa Green Realtors Pvt. Ltd.
Balaji Kalash,4200000,504,1,1,Panvel,Navi Mumbai,18.9894007,73.1175162,Unfurnished,Apartment,0,14,10,Resale,Ready to Move,,Tirupati Balaji Builders & Developers Pvt. Ltd.
Ashtavinayak Tower,10500000,943,2,2,Kamothe,Navi Mumbai,19.0174101252323,73.0958540380712,Semi-Furnished,Apartment,0,13,3,Resale,Ready to Move,,Dharti Developers
Arham Arcade,8000000,526,1,1,Kharghar,Navi Mumbai,19.0656721198219,73.05961185164,Semi-Furnished,Apartment,0,15,8,Resale,Ready to Move,,Sanghvi Builders
Kalash Residency,5300000,540,1,1,Karanjade,Navi Mumbai,18.974265373985,73.1099196329075,Unfurnished,Apartment,0,25,2,Resale,Ready to Move,,Satpanth Group
Kalash Residency,4500000,454,1,1,Karanjade,Navi Mumbai,18.974265373985,73.1099196329075,Semi-Furnished,Apartment,0,25,2,Resale,Ready to Move,,Satpanth Group
Maitri Residency,6500000,518,1,1,Kamothe,Navi Mumbai,19.0174101252323,73.0958540380712,Unfurnished,Apartment,0,6,3,Resale,Ready to Move,,Maitri Developer
Swagat,4700000,457,1,1,Sector 8 Ulwe,Navi Mumbai,18.9655600284838,73.0151962459117,Semi-Furnished,Apartment,0,18,0,Resale,Ready to Move,,VR Builders And Developers
Indiabulls Green Phase 2,6500000,655,2,2,Panvel,Navi Mumbai,18.9894007,73.1175162,Semi-Furnished,Apartment,0,47,10,Resale,Ready to Move,,Indiabulls Real Estate Ltd.
Mega Nova,10000000,864,2,2,Ulwe,Navi Mumbai,18.9750941,73.052334,Semi-Furnished,Apartment,0,6,6,Resale,Ready to Move,,Mega Group
Sai Shanti Park,2700000,233,1,2,Taloja,Navi Mumbai,19.074076996436,73.1181841544665,Unfurnished,Apartment,0,47,6,Resale,Ready to Move,,Marvel Developers
Sai Shanti Park,3800000,518,1,2,Taloja,Navi Mumbai,19.074076996436,73.1181841544665,Unfurnished,Apartment,0,47,6,Resale,Ready to Move,,Marvel Developers
Maple Ivy,18000000,1699,3,3,Ulwe,Navi Mumbai,18.9750941,73.052334,Unfurnished,Apartment,0,48,6,Resale,Under Construction,,Yushan Realty Ventures
Neelsidhi Amarante,5000000,396,1,1,Kalamboli,Navi Mumbai,19.0311212885643,73.1052711758489,Semi-Furnished,Apartment,0,11,5,Resale,Ready to Move,,Neelsidhi
Nilkanth Heights,5300000,475,1,1,Roadpali,Navi Mumbai,19.0385501152056,73.0962748008091,Unfurnished,Apartment,0,9,2,Resale,Ready to Move,,Shanti Enterprises
Sai Darshan,4800000,475,1,1,Ulwe,Navi Mumbai,18.9750941,73.052334,Unfurnished,Apartment,0,12,6,Resale,Ready to Move,,Ashtavinayak Developers
Unkown,2650000,,,1,Karanjade,Navi Mumbai,18.974265373985,73.1099196329075,Furnished,Studio Apartment,0,0,2,Resale,Ready to Move,,Unknown
Unkown,26000000,1000,4,2,,Navi Mumbai,,,Unfurnished,Apartment,0,0,0,Resale,Ready to Move,,Unknown
Marathon Nexzone Daffodil 1,8900000,590,2,2,Panvel,Navi Mumbai,18.9894007,73.1175162,Semi-Furnished,Apartment,0,4,10,Resale,Ready to Move,,Marathon Realty Pvt. Ltd.
Deep City,3800000,400,1,1,Panvel,Navi Mumbai,18.9894007,73.1175162,Furnished,Apartment,0,8,10,Resale,Ready to Move,,Deep Milan Enterprises
KT Sai Kutir,24000000,960,2,2,Sector 9,Navi Mumbai,19.03948439,73.02406265,Semi-Furnished,Apartment,0,18,0,Resale,Ready to Move,1 Covered,K T Realty
Indiabulls Golf City,8400000,,3,3,Panvel,Navi Mumbai,18.9894007,73.1175162,Unfurnished,Apartment,0,31,10,New Property,Ready To Move,,Indiabulls Real Estate Ltd.
RV Konnark Gardens,2500000,286,1,1,Panvel,Navi Mumbai,18.9894007,73.1175162,Unfurnished,Apartment,0,15,10,Resale,Ready to Move,,RV Group
Elements,6000000,,1,1,New Panvel,Navi Mumbai,19.0003258753664,73.1153385297118,Semi-Furnished,Apartment,0,0,5,Resale,Ready to Move,,Unknown
Shelter Riverside,5600000,325,1,1,Taloja,Navi Mumbai,19.074076996436,73.1181841544665,Unfurnished,Apartment,0,25,6,Resale,Ready to Move,,Shelter Builders & Developers
Arenja Corner,40000000,,,,Vashi,Navi Mumbai,19.0777155057838,73.0027923491613,Unfurnished,Commercial Shop,0,21,9,Resale,Ready to Move,,Unknown
Wadhwa Wise City,5800000,389,1,1,Panvel,Navi Mumbai,18.9894007,73.1175162,Unfurnished,Apartment,0,15,10,Resale,Ready to Move,,The Wadhwa Group
Pepi Residency,9500000,700,2,2,Ulwe,Navi Mumbai,18.9750941,73.052334,Unfurnished,Apartment,0,4,6,New Property,Ready to Move,,Pepi Realty
Maitri Bhoomi,10500000,715,2,2,Sector 10 Kamothe,Navi Mumbai,19.01869735,73.094219,Unfurnished,Apartment,0,21,0,Resale,Ready to Move,1 Covered,Bhaveshwar Developers
Unkown,4500000,350,1,1,Sector 18 Ulwe,Navi Mumbai,18.9678540805294,73.0229620988582,Unfurnished,Apartment,0,0,0,Resale,Ready to Move,,Unknown
Gami Vivaan,25500000,1000,3,3,Kopar Khairane,Navi Mumbai,19.1033695651723,73.0121586680414,Unfurnished,Apartment,0,0,10,Resale,Ready to Move,,Unknown
Tulip Plaza CHS,6000000,400,1,1,Kharghar,Navi Mumbai,19.0656721198219,73.05961185164,Furnished,Apartment,0,0,8,Resale,Ready to Move,,Cooperative Group Housing Society
Tirupati Corner,13500000,800,2,2,Sector 12 Kharghar,Navi Mumbai,19.043551,73.066347,Unfurnished,Apartment,0,0,1,Resale,Ready to Move,1 Covered,Unknown
Aura,5145000,415,1,1,Khar Kopar,Navi Mumbai,18.9654436273347,73.0155095714941,Unfurnished,Apartment,0,13,0,Resale,Under Construction,,Sai Shraddha
Mahaavir Exotique,8000000,570,2,2,Kharghar,Navi Mumbai,19.0656721198219,73.05961185164,Unfurnished,Apartment,0,32,8,Resale,Ready to Move,,Mahaavir Superstructures Private Limited
Shree Uma Pride,4600000,410,1,1,Sector 17 Ulwe,Navi Mumbai,18.9640564736564,73.0214063070489,Semi-Furnished,Apartment,0,0,0,Resale,Ready to Move,,Shree Raj Infra Housing Pvt. Ltd.
Indiabulls Greens Panvel,4850000,540,1,2,Kon,Navi Mumbai,18.96194122,73.15232023,Unfurnished,Apartment,0,56,0,Resale,Ready to Move,1 Covered,Indiabulls Greens
Satyam Mayfair,25500000,893,3,3,Ulwe,Navi Mumbai,18.9750941,73.052334,Unfurnished,Apartment,0,20,6,Resale,Ready to Move,2 Covered,Satyam Developers
Om Ganesh Tower,18000000,785,2,2,Sector 1 Sanpada,Navi Mumbai,19.06362811,73.00478045,Semi-Furnished,Apartment,0,0,0,Resale,Ready to Move,1 Covered,Om Builders
Sai Sankalp,3600000,,1,1,Panvel,Navi Mumbai,18.9894007,73.1175162,Unfurnished,Apartment,0,11,10,Resale,Ready to Move,,Disha Bright Space Pvt. Ltd.
Neelkanth Vishwa,4200000,,1,1,New Panvel,Navi Mumbai,19.0003258753664,73.1153385297118,Unfurnished,Apartment,0,5,5,Resale,Ready to Move,,Bhagchand C. Khubchandani
Ashtavinayak Gruhsankool,3650000,,1,1,Panvel,Navi Mumbai,18.9894007,73.1175162,Unfurnished,Apartment,0,4,10,Resale,Ready to Move,,Karnala Infrastructure Projects Pvt. Ltd.
Today Global Anandam,16000000,915,3,3,Rohinjan,Navi Mumbai,19.086627,73.07432,Unfurnished,Apartment,0,1,0,Resale,Ready to Move,,Today Global Builders & Developers
Unkown,7500000,,4,2,Sector 6 Nerul,Navi Mumbai,19.0422020592081,73.0104016189229,Unfurnished,Apartment,0,0,0,Resale,Ready to Move,,Unknown
La Vista,18500000,,2,2,Sector 10 Kharghar,Navi Mumbai,19.0347856231581,73.0754657441173,Furnished,Apartment,0,14,0,New Property,Ready to Move,,Ravechi Group
Gajra Bhoomi Gardenia,5700000,435,1,1,Roadpali,Navi Mumbai,19.0385501152056,73.0962748008091,Unfurnished,Apartment,0,27,2,Resale,Ready to Move,1 Open,Gajra Developers Ltd
Unkown,4500000,449,1,2,Koproli,Navi Mumbai,19.0131290143443,73.1595960702193,Unfurnished,Apartment,0,0,0,Resale,Ready to Move,,Unknown
Unkown,7500000,792,2,2,Karanjade,Navi Mumbai,18.974265373985,73.1099196329075,Unfurnished,Apartment,0,0,2,Resale,Ready to Move,,Unknown
Unkown,6800000,756,2,2,Palaspa,Navi Mumbai,18.9490253001646,73.1296703741091,Unfurnished,Apartment,0,0,1,Resale,Ready to Move,,Unknown
Unkown,14000000,659,2,2,Sector 3 Airoli,Navi Mumbai,19.1585521761137,72.9973456546509,Unfurnished,Apartment,0,0,3,Resale,Ready to Move,,Unknown
Seawind Residency,22000000,1080,3,3,Kopar Khairane,Navi Mumbai,19.1033695651723,73.0121586680414,Unfurnished,Apartment,0,0,10,Resale,Ready to Move,,Unknown
Unkown,3100000,425,1,1,Ajivali,Navi Mumbai,18.958107,73.169167,Unfurnished,Apartment,0,0,0,Resale,Under Construction,,Unknown
Unkown,12000000,504,2,2,,Navi Mumbai,,,Semi-Furnished,Apartment,0,0,0,Resale,Ready to Move,,Unknown
Unkown,3200000,480,1,1,,Navi Mumbai,,,Unfurnished,Apartment,0,0,0,Resale,Ready to Move,,Unknown
Unkown,7500000,353,1,1,,Navi Mumbai,,,Semi-Furnished,Apartment,0,0,0,Resale,Ready to Move,,Unknown
Unkown,8900000,749,2,2,,Navi Mumbai,,,Unfurnished,Apartment,0,0,0,Resale,Ready to Move,,Unknown
Unkown,15000000,540,2,2,Sector 17 Ulwe,Navi Mumbai,18.9640564736564,73.0214063070489,Unfurnished,Apartment,0,0,0,Resale,Ready to Move,,Unknown
Unkown,2900000,469,1,1,Khopoli,Navi Mumbai,18.7980131509559,73.3372686360754,Unfurnished,Apartment,0,0,2,Resale,Under Construction,,Unknown
Unkown,14500000,702,2,2,,Navi Mumbai,,,Furnished,Apartment,0,0,0,Resale,Ready to Move,,Unknown
Precious Residency,9800000,823,3,2,Kamothe,Navi Mumbai,19.0174101252323,73.0958540380712,Unfurnished,Apartment,0,0,3,Resale,Ready to Move,,Unknown
Unkown,4000000,504,2,2,Khopoli,Navi Mumbai,18.7980131509559,73.3372686360754,Unfurnished,Apartment,0,0,2,Resale,Ready to Move,,Unknown
Unkown,4200000,688,2,2,Khopoli,Navi Mumbai,18.7980131509559,73.3372686360754,Unfurnished,Apartment,0,0,2,Resale,Ready to Move,,Unknown
Unkown,5900000,468,1,2,Ulwe,Navi Mumbai,18.9750941,73.052334,Unfurnished,Apartment,0,0,6,Resale,Ready to Move,,Unknown
Unkown,3000000,288,1,1,Kharghar,Navi Mumbai,19.0656721198219,73.05961185164,Unfurnished,Apartment,0,0,8,Resale,Ready to Move,,Unknown
Unkown,5800000,594,2,2,Koproli,Navi Mumbai,19.0131290143443,73.1595960702193,Semi-Furnished,Apartment,0,0,0,Resale,Ready to Move,,Unknown
Unkown,5300000,630,2,2,Koproli,Navi Mumbai,19.0131290143443,73.1595960702193,Semi-Furnished,Apartment,0,0,0,Resale,Ready to Move,,Unknown
Unkown,6200000,475,1,1,,Navi Mumbai,,,Semi-Furnished,Apartment,0,0,0,Resale,Ready to Move,,Unknown
Unkown,4500000,432,1,1,Karanjade,Navi Mumbai,18.974265373985,73.1099196329075,Unfurnished,Apartment,0,0,2,Resale,Ready to Move,,Unknown
Unkown,2800000,428,1,1,Chindhran,Navi Mumbai,19.0718372660336,73.1571650481613,Unfurnished,Apartment,0,0,0,Resale,Ready to Move,,Unknown
Unkown,9000000,785,2,2,Sector 36 Kamothe,Navi Mumbai,19.0248120846853,73.0906842633753,Semi-Furnished,Apartment,0,0,1,Resale,Ready to Move,,Unknown
Unkown,2500000,288,1,1,Khopoli,Navi Mumbai,18.7980131509559,73.3372686360754,Unfurnished,Apartment,0,0,2,Resale,Ready to Move,,Unknown
Unkown,3000000,373,1,2,Chipale,Navi Mumbai,19.0025522772764,73.1505273928417,Unfurnished,Apartment,0,0,0,Resale,Ready to Move,,Unknown
Unkown,7200000,816,2,2,Sector 4 Kharghar,Navi Mumbai,19.0328015395378,73.061857577152,Unfurnished,Apartment,0,0,0,Resale,Ready to Move,,Unknown
Unkown,3500000,457,1,1,Palaspa,Navi Mumbai,18.9490253001646,73.1296703741091,Semi-Furnished,Apartment,0,0,1,Resale,Ready to Move,,Unknown
Unkown,12500000,824,2,2,Ulwe,Navi Mumbai,18.9750941,73.052334,Unfurnished,Apartment,0,0,6,Resale,Ready to Move,,Unknown
Unkown,3600000,454,1,2,Koproli,Navi Mumbai,19.0131290143443,73.1595960702193,Unfurnished,Apartment,0,0,0,Resale,Ready to Move,,Unknown
Unkown,9500000,525,2,2,Rabale,Navi Mumbai,19.1439232937657,73.0108611798346,Semi-Furnished,Apartment,0,0,4,Resale,Ready to Move,,Unknown
Unkown,14000000,,2,2,Kopar Khairane,Navi Mumbai,19.1033695651723,73.0121586680414,Semi-Furnished,Apartment,0,0,10,Resale,Ready to Move,,Unknown
Unkown,12000000,,,,Panvel,Navi Mumbai,18.9894007,73.1175162,,Residential Plot,0,0,10,Resale,,,Unknown
Today Global Anandam,9900000,,2,2,,Navi Mumbai,,,Furnished,Apartment,0,1,0,Resale,Ready to Move,,Today Global Builders & Developers
Unkown,1500000,250,1,1,Turbhe,Navi Mumbai,19.076032619951,73.0221446052293,Furnished,Residential House,0,0,5,Resale,Ready to Move,,Unknown
Unkown,2700000,,1,1,Ulwe,Navi Mumbai,18.9750941,73.052334,Unfurnished,Builder Floor Apartment,0,0,6,Resale,Ready to Move,,Unknown
Unkown,1670000,,,1,New Panvel,Navi Mumbai,19.0003258753664,73.1153385297118,Unfurnished,Studio Apartment,0,0,5,Resale,Ready to Move,,Unknown
Krishna Villa,4200000,,1,1,Ulwe,Navi Mumbai,18.9750941,73.052334,Semi-Furnished,Apartment,0,33,6,Resale,Ready to Move,,Radhe Krishna Developers
Dream Homes,6000000,700,2,2,Panvel,Navi Mumbai,18.9894007,73.1175162,Furnished,Apartment,0,8,10,Resale,Ready to Move,1 Covered,Skyline Developers
Prime Homes,20000000,,2,2,Karanjade,Navi Mumbai,18.974265373985,73.1099196329075,Semi-Furnished,Apartment,0,7,2,Resale,Ready to Move,, Prime Homes
Sai Gaurav,9200000,680,2,2,Kharghar,Navi Mumbai,19.0656721198219,73.05961185164,Unfurnished,Apartment,0,21,8,Resale,Ready to Move,,Nisarg Nirman Developers
Hill View Residency,2900000,,1,1,Panvel,Navi Mumbai,18.9894007,73.1175162,Semi-Furnished,Apartment,0,10,10,Resale,Ready to Move,,Pioneer Developers
Vishesh Balaji Symphony,5200000,396,1,1,Panvel,Navi Mumbai,18.9894007,73.1175162,Semi-Furnished,Apartment,0,36,10,Resale,Ready to Move,,Vishesh Group
Qualcon Greenwood Estate,2500000,400,1,1,Panvel,Navi Mumbai,18.9894007,73.1175162,Unfurnished,Apartment,0,42,10,Resale,Ready to Move,,Qualcon Properties LLP
Unkown,6900000,770,2,2,,Navi Mumbai,,,Unfurnished,Apartment,0,0,0,Resale,Ready to Move,,Unknown
Mahaavir Jyoti,15000000,645,2,2,JNPT Road,Navi Mumbai,18.9635630406878,73.0597167004389,Semi-Furnished,Apartment,0,0,0,Resale,Ready to Move,,Mahaavir Universal Homes Pvt. Ltd.
Little Complex,5000000,495,1,1,Kharghar,Navi Mumbai,19.0656721198219,73.05961185164,Unfurnished,Apartment,0,0,8,Resale,Ready to Move,"1 Covered, 1 Open",Unknown
Moreshwar Darshan,15500000,1000,3,3,Ulwe,Navi Mumbai,18.9750941,73.052334,Unfurnished,Apartment,0,0,6,Resale,Ready to Move,,Unknown
Unkown,4300000,,,,Ulwe,Navi Mumbai,18.9750941,73.052334,Unfurnished,Commercial Shop,0,0,6,Resale,Ready to Move,,Unknown
Aalind Kaarshni Vihar,4700000,,2,2,Taloja,Navi Mumbai,19.074076996436,73.1181841544665,Unfurnished,Builder Floor Apartment,0,0,6,Resale,Ready to Move,,Unknown
Gurukrupa GURU ANANT,12500000,625,2,2,Ulwe,Navi Mumbai,18.9750941,73.052334,Furnished,Apartment,0,3,6,Resale,Ready to Move,1 Covered,Gurukrupa Dwellers
Unkown,13200000,425,1,1,Sector 10 Sanpada,Navi Mumbai,19.05831113,73.01617953,Furnished,Apartment,0,0,0,Resale,Ready to Move,,Unknown
Pragati Park,15500000,1150,4,3,Sector 5 Ulwe,Navi Mumbai,18.9800428925109,73.0248941000616,Furnished,Apartment,0,8,0,Resale,Ready to Move,,Pragati Developers
Ganesh Plaza,8000000,,1,1,New Panvel,Navi Mumbai,19.0003258753664,73.1153385297118,Unfurnished,Apartment,0,3,5,Resale,Ready to Move,,Ansh Group
Hiranandani Fortune City,18000000,1707,3,4,Panvel,Navi Mumbai,18.9894007,73.1175162,Unfurnished,Apartment,0,35,10,Resale,Ready to Move,2 Covered,Hiranandani Group
Arihant Anaika Phase II,3000000,402,1,2,Taloja,Navi Mumbai,19.074076996436,73.1181841544665,Unfurnished,Apartment,0,0,6,Resale,Under Construction,,Unknown
Arihant 3 Anaika,6000000,,2,2,Taloja,Navi Mumbai,19.074076996436,73.1181841544665,Unfurnished,Apartment,0,9,6,Resale,Ready to Move,,Arihant Superstructures Ltd.
Elegant Olympia,9850000,288,1,2,Ulwe,Navi Mumbai,18.9750941,73.052334,Semi-Furnished,Apartment,0,0,6,Resale,Ready to Move,1 Covered,Unknown
Sai Moreshwar Luxuria,18500000,,3,3,Kharghar,Navi Mumbai,19.0656721198219,73.05961185164,Semi-Furnished,Apartment,0,17,8,Resale,Ready to Move,,Maatoshree Shelters Pvt. Ltd.
Unkown,3500000,,1,1,Kharghar,Navi Mumbai,19.0656721198219,73.05961185164,Unfurnished,Apartment,0,0,8,Resale,Ready to Move,,Unknown
Shree Vastu Harmony,5000000,716,2,2,Panvel,Navi Mumbai,18.9894007,73.1175162,Unfurnished,Apartment,0,4,10,Resale,Ready to Move,,Shree Vastupurti Developers
Shivam Apartment,5200000,465,1,1,Kharghar,Navi Mumbai,19.0656721198219,73.05961185164,Semi-Furnished,Apartment,0,0,8,Resale,Ready to Move,,Unknown
RSM Athena,6000000,482,1,1,Ulwe,Navi Mumbai,18.9750941,73.052334,Unfurnished,Apartment,0,14,6,Resale,Ready to Move,,Atlantic Builders & Developers
Shree Vastu Harmony,4300000,606,2,2,Panvel,Navi Mumbai,18.9894007,73.1175162,Unfurnished,Apartment,0,4,10,Resale,Ready to Move,,Shree Vastupurti Developers
Space Avenue,7500000,709,2,2,Ulwe,Navi Mumbai,18.9750941,73.052334,Unfurnished,Apartment,0,7,6,Resale,Ready to Move,,Tirupati Enterprises
Valley Shilp,4100000,361,1,1,Sector 36 Kamothe,Navi Mumbai,19.0248120846853,73.0906842633753,Unfurnished,Apartment,0,7,1,Resale,Ready to Move,,Cidco
City Heights,4590000,468,1,1,Taloja,Navi Mumbai,19.074076996436,73.1181841544665,Unfurnished,Apartment,0,0,6,Resale,Ready to Move,,Unknown
Ganesh Arcade,3800000,454,1,1,Karanjade,Navi Mumbai,18.974265373985,73.1099196329075,Unfurnished,Apartment,0,0,2,Resale,Ready to Move,,Unknown
Pramukh Paradise,5600000,720,2,2,Taloja,Navi Mumbai,19.074076996436,73.1181841544665,Semi-Furnished,Apartment,0,8,6,Resale,Ready to Move,,Pramukh Developers
Tivoli Prathamesh,2200000,396,1,1,New Panvel,Navi Mumbai,19.0003258753664,73.1153385297118,Unfurnished,Apartment,0,0,5,Resale,Ready to Move,,Unknown
Payal Palace,5900000,540,1,2,Ulwe,Navi Mumbai,18.9750941,73.052334,Unfurnished,Apartment,0,21,6,Resale,Ready to Move,,Payal Developers
Riddhi Siddhi Apartment,6000000,468,1,1,Ulwe,Navi Mumbai,18.9750941,73.052334,Unfurnished,Apartment,0,9,6,Resale,Ready to Move,,Bhagwati Group
Sai Prasad Residency,5300000,468,1,1,Khandeshhwar,Navi Mumbai,19.0101328272487,73.0960622725552,Semi-Furnished,Apartment,0,0,2,Resale,Ready to Move,,Sai Prasad Group
Arihant Aakanksha,5200000,515,2,1,Panvel,Navi Mumbai,18.9894007,73.1175162,Semi-Furnished,Apartment,0,33,10,Resale,Ready to Move,,Arihant Developers
Satya Deep Phase II,3450000,444,1,1,New Panvel,Navi Mumbai,19.0003258753664,73.1153385297118,Semi-Furnished,Apartment,0,8,5,Resale,Ready to Move,,Satyam Group
Sankalp Riddhi Siddhi Heights,5100000,,1,1,Ulwe,Navi Mumbai,18.9750941,73.052334,Unfurnished,Apartment,0,9,6,New Property,Under Construction,,Sankalp Group
Sankalp Riddhi Siddhi Heights,5000000,,1,1,Ulwe,Navi Mumbai,18.9750941,73.052334,Unfurnished,Apartment,0,9,6,New Property,Under Construction,,Sankalp Group
Neel Lake View,11500000,684,2,2,New Panvel,Navi Mumbai,19.0003258753664,73.1153385297118,Semi-Furnished,Apartment,0,0,5,Resale,Ready to Move,,Neel Group
Kukreja Amber,5300000,384,1,1,Ulwe,Navi Mumbai,18.9750941,73.052334,Unfurnished,Apartment,0,10,6,Resale,Ready to Move,,Kukreja Builders
Tulsi Aura,14000000,692,2,2,Ghansoli,Navi Mumbai,19.1271933235627,72.9966520846173,Furnished,Apartment,0,20,9,Resale,Ready to Move,,Tulsi Constructions
Tulsi Aura,13000000,692,2,2,Ghansoli,Navi Mumbai,19.1271933235627,72.9966520846173,Furnished,Apartment,0,20,9,Resale,Ready to Move,,Tulsi Constructions
Shree Chamunda Harmony,6000000,346,1,1,Kamothe,Navi Mumbai,19.0174101252323,73.0958540380712,Semi-Furnished,Apartment,0,15,3,Resale,Ready to Move,,Aaron Infra Projects
Jewel Heights,7500000,659,2,2,Kharghar,Navi Mumbai,19.0656721198219,73.05961185164,Furnished,Apartment,0,10,8,Resale,Ready to Move,,P K developers
Royal Meadows Residency,4900000,691,2,2,New Panvel,Navi Mumbai,19.0003258753664,73.1153385297118,Furnished,Apartment,0,11,5,Resale,Ready to Move,,Space India Builders & Developers
Royal Meadows Residency,4900000,691,2,2,New Panvel,Navi Mumbai,19.0003258753664,73.1153385297118,Furnished,Apartment,0,11,5,Resale,Ready to Move,,Space India Builders & Developers
Bhumiraj Woods,12345678,397,1,1,Kharghar,Navi Mumbai,19.0656721198219,73.05961185164,Unfurnished,Apartment,0,24,8,Resale,Ready to Move,,Bhumiraj Group
MAHAAVIR MANNAT,32500000,1120,3,3,Ulwe,Navi Mumbai,18.9750941,73.052334,Unfurnished,Apartment,0,26,6,Resale,Ready to Move,,Mahaavir Universal Homes Pvt. Ltd.
Neelam Heights,6500000,360,1,1,Kharghar,Navi Mumbai,19.0656721198219,73.05961185164,Unfurnished,Apartment,0,8,8,Resale,Ready to Move,,Shree sai developers
Om Sai Krupa,4600000,360,1,1,Ulwe,Navi Mumbai,18.9750941,73.052334,Unfurnished,Apartment,0,9,6,Resale,Ready to Move,,Om Builders & Superstructures
Platinum Om Sai Shrushti,4800000,457,1,1,Ulwe,Navi Mumbai,18.9750941,73.052334,Unfurnished,Apartment,0,12,6,Resale,Ready to Move,,Platinum Group
Pine Wood Tower,3900000,468,1,2,Taloja,Navi Mumbai,19.074076996436,73.1181841544665,Unfurnished,Apartment,0,7,6,Resale,Ready to Move,,GKR Infrastructures
Parvati Enclave,6300000,828,2,2,Taloja,Navi Mumbai,19.074076996436,73.1181841544665,Unfurnished,Apartment,0,9,6,Resale,Ready to Move,,R D Builder
Krishna Vihar,7200000,475,1,1,Ghansoli,Navi Mumbai,19.1271933235627,72.9966520846173,Unfurnished,Apartment,0,8,9,Resale,Ready to Move,,Krishna Group
S M Paradise,7400000,785,2,2,Taloja,Navi Mumbai,19.074076996436,73.1181841544665,Semi-Furnished,Apartment,0,6,6,Resale,Ready to Move,,SM Developers
Ashish Ashiyana,9500000,1044,2,3,Taloja,Navi Mumbai,19.074076996436,73.1181841544665,Unfurnished,Apartment,0,9,6,Resale,Ready to Move,,AOS Developments
Prayag Galaxy,2500000,333,1,1,New Panvel,Navi Mumbai,19.0003258753664,73.1153385297118,Unfurnished,Apartment,0,21,5,Resale,Ready to Move,,Prayag Builders
Om Shree Apartment,8500000,468,1,1,Ghansoli,Navi Mumbai,19.1271933235627,72.9966520846173,Unfurnished,Apartment,0,9,9,Resale,Ready to Move,,OM Constructions
Shelter Pride,3250000,464,1,1,Taloja,Navi Mumbai,19.074076996436,73.1181841544665,Unfurnished,Apartment,0,15,6,Resale,Ready to Move,,Rabbani Khan
Dream Homes,3500000,457,1,1,Panvel,Navi Mumbai,18.9894007,73.1175162,Unfurnished,Apartment,0,8,10,Resale,Ready to Move,,Skyline Developers
Qualitas Garden,4200000,450,1,1,Panvel,Navi Mumbai,18.9894007,73.1175162,Furnished,Apartment,0,24,10,Resale,Ready to Move,,Qualitas Lifespaces
Space Blue Crest,4800000,486,1,1,Panvel,Navi Mumbai,18.9894007,73.1175162,Unfurnished,Apartment,0,16,10,Resale,Ready to Move,,Space India
Space Blue Crest,7000000,724,2,2,Panvel,Navi Mumbai,18.9894007,73.1175162,Semi-Furnished,Apartment,0,16,10,Resale,Ready to Move,,Space India
Neelkanth Exotica,16500000,1103,3,3,Dronagiri,Navi Mumbai,18.8598511200022,72.9380988664184,Unfurnished,Apartment,0,25,2,Resale,Ready to Move,,Neelkanth Infracon Developers
Neelkanth Exotica,11000000,837,2,2,Dronagiri,Navi Mumbai,18.8598511200022,72.9380988664184,Semi-Furnished,Apartment,0,25,2,Resale,Ready to Move,,Neelkanth Infracon Developers
Reliable Balaji Aanchal,12000000,896,2,2,Ulwe,Navi Mumbai,18.9750941,73.052334,Semi-Furnished,Apartment,0,6,6,Resale,Ready to Move,,Reliable Builders
Platinum Tulsi Sapphire,7200000,504,1,1,Ulwe,Navi Mumbai,18.9750941,73.052334,Semi-Furnished,Apartment,0,5,6,Resale,Ready to Move,,Platinum Group
Satyam Heights,5700000,446,1,2,Kharghar,Navi Mumbai,19.0656721198219,73.05961185164,Semi-Furnished,Apartment,0,5,8,Resale,Under Construction,,Satya Group
Venkat Heritage,5500000,407,2,2,Panvel,Navi Mumbai,18.9894007,73.1175162,Unfurnished,Apartment,0,14,10,Resale,Ready to Move,,Space India Builders & Developers
Venkat Heritage,4000000,461,1,1,Panvel,Navi Mumbai,18.9894007,73.1175162,Semi-Furnished,Apartment,0,14,10,Resale,Ready to Move,,Space India Builders & Developers
Venkat Heritage,4800000,576,2,2,New Panvel,Navi Mumbai,19.0003258753664,73.1153385297118,Semi-Furnished,Apartment,0,14,5,Resale,Ready to Move,,Space India Builders & Developers
Venkat Heritage,5060000,562,2,2,Panvel,Navi Mumbai,18.9894007,73.1175162,Unfurnished,Apartment,0,14,10,Resale,Ready to Move,,Space India Builders & Developers
Venkat Heritage,3700000,464,1,1,Panvel,Navi Mumbai,18.9894007,73.1175162,Unfurnished,Apartment,0,14,10,Resale,Ready to Move,,Space India Builders & Developers
C.J. Kalpavriksha,2900000,325,1,1,Panvel,Navi Mumbai,18.9894007,73.1175162,Semi-Furnished,Apartment,0,26,10,Resale,Ready to Move,,C.J. Group
C.J. Kalpavriksha,2700000,455,1,1,Panvel,Navi Mumbai,18.9894007,73.1175162,Furnished,Apartment,0,26,10,Resale,Ready to Move,,C.J. Group
C.J. Kalpavriksha,2800000,455,1,1,Panvel,Navi Mumbai,18.9894007,73.1175162,Unfurnished,Apartment,0,26,10,Resale,Ready to Move,,C.J. Group
C.J. Kalpavriksha,2900000,455,1,1,Panvel,Navi Mumbai,18.9894007,73.1175162,Unfurnished,Apartment,0,26,10,Resale,Ready to Move,,C.J. Group
Platinum Tulsi Sapphire,7000000,504,1,1,Ulwe,Navi Mumbai,18.9750941,73.052334,Semi-Furnished,Apartment,0,5,6,Resale,Ready to Move,,Platinum Group
Shree Complex,4925000,454,1,2,Taloja,Navi Mumbai,19.074076996436,73.1181841544665,Unfurnished,Apartment,0,30,6,Resale,Ready to Move,,Khushom Construction Builders and Developer
Krishna Harmony,4300000,490,1,1,Karanjade,Navi Mumbai,18.974265373985,73.1099196329075,Semi-Furnished,Apartment,0,4,2,Resale,Ready to Move,,Radhe Krishna
Venkat Heritage,4950000,594,2,2,Panvel,Navi Mumbai,18.9894007,73.1175162,Semi-Furnished,Apartment,0,14,10,Resale,Ready to Move,,Space India Builders & Developers
Unkown,4500000,390,1,2,Vardoli,Navi Mumbai,18.972472798888884,73.19653162911445,Unfurnished,Apartment,0,0,0,New Property,Ready to Move,,Unknown
Unkown,4200000,250,,1,Sector 5 Sanpada,Navi Mumbai,19.0643906857414,73.0164959024956,Unfurnished,Studio Apartment,0,0,0,Resale,Ready to Move,,Unknown
Proviso Heights,13000000,765,2,2,Ulwe,Navi Mumbai,18.9750941,73.052334,Semi-Furnished,Apartment,0,33,6,Resale,Ready to Move,,Proviso Group
Unkown,3500000,125,,,Kamothe,Navi Mumbai,19.0174101252323,73.0958540380712,Unfurnished,Commercial Shop,0,0,3,Resale,Ready to Move,,Unknown
UmaTirth Apartment,3600000,140,,,Kalamboli,Navi Mumbai,19.0311212885643,73.1052711758489,Unfurnished,Commercial Shop,0,0,5,Resale,Ready to Move,1 Open,Unknown
Guru Purnima,17500000,,3,3,Sector 5 Ulwe,Navi Mumbai,18.9800428925109,73.0248941000616,Semi-Furnished,Apartment,0,13,0,Resale,Ready to Move,,Arvind Victory Realty
Nimbeshwar Sanskruti,6500000,,2,2,New Panvel,Navi Mumbai,19.0003258753664,73.1153385297118,Unfurnished,Apartment,0,0,5,Resale,Ready to Move,,Unknown
Sai Sakha,3800000,237,1,1,Sector 8 Ulwe,Navi Mumbai,18.9655600284838,73.0151962459117,Unfurnished,Apartment,0,15,0,Resale,Ready to Move,,Platinum Construction
Unkown,500000,,,,Jui,Navi Mumbai,18.87900065,73.02708207,,Residential Plot,0,0,0,New Property,,,Unknown
Sai Raj Paradise,7500000,800,2,2,New Panvel,Navi Mumbai,19.0003258753664,73.1153385297118,Unfurnished,Apartment,0,0,5,Resale,Ready to Move,,Super Constructions
Choice Ambe Smruti,2500000,,1,2,Rasayani,Navi Mumbai,18.8956516083249,73.1761766681785,Unfurnished,Apartment,0,0,4,Resale,Ready to Move,,Unknown
Unkown,1800000,,,,Palaspe Phata,Navi Mumbai,18.96872083,73.12948074,,Residential Plot,0,0,1,New Property,,,Unknown
Unkown,390000000,,,,TTC Industrial Area Rabale,Navi Mumbai,19.13936836,73.01734358,,Industrial Building,0,0,0,Resale,Ready to Move,,Unknown
Unkown,11500000,680,2,2,Kopar Khairane,Navi Mumbai,19.1033695651723,73.0121586680414,Unfurnished,Apartment,0,0,10,Resale,Ready to Move,,Unknown
Unkown,240000000,,,,Panvel,Navi Mumbai,18.9894007,73.1175162,,Agricultural Land,0,0,10,Resale,,,Unknown
Unkown,11500000,600,2,2,Sector 1 Sanpada,Navi Mumbai,19.06362811,73.00478045,Semi-Furnished,Apartment,1,0,0,Resale,Ready to Move,,Unknown
Unkown,13000000,435,1,1,Sector 30A Vashi,Navi Mumbai,19.066787,73.004776,Furnished,Apartment,1,0,0,Resale,Ready to Move,1 Open,Unknown
Wadhwa Wise City,3300000,,1,1,Panvel,Navi Mumbai,18.9894007,73.1175162,Unfurnished,Apartment,0,15,10,Resale,Ready to Move,,The Wadhwa Group
Unkown,36000000,1095,3,3,Seawoods,Navi Mumbai,19.0134923674099,73.0176711021806,Semi-Furnished,Apartment,0,0,7,Resale,Ready to Move,2 Covered,Unknown
Unkown,450000,,,,Dronagiri,Navi Mumbai,18.8598511200022,72.9380988664184,,Commercial Land,0,0,2,New Property,,,Unknown
Unkown,3815000,450,1,2,Dronagiri,Navi Mumbai,18.8598511200022,72.9380988664184,Unfurnished,Apartment,0,0,2,New Property,Ready to Move,1 Open,Unknown
Paradise Sai World City,20000000,862,3,3,Panvel,Navi Mumbai,18.9894007,73.1175162,Unfurnished,Apartment,1,38,10,New Property,Ready to Move,"1 Covered, 1 Open",Paradise Group
Unkown,45000000,,,1,Sector 15 CBD Belapur,Navi Mumbai,19.0087742964411,73.033499081284,Unfurnished,Commercial Office Space,1,0,0,Resale,Ready to Move,1 Open,Unknown
Unkown,8200000,650,2,2,Sector 11 Kamothe,Navi Mumbai,19.02009295,73.09119177,Semi-Furnished,Apartment,0,0,0,Resale,Ready to Move,,Unknown
Unkown,4600000,435,1,1,,Navi Mumbai,,,Unfurnished,Apartment,0,0,0,New Property,Ready to Move,,Unknown
NRI Complex Phase,77500000,1800,5,5,Seawoods,Navi Mumbai,19.0134923674099,73.0176711021806,Furnished,Apartment,0,14,7,Resale,Ready to Move,"1 Covered, 1 Open",Cidco
National Marvel,18000000,958,3,3,Ulwe,Navi Mumbai,18.9750941,73.052334,Unfurnished,Apartment,0,20,6,Resale,Ready to Move,,National Builders
Unkown,8500000,,2,2,Ulwe,Navi Mumbai,18.9750941,73.052334,Unfurnished,Apartment,0,0,6,Resale,Ready to Move,302 Covered,Unknown
Proviso Heights,14500000,1150,3,3,Sector 17 Ulwe,Navi Mumbai,18.9640564736564,73.0214063070489,Unfurnished,Apartment,0,33,0,Resale,Ready to Move,1 Covered,Proviso Group
Unkown,11700000,450,1,1,Sector 50 Seawoods,Navi Mumbai,19.0137179623377,73.0229633500715,Unfurnished,Apartment,0,0,0,Resale,Ready to Move,1 Covered,Unknown
Madhumalti Apartment,7500000,598,2,2,New Panvel,Navi Mumbai,19.0003258753664,73.1153385297118,Unfurnished,Apartment,0,0,5,Resale,Ready to Move,,Unknown
Commanders Renaissance,6000000,568,2,1,New Panvel,Navi Mumbai,19.0003258753664,73.1153385297118,Semi-Furnished,Apartment,0,22,5,Resale,Ready to Move,,Jupiter Infrastructures
Neel Siddhi Amrante,6000000,507,1,1,Kalamboli,Navi Mumbai,19.0311212885643,73.1052711758489,Semi-Furnished,Apartment,0,26,5,Resale,Ready to Move,,Neelsiddhi Developers
Balaji Kashish Park,4000000,611,2,2,Panvel,Navi Mumbai,18.9894007,73.1175162,Unfurnished,Apartment,0,16,10,Resale,Ready to Move,,Tirupati Balaji
Balaji Kashish Park,3400000,531,1,1,Panvel,Navi Mumbai,18.9894007,73.1175162,Unfurnished,Apartment,0,16,10,Resale,Ready to Move,,Tirupati Balaji
Sea Queen Avenue,22000000,828,3,3,Kopar Khairane,Navi Mumbai,19.1033695651723,73.0121586680414,Furnished,Apartment,0,9,10,Resale,Ready to Move,,National Builders
Sea Queen Avenue,22000000,828,3,3,Kopar Khairane,Navi Mumbai,19.1033695651723,73.0121586680414,Furnished,Apartment,0,9,10,Resale,Ready to Move,,National Builders
Pandurang Krupa,3050000,396,1,1,Navde,Navi Mumbai,19.0534298108845,73.09743386978,Furnished,Apartment,0,10,0,Resale,Ready to Move,,Neelkanth Developers
Jai Ganesh,14500000,1026,3,3,Kharghar,Navi Mumbai,19.0656721198219,73.05961185164,Semi-Furnished,Apartment,0,8,8,Resale,Ready to Move,,Bhanu Construction
Gami Trixie,8500000,659,1,2,Ulwe,Navi Mumbai,18.9750941,73.052334,Unfurnished,Apartment,0,11,6,Resale,Ready to Move,,Gami Group
Manas Vasudha,10850000,792,2,2,Ulwe,Navi Mumbai,18.9750941,73.052334,Unfurnished,Apartment,0,13,6,Resale,Ready to Move,,Manas Group
Orchid Corner,3300000,450,1,1,Taloja,Navi Mumbai,19.074076996436,73.1181841544665,Semi-Furnished,Apartment,0,5,6,Resale,Ready to Move,,A S Construction
Sangam Residency,7500000,396,1,1,Airoli,Navi Mumbai,19.1609103453837,72.9933968951486,Unfurnished,Apartment,0,8,10,Resale,Ready to Move,,Nest Builders
Rose Tower,4700000,403,1,1,Kharghar,Navi Mumbai,19.0656721198219,73.05961185164,Semi-Furnished,Apartment,0,7,8,Resale,Ready to Move,,Patel Developers
Millennium Hilton,5925123,,1,2,New Panvel,Navi Mumbai,19.0003258753664,73.1153385297118,Unfurnished,Apartment,0,9,5,New Property,Under Construction,,Millennium Group
Millennium Hilton,5500000,,1,2,New Panvel,Navi Mumbai,19.0003258753664,73.1153385297118,Unfurnished,Apartment,0,9,5,New Property,Under Construction,,Millennium Group
Millennium Hilton,5038750,,1,1,New Panvel,Navi Mumbai,19.0003258753664,73.1153385297118,Unfurnished,Apartment,0,9,5,New Property,Under Construction,,Millennium Group
Millennium Hilton,4863500,,1,2,New Panvel,Navi Mumbai,19.0003258753664,73.1153385297118,Unfurnished,Apartment,0,9,5,New Property,Under Construction,,Millennium Group
Siddhivinayak Heritage,8000000,677,2,2,Ulwe,Navi Mumbai,18.9750941,73.052334,Unfurnished,Apartment,0,4,6,Resale,Ready to Move,,Siddhivinayak Associates
Balaji Neel Delta,8700000,,2,2,Ulwe,Navi Mumbai,18.9750941,73.052334,Unfurnished,Apartment,0,5,6,New Property,Ready to Move,,Balaji Group
Balaji Neel Delta,6100000,,1,2,Ulwe,Navi Mumbai,18.9750941,73.052334,Unfurnished,Apartment,0,5,6,New Property,Ready to Move,,Balaji Group
Balaji Neel Delta,6000000,,1,2,Sector 8 Ulwe,Navi Mumbai,18.9655600284838,73.0151962459117,Unfurnished,Apartment,0,5,0,New Property,Under Construction,,Balaji Group
STK Kukreja Classic,19561611,,2,2,Sanpada,Navi Mumbai,19.0583094914648,73.0164374121942,Unfurnished,Apartment,0,7,9,New Property,Under Construction,,Kukreja Construction Company
STK Kukreja Classic,18500000,,2,2,Sanpada,Navi Mumbai,19.0583094914648,73.0164374121942,Semi-Furnished,Apartment,0,7,9,New Property,Under Construction,,Kukreja Construction Company
STK Kukreja Classic,18369000,,1,2,Sanpada,Navi Mumbai,19.0583094914648,73.0164374121942,Unfurnished,Apartment,0,7,9,New Property,Under Construction,,Kukreja Construction Company
Sunsad Apartments,15000000,828,3,2,Nerul,Navi Mumbai,19.034973,73.02228,Semi-Furnished,Apartment,0,0,8,Resale,Ready to Move,,Unknown
Vinayak Jyot,4300000,317,1,1,Kharghar,Navi Mumbai,19.0656721198219,73.05961185164,Unfurnished,Apartment,0,0,8,Resale,Ready to Move,,Unknown
Prayag City,2600000,439,1,2,Panvel,Navi Mumbai,18.9894007,73.1175162,Semi-Furnished,Apartment,0,12,10,Resale,Ready to Move,,Prayag Builders and Developers
Prayag City,2600000,328,1,1,Panvel,Navi Mumbai,18.9894007,73.1175162,Unfurnished,Apartment,0,12,10,Resale,Ready to Move,,Prayag Builders and Developers
Prayag City,3630000,403,1,1,Panvel,Navi Mumbai,18.9894007,73.1175162,Unfurnished,Apartment,0,12,10,Resale,Ready to Move,,Prayag Builders and Developers
Madhuraj Apartment,5500000,425,1,1,Sector 19 Kharghar,Navi Mumbai,19.04955,73.078011,Unfurnished,Apartment,0,0,0,Resale,Ready to Move,,Unknown
Godrej Sky Garden,10500000,598,2,2,Panvel,Navi Mumbai,18.9894007,73.1175162,Semi-Furnished,Apartment,0,22,10,Resale,Ready to Move,,Godrej Properties
Mauli Heights,7200000,464,1,1,Ghansoli,Navi Mumbai,19.1271933235627,72.9966520846173,Unfurnished,Apartment,0,23,9,Resale,Ready to Move,,Mangalmurti Group
Eden Estate,8000000,720,2,2,Kamothe,Navi Mumbai,19.0174101252323,73.0958540380712,Unfurnished,Apartment,0,10,3,Resale,Ready to Move,,EV Group
Sai Krupa,6500000,756,2,2,Kharghar,Navi Mumbai,19.0656721198219,73.05961185164,Semi-Furnished,Apartment,0,9,8,Resale,Ready to Move,,Sai Developer
Shivam C H S,7000000,432,1,1,Airoli,Navi Mumbai,19.1609103453837,72.9933968951486,Unfurnished,Apartment,0,9,10,Resale,Ready to Move,,R R Constructions
S K Heights,6600000,436,1,1,Ghansoli,Navi Mumbai,19.1271933235627,72.9966520846173,Unfurnished,Apartment,0,8,9,Resale,Ready to Move,,SK Builders
Krishna Kunj,4000000,407,1,1,Kamothe,Navi Mumbai,19.0174101252323,73.0958540380712,Unfurnished,Apartment,0,10,3,Resale,Ready to Move,,Joshi Constructions
Krishna Apartment,5100000,414,1,1,Kamothe,Navi Mumbai,19.0174101252323,73.0958540380712,Unfurnished,Apartment,0,7,3,Resale,Ready to Move,,Radhekrishna Developers
Moreshwar Heritage,8800000,756,2,2,Ulwe,Navi Mumbai,18.9750941,73.052334,Unfurnished,Apartment,0,9,6,Resale,Ready to Move,,NMS Enterprises
Grow More Tower,13500000,818,2,2,Kharghar,Navi Mumbai,19.0656721198219,73.05961185164,Furnished,Apartment,0,13,8,Resale,Ready to Move,,Earth Group
Krishna Park,2000000,365,1,1,Panvel,Navi Mumbai,18.9894007,73.1175162,Unfurnished,Apartment,0,12,10,Resale,Ready to Move,,Monarch Properties
CIDCO Spaghetti Complex,6300000,403,1,1,Kharghar,Navi Mumbai,19.0656721198219,73.05961185164,Semi-Furnished,Apartment,0,0,8,Resale,Ready to Move,,Unknown
Vishwa Abha,5500000,774,2,2,Dronagiri,Navi Mumbai,18.8598511200022,72.9380988664184,Unfurnished,Apartment,0,4,2,Resale,Ready to Move,,Vishwa Green Realtors Pvt. Ltd.
Jainam Ratna,6700000,756,2,2,Ulwe,Navi Mumbai,18.9750941,73.052334,Unfurnished,Apartment,0,11,6,Resale,Ready to Move,,Shree Balaji Developers
KumKum Park,6300000,468,1,1,Ghansoli,Navi Mumbai,19.1271933235627,72.9966520846173,Unfurnished,Apartment,0,6,9,Resale,Ready to Move,,Yash Home Developers
Balaji Prangan,6850000,436,1,1,Kharghar,Navi Mumbai,19.0656721198219,73.05961185164,Semi-Furnished,Apartment,0,11,8,Resale,Ready to Move,,Neelsiddhi Developers
Krishna Heights,7300000,433,1,2,Ghansoli,Navi Mumbai,19.1271933235627,72.9966520846173,Unfurnished,Apartment,0,9,9,Resale,Ready to Move,,Krishna Developers
Saomya Fortune Belleza,3400000,461,1,2,Panvel,Navi Mumbai,18.9894007,73.1175162,Unfurnished,Apartment,0,13,10,Resale,Ready to Move,,Saomya Fortune Infra Ventures
Green Acres,4500000,799,3,3,Panvel,Navi Mumbai,18.9894007,73.1175162,Unfurnished,Apartment,0,8,10,Resale,Ready to Move,,Namo Properties
Sai Proviso County,5200000,756,2,2,Panvel,Navi Mumbai,18.9894007,73.1175162,Semi-Furnished,Apartment,0,18,10,Resale,Ready to Move,,Proviso Group
Raheja Solaris,10000000,479,1,2,Juinagar,Navi Mumbai,19.0494545088161,73.0153394878658,Unfurnished,Apartment,0,41,0,Resale,Under Construction,,Raheja Universal Pvt. Ltd.
Sanskruti Apartment Kamothe,3300000,209,1,1,Kamothe,Navi Mumbai,19.0174101252323,73.0958540380712,Unfurnished,Apartment,0,0,3,Resale,Ready to Move,,Unknown
Mittal Tower ,9000000,381,1,2,Kopar Khairane,Navi Mumbai,19.1033695651723,73.0121586680414,Furnished,Apartment,0,0,10,Resale,Ready to Move,,Cooperative Group Housing Society
Shantiniketan,2800000,342,1,1,Kharghar,Navi Mumbai,19.0656721198219,73.05961185164,Unfurnished,Apartment,0,0,8,Resale,Ready to Move,,Haware Properties
Mahavir Vrindavan,3600000,468,1,2,Ulwe,Navi Mumbai,18.9750941,73.052334,Unfurnished,Apartment,0,8,6,Resale,Under Construction,,Mahavir Construction
Haware Mauli,2800000,318,1,1,Panvel,Navi Mumbai,18.9894007,73.1175162,Unfurnished,Apartment,0,0,10,Resale,Ready to Move,,Haware Properties
Neelsidhi Orbit,4800000,,1,1,New Panvel,Navi Mumbai,19.0003258753664,73.1153385297118,Unfurnished,Apartment,0,25,5,New Property,Under Construction,,Neel Sidhi
Satyam Bellagio,17500000,,2,2,Sanpada,Navi Mumbai,19.0583094914648,73.0164374121942,Unfurnished,Apartment,0,5,9,Resale,Ready to Move,,Satyam Developers
Vaishnovi Heights,9000000,792,2,2,Sector 5 Ulwe,Navi Mumbai,18.9800428925109,73.0248941000616,Unfurnished,Apartment,0,11,0,Resale,Ready to Move,,Mangalmurti Developers
Unkown,23604200,1066,3,3,Sector 20 Airoli,Navi Mumbai,19.1651597988784,72.9905366741832,Semi-Furnished,Apartment,1,0,0,New Property,Under Construction,1 Covered,Unknown
Unkown,5000000,432,1,2,Ulwe,Navi Mumbai,18.9750941,73.052334,Semi-Furnished,Apartment,0,0,6,Resale,Under Construction,,Unknown
Gami Bianca,8500000,559,2,2,Dronagiri,Navi Mumbai,18.8598511200022,72.9380988664184,Unfurnished,Apartment,1,7,2,New Property,Dec '27,1 Covered,Gami Group
Green Terraces At Godrej City,11900000,650,2,2,Panvel,Navi Mumbai,18.9894007,73.1175162,Unfurnished,Apartment,0,0,10,Resale,Ready to Move,1 Covered,Godrej Properties
Goodwill Excellency ,150000000,2300,,2,Sector 17 Vashi,Navi Mumbai,19.071151,72.999944,Unfurnished,Commercial Office Space,0,2,0,Resale,Ready to Move,,Goodwill Developers
Satyam Altura,50000000,1445,3,3,Sanpada,Navi Mumbai,19.0583094914648,73.0164374121942,Unfurnished,Apartment,0,2,9,Resale,Under Construction,1 Covered,Satyam Group
Unkown,150000000,,,,Turbhe,Navi Mumbai,19.076032619951,73.0221446052293,,Industrial Building,0,0,5,Resale,Ready to Move,,Unknown
Unkown,26000000,840,2,2,Sector 50 Seawoods,Navi Mumbai,19.0137179623377,73.0229633500715,Unfurnished,Apartment,0,0,0,Resale,Ready to Move,1 Open,Unknown
Lodha Crown Taloja,4750000,471,2,2,Taloja,Navi Mumbai,19.074076996436,73.1181841544665,Unfurnished,Apartment,1,6,6,New Property,Ready to Move,,Lodha Developers Limited
Indiabulls Greens Panvel,15000000,1216,3,3,Panvel,Navi Mumbai,18.9894007,73.1175162,Semi-Furnished,Apartment,0,56,10,Resale,Ready to Move,,Indiabulls Greens
Unkown,36000000,911,3,3,Sector 27 Nerul,Navi Mumbai,19.02015113,73.02591762,Semi-Furnished,Apartment,0,0,0,Resale,Ready to Move,2 Covered,Unknown
Akshar Green World,28000000,1100,3,3,Airoli,Navi Mumbai,19.1609103453837,72.9933968951486,Furnished,Apartment,0,29,10,Resale,Ready to Move,,Akshar Group
Unkown,82500000,1750,,1,Kopar Khairane,Navi Mumbai,19.1033695651723,73.0121586680414,Unfurnished,Commercial Showroom,0,0,10,Resale,Ready to Move,1 Covered,Unknown
Golden Heights,18500000,1100,3,3,Kopar Khairane,Navi Mumbai,19.1033695651723,73.0121586680414,Unfurnished,Apartment,0,9,10,Resale,Ready to Move,1 Open,R.D. Builder
Raheja Lunaris,19000000,725,2,3,Juinagar West,Navi Mumbai,19.048622,73.01293614,Unfurnished,Apartment,1,19,0,New Property,Under Construction,1 Covered,Raheja Universal Pvt. Ltd.
Haware Silicon Tower,35000000,1369,3,3,Vashi,Navi Mumbai,19.0777155057838,73.0027923491613,Semi-Furnished,Apartment,0,0,9,Resale,Ready to Move,,Hawer Silicon Tower
Bhoomi Oscar,35000000,1675,3,3,Adarsh Nagar Ghansoli Gaon,Navi Mumbai,19.12430465,72.99682547,Semi-Furnished,Apartment,0,13,0,Resale,Ready to Move,2 Covered,Gajra Developers Ltd
Dream Orchid,9500000,700,2,2,Ulwe,Navi Mumbai,18.9750941,73.052334,Unfurnished,Apartment,0,0,6,Resale,Ready to Move,1 Covered,Unknown
Satyam Stella,17500000,750,2,2,Kopar Khairane,Navi Mumbai,19.1033695651723,73.0121586680414,Unfurnished,Apartment,0,0,10,New Property,Under Construction,,Satyam Superstructures Private Limited
Embassy Park Panvel,20227500,1250,3,3,Panvel,Navi Mumbai,18.9894007,73.1175162,Unfurnished,Apartment,1,19,10,New Property,Under Construction,2 Covered,Embassy Group
The Arena at Hiranandani Fortune city,25255400,1282,3,3,Panvel,Navi Mumbai,18.9894007,73.1175162,Unfurnished,Apartment,1,16,10,New Property,Under Construction,2 Covered,Hiranandani Communities
Wadhwa Palm Beach Residency,340000000,5300,7,7,Palm Beach Road,Navi Mumbai,19.0436434618423,73.0081932372663,Unfurnished,Penthouse,0,19,6,New Property,Ready to Move,,The Wadhwa Group
Unkown,9882500,700,2,2,Shelghar,Navi Mumbai,18.9559797,73.02079059,Unfurnished,Apartment,0,0,0,New Property,Under Construction,"1 Covered, 1 Open",Unknown
L and T Realty Seawoods West Manor Tower A and B,54500000,1590,4,4,Nerul,Navi Mumbai,19.034973,73.02228,Semi-Furnished,Apartment,0,0,8,Resale,Ready to Move,1 Covered,L & T Realty
Marathon Nexzone,6500000,459,1,2,Panvel,Navi Mumbai,18.9894007,73.1175162,Unfurnished,Apartment,0,10,10,Resale,Ready to Move,,Marathon Realty Pvt. Ltd.
Omkar Krupas Apartment,8000000,700,2,1,New Panvel,Navi Mumbai,19.0003258753664,73.1153385297118,Unfurnished,Apartment,0,0,5,Resale,Ready to Move,,Unknown
Akshar Green World,19500000,760,2,2,Digha,Navi Mumbai,19.181068,73.005835,Semi-Furnished,Apartment,0,29,1,Resale,Ready to Move,"1 Covered, 1 Open",Akshar Group
Unkown,84500000,2863,,,Ulwe,Navi Mumbai,18.9750941,73.052334,Furnished,Commercial Shop,0,0,6,Rent,Ready to Move,1 Covered,Unknown
Devpriya,13200000,791,2,2,Ulwe,Navi Mumbai,18.9750941,73.052334,Unfurnished,Apartment,0,0,6,New Property,Ready to Move,,Shree Chamunda Realtors
Gami Amar Harmony,4200000,330,1,1,Taloja Panchanand,Navi Mumbai,19.0786912120664,73.0924195199983,Unfurnished,Apartment,0,32,0,Resale,Ready to Move,,Gami Group
Jewel Gardens,4500000,,2,2,Panvel,Navi Mumbai,18.9894007,73.1175162,Unfurnished,Apartment,0,0,10,Resale,Ready to Move,,Unknown
Unkown,4000000,750,1,2,Taloja,Navi Mumbai,19.074076996436,73.1181841544665,Unfurnished,Apartment,0,0,6,Resale,Ready to Move,,Unknown
Unkown,6000000,88,,,Nerul,Navi Mumbai,19.034973,73.02228,Furnished,Commercial Shop,0,0,8,Resale,Ready to Move,,Unknown
Satra Plaza,55000000,,,2,Vashi,Navi Mumbai,19.0777155057838,73.0027923491613,Furnished,Commercial Office Space,0,11,9,Resale,Ready to Move,,Satra Properties (India) Ltd.
Abhiyanta CHS,8000000,,1,1,Sanpada,Navi Mumbai,19.0583094914648,73.0164374121942,Furnished,Apartment,0,0,9,Resale,Ready to Move,,Cooperative Group Housing Society
Paradise Sai Crystals,17000000,,2,2,Sector 35D Kharghar,Navi Mumbai,19.0719630038591,73.0797042422121,Semi-Furnished,Apartment,0,17,0,Resale,Ready to Move,,Paradise Group
Codename Cloud City,9500000,640,2,2,Kharghar,Navi Mumbai,19.0656721198219,73.05961185164,Semi-Furnished,Apartment,0,28,8,Resale,Ready to Move,,Today Global Homes
Indiabulls Golf City,60000000,,3,5,Panvel,Navi Mumbai,18.9894007,73.1175162,Unfurnished,Villa,0,31,10,Resale,Under Construction,3 Open,Indiabulls Real Estate Ltd.
Dev Samruddhi,5800000,,1,1,Kharghar,Navi Mumbai,19.0656721198219,73.05961185164,Unfurnished,Apartment,0,17,8,Resale,Ready to Move,,Devkrupa
AMI Planet Mercury,8800000,645,2,2,Ulwe,Navi Mumbai,18.9750941,73.052334,Unfurnished,Apartment,0,10,6,Resale,Ready to Move,,Ami Housing & Developers Pvt. Ltd.
Radhey Heritage,5000000,700,2,2,Panvel,Navi Mumbai,18.9894007,73.1175162,Unfurnished,Apartment,0,10,10,Resale,Ready to Move,,Radhey Properties Builders
Clan City,7500000,,2,2,Kharghar,Navi Mumbai,19.0656721198219,73.05961185164,Unfurnished,Apartment,0,26,8,Resale,Ready to Move,1 Covered,SUPREME CONSTRUCTION and DEVELOPERS PVT. LTD.
Mariners Samyukta CHS,55000000,2000,3,4,Vashi,Navi Mumbai,19.0777155057838,73.0027923491613,Unfurnished,Villa,0,0,9,Resale,Ready to Move,,Cooperative Group Housing Society
Hiranandani Fortune City,5400000,,1,2,Panvel,Navi Mumbai,18.9894007,73.1175162,Semi-Furnished,Apartment,0,35,10,Resale,Ready to Move,,Hiranandani Group
Unkown,5000000,,2,2,Uran,Navi Mumbai,18.8763656322669,72.9355372705729,Semi-Furnished,Apartment,0,0,5,Resale,Ready to Move,,Unknown
Shiv Shrushti ,10000000,550,1,2,Kamothe,Navi Mumbai,19.0174101252323,73.0958540380712,Semi-Furnished,Apartment,0,0,3,Resale,Ready to Move,,Manas Developers
Deccan Residency,2800000,598,1,1,Panvel,Navi Mumbai,18.9894007,73.1175162,Unfurnished,Apartment,0,0,10,Resale,Ready to Move,,Unknown
Unkown,5500000,500,1,1,,Navi Mumbai,,,Semi-Furnished,Apartment,0,0,0,Resale,Ready to Move,1 Covered,Unknown
Jai Avenue,4050000,380,1,1,Karanjade,Navi Mumbai,18.974265373985,73.1099196329075,Unfurnished,Apartment,0,17,2,Resale,Ready to Move,,Jai Group
Kharghar Annex,5600000,390,1,1,Kharghar,Navi Mumbai,19.0656721198219,73.05961185164,Semi-Furnished,Apartment,0,18,8,Resale,Ready to Move,,Promise Land Developers
Gurukrupa Aramus Complex,5570000,,1,1,Ulwe,Navi Mumbai,18.9750941,73.052334,Semi-Furnished,Apartment,0,0,6,Resale,Ready to Move,180 Covered,Gurukrupa Group
Shah Arcade,5500000,,,,Kharghar,Navi Mumbai,19.0656721198219,73.05961185164,Unfurnished,Commercial Shop,0,21,8,Resale,Ready to Move,,Shah Group Builders & Infraprojects Ltd.
Vishesh Balaji Symphony,6500000,,1,1,Panvel,Navi Mumbai,18.9894007,73.1175162,Semi-Furnished,Apartment,0,36,10,Resale,Ready to Move,,Vishesh Group
Swapnapurti CHS,4150000,380,1,1,Sector 36 Kharghar,Navi Mumbai,19.0719499906313,73.080639190968,Unfurnished,Apartment,0,51,0,Resale,Ready to Move,90 Open,Cooperative Group Housing Society
Unkown,1250000,,1,1,Kopar Khairane,Navi Mumbai,19.1033695651723,73.0121586680414,Unfurnished,Residential House,0,0,10,Resale,Ready to Move,,Unknown
Space Prakriti Sparsh,2200000,450,1,1,New Panvel,Navi Mumbai,19.0003258753664,73.1153385297118,Semi-Furnished,Apartment,0,24,5,Resale,Ready to Move,,Space India
Earth Ram Heritage,8200000,700,3,2,Kamothe,Navi Mumbai,19.0174101252323,73.0958540380712,Unfurnished,Apartment,0,0,3,Resale,Ready to Move,15 Open,Unknown
Sutlej Residency,4850000,,1,1,Kamothe,Navi Mumbai,19.0174101252323,73.0958540380712,Semi-Furnished,Apartment,0,0,3,Resale,Ready to Move,,Unknown
Unkown,12500000,1000,,1,Kalamboli,Navi Mumbai,19.0311212885643,73.1052711758489,Furnished,Commercial Office Space,0,0,5,Resale,Ready to Move,,Unknown
Unkown,12500000,400,,,Khanda Colony,Navi Mumbai,19.0060589882185,73.1090163976725,Unfurnished,Commercial Shop,0,0,3,Resale,Ready to Move,,Unknown
Geecee Cloud 36,27500000,,2,2,Ghansoli,Navi Mumbai,19.1271933235627,72.9966520846173,Unfurnished,Apartment,0,36,9,Resale,Ready to Move,,Geecee Ventures Ltd.
Unkown,45000000,,5,4,Nerul,Navi Mumbai,19.034973,73.02228,Furnished,Apartment,0,0,8,Resale,Ready to Move,,Unknown
Hrishikesh II,4850000,650,1,2,Ulwe,Navi Mumbai,18.9750941,73.052334,Furnished,Apartment,0,4,6,Resale,Ready to Move,,Hrishikesh Enterprise
Unkown,2800000,,,1,,Navi Mumbai,,,Semi-Furnished,Studio Apartment,0,0,0,Resale,Ready to Move,,Unknown
Neel Sankul,8800000,,2,2,Kalamboli,Navi Mumbai,19.0311212885643,73.1052711758489,Unfurnished,Apartment,0,19,5,Resale,Ready to Move,,Neelsidhi Group
Shelter Pride,3300000,400,1,1,Phase 1 Taloja,Navi Mumbai,19.0775674635419,73.0913385991051,Semi-Furnished,Apartment,0,15,1,Resale,Ready to Move,,Rabbani Khan
Embassy Park Panvel,7500000,,2,2,Panvel,Navi Mumbai,18.9894007,73.1175162,Unfurnished,Apartment,0,19,10,Resale,Under Construction,,Embassy Group
N S View,6500000,950,2,2,Taloja,Navi Mumbai,19.074076996436,73.1181841544665,Unfurnished,Apartment,0,10,6,Resale,Ready to Move,,N.S Builders And Developers
Embassy Park Panvel,9500000,699,2,2,Panvel,Navi Mumbai,18.9894007,73.1175162,Unfurnished,Apartment,0,19,10,New Property,Under Construction,,Embassy Group
Arihant Anaika,3975000,,1,1,Taloja,Navi Mumbai,19.074076996436,73.1181841544665,Semi-Furnished,Apartment,0,20,6,Resale,Ready to Move,,Arihant Superstructures Ltd
Unkown,10150000,780,2,2,Sector 17 Ulwe,Navi Mumbai,18.9640564736564,73.0214063070489,Furnished,Apartment,0,0,0,Resale,Ready to Move,,Unknown
C.J. Kalpavriksha,2800000,423,1,1,Hedutane,Navi Mumbai,19.0484920498281,73.1466950480466,Unfurnished,Apartment,0,26,0,Resale,Ready to Move,,C.J. Group
Ashtvinayak Sarvam,4150000,610,1,2,Taloja,Navi Mumbai,19.074076996436,73.1181841544665,Unfurnished,Apartment,0,5,6,Resale,Ready to Move,,Unknown
Newa Garden,7300000,,1,2,Airoli,Navi Mumbai,19.1609103453837,72.9933968951486,Unfurnished,Apartment,0,5,10,Resale,Ready to Move,,Newa Developers
Siddhivinayak Garima,3400000,,1,1,Taloja,Navi Mumbai,19.074076996436,73.1181841544665,Unfurnished,Apartment,0,19,6,Resale,Ready to Move,,SiddhiVinayak Homes
Bonzer Residency,9500000,680,2,2,Kharghar,Navi Mumbai,19.0656721198219,73.05961185164,Semi-Furnished,Apartment,0,8,8,Resale,Ready to Move,,Yuvraj Developers
Unkown,7000000,,3,3,Taloja,Navi Mumbai,19.074076996436,73.1181841544665,Unfurnished,Apartment,0,0,6,Resale,Ready to Move,,Unknown
Sai Angan,2200000,,1,2,Ulwe,Navi Mumbai,18.9750941,73.052334,Unfurnished,Apartment,0,3,6,Resale,Under Construction,,Shivalay Group
Ashtvinayak Sarvam,4150000,,1,2,Taloja,Navi Mumbai,19.074076996436,73.1181841544665,Unfurnished,Apartment,0,5,6,Resale,Ready to Move,,Unknown
Om Iona,3500000,265,,,Karanjade,Navi Mumbai,18.974265373985,73.1099196329075,Unfurnished,Commercial Shop,0,14,2,Resale,Ready to Move,,OM Constructions
Dhanashree CHS,3500000,321,1,1,Phase 2 Taloja,Navi Mumbai,19.0724911057852,73.0995037912802,Unfurnished,Apartment,0,0,0,Resale,Ready to Move,1 Covered,Cooperative Group Housing Society
Ashapura Residency,5800000,,1,1,Asudgaon,Navi Mumbai,19.01471245,73.11090586,Unfurnished,Apartment,0,0,0,Resale,Ready to Move,1 Covered,Unknown
Unkown,800000,,,,Ulwe Gaothan,Navi Mumbai,18.98702844,73.04053755,,Residential Plot,0,0,0,Resale,,,Unknown
Paradise Sai World City,23000000,1110,3,3,Coperative Housing Society,Navi Mumbai,18.96015191,73.14126507,Unfurnished,Apartment,0,38,0,Resale,Ready to Move,,Paradise Group
Unkown,3200000,,1,1,Panvel,Navi Mumbai,18.9894007,73.1175162,Semi-Furnished,Apartment,0,0,10,Resale,Ready to Move,,Unknown
Amrut Dham,7700000,430,1,1,Rabale,Navi Mumbai,19.1439232937657,73.0108611798346,Semi-Furnished,Apartment,0,7,4,Resale,Ready to Move,,Raikar Group
Akshar Estonia,15000000,,3,3,Dronagiri,Navi Mumbai,18.8598511200022,72.9380988664184,Semi-Furnished,Apartment,0,43,2,Resale,Ready to Move,,Akshar Group
Unkown,4200000,,,,Ulwe,Navi Mumbai,18.9750941,73.052334,Unfurnished,Commercial Shop,0,0,6,Resale,Ready to Move,,Unknown
Unkown,3600000,,1,1,,Navi Mumbai,,,Unfurnished,Apartment,0,0,0,Resale,,,Unknown
Mannat,3200000,,1,1,Taloja,Navi Mumbai,19.074076996436,73.1181841544665,Unfurnished,Apartment,0,1,6,Resale,Ready to Move,,Muktistar Construction
Unkown,3000000,500,1,1,Kharghar,Navi Mumbai,19.0656721198219,73.05961185164,Unfurnished,Apartment,0,0,8,Resale,Ready to Move,,Unknown
Marathon Nexzone,4500000,282,1,1,Marathon Nexzone,Navi Mumbai,18.96597358,73.12846535,Furnished,Apartment,0,10,0,Resale,Ready to Move,,Marathon Realty Pvt. Ltd.
Unkown,6000000,682,3,2,Khar Kopar,Navi Mumbai,18.9654436273347,73.0155095714941,Unfurnished,Apartment,0,0,0,Resale,Ready to Move,,Unknown
Panchnand Heights,7500000,,2,2,Taloja,Navi Mumbai,19.074076996436,73.1181841544665,Semi-Furnished,Apartment,0,11,6,Resale,Ready to Move,,Panchanand Enterprises
Suraj Maitri,18000000,680,,,Kharghar,Navi Mumbai,19.0656721198219,73.05961185164,Unfurnished,Commercial Shop,0,16,8,Resale,Ready to Move,,Maitri Developer
dev classic,4400000,,1,1,Kharghar,Navi Mumbai,19.0656721198219,73.05961185164,Unfurnished,Apartment,0,6,8,Resale,Ready to Move,1 Open,Aristo Realty Developers Ltd.
Unkown,11500000,543,,,Sector 8 Ulwe,Navi Mumbai,18.9655600284838,73.0151962459117,Unfurnished,Commercial Shop,0,0,0,New Property,Ready to Move,,Unknown
Unkown,4500000,,1,1,Ulwe,Navi Mumbai,18.9750941,73.052334,Semi-Furnished,Builder Floor Apartment,0,0,6,Resale,Ready to Move,,Unknown
Unkown,3400000,450,1,1,Karanjade,Navi Mumbai,18.974265373985,73.1099196329075,Unfurnished,Apartment,0,0,2,Resale,Ready to Move,,Unknown
Unkown,3400000,,1,1,New Panvel,Navi Mumbai,19.0003258753664,73.1153385297118,Semi-Furnished,Apartment,0,0,5,Resale,Ready to Move,,Unknown
Shree Siddhivinayak Residency,3400000,415,1,1,Navde,Navi Mumbai,19.0534298108845,73.09743386978,Semi-Furnished,Apartment,0,16,0,Resale,Ready to Move,,Pragati Group
Indiabulls Greens Panvel,4500000,560,1,2,Panvel,Navi Mumbai,18.9894007,73.1175162,Unfurnished,Apartment,0,56,10,Resale,Ready to Move,,Indiabulls Greens
Sagar Vihar,4000000,430,1,1,Taloja Panchanand,Navi Mumbai,19.0786912120664,73.0924195199983,Unfurnished,Apartment,0,6,0,Resale,Ready to Move,,Shiv Shakti Developer
Unkown,4700000,,,,Boripakhadi,Navi Mumbai,18.89539133,72.93765155,,Residential Plot,0,0,0,Resale,,,Unknown
Yashraj Sai Simran,7200000,,2,2,Karanjade,Navi Mumbai,18.974265373985,73.1099196329075,Unfurnished,Apartment,0,8,2,Resale,Ready to Move,1 Covered,Yashraj Group
Unkown,5000000,410,1,2,,Navi Mumbai,,,Unfurnished,Apartment,0,0,0,New Property,Ready to Move,,Unknown
Sai Fortune,11000000,,2,2,Ulwe,Navi Mumbai,18.9750941,73.052334,Unfurnished,Apartment,0,28,6,Resale,Ready to Move,,Paradise Group
Unkown,7000000,,1,2,Kopar Khairane,Navi Mumbai,19.1033695651723,73.0121586680414,Semi-Furnished,Builder Floor Apartment,0,0,10,Resale,Ready to Move,1 Covered,Unknown
Shree  Malhar Residency,4000000,,1,1,Dronagiri,Navi Mumbai,18.8598511200022,72.9380988664184,Semi-Furnished,Apartment,0,2,2,Resale,Ready to Move,,Shree Ekvira enterprises
Unkown,1750000,,,,,Navi Mumbai,,,Unfurnished,Studio Apartment,0,0,0,Resale,Ready to Move,1 Covered,Unknown
Orchid Residency,2700000,354,1,1,Panvel,Navi Mumbai,18.9894007,73.1175162,Unfurnished,Apartment,0,17,10,Resale,Ready to Move,,Space India
Mountain View Residency,2900000,450,1,1,Khopoli,Navi Mumbai,18.7980131509559,73.3372686360754,Unfurnished,Apartment,0,12,2,New Property,Ready to Move,,Immaculate Developers
Unkown,8500000,200,,,Sector 16 Ulwe,Navi Mumbai,18.959132,73.021039,Unfurnished,Commercial Shop,0,0,0,Resale,Ready to Move,,Unknown
Balaji Aangan,10000000,,2,2,Panvel,Navi Mumbai,18.9894007,73.1175162,Unfurnished,Apartment,0,8,10,Resale,Ready to Move,,MP Group Builders And Developers
Gami Amar Harmony,7500000,800,2,2,Phase 1 Taloja,Navi Mumbai,19.0775674635419,73.0913385991051,Semi-Furnished,Apartment,0,32,1,Resale,Ready to Move,,Gami Group
Unkown,3500000,585,1,1,Pushpak Nagar,Navi Mumbai,18.9699719839935,73.0754708794387,Unfurnished,Apartment,0,0,0,Resale,Ready to Move,,Unknown
Unkown,8000000,800,2,2,Taloja Panchanand,Navi Mumbai,19.0786912120664,73.0924195199983,Semi-Furnished,Apartment,0,0,0,Resale,Ready to Move,1 Open,Unknown
Lodha Codename Golden Dream,3500000,,1,1,Taloja,Navi Mumbai,19.074076996436,73.1181841544665,Unfurnished,Apartment,0,19,6,Resale,Ready to Move,,Lodha Developers Limited
NRI Complex Phase,82000000,,3,3,Sector 50 Seawoods,Navi Mumbai,19.0137179623377,73.0229633500715,Semi-Furnished,Penthouse,0,14,0,Resale,Ready to Move,1 Covered,Cidco
Space India Vaastusiddhi Landmark Riverside,4000000,,2,2,Panvel,Navi Mumbai,18.9894007,73.1175162,Semi-Furnished,Apartment,0,26,10,Resale,Ready to Move,,Space India
Krishna Apartment,8000000,600,2,2,Kamothe,Navi Mumbai,19.0174101252323,73.0958540380712,Unfurnished,Apartment,0,7,3,Resale,Ready to Move,,Radhekrishna Developers
Prime Homes,4800000,,1,1,Karanjade,Navi Mumbai,18.974265373985,73.1099196329075,Semi-Furnished,Apartment,0,7,2,Resale,Ready to Move,, Prime Homes
Unkown,20000000,504,,,,Navi Mumbai,,,Unfurnished,Commercial Shop,0,0,0,Resale,Ready to Move,,Unknown
Divya Heights,5500000,430,1,1,Taloja,Navi Mumbai,19.074076996436,73.1181841544665,Semi-Furnished,Apartment,0,16,6,Resale,Ready to Move,,Divya Group
Unkown,1000000,300,,1,Juinagar,Navi Mumbai,19.0494545088161,73.0153394878658,Unfurnished,Studio Apartment,0,0,0,Resale,Ready to Move,,Unknown
Arihant Anshula,6500000,1050,2,2,Phase 2 Taloja,Navi Mumbai,19.0724911057852,73.0995037912802,Furnished,Apartment,0,19,0,Resale,Ready to Move,,Arihant Superstructures Ltd.
Arihant 5 Anaika,3400000,391,1,1,Taloja,Navi Mumbai,19.074076996436,73.1181841544665,Unfurnished,Apartment,0,42,6,New Property,Ready to Move,,Arihant Superstructures Ltd.
Unkown,5000000,,,,,Navi Mumbai,,,Unfurnished,Commercial Shop,0,0,0,Resale,Ready to Move,1 Open,Unknown
Ashoka Residency,17200000,690,2,2,Sector 12 Kharghar,Navi Mumbai,19.043551,73.066347,Semi-Furnished,Apartment,0,15,1,Resale,Ready to Move,,Ashoka Builders
Unkown,16500000,,,,Ulwe,Navi Mumbai,18.9750941,73.052334,Unfurnished,Commercial Shop,0,0,6,Resale,Ready to Move,,Unknown
Unkown,6000000,520,1,2,Sector 20 Ulwe,Navi Mumbai,18.9779516240329,73.0293337092446,Unfurnished,Apartment,0,0,0,Resale,Ready to Move,,Unknown
Unkown,2600000,187,,1,Sector 16 Ulwe,Navi Mumbai,18.959132,73.021039,Unfurnished,Studio Apartment,0,0,0,Resale,Under Construction,6 Open,Unknown
Adage Arcade Apartment,10000000,625,2,2,Savoli,Navi Mumbai,19.1176085342768,73.0038513868187,Semi-Furnished,Apartment,0,0,0,Resale,Ready to Move,,Unknown
Unkown,4500000,200,,,Kalamboli,Navi Mumbai,19.0311212885643,73.1052711758489,Unfurnished,Commercial Office Space,0,0,5,Resale,Ready to Move,,Unknown
Hiranandani Fortune City,10000000,600,2,2,Panvel,Navi Mumbai,18.9894007,73.1175162,Unfurnished,Apartment,0,35,10,Resale,Ready to Move,,Hiranandani Group
Jewel Residency,3400000,431,1,1,New Panvel,Navi Mumbai,19.0003258753664,73.1153385297118,Unfurnished,Apartment,0,0,5,Resale,Ready to Move,,Unknown
Unkown,15000000,550,2,2,New Panvel East,Navi Mumbai,18.998631,73.120102,Unfurnished,Residential House,0,0,3,Resale,Ready to Move,,Unknown
Godrej City,16000000,1192,3,3,Panvel,Navi Mumbai,18.9894007,73.1175162,Unfurnished,Apartment,0,45,10,New Property,Ready to Move,1 Covered,Godrej Properties
Mahaavir Aangan ,8500000,500,2,2,Kharghar,Navi Mumbai,19.0656721198219,73.05961185164,Semi-Furnished,Apartment,0,0,8,Resale,Ready to Move,,Mahaavir Universal Homes Pvt. Ltd.
Shri Sai Krupa,8900000,590,2,2,Ulwe,Navi Mumbai,18.9750941,73.052334,Unfurnished,Apartment,0,22,6,Resale,Ready to Move,,R K Enterprises
Unkown,5000000,355,1,1,Sector 20 Airoli,Navi Mumbai,19.1651597988784,72.9905366741832,Furnished,Apartment,0,0,0,Resale,Ready to Move,,Unknown
Unkown,9000000,,2,2,Kamothe,Navi Mumbai,19.0174101252323,73.0958540380712,Unfurnished,Apartment,0,0,3,Resale,Ready to Move,,Unknown
Unkown,7800000,,1,1,Airoli,Navi Mumbai,19.1609103453837,72.9933968951486,Furnished,Builder Floor Apartment,0,0,10,Resale,Ready to Move,,Unknown
Siddhi Belleza,15000000,735,2,2,Kharghar,Navi Mumbai,19.0656721198219,73.05961185164,Semi-Furnished,Apartment,0,13,8,Resale,Ready to Move,1 Open,Siddhi Tapaswi Buildtech
Unkown,22900000,,,,Shirdhon,Navi Mumbai,18.9332897846845,73.1361847980623,,Commercial Land,0,0,0,Resale,,,Unknown
Arihant Anshula,5800000,730,2,2,Taloja,Navi Mumbai,19.074076996436,73.1181841544665,Semi-Furnished,Apartment,0,19,6,Resale,Ready to Move,,Arihant Superstructures Ltd.
Unkown,2500000,,1,1,Ghansoli,Navi Mumbai,19.1271933235627,72.9966520846173,Unfurnished,Builder Floor Apartment,0,0,9,Resale,Ready to Move,,Unknown
Neelkanth Vishwa,5300000,,1,1,New Panvel,Navi Mumbai,19.0003258753664,73.1153385297118,Furnished,Apartment,0,5,5,Resale,Ready to Move,,Bhagchand C. Khubchandani
Unkown,4850000,290,1,1,Sector 9 Airoli,Navi Mumbai,19.1464748007227,72.9910032825873,Unfurnished,Apartment,0,0,1,Resale,Ready to Move,,Unknown
Arihant Arshiya,1650000,412,1,1,Panvel,Navi Mumbai,18.9894007,73.1175162,Unfurnished,Apartment,0,11,10,Resale,Ready to Move,,Arihant Superstructures Ltd
Sai Prabha Apartment,6500000,378,1,1,Kopar Khairane,Navi Mumbai,19.1033695651723,73.0121586680414,Unfurnished,Apartment,0,0,10,Resale,Ready to Move,,Unknown
Arihant Aakarshan,2900000,418,1,2,Taloja,Navi Mumbai,19.074076996436,73.1181841544665,Unfurnished,Apartment,0,13,6,Resale,Under Construction,,Arihant Superstructures Ltd.
Arihant Aakarshan,3400000,341,1,2,Taloja,Navi Mumbai,19.074076996436,73.1181841544665,Unfurnished,Apartment,0,13,6,Resale,Under Construction,,Arihant Superstructures Ltd.
Konnark Oasis,2700000,450,1,1,Taloja,Navi Mumbai,19.074076996436,73.1181841544665,Unfurnished,Apartment,0,16,6,Resale,Under Construction,,Konnark Developers
Rishikesh Heights,4250000,515,1,1,Taloja,Navi Mumbai,19.074076996436,73.1181841544665,Semi-Furnished,Apartment,0,7,6,Resale,Ready to Move,,Rishikesh Realty
Adhiraj The Mainland Navi Mumbai,8900000,756,2,2,Kharghar,Navi Mumbai,19.0656721198219,73.05961185164,Unfurnished,Apartment,0,23,8,Resale,Under Construction,,Adhiraj Constructions Pvt. Ltd.
Uma Deep CHS Owe Gaon,5170000,504,1,2,Sector 30 Kharghar,Navi Mumbai,19.06659,73.06811,Unfurnished,Apartment,0,0,1,Resale,Ready to Move,,Unknown
Sanskruti Apartment Kamothe,5300000,423,1,1,Kamothe,Navi Mumbai,19.0174101252323,73.0958540380712,Unfurnished,Apartment,0,0,3,Resale,Ready to Move,,Unknown
Aura Ashiyana,4000000,303,1,2,Panvel,Navi Mumbai,18.9894007,73.1175162,Unfurnished,Apartment,0,3,10,Resale,Ready to Move,,Aura Buildcon
Ashtvinayak Sarvam,3400000,468,1,2,Taloja,Navi Mumbai,19.074076996436,73.1181841544665,Unfurnished,Apartment,0,5,6,Resale,Under Construction,,Unknown
Dharti Green Acres,4000000,680,2,2,New Panvel East,Navi Mumbai,18.998631,73.120102,Unfurnished,Apartment,0,0,3,Resale,Ready to Move,,Dharti Developers
Bhagwati Bella Vista,5600000,497,1,1,Sector 19B Ulwe,Navi Mumbai,18.9717998938419,73.0246980875072,Unfurnished,Apartment,0,15,1,Resale,Ready to Move,,Bhagwati Group
Sadguru CHS,22500000,1260,3,3,Sector 19 Kharghar,Navi Mumbai,19.04955,73.078011,Semi-Furnished,Apartment,0,7,0,Resale,Ready to Move,1 Open,Cooperative Group Housing Society
Unkown,16000000,,2,2,Vashi,Navi Mumbai,19.0777155057838,73.0027923491613,Semi-Furnished,Apartment,0,0,9,Resale,Ready to Move,,Unknown
SR Residency,4500000,540,1,1,Taloja,Navi Mumbai,19.074076996436,73.1181841544665,Unfurnished,Apartment,0,0,6,Resale,Ready to Move,,Unknown
Balaji Residency Phase 2,5000000,432,3,2,Panvel,Navi Mumbai,18.9894007,73.1175162,Semi-Furnished,Apartment,0,0,10,Resale,Ready to Move,,Balaji Constructions
Oasis Nest,4500000,450,1,1,Ulwe,Navi Mumbai,18.9750941,73.052334,Semi-Furnished,Apartment,0,0,6,Resale,Ready to Move,,Oasis Builder and Developers
Unkown,70000000,,4,5,Palm Beach Road,Navi Mumbai,19.0436434618423,73.0081932372663,Furnished,Apartment,0,0,6,Resale,Ready to Move,,Unknown
Unkown,3000000,348,1,1,Chipale,Navi Mumbai,19.0025522772764,73.1505273928417,Unfurnished,Apartment,0,0,0,Resale,Ready to Move,,Unknown
Siddhi Vinayak,11200000,794,3,3,Kamothe,Navi Mumbai,19.0174101252323,73.0958540380712,Unfurnished,Apartment,0,0,3,Resale,Ready to Move,,Unknown
Shivnandan CHS,9000000,631,2,2,CBD Belapur,Navi Mumbai,19.0190788324849,73.0384581174593,Semi-Furnished,Apartment,0,0,9,Resale,Ready to Move,,Unknown
Sanvo Marathon Nexzone Plaza 2 ,7200000,763,2,2,Panvel,Navi Mumbai,18.9894007,73.1175162,Unfurnished,Apartment,0,0,10,Resale,Ready to Move,,Unknown
Shantivan,5500000,317,1,1,Kharghar,Navi Mumbai,19.0656721198219,73.05961185164,Unfurnished,Apartment,0,0,8,Resale,Ready to Move,,Haware Properties
Arihant 4 Anaika,2900000,276,1,1,Taloja,Navi Mumbai,19.074076996436,73.1181841544665,Unfurnished,Apartment,0,19,6,Resale,Ready to Move,,Arihant Superstructures Ltd
Shivkrupa Priyanshi Residency,4300000,432,1,1,Panvel,Navi Mumbai,18.9894007,73.1175162,Semi-Furnished,Apartment,0,0,10,Resale,Ready to Move,,Sagar Builders
8 Kool Homes,4300000,585,1,2,Panvel,Navi Mumbai,18.9894007,73.1175162,Unfurnished,Apartment,0,0,10,Resale,Ready to Move,,Qualcon
Unkown,8500000,,1,1,,Navi Mumbai,,,Semi-Furnished,Apartment,0,0,0,Resale,Ready to Move,,Unknown
Balaji Mangal,4300000,547,1,1,New Panvel,Navi Mumbai,19.0003258753664,73.1153385297118,Unfurnished,Apartment,0,0,5,Resale,Ready to Move,,Emkayen Group
Payal Homes,3800000,446,1,2,Karanjade,Navi Mumbai,18.974265373985,73.1099196329075,Unfurnished,Apartment,0,0,2,Resale,Ready to Move,,Payal Group
Grand Arena,6000000,486,1,1,Ulwe,Navi Mumbai,18.9750941,73.052334,Unfurnished,Apartment,0,0,6,Resale,Ready to Move,,Shiv Parvati Developers
Unkown,26500000,,3,3,Roadpali,Navi Mumbai,19.0385501152056,73.0962748008091,Unfurnished,Apartment,0,0,2,Resale,Ready to Move,,Unknown
Sarovar Apartments,4200000,305,1,1,Dronagiri,Navi Mumbai,18.8598511200022,72.9380988664184,Unfurnished,Apartment,0,0,2,Resale,Ready to Move,,Unknown
Neelsidhi Gardens,22500000,,3,3,Takka Colony,Navi Mumbai,18.9809362767399,73.1191750313707,Semi-Furnished,Apartment,0,19,0,Resale,Ready to Move,2 Covered,Neelsidhi Group
Roop Maya CHS,18000000,,,,Airoli,Navi Mumbai,19.1609103453837,72.9933968951486,Unfurnished,Commercial Shop,0,10,10,Resale,Ready to Move,,Framevala Developers
Gagangiri Vihar,2139000,323,1,1,Khopoli,Navi Mumbai,18.7980131509559,73.3372686360754,Unfurnished,Apartment,0,17,2,New Property,Under Construction,,Crescent Infrastructures and Developing Company
Mangalmurti Sankul,6620000,1296,2,2,Panvel,Navi Mumbai,18.9894007,73.1175162,Unfurnished,Apartment,0,7,10,New Property,Jan '31,,Mangalmurti Builders
Gajra Bhoomi Gardenia,7100000,510,2,2,Roadpali,Navi Mumbai,19.0385501152056,73.0962748008091,Unfurnished,Apartment,0,27,2,Resale,Ready to Move,1 Covered,Gajra Developers Ltd
Unkown,80000000,,,,Manghar,Navi Mumbai,18.96189366,73.07417005,,Agricultural Land,0,0,0,Resale,,,Unknown
Unkown,12000000,,,,,Navi Mumbai,,,,Residential Plot,0,0,0,Resale,,,Unknown
Unkown,2650000,,1,1,Panvel,Navi Mumbai,18.9894007,73.1175162,Unfurnished,Apartment,0,0,10,New Property,Ready to Move,1 Open,Unknown
Unkown,5200000,,2,2,Adaigaon,Navi Mumbai,19.0110825912093,73.1266944947445,Unfurnished,Apartment,0,0,0,Resale,Ready to Move,,Unknown
Galaxy Green Woods,35500000,1100,3,3,Kharghar,Navi Mumbai,19.0656721198219,73.05961185164,Semi-Furnished,Apartment,0,17,8,Resale,Ready to Move,1 Covered,Galaxy Group
Unkown,5500000,,1,1,Ulwe,Navi Mumbai,18.9750941,73.052334,Unfurnished,Apartment,0,0,6,Resale,Ready to Move,,Unknown
Panchanand Corner,3500000,,1,1,Taloja,Navi Mumbai,19.074076996436,73.1181841544665,Unfurnished,Apartment,0,16,6,Resale,Ready to Move,,Panchanand Enterprises
Grow Riverside Greens,4500000,,2,2,New Panvel,Navi Mumbai,19.0003258753664,73.1153385297118,Unfurnished,Builder Floor Apartment,0,16,5,Resale,Ready to Move,,GrowHomes
Mahalaxmi City ,1000000,,,,,Navi Mumbai,,,Unfurnished,Commercial Shop,0,0,0,New Property,Ready to Move,"1 Covered, 1 Open",Unknown
Haware Fantasia,20000000,,,2,Vashi,Navi Mumbai,19.0777155057838,73.0027923491613,Furnished,Commercial Office Space,0,21,9,Resale,Ready to Move,,Haware Group
Unkown,5200000,,1,1,,Navi Mumbai,,,Semi-Furnished,Apartment,0,0,0,Resale,Ready to Move,,Unknown
Kartikya park II,6000000,685,2,2,Adai,Navi Mumbai,19.0146597506832,73.1331101231684,Furnished,Apartment,0,23,0,Resale,Ready to Move,,Space India
Unkown,7000000,,2,,,Navi Mumbai,,,,Apartment,0,0,0,Resale,,1 Covered,Unknown
Mango 24,5500000,260,,1,Karanjade,Navi Mumbai,18.974265373985,73.1099196329075,Unfurnished,Commercial Office Space,0,13,2,Resale,Ready to Move,,Mango Homes
RSM Diamond,15000000,,2,2,Ulwe,Navi Mumbai,18.9750941,73.052334,Unfurnished,Apartment,0,15,6,Resale,Ready to Move,,RSM Lifespaces LLP
Maitri Planet NX,11000000,,2,2,Kharghar,Navi Mumbai,19.0656721198219,73.05961185164,Furnished,Apartment,0,14,8,Resale,Ready to Move,,Maithri Developers
Sawan Majesty,8000000,,2,2,Taloja,Navi Mumbai,19.074076996436,73.1181841544665,Furnished,Apartment,0,19,6,Resale,Under Construction,,Shree Sawan Builders
Today Shikhar Complex ,19500000,490,,2,Sector 19 Kamothe,Navi Mumbai,19.0129712539512,73.0928898212324,Unfurnished,Commercial Showroom,0,0,0,Resale,Ready to Move,,Today Homes & Infrastructure Pvt. Ltd.
Shree Chamunda Dham,11000000,,2,2,Ulwe,Navi Mumbai,18.9750941,73.052334,Unfurnished,Apartment,0,7,6,Resale,Ready to Move,,Chamunda Developers
Unkown,2500000,381,1,1,,Navi Mumbai,,,Unfurnished,Apartment,0,0,0,Resale,Ready to Move,,Unknown
Balaji Kripa,10000000,,2,2,Karanjade,Navi Mumbai,18.974265373985,73.1099196329075,Furnished,Apartment,0,6,2,Resale,Ready to Move,,Reliable Builders
Unkown,6500000,,1,1,,Navi Mumbai,,,Semi-Furnished,Apartment,0,0,0,Resale,Under Construction,,Unknown
Arihant 6 Anaika,5250000,513,2,2,Taloja,Navi Mumbai,19.074076996436,73.1181841544665,Unfurnished,Apartment,0,42,6,Resale,Ready to Move,,Arihant Superstructures Ltd.
Sai Sangam,7000000,504,2,2,Ulwe,Navi Mumbai,18.9750941,73.052334,Semi-Furnished,Apartment,0,12,6,Resale,Ready to Move,,Platinum Constructions
Paradise Sai Miracle,14500000,882,2,2,Kharghar,Navi Mumbai,19.0656721198219,73.05961185164,Furnished,Apartment,0,30,8,Resale,Ready to Move,,Paradise Group
Ocean Park,4800000,468,1,2,Ulwe,Navi Mumbai,18.9750941,73.052334,Unfurnished,Apartment,0,6,6,Resale,Ready to Move,,Ocean Associates
Nirman Homes,2900000,468,1,2,Panvel,Navi Mumbai,18.9894007,73.1175162,Unfurnished,Apartment,0,7,10,Resale,Ready to Move,,Nirman Infra Project
Nirman Homes,4000000,465,1,1,Panvel,Navi Mumbai,18.9894007,73.1175162,Unfurnished,Apartment,0,7,10,Resale,Ready to Move,,Nirman Infra Project
Kailash Uptown,4800000,504,1,2,Panvel,Navi Mumbai,18.9894007,73.1175162,Unfurnished,Apartment,0,15,10,Resale,Ready to Move,,Space India
Kailash Uptown,5200000,497,1,1,Panvel,Navi Mumbai,18.9894007,73.1175162,Unfurnished,Apartment,0,15,10,Resale,Ready to Move,,Space India
Bhumika Residency,9500000,934,2,2,Kalamboli,Navi Mumbai,19.0311212885643,73.1052711758489,Unfurnished,Apartment,0,11,5,Resale,Ready to Move,,Juhi Developers
Kailash Crystal,7300000,695,2,2,Ulwe,Navi Mumbai,18.9750941,73.052334,Unfurnished,Apartment,0,19,6,Resale,Ready to Move,,Aditya Projects & Developers
Neelsidhi Amarante,9000000,900,2,2,Kalamboli,Navi Mumbai,19.0311212885643,73.1052711758489,Furnished,Apartment,0,15,5,Resale,Ready to Move,,Neelsidhi Group
Elite Grandeur,17500000,972,3,3,Kharghar,Navi Mumbai,19.0656721198219,73.05961185164,Unfurnished,Apartment,0,7,8,Resale,Ready to Move,,Elite World
Aaron Infra Moreshwar Complex,7500000,738,2,2,Kamothe,Navi Mumbai,19.0174101252323,73.0958540380712,Unfurnished,Apartment,0,9,3,Resale,Ready to Move,,Aaron Infra Projects
Monarch Green Escape,3900000,504,1,1,Panvel,Navi Mumbai,18.9894007,73.1175162,Unfurnished,Apartment,0,28,10,Resale,Under Construction,,Moksh Developers
Squarefeet Royal Ozone,5800000,458,1,1,Panvel,Navi Mumbai,18.9894007,73.1175162,Unfurnished,Apartment,0,25,10,Resale,Ready to Move,,Squarefeet Realty
Squarefeet Royal Ozone,3500000,458,1,1,Panvel,Navi Mumbai,18.9894007,73.1175162,Semi-Furnished,Apartment,0,25,10,Resale,Ready to Move,,Squarefeet Realty
Squarefeet Royal Ozone,6500000,854,2,2,Panvel,Navi Mumbai,18.9894007,73.1175162,Semi-Furnished,Apartment,0,25,10,Resale,Ready to Move,,Squarefeet Realty
Squarefeet Royal Ozone,4000000,480,1,1,Panvel,Navi Mumbai,18.9894007,73.1175162,Semi-Furnished,Apartment,0,25,10,Resale,Ready to Move,,Squarefeet Realty
Squarefeet Royal Ozone,8200000,907,2,2,Panvel,Navi Mumbai,18.9894007,73.1175162,Furnished,Apartment,0,25,10,Resale,Ready to Move,,Squarefeet Realty
Squarefeet Royal Ozone,3200000,458,1,1,Panvel,Navi Mumbai,18.9894007,73.1175162,Unfurnished,Apartment,0,25,10,Resale,Ready to Move,,Squarefeet Realty
Royal Meadows,4800000,689,2,2,New Panvel,Navi Mumbai,19.0003258753664,73.1153385297118,Furnished,Apartment,0,11,5,Resale,Ready to Move,,Royale Realtors
Royal Meadows,4500000,654,2,2,New Panvel,Navi Mumbai,19.0003258753664,73.1153385297118,Unfurnished,Apartment,0,11,5,Resale,Ready to Move,,Royale Realtors
Royal Meadows,4800009,684,2,2,New Panvel,Navi Mumbai,19.0003258753664,73.1153385297118,Unfurnished,Apartment,0,11,5,Resale,Ready to Move,,Royale Realtors
Royal Meadows,3000000,453,1,1,New Panvel,Navi Mumbai,19.0003258753664,73.1153385297118,Unfurnished,Apartment,0,11,5,Resale,Ready to Move,,Royale Realtors
Royal Meadows,5000000,648,2,2,New Panvel,Navi Mumbai,19.0003258753664,73.1153385297118,Unfurnished,Apartment,0,11,5,Resale,Ready to Move,,Royale Realtors
Royal Meadows,3200000,445,1,1,New Panvel,Navi Mumbai,19.0003258753664,73.1153385297118,Semi-Furnished,Apartment,0,11,5,Resale,Ready to Move,,Royale Realtors
Platinum Park,3630000,576,2,2,New Panvel,Navi Mumbai,19.0003258753664,73.1153385297118,Unfurnished,Apartment,0,7,5,Resale,Under Construction,,Shree Enterprises
Krishiv Kripa,6200000,475,1,1,Kharghar,Navi Mumbai,19.0656721198219,73.05961185164,Semi-Furnished,Apartment,0,13,8,Resale,Ready to Move,,Hex Corp
Grow Riverside Greens,3500000,511,1,1,New Panvel,Navi Mumbai,19.0003258753664,73.1153385297118,Unfurnished,Apartment,0,16,5,Resale,Ready to Move,,GrowHomes
Grow Riverside Greens,2800000,482,1,1,New Panvel,Navi Mumbai,19.0003258753664,73.1153385297118,Semi-Furnished,Apartment,0,16,5,Resale,Ready to Move,,GrowHomes
Devtaa Malaga,5500000,832,2,2,Panvel,Navi Mumbai,18.9894007,73.1175162,Unfurnished,Apartment,0,7,10,Resale,Under Construction,,Devtaa Group Developers
Fortune Garden,3200000,446,1,1,New Panvel,Navi Mumbai,19.0003258753664,73.1153385297118,Unfurnished,Apartment,0,18,5,Resale,Ready to Move,,Fortune Group
Gayatri Sankul,6800000,511,1,1,Kharghar,Navi Mumbai,19.0656721198219,73.05961185164,Semi-Furnished,Apartment,0,3,8,Resale,Ready to Move,,Gayatri Developer
Goodwill Paradise,14600000,901,2,2,Kharghar,Navi Mumbai,19.0656721198219,73.05961185164,Unfurnished,Apartment,0,41,8,Resale,Ready to Move,,Goodwill Construction
Haware Gulmohar,5500000,396,1,1,Kharghar,Navi Mumbai,19.0656721198219,73.05961185164,Unfurnished,Apartment,0,6,8,Resale,Ready to Move,,Haware Engineers & Builders Pvt Ltd
Malani Orchid,3700000,396,1,1,Ulwe,Navi Mumbai,18.9750941,73.052334,Unfurnished,Apartment,0,9,6,Resale,Ready to Move,,Malani Developers
Arihant Abhilasha,10000000,948,2,2,Kharghar,Navi Mumbai,19.0656721198219,73.05961185164,Unfurnished,Apartment,0,10,8,Resale,Ready to Move,,Arihant Construction
Aristo Bliss,5000000,454,1,1,Kharghar,Navi Mumbai,19.0656721198219,73.05961185164,Semi-Furnished,Apartment,0,9,8,Resale,Ready to Move,,Aristo Universal
Pratik Harmony,6300000,490,1,1,Roadpali,Navi Mumbai,19.0385501152056,73.0962748008091,Semi-Furnished,Apartment,0,24,2,Resale,Ready to Move,,Pratik Enterprises
Pratik Harmony,6300000,490,1,1,Roadpali,Navi Mumbai,19.0385501152056,73.0962748008091,Semi-Furnished,Apartment,0,24,2,Resale,Ready to Move,,Pratik Enterprises
Goodwill Gardens,18000000,720,3,2,Kharghar,Navi Mumbai,19.0656721198219,73.05961185164,Furnished,Apartment,0,14,8,Resale,Ready to Move,,Goodwill Developers
Orchid Residency,3300000,414,1,1,Panvel,Navi Mumbai,18.9894007,73.1175162,Unfurnished,Apartment,0,17,10,Resale,Ready to Move,,Space India
Qualcon Greenwood Estate,3000000,464,1,1,Panvel,Navi Mumbai,18.9894007,73.1175162,Unfurnished,Apartment,0,42,10,Resale,Ready to Move,,Qualcon Properties LLP
Qualcon Greenwood Estate,5900073,948,2,2,Panvel,Navi Mumbai,18.9894007,73.1175162,Unfurnished,Apartment,0,42,10,Resale,Ready to Move,,Qualcon Properties LLP
Qualcon Greenwood Estate,3300000,577,1,1,Panvel,Navi Mumbai,18.9894007,73.1175162,Unfurnished,Apartment,0,42,10,Resale,Ready to Move,,Qualcon Properties LLP
Qualcon Greenwood Estate,6000000,936,3,3,Panvel,Navi Mumbai,18.9894007,73.1175162,Unfurnished,Apartment,0,42,10,Resale,Ready to Move,,Qualcon Properties LLP
Space India Green Earth,3000000,486,1,1,New Panvel,Navi Mumbai,19.0003258753664,73.1153385297118,Semi-Furnished,Apartment,0,15,5,Resale,Ready to Move,,Space India Builders & Developers
Space India Sai Enclave,6000000,741,2,2,New Panvel,Navi Mumbai,19.0003258753664,73.1153385297118,Unfurnished,Apartment,0,21,5,Resale,Ready to Move,,Space India Builders & Developers
Space India Sai Enclave,4000000,467,1,1,Panvel,Navi Mumbai,18.9894007,73.1175162,Unfurnished,Apartment,0,21,10,Resale,Ready to Move,,Space India Builders & Developers
Gami Amar Harmony,10000000,816,2,2,Taloja,Navi Mumbai,19.074076996436,73.1181841544665,Unfurnished,Apartment,0,32,6,Resale,Ready to Move,,Gami Group
Phoenix Nest,5500000,454,1,1,Roadpali,Navi Mumbai,19.0385501152056,73.0962748008091,Unfurnished,Apartment,0,41,2,Resale,Ready to Move,,Shreeji Group Builder and Developer
Phoenix Nest,5850000,504,1,1,Roadpali,Navi Mumbai,19.0385501152056,73.0962748008091,Furnished,Apartment,0,41,2,Resale,Ready to Move,,Shreeji Group Builder and Developer
Phoenix Nest,6000000,486,1,1,Roadpali,Navi Mumbai,19.0385501152056,73.0962748008091,Unfurnished,Apartment,0,41,2,Resale,Ready to Move,,Shreeji Group Builder and Developer
Marble Arch,8500000,576,2,2,Taloja,Navi Mumbai,19.074076996436,73.1181841544665,Unfurnished,Apartment,0,21,6,Resale,Ready to Move,,Shining Sun Constructions
Sharda Galaxy,4800000,439,1,1,Ulwe,Navi Mumbai,18.9750941,73.052334,Unfurnished,Apartment,0,16,6,Resale,Ready to Move,,Sharda Enterprises
Konnark River City,3300000,432,1,1,New Panvel,Navi Mumbai,19.0003258753664,73.1153385297118,Furnished,Apartment,0,26,5,Resale,Ready to Move,,Konnark Township Pvt Ltd
Konnark River City,4500000,468,1,1,Panvel,Navi Mumbai,18.9894007,73.1175162,Unfurnished,Apartment,0,26,10,Resale,Under Construction,,Konnark Township Pvt Ltd
Orchid Apartment,3000000,274,1,1,Taloja,Navi Mumbai,19.074076996436,73.1181841544665,Unfurnished,Apartment,0,9,6,Resale,Ready to Move,,Karan Group
Orchid Residency,3600000,468,1,1,Panvel,Navi Mumbai,18.9894007,73.1175162,Furnished,Apartment,0,17,10,Resale,Ready to Move,,Space India
Akash Krishna Residency,4000000,457,1,1,Ulwe,Navi Mumbai,18.9750941,73.052334,Unfurnished,Apartment,0,12,6,Resale,Ready to Move,,Akash Enterprise
Platinum Sai Villa,6500000,685,2,2,Ulwe,Navi Mumbai,18.9750941,73.052334,Unfurnished,Apartment,0,8,6,Resale,Ready to Move,,Platinum Group
Paradise Sai Solitaire,17500000,1296,3,3,Kharghar,Navi Mumbai,19.0656721198219,73.05961185164,Unfurnished,Apartment,0,27,8,Resale,Ready to Move,,Paradise Group
Innovative Heights,9900000,842,2,2,Sector 35I Kharghar,Navi Mumbai,19.0707509842896,73.0729469960674,Unfurnished,Apartment,0,18,4,Resale,Ready to Move,,R K Builders and Developers
Unkown,9500000,1217,3,3,Panvel,Navi Mumbai,18.9894007,73.1175162,Unfurnished,Apartment,0,0,10,Resale,Ready to Move,,Unknown
Unkown,12000000,1296,3,3,Panvel,Navi Mumbai,18.9894007,73.1175162,Unfurnished,Apartment,0,0,10,Resale,Ready to Move,,Unknown
Laxmi Complex,5500000,724,2,2,Taloja,Navi Mumbai,19.074076996436,73.1181841544665,Unfurnished,Apartment,0,14,6,Resale,Ready to Move,,Laxmi Group Builders
Grow Riverside Greens,4100000,626,2,2,New Panvel,Navi Mumbai,19.0003258753664,73.1153385297118,Unfurnished,Apartment,0,16,5,Resale,Ready to Move,,GrowHomes
Arihant Amodini,7100000,770,2,2,Taloja Panchanand,Navi Mumbai,19.0786912120664,73.0924195199983,Unfurnished,Apartment,0,17,0,Resale,Ready to Move,,Arihant Superstructures Ltd
Arihant Amodini,7200000,792,2,2,Taloja Panchanand,Navi Mumbai,19.0786912120664,73.0924195199983,Unfurnished,Apartment,0,17,0,Resale,Ready to Move,,Arihant Superstructures Ltd
Arihant Amodini,8000000,745,2,2,Taloja Panchanand,Navi Mumbai,19.0786912120664,73.0924195199983,Semi-Furnished,Apartment,0,17,0,Resale,Ready to Move,,Arihant Superstructures Ltd
Aniruddha Enclave,8200000,446,1,1,Kamothe,Navi Mumbai,19.0174101252323,73.0958540380712,Unfurnished,Apartment,0,27,3,Resale,Ready to Move,,Shree Laxmi Developers
Radhey Residency 2,4000000,490,1,1,New Panvel,Navi Mumbai,19.0003258753664,73.1153385297118,Unfurnished,Apartment,0,22,5,Resale,Ready to Move,,Radhey Properties Builders
Paradise Sai Spring,12000000,832,2,2,Kharghar,Navi Mumbai,19.0656721198219,73.05961185164,Semi-Furnished,Apartment,0,27,8,Resale,Ready to Move,,Paradise Group
Paradise Sai Crystals,15000000,882,2,2,Kharghar,Navi Mumbai,19.0656721198219,73.05961185164,Unfurnished,Apartment,0,17,8,Resale,Ready to Move,,Paradise Group
Paradise Sai Crystals,12200000,882,2,2,Kharghar,Navi Mumbai,19.0656721198219,73.05961185164,Semi-Furnished,Apartment,0,17,8,Resale,Ready to Move,,Paradise Group
Krishh Celestia,25000000,1241,3,3,Kharghar,Navi Mumbai,19.0656721198219,73.05961185164,Furnished,Apartment,0,34,8,Resale,Ready to Move,,Krishh Developers
Brij Bhoomi Heights,5795000,486,1,1,Sector 19B Ulwe,Navi Mumbai,18.9717998938419,73.0246980875072,Semi-Furnished,Apartment,0,11,1,Resale,Ready to Move,,Brij Bhoomi Builders
Fortune Springs,12500000,907,3,2,Sector 34C Kharghar,Navi Mumbai,19.0726002,73.0763134,Unfurnished,Apartment,0,17,1,Resale,Ready to Move,,Fortune Developers
Fortune Springs,12500000,907,2,2,Sector 34 Kharghar,Navi Mumbai,19.0697439393486,73.0803510193809,Unfurnished,Apartment,0,17,2,Resale,Ready to Move,,Fortune Developers
Ecostar Qualcon Green Meadows,2400000,403,1,1,Panvel,Navi Mumbai,18.9894007,73.1175162,Semi-Furnished,Apartment,0,11,10,Resale,Ready to Move,,Ecostar Qualcon Properties LLP
Radha Krishna Complex,9100000,828,2,2,Kamothe,Navi Mumbai,19.0174101252323,73.0958540380712,Unfurnished,Apartment,0,4,3,Resale,Ready to Move,,Gami Group
Gajra Bhoomi Gardenia,5800000,612,1,1,Roadpali,Navi Mumbai,19.0385501152056,73.0962748008091,Unfurnished,Apartment,0,27,2,Resale,Ready to Move,,Gajra Developers Ltd
Gajra Bhoomi Gardenia,5500000,497,1,1,Roadpali,Navi Mumbai,19.0385501152056,73.0962748008091,Unfurnished,Apartment,0,27,2,Resale,Ready to Move,,Gajra Developers Ltd
Gajra Bhoomi Gardenia,6000000,360,1,1,Roadpali,Navi Mumbai,19.0385501152056,73.0962748008091,Unfurnished,Apartment,0,27,2,Resale,Ready to Move,,Gajra Developers Ltd
Gajra Bhoomi Gardenia,5490000,497,1,2,Roadpali,Navi Mumbai,19.0385501152056,73.0962748008091,Semi-Furnished,Apartment,0,27,2,Resale,Ready to Move,,Gajra Developers Ltd
Bhoomi Gardenia Phase 2,9500000,828,2,2,Roadpali,Navi Mumbai,19.0385501152056,73.0962748008091,Semi-Furnished,Apartment,0,28,2,Resale,Ready to Move,,Gajra Developers Ltd
Classic Tower,4300000,472,1,1,Taloja,Navi Mumbai,19.074076996436,73.1181841544665,Unfurnished,Apartment,0,24,6,Resale,Ready to Move,,S R Developers
Dhwisha Heights,5800000,662,2,2,Taloja,Navi Mumbai,19.074076996436,73.1181841544665,,Apartment,0,21,6,Resale,Ready to Move,,Dwisha Reality
Dhwisha Heights,3900000,461,1,1,Taloja,Navi Mumbai,19.074076996436,73.1181841544665,Unfurnished,Apartment,0,21,6,Resale,Ready to Move,,Dwisha Reality
Green Acres,3500000,680,2,2,Panvel,Navi Mumbai,18.9894007,73.1175162,Unfurnished,Apartment,0,8,10,Resale,Ready to Move,,Namo Properties
Green Acres,3400000,626,2,2,Panvel,Navi Mumbai,18.9894007,73.1175162,Unfurnished,Apartment,0,8,10,Resale,Ready to Move,,Namo Properties
S M Plaza,4500000,619,1,1,Taloja,Navi Mumbai,19.074076996436,73.1181841544665,Unfurnished,Apartment,0,30,6,Resale,Ready to Move,,S R Developers
S M Plaza,4800000,464,1,2,Petali,Navi Mumbai,19.0802342829353,73.0940449295075,Unfurnished,Apartment,0,30,0,Resale,Ready to Move,,S R Developers
S M Plaza,4200000,464,1,1,Phase 2 Taloja,Navi Mumbai,19.0724911057852,73.0995037912802,Unfurnished,Apartment,0,30,0,Resale,Ready to Move,,S R Developers
Bhoomi premium tower,11000000,864,2,2,Kharghar,Navi Mumbai,19.0656721198219,73.05961185164,Unfurnished,Apartment,0,19,8,Resale,Ready to Move,,Gajra Developers Ltd
Sai Fortune,10500000,814,2,2,Ulwe,Navi Mumbai,18.9750941,73.052334,Semi-Furnished,Apartment,0,28,6,Resale,Ready to Move,,Paradise Group
Gayatri Enclave,9000000,718,2,2,Karanjade,Navi Mumbai,18.974265373985,73.1099196329075,Semi-Furnished,Apartment,0,19,2,Resale,Ready to Move,,Dubey Group
Haware Vrindavan,8300000,636,2,2,New Panvel,Navi Mumbai,19.0003258753664,73.1153385297118,Unfurnished,Apartment,0,6,5,Resale,Ready to Move,,Haware Group
Swaraj Kingston,6800000,489,1,1,Ulwe,Navi Mumbai,18.9750941,73.052334,Unfurnished,Apartment,0,17,6,Resale,Ready to Move,,Swaraj Builders and Developers
Tulsi Sagar,28500000,925,2,2,Nerul,Navi Mumbai,19.034973,73.02228,Semi-Furnished,Apartment,0,15,8,Resale,Ready to Move,,Sunny Real Estate
Marvel Shanti Heights,15000000,684,2,2,Kopar Khairane,Navi Mumbai,19.1033695651723,73.0121586680414,Furnished,Apartment,0,28,10,Resale,Ready to Move,,Marvel Realtors
Proviso Heights,7500000,711,1,2,Sector 17 Ulwe,Navi Mumbai,18.9640564736564,73.0214063070489,Unfurnished,Apartment,0,33,0,Resale,Ready to Move,,Proviso Group
Proviso Heights,14000000,1008,3,2,Ulwe,Navi Mumbai,18.9750941,73.052334,Semi-Furnished,Apartment,0,33,6,Resale,Ready to Move,,Proviso Group
Venus Skyline,5400000,475,1,1,Ulwe,Navi Mumbai,18.9750941,73.052334,Unfurnished,Apartment,0,32,6,Resale,Ready to Move,,Venus Sublimes Pvt. Ltd.
Bhumiraj Woods,8500000,534,2,2,Kharghar,Navi Mumbai,19.0656721198219,73.05961185164,Unfurnished,Apartment,0,24,8,Resale,Ready to Move,,Bhumiraj Group
Jai Plaza,4500000,432,1,1,Karanjade,Navi Mumbai,18.974265373985,73.1099196329075,Semi-Furnished,Apartment,0,31,2,Resale,Ready to Move,,Sambhav Group
Prayag Garden,3400000,467,1,2,New Panvel,Navi Mumbai,19.0003258753664,73.1153385297118,Furnished,Apartment,0,9,5,Resale,Ready to Move,,Prayag Builders and Developers
Aditya Planet,6500000,450,1,2,Kharghar,Navi Mumbai,19.0656721198219,73.05961185164,Unfurnished,Apartment,0,14,8,Resale,Ready to Move,,Galaxy Developers
Rohini Park,2900000,210,1,1,Karanjade,Navi Mumbai,18.974265373985,73.1099196329075,Semi-Furnished,Apartment,0,7,2,Resale,Ready to Move,,Raghupati Developer
Sai Proviso County,3800000,518,1,2,Panvel,Navi Mumbai,18.9894007,73.1175162,Unfurnished,Apartment,0,18,10,Resale,Ready to Move,,Proviso Group
Sai Proviso County,4100000,518,1,2,Panvel,Navi Mumbai,18.9894007,73.1175162,Unfurnished,Apartment,0,18,10,Resale,Ready to Move,,Proviso Group
Waters Edge,1800000,407,1,1,Panvel,Navi Mumbai,18.9894007,73.1175162,Unfurnished,Apartment,0,43,10,Resale,Ready to Move,,Water Edge Qualcon
Signature Heights,9800000,472,1,2,Ghansoli,Navi Mumbai,19.1271933235627,72.9966520846173,Furnished,Apartment,0,33,9,Resale,Ready to Move,,Unknown
Sai Proviso County,5000000,709,2,2,Panvel,Navi Mumbai,18.9894007,73.1175162,Unfurnished,Apartment,0,18,10,Resale,Ready to Move,,Proviso Group
Siddhivinayak Eden,7000000,714,2,2,Panvel,Navi Mumbai,18.9894007,73.1175162,Semi-Furnished,Apartment,0,10,10,Resale,Ready to Move,,Hari Siddhi Homes
Siddhivinayak Eden,3600000,500,1,1,Panvel,Navi Mumbai,18.9894007,73.1175162,Unfurnished,Apartment,0,10,10,Resale,Ready to Move,,Hari Siddhi Homes
Sairaj Golden View,3000000,407,1,1,Panvel,Navi Mumbai,18.9894007,73.1175162,Unfurnished,Apartment,0,18,10,Resale,Ready to Move,,Sairaj Constructions
Sai Amrut Paradise,4500000,288,1,1,New Panvel,Navi Mumbai,19.0003258753664,73.1153385297118,Unfurnished,Apartment,0,4,5,Resale,Ready to Move,,Sai Amrut Developers
Sai Amrut Paradise,6500000,576,2,2,New Panvel,Navi Mumbai,19.0003258753664,73.1153385297118,Unfurnished,Apartment,0,4,5,Resale,Ready to Move,,Sai Amrut Developers
Sai Amrut Paradise,6500000,626,2,2,Karanjade,Navi Mumbai,18.974265373985,73.1099196329075,Semi-Furnished,Apartment,0,24,2,Resale,Ready to Move,,Sai Amrut Developers
Sai Amrut Paradise,7000000,806,2,2,Karanjade,Navi Mumbai,18.974265373985,73.1099196329075,Semi-Furnished,Apartment,0,24,2,Resale,Ready to Move,,Sai Amrut Developers
Pyramid Elements,7800000,,1,2,Airoli,Navi Mumbai,19.1609103453837,72.9933968951486,Unfurnished,Apartment,0,33,10,New Property,Under Construction,,Pyramid Infratech Company
Fam Co Operative Housing Society,13000000,579,2,2,Kopar Khairane,Navi Mumbai,19.1033695651723,73.0121586680414,Unfurnished,Apartment,0,12,10,Resale,Ready to Move,,Cooperative Group Housing Society
Unkown,25000000,200,,,Vashi,Navi Mumbai,19.0777155057838,73.0027923491613,Unfurnished,Commercial Shop,0,0,9,Resale,Ready to Move,,Unknown
Gami Tiara,5500000,590,2,2,Taloja,Navi Mumbai,19.074076996436,73.1181841544665,Unfurnished,Apartment,0,12,6,Resale,Ready to Move,,Gami Group
Dolphin Metro Point ,2700000,288,1,1,Phase 1 Taloja,Navi Mumbai,19.0775674635419,73.0913385991051,Unfurnished,Apartment,0,0,1,Resale,Ready to Move,,Unknown
Unkown,5700000,600,1,1,Ulwe,Navi Mumbai,18.9750941,73.052334,Semi-Furnished,Apartment,0,0,6,Resale,Ready to Move,,Unknown
Tulsi Aura,9999999,252,,,Ghansoli,Navi Mumbai,19.1271933235627,72.9966520846173,Unfurnished,Commercial Shop,0,20,9,Resale,Ready to Move,,Tulsi Constructions
Akshar Rivergate,4100000,500,2,2,Rasayani,Navi Mumbai,18.8956516083249,73.1761766681785,Semi-Furnished,Apartment,0,32,4,Resale,Ready to Move,,Akshar Developers
Unkown,8500000,,,,Khanda Colony,Navi Mumbai,19.0060589882185,73.1090163976725,Semi-Furnished,Commercial Shop,0,0,3,Resale,Ready to Move,,Unknown
Lodha Crown Taloja,4500000,435,2,2,Taloja,Navi Mumbai,19.074076996436,73.1181841544665,Semi-Furnished,Apartment,0,6,6,Resale,Ready to Move,,Lodha Developers Limited
Siddhivinayak Nivanta,5000000,,1,1,Taloja,Navi Mumbai,19.074076996436,73.1181841544665,Unfurnished,Apartment,0,11,6,Resale,Ready to Move,,SiddhiVinayak Homes
Unkown,17000000,,,,Kopar Khairane,Navi Mumbai,19.1033695651723,73.0121586680414,,Residential Plot,0,0,10,Resale,,,Unknown
Gami Asters,25500000,834,3,3,Ghansoli,Navi Mumbai,19.1271933235627,72.9966520846173,Unfurnished,Apartment,0,18,9,Resale,Ready to Move,,Gami Group
Parth Lakefront,12000000,519,1,2,Airoli,Navi Mumbai,19.1609103453837,72.9933968951486,Furnished,Apartment,0,20,10,Resale,Ready to Move,,Parth Group
Unkown,8500000,,2,2,Marathon Nexzone,Navi Mumbai,18.96597358,73.12846535,Unfurnished,Apartment,0,0,0,Resale,Ready to Move,,Unknown
Akshar Rivergate,4000000,502,2,2,Rasayani,Navi Mumbai,18.8956516083249,73.1761766681785,Unfurnished,Apartment,0,32,4,Resale,Ready to Move,,Akshar Developers
Vishesh Balaji Symphony,15500000,760,2,2,New Panvel,Navi Mumbai,19.0003258753664,73.1153385297118,Furnished,Apartment,0,36,5,Resale,Ready to Move,1 Covered,Vishesh Group
Unkown,14300000,920,3,2,Roadpali,Navi Mumbai,19.0385501152056,73.0962748008091,Unfurnished,Apartment,0,0,2,Resale,Ready to Move,,Unknown
Unkown,4000000,423,1,2,Ulwe,Navi Mumbai,18.9750941,73.052334,Unfurnished,Builder Floor Apartment,0,0,6,Resale,Ready to Move,,Unknown
Unkown,5900000,380,1,1,Sector 9 Airoli,Navi Mumbai,19.1464748007227,72.9910032825873,Semi-Furnished,Apartment,0,0,1,Resale,Ready to Move,,Unknown
Progressive Signature,22500000,1200,3,3,Ghansoli,Navi Mumbai,19.1271933235627,72.9966520846173,Furnished,Apartment,0,36,9,Resale,Ready to Move,,Unknown
Sai Majestica,4500000,410,1,1,Dronagiri,Navi Mumbai,18.8598511200022,72.9380988664184,Unfurnished,Apartment,0,11,2,Resale,Ready to Move,,Ganesha Construction
Saarvi Tulip,7000000,280,,,Ulwe,Navi Mumbai,18.9750941,73.052334,Unfurnished,Commercial Shop,0,12,6,Resale,Ready to Move,,Saarvi Group
Unkown,5500000,,1,1,Rabale,Navi Mumbai,19.1439232937657,73.0108611798346,Semi-Furnished,Apartment,0,0,4,Resale,Ready to Move,,Unknown
Unkown,5200000,,1,2,Kamothe,Navi Mumbai,19.0174101252323,73.0958540380712,Semi-Furnished,Builder Floor Apartment,0,0,3,Resale,Ready to Move,,Unknown
Unkown,6200000,,1,1,Kharghar,Navi Mumbai,19.0656721198219,73.05961185164,Unfurnished,Builder Floor Apartment,0,0,8,Resale,Ready to Move,,Unknown
Unkown,4500000,,1,1,Dronagiri,Navi Mumbai,18.8598511200022,72.9380988664184,Semi-Furnished,Apartment,0,0,2,Resale,Ready to Move,,Unknown
Sun City Jmj,2500000,,1,2,Rasayani,Navi Mumbai,18.8956516083249,73.1761766681785,Furnished,Apartment,0,0,4,Resale,Ready to Move,"2 Covered, 2 Open",Unknown
Unkown,2200000,,2,2,Shahpur,Navi Mumbai,19.0987580125008,73.0781606741217,Unfurnished,Builder Floor Apartment,0,0,0,Resale,Ready to Move,,Unknown
Unkown,4000000,399,1,1,Dronagiri,Navi Mumbai,18.8598511200022,72.9380988664184,Unfurnished,Apartment,0,0,2,Resale,Ready to Move,,Unknown
Mokal Pushp Pinnacle,9700000,,2,2,Kharghar,Navi Mumbai,19.0656721198219,73.05961185164,Unfurnished,Apartment,0,15,8,New Property,Under Construction,,Mokal Brothers Realty
Mokal Pushp Pinnacle,9375000,,2,2,Sector 34A Kharghar,Navi Mumbai,19.0692769058388,73.0815809344759,Semi-Furnished,Apartment,0,15,1,New Property,Under Construction,,Mokal Brothers Realty
STK Kukreja Classic,19500000,360,2,2,Sector 5 Sanpada,Navi Mumbai,19.0643906857414,73.0164959024956,Unfurnished,Apartment,0,7,0,Resale,Under Construction,,Kukreja Construction Company
Maple Woods,4040000,432,1,2,Ulwe,Navi Mumbai,18.9750941,73.052334,Unfurnished,Apartment,0,0,6,Resale,Ready to Move,,Unknown
S M Corner,4000000,324,1,1,Taloja,Navi Mumbai,19.074076996436,73.1181841544665,Semi-Furnished,Apartment,0,7,6,Resale,Ready to Move,,SM Associates
Balaji Mayuresh Delta,11300000,,2,2,Ulwe,Navi Mumbai,18.9750941,73.052334,Unfurnished,Apartment,0,6,6,New Property,Ready to Move,,Balaji Group
Balaji Mayuresh Delta,11000000,,2,2,Ulwe,Navi Mumbai,18.9750941,73.052334,Unfurnished,Apartment,0,6,6,New Property,Ready to Move,,Balaji Group
Balaji Mayuresh Delta,11000000,,2,2,Ulwe,Navi Mumbai,18.9750941,73.052334,Unfurnished,Apartment,0,6,6,New Property,Ready to Move,,Balaji Group
Balaji Mayuresh Delta,11000000,,2,2,Ulwe,Navi Mumbai,18.9750941,73.052334,Unfurnished,Apartment,0,6,6,New Property,Ready to Move,,Balaji Group
Balaji Mayuresh Delta,9500000,,2,2,Ulwe,Navi Mumbai,18.9750941,73.052334,Unfurnished,Apartment,0,6,6,Resale,Ready to Move,,Balaji Group
Shikhar Apartment,7200000,727,2,2,Kamothe,Navi Mumbai,19.0174101252323,73.0958540380712,Unfurnished,Apartment,0,0,3,Resale,Ready to Move,,SB Group
Omkaresh Swarn Jeevan,3500000,540,1,2,Taloja,Navi Mumbai,19.074076996436,73.1181841544665,Unfurnished,Apartment,0,12,6,Resale,Ready to Move,,Omkaresh Infratech
Ganesha Sai Aashray,4400000,,1,2,Ulwe,Navi Mumbai,18.9750941,73.052334,Unfurnished,Apartment,0,22,6,New Property,Ready to Move,,Ganesha Construction
Mokal Pushp Pinnacle,9700000,,2,2,Sector 34A Kharghar,Navi Mumbai,19.0692769058388,73.0815809344759,Unfurnished,Apartment,0,15,1,New Property,Under Construction,,Mokal Brothers Realty
Mokal Pushp Pinnacle,9600000,,2,2,Kharghar,Navi Mumbai,19.0656721198219,73.05961185164,Unfurnished,Apartment,0,15,8,New Property,Under Construction,,Mokal Brothers Realty
Mokal Pushp Pinnacle,9500000,,2,2,Kharghar,Navi Mumbai,19.0656721198219,73.05961185164,Unfurnished,Apartment,0,15,8,New Property,Under Construction,,Mokal Brothers Realty
Mokal Pushp Pinnacle,9375000,,2,2,Kharghar,Navi Mumbai,19.0656721198219,73.05961185164,Unfurnished,Apartment,0,15,8,New Property,Under Construction,,Mokal Brothers Realty
Kaamdhenu Celestia,5000000,288,1,1,Dronagiri,Navi Mumbai,18.8598511200022,72.9380988664184,Unfurnished,Apartment,0,6,2,Resale,Under Construction,,Unknown
Siddhivinayak Riddhima,6550000,706,2,2,Taloja,Navi Mumbai,19.074076996436,73.1181841544665,Unfurnished,Apartment,0,18,6,Resale,Ready to Move,,SiddhiVinayak Homes
Siddhivinayak Riddhima,5200000,612,2,2,Taloja,Navi Mumbai,19.074076996436,73.1181841544665,Unfurnished,Apartment,0,18,6,Resale,Ready to Move,,SiddhiVinayak Homes
Siddhivinayak Riddhima,6000000,576,2,2,Taloja,Navi Mumbai,19.074076996436,73.1181841544665,Furnished,Apartment,0,18,6,Resale,Ready to Move,,SiddhiVinayak Homes
Siddhivinayak Riddhima,3500000,461,1,2,Taloja,Navi Mumbai,19.074076996436,73.1181841544665,Unfurnished,Apartment,0,18,6,Resale,Ready to Move,,SiddhiVinayak Homes
Rose Apartment,6000000,288,1,1,Ulwe,Navi Mumbai,18.9750941,73.052334,Semi-Furnished,Apartment,0,0,6,Resale,Ready to Move,,Dolphin Group
Krushna Kunj,8500000,684,2,2,Taloja,Navi Mumbai,19.074076996436,73.1181841544665,Semi-Furnished,Apartment,0,17,6,Resale,Ready to Move,,Krushna Dham Builders & Developers
National Vivant,160000000,,5,5,Sanpada,Navi Mumbai,19.0583094914648,73.0164374121942,Unfurnished,Apartment,0,0,9,Resale,Ready to Move,,National Builders
National Vivant,150000000,,5,5,Sanpada,Navi Mumbai,19.0583094914648,73.0164374121942,Unfurnished,Apartment,0,0,9,New Property,Ready to Move,,National Builders
National Vivant,142600000,,5,5,Sanpada,Navi Mumbai,19.0583094914648,73.0164374121942,Unfurnished,Apartment,0,0,9,Resale,Ready to Move,,National Builders
National Vivant,142400000,,5,5,Sanpada,Navi Mumbai,19.0583094914648,73.0164374121942,Unfurnished,Apartment,0,0,9,Resale,Ready to Move,,National Builders
National Vivant,140000000,,4,4,Sanpada,Navi Mumbai,19.0583094914648,73.0164374121942,Unfurnished,Apartment,0,0,9,New Property,Ready to Move,,National Builders
National Vivant,129000000,,5,6,Sanpada,Navi Mumbai,19.0583094914648,73.0164374121942,Semi-Furnished,Apartment,0,0,9,Resale,Ready to Move,,National Builders
Unkown,65000000,,,4,Panvel,Navi Mumbai,18.9894007,73.1175162,Unfurnished,Commercial Showroom,0,0,10,Resale,Ready to Move,,Unknown
Hiranandani Fortune City,20000000,900,2,3,Panvel,Navi Mumbai,18.9894007,73.1175162,Semi-Furnished,Apartment,0,35,10,Resale,Ready to Move,,Hiranandani Group
Unkown,4200000,,,,Kharghar,Navi Mumbai,19.0656721198219,73.05961185164,Unfurnished,Studio Apartment,0,0,8,Resale,,,Unknown
Unkown,4500000,,2,2,Rasayani,Navi Mumbai,18.8956516083249,73.1761766681785,Unfurnished,Apartment,0,0,4,Resale,Ready to Move,,Unknown
Moraj Maa Smriti,2000000,450,1,2,Khopoli,Navi Mumbai,18.7980131509559,73.3372686360754,Unfurnished,Apartment,0,6,2,Resale,Ready to Move,1 Open,Moraj Infratech Pvt. Ltd.
Seven Hills,5500000,505,1,2,Kharghar,Navi Mumbai,19.0656721198219,73.05961185164,Unfurnished,Apartment,0,7,8,Resale,Ready to Move,,Unknown
Siddhivinayak Mahima,3500000,430,1,2,Taloja,Navi Mumbai,19.074076996436,73.1181841544665,Furnished,Apartment,0,20,6,Resale,Ready to Move,,Space India
Marathon Nexzone,7500000,627,2,2,Panvel,Navi Mumbai,18.9894007,73.1175162,Unfurnished,Apartment,0,10,10,Resale,Ready to Move,,Marathon Realty Pvt. Ltd.
Unkown,8500000,350,1,1,Sector 26 Vashi,Navi Mumbai,19.0895770412048,73.0135325367252,Unfurnished,Apartment,0,0,1,Resale,Ready to Move,,Unknown
Omkar Residency,2150000,395,1,1,Panvel,Navi Mumbai,18.9894007,73.1175162,Unfurnished,Apartment,0,14,10,Resale,Ready to Move,,Unknown
Dream Heights,18500000,,2,2,Kharghar,Navi Mumbai,19.0656721198219,73.05961185164,Unfurnished,Apartment,0,19,8,Resale,Ready to Move,,Asian Buildcon
Unkown,5000000,,1,1,Ulwe,Navi Mumbai,18.9750941,73.052334,Unfurnished,Apartment,0,0,6,Resale,Ready to Move,,Unknown
Unkown,18800000,700,2,1,Sector 8 Nerul,Navi Mumbai,19.04107175,73.01672997,Semi-Furnished,Apartment,0,0,0,Resale,Ready to Move,,Unknown
Arihant 3 Anaika,4950000,,2,2,Taloja,Navi Mumbai,19.074076996436,73.1181841544665,Semi-Furnished,Apartment,0,9,6,Resale,Ready to Move,,Arihant Superstructures Ltd.
Unkown,8500000,535,2,2,Old Panvel,Navi Mumbai,18.9866237154805,73.1078262369691,Unfurnished,Apartment,0,0,4,Resale,Ready to Move,,Unknown
Kalpataru Park Riviera,11200000,,2,2,Panvel,Navi Mumbai,18.9894007,73.1175162,Unfurnished,Apartment,0,10,10,Resale,Under Construction,,Kalpataru Ltd.
Vaishnovi Heights,5700000,580,1,1,Ulwe,Navi Mumbai,18.9750941,73.052334,Semi-Furnished,Apartment,0,11,6,Resale,Ready to Move,,Mangalmurti Developers
Unkown,3800000,,,,,Navi Mumbai,,,Unfurnished,Commercial Shop,0,0,0,Resale,Ready to Move,,Unknown
Kamdhenu Excelencia,8700000,,2,2,Dronagiri,Navi Mumbai,18.8598511200022,72.9380988664184,Unfurnished,Apartment,0,16,2,Resale,Ready to Move,1 Covered,Kamdhenu Realities
Sai Prasad Enclave,6000000,258,,,Sector 7 Kamothe,Navi Mumbai,19.02274738,73.09207384,Semi-Furnished,Commercial Shop,0,0,0,Resale,Ready to Move,,Unknown
Arihant Clan Aalishan,17000000,938,3,3,Kharghar,Navi Mumbai,19.0656721198219,73.05961185164,Unfurnished,Apartment,0,41,8,Resale,Under Construction,,Arihant Superstructures Ltd.
QN Greens,3300000,300,1,1,Taloja,Navi Mumbai,19.074076996436,73.1181841544665,Semi-Furnished,Apartment,0,15,6,Resale,Ready to Move,1 Covered,Qualitas Naman Group
Unkown,10200000,680,2,2,Sector 35E Kharghar,Navi Mumbai,19.0671965175572,73.0742738353258,Semi-Furnished,Apartment,0,0,0,Resale,Ready to Move,,Unknown
QN Greens,4300000,624,2,2,Taloja,Navi Mumbai,19.074076996436,73.1181841544665,Semi-Furnished,Apartment,0,15,6,Resale,Ready to Move,,Qualitas Naman Group
Hansdhawni CHS,4900000,380,1,1,Kalamboli,Navi Mumbai,19.0311212885643,73.1052711758489,Unfurnished,Apartment,0,0,5,Resale,Ready to Move,,Unknown
Devtaa Malaga,1950000,,1,1,Panvel,Navi Mumbai,18.9894007,73.1175162,Semi-Furnished,Apartment,0,7,10,Resale,Ready to Move,,Devtaa Group Developers
Tricity Palacio,28500000,1000,3,3,Seawoods,Navi Mumbai,19.0134923674099,73.0176711021806,Furnished,Apartment,0,26,7,Resale,Ready to Move,,Tricity Reality Pvt. Ltd.
Orchid Residency,3000000,400,1,1,Panvel,Navi Mumbai,18.9894007,73.1175162,Unfurnished,Apartment,0,17,10,Resale,Ready to Move,,Space India
GHP Aston,15200000,735,2,2,Kharghar,Navi Mumbai,19.0656721198219,73.05961185164,Furnished,Apartment,0,16,8,Resale,Ready to Move,,GHP Group
Pushpanarayan Complex,4400004,,2,2,New Panvel,Navi Mumbai,19.0003258753664,73.1153385297118,Unfurnished,Apartment,0,13,5,Resale,Ready to Move,,Space India
Unkown,16500000,1050,3,3,Kon,Navi Mumbai,18.96194122,73.15232023,Unfurnished,Apartment,0,0,0,New Property,Ready to Move,,Unknown
Dream Homes,3500000,,1,1,Panvel,Navi Mumbai,18.9894007,73.1175162,Unfurnished,Apartment,0,8,10,Resale,Ready to Move,,Skyline Developers
Apex Marvel,5500000,225,,,Ulwe,Navi Mumbai,18.9750941,73.052334,Semi-Furnished,Commercial Shop,0,0,6,Resale,Ready to Move,,Apex Realty
Unkown,1400000,,1,1,Ghansoli,Navi Mumbai,19.1271933235627,72.9966520846173,Semi-Furnished,Builder Floor Apartment,0,0,9,Resale,Ready to Move,,Unknown
Balaji Mangal,5200000,415,2,2,New Panvel,Navi Mumbai,19.0003258753664,73.1153385297118,Unfurnished,Apartment,0,0,5,Resale,Ready to Move,2 Open,Emkayen Group
Ocean Park,4500000,375,,1,Ulwe,Navi Mumbai,18.9750941,73.052334,Unfurnished,Studio Apartment,0,6,6,Resale,Ready to Move,"1 Covered, 1 Open",Ocean Associates
Kalpataru Park Riviera,13500000,687,2,2,Panvel,Navi Mumbai,18.9894007,73.1175162,Unfurnished,Apartment,0,10,10,Resale,Ready to Move,,Kalpataru Ltd.
Sai Proviso Icon,6900000,450,1,2,Roadpali,Navi Mumbai,19.0385501152056,73.0962748008091,Unfurnished,Apartment,0,13,2,Resale,Ready to Move,,Proviso Group
Unkown,9500000,,2,2,Panvel,Navi Mumbai,18.9894007,73.1175162,Unfurnished,Builder Floor Apartment,0,0,10,Resale,Ready to Move,,Unknown
Unkown,3500000,,1,1,Navde,Navi Mumbai,19.0534298108845,73.09743386978,Unfurnished,Apartment,0,0,0,Resale,Ready to Move,,Unknown
Wadhwa Wise City,28000000,,,,Panvel,Navi Mumbai,18.9894007,73.1175162,,Residential Plot,0,15,10,Resale,,,The Wadhwa Group
Swaminarayan Heights,5200000,432,1,2,Karanjade,Navi Mumbai,18.974265373985,73.1099196329075,Unfurnished,Apartment,0,11,2,Resale,Ready to Move,,Universal Developers
Parvati Castle,7200000,1100,2,2,Taloja,Navi Mumbai,19.074076996436,73.1181841544665,Unfurnished,Apartment,0,10,6,Resale,Ready to Move,,R D Builder
Om Rachana CHS,40000000,1450,,2,Vashi,Navi Mumbai,19.0777155057838,73.0027923491613,Semi-Furnished,Commercial Office Space,0,0,9,Resale,Ready to Move,1 Open,Cooperative Group Housing Society
Unkown,13000000,,,,Sector 36 Kamothe,Navi Mumbai,19.0248120846853,73.0906842633753,Furnished,Commercial Shop,0,0,1,Resale,Ready to Move,,Unknown
Sea Wind,26500000,,3,3,Kopar Khairane,Navi Mumbai,19.1033695651723,73.0121586680414,Semi-Furnished,Apartment,0,23,10,Resale,Ready to Move,,Nirmal Group
Unkown,3000000,365,1,1,Dronagiri,Navi Mumbai,18.8598511200022,72.9380988664184,Unfurnished,Apartment,0,0,2,Resale,Ready to Move,,Unknown
Unkown,1600000,,,1,Panvel,Navi Mumbai,18.9894007,73.1175162,Unfurnished,Studio Apartment,0,0,10,Resale,Ready to Move,,Unknown
Gurukrupa GURU ANANT,12500000,610,2,2,Ulwe,Navi Mumbai,18.9750941,73.052334,Furnished,Apartment,0,3,6,Resale,Ready to Move,,Gurukrupa Dwellers
Radhey Heritage,5700000,,2,2,Panvel,Navi Mumbai,18.9894007,73.1175162,Unfurnished,Apartment,0,10,10,Resale,Ready to Move,,Radhey Properties Builders
Wadhwa Wise City,5000000,430,1,2,Panvel,Navi Mumbai,18.9894007,73.1175162,Unfurnished,Apartment,0,15,10,Resale,Ready to Move,1 Open,The Wadhwa Group
Neelkanth Heights,20000000,,2,2,Ghansoli,Navi Mumbai,19.1271933235627,72.9966520846173,Semi-Furnished,Apartment,0,19,9,Resale,Ready to Move,,Neelkanth Infratech
Codename Cloud City,6000000,432,1,2,Kharghar,Navi Mumbai,19.0656721198219,73.05961185164,Unfurnished,Apartment,0,28,8,Resale,Ready to Move,,Today Global Homes
Unkown,2300000,,,1,Panvel,Navi Mumbai,18.9894007,73.1175162,Unfurnished,Studio Apartment,0,0,10,Resale,Ready to Move,,Unknown
Unkown,11000000,,6,3,New Panvel,Navi Mumbai,19.0003258753664,73.1153385297118,Unfurnished,Residential House,0,0,5,Resale,Ready to Move,,Unknown
Unkown,4500000,400,1,1,Karanjade,Navi Mumbai,18.974265373985,73.1099196329075,Unfurnished,Builder Floor Apartment,0,0,2,Resale,Ready to Move,,Unknown
Fortune Garden,4000000,550,1,1,New Panvel,Navi Mumbai,19.0003258753664,73.1153385297118,Furnished,Apartment,0,18,5,Resale,Ready to Move,,Fortune Group
RS Residency,9000000,,2,2,Kharghar,Navi Mumbai,19.0656721198219,73.05961185164,Unfurnished,Apartment,0,23,8,Resale,,,RS Builders & Developers
Anvi Heritage,1600000,,1,1,Khopoli,Navi Mumbai,18.7980131509559,73.3372686360754,Unfurnished,Apartment,0,8,2,Resale,Ready to Move,,D P Homes
SR Residency,4500000,600,1,1,Taloja,Navi Mumbai,19.074076996436,73.1181841544665,Unfurnished,Apartment,0,0,6,Resale,Ready to Move,,Unknown
Unkown,18000000,625,2,1,Sector 4 Airoli,Navi Mumbai,19.1537589759987,72.9969607967502,Unfurnished,Residential House,0,0,1,Resale,Ready to Move,,Unknown
Mateshwari Vaishnavi Nagri,3200000,584,2,2,Rasayani,Navi Mumbai,18.8956516083249,73.1761766681785,Unfurnished,Apartment,0,0,4,Resale,Ready to Move,,Mateshwari Group
Unkown,26500000,600,2,2,Vashi,Navi Mumbai,19.0777155057838,73.0027923491613,Furnished,Residential House,0,0,9,Resale,Ready to Move,,Unknown
Unkown,4000000,320,1,1,Ulwe,Navi Mumbai,18.9750941,73.052334,Unfurnished,Apartment,0,0,6,Resale,Ready to Move,,Unknown
Neeljeet Ekadanta,4069000,,1,1,,Navi Mumbai,,,Semi-Furnished,Apartment,0,0,0,Resale,Ready to Move,,Dweepmala Developers
Ellora Fiesta,26000000,,,2,Sanpada,Navi Mumbai,19.0583094914648,73.0164374121942,Furnished,Commercial Office Space,1,5,9,Resale,Ready to Move,,Ellora Group
Unkown,9000000,1600,4,4,,Navi Mumbai,,,Unfurnished,Villa,0,0,0,Resale,Ready to Move,,Unknown
Ramdev Homes,2300000,315,1,1,Taloja,Navi Mumbai,19.074076996436,73.1181841544665,Unfurnished,Apartment,0,8,6,Resale,Ready to Move,,Shree Labheshwar Developers
Unkown,2200000,450,1,1,,Navi Mumbai,,,Semi-Furnished,Apartment,0,0,0,Resale,Ready to Move,"1 Covered, 1 Open",Unknown
Unkown,5250000,,1,1,Ulwe,Navi Mumbai,18.9750941,73.052334,Unfurnished,Apartment,0,0,6,Resale,Ready to Move,,Unknown
Unkown,9500000,,4,4,Panvel,Navi Mumbai,18.9894007,73.1175162,Semi-Furnished,Villa,0,0,10,Resale,Ready to Move,,Unknown
Arihant Anaika,5000000,,1,1,Taloja,Navi Mumbai,19.074076996436,73.1181841544665,Semi-Furnished,Apartment,0,20,6,Resale,Ready to Move,,Arihant Superstructures Ltd
Millennium Hilton,7800000,325,1,2,Sector 1 New Panvel East,Navi Mumbai,18.99854348,73.12033751,Unfurnished,Apartment,0,9,0,Resale,Ready to Move,1 Covered,Millennium Group
Unkown,2800000,,1,1,Taloja,Navi Mumbai,19.074076996436,73.1181841544665,Unfurnished,Apartment,0,0,6,Resale,Ready to Move,1 Covered,Unknown
Unkown,6500000,410,1,1,,Navi Mumbai,,,Furnished,Apartment,0,0,0,New Property,Ready to Move,,Unknown
Unkown,9500000,1260,2,2,Karanjade,Navi Mumbai,18.974265373985,73.1099196329075,Furnished,Apartment,0,0,2,Resale,Ready to Move,801 Covered,Unknown
Unkown,2500000,150,,,Kamothe,Navi Mumbai,19.0174101252323,73.0958540380712,Unfurnished,Commercial Shop,0,0,3,Resale,Ready to Move,,Unknown
Hirays Oleander,10500000,560,2,2,Ulwe,Navi Mumbai,18.9750941,73.052334,Semi-Furnished,Apartment,0,43,6,Resale,Ready to Move,,Hiray Enterprises
Ashtavinayak CHS ,27500000,900,2,2,Seawoods,Navi Mumbai,19.0134923674099,73.0176711021806,Unfurnished,Apartment,0,0,7,Resale,Ready to Move,,Cooperative Group Housing Society
The Residence,120000000,3500,4,4,Palm Beach Road,Navi Mumbai,19.0436434618423,73.0081932372663,Furnished,Apartment,0,0,6,Resale,Ready to Move,5 Covered,Greenscape Developers Pvt. Ltd.
Unkown,5000000,,2,2,,Navi Mumbai,,,Unfurnished,Apartment,0,0,0,Resale,Ready to Move,,Unknown
Unkown,35000000,1350,,2,Old Panvel,Navi Mumbai,18.9866237154805,73.1078262369691,Unfurnished,Commercial Showroom,0,0,4,Resale,Ready to Move,,Unknown
Unkown,12000000,,2,2,Kharghar,Navi Mumbai,19.0656721198219,73.05961185164,Semi-Furnished,Apartment,0,0,8,Resale,Ready to Move,,Unknown
Orchid Residency,3100000,600,1,1,Panvel,Navi Mumbai,18.9894007,73.1175162,Unfurnished,Apartment,0,17,10,Resale,,,Space India
Guru vatika,18400000,1071,3,3,Sector 12 Kharghar,Navi Mumbai,19.043551,73.066347,Unfurnished,Apartment,0,0,1,Resale,Ready to Move,1 Covered,Unknown
Konnark River City,6000000,,2,2,Panvel,Navi Mumbai,18.9894007,73.1175162,Unfurnished,Apartment,0,26,10,Resale,Ready to Move,,Konnark Township Pvt Ltd
Arihant Anshula,6000000,,2,2,Taloja,Navi Mumbai,19.074076996436,73.1181841544665,Semi-Furnished,Apartment,0,19,6,Resale,Ready to Move,,Arihant Superstructures Ltd.
National Harmony,12500000,,2,2,New Panvel,Navi Mumbai,19.0003258753664,73.1153385297118,Semi-Furnished,Apartment,0,22,5,Resale,Ready to Move,,National Builders
Unkown,10000000,,3,3,New Panvel,Navi Mumbai,19.0003258753664,73.1153385297118,Unfurnished,Villa,0,0,5,Resale,Ready to Move,,Unknown
Platinum Emporius,22500000,710,2,2,Ulwe,Navi Mumbai,18.9750941,73.052334,Semi-Furnished,Apartment,0,18,6,Resale,Ready to Move,1 Covered,Platinum Group
QN Greens,2300000,288,1,1,Taloja,Navi Mumbai,19.074076996436,73.1181841544665,Unfurnished,Apartment,0,15,6,Resale,Ready to Move,,Qualitas Naman Group
Paradise Sai Solitaire,12000000,904,2,2,Kharghar,Navi Mumbai,19.0656721198219,73.05961185164,Semi-Furnished,Apartment,0,0,8,Resale,Ready to Move,,Unknown
Future Heights,5625000,330,1,1,Panvel,Navi Mumbai,18.9894007,73.1175162,Unfurnished,Apartment,0,17,10,Resale,Ready to Move,,Future Homes Construction
Parth Pruthvi Heights,8500000,720,2,2,Kalamboli,Navi Mumbai,19.0311212885643,73.1052711758489,Semi-Furnished,Apartment,0,0,5,Resale,Ready to Move,,Unknown
Garuda Castle,15000000,648,2,2,Nerul,Navi Mumbai,19.034973,73.02228,Unfurnished,Apartment,0,0,8,Resale,Ready to Move,,Unknown
Sai Shraddha The Green Crest,2600000,307,1,1,Taloja,Navi Mumbai,19.074076996436,73.1181841544665,Unfurnished,Apartment,0,14,6,Resale,Ready to Move,,Sai Shraddha Developers
Godrej Plaza,7200000,540,2,2,Old Panvel,Navi Mumbai,18.9866237154805,73.1078262369691,Unfurnished,Apartment,0,0,4,Resale,Ready to Move,,Godrej Properties
Godrej Golf Meadows,12000000,864,2,2,Panvel,Navi Mumbai,18.9894007,73.1175162,Furnished,Apartment,0,28,10,Resale,Under Construction,,Godrej Properties
Saikripa Sai Exotica,4850000,537,1,1,Ulwe,Navi Mumbai,18.9750941,73.052334,Unfurnished,Apartment,0,0,6,Resale,Ready to Move,,Unknown
Astha Enclave,7200000,706,2,2,Ulwe,Navi Mumbai,18.9750941,73.052334,Unfurnished,Apartment,0,0,6,Resale,Ready to Move,,Unknown
SM Olive Paradise,4100000,475,1,1,Taloja,Navi Mumbai,19.074076996436,73.1181841544665,Unfurnished,Apartment,0,6,6,Resale,Ready to Move,,SM Developers
SM Olive Paradise,3700000,468,1,1,Taloja,Navi Mumbai,19.074076996436,73.1181841544665,Unfurnished,Apartment,0,6,6,Resale,Ready to Move,,SM Developers
City Icon,6800000,778,2,2,Taloja,Navi Mumbai,19.074076996436,73.1181841544665,Unfurnished,Apartment,0,6,6,Resale,Ready to Move,,City Buildcon
Tirupati Icon,6500000,504,2,1,Kamothe,Navi Mumbai,19.0174101252323,73.0958540380712,Semi-Furnished,Apartment,0,0,3,Resale,Ready to Move,,Unknown
Tirupati Icon,7000000,648,2,2,Kamothe,Navi Mumbai,19.0174101252323,73.0958540380712,Unfurnished,Apartment,0,0,3,Resale,Ready to Move,,Unknown
Arihant Anshula,5200000,720,2,2,Taloja,Navi Mumbai,19.074076996436,73.1181841544665,Unfurnished,Apartment,0,19,6,Resale,Ready to Move,,Arihant Superstructures Ltd.
Arihant Anshula,6500000,792,2,2,Taloja,Navi Mumbai,19.074076996436,73.1181841544665,Furnished,Apartment,0,19,6,Resale,Ready to Move,,Arihant Superstructures Ltd.
Arihant Anshula,3400000,540,1,1,Taloja,Navi Mumbai,19.074076996436,73.1181841544665,Unfurnished,Apartment,0,19,6,Resale,Ready to Move,,Arihant Superstructures Ltd.
Arihant Anshula,4800000,1224,2,2,Taloja,Navi Mumbai,19.074076996436,73.1181841544665,Unfurnished,Apartment,0,19,6,Resale,Ready to Move,,Arihant Superstructures Ltd.
Arihant Anshula,6500000,792,2,2,Taloja,Navi Mumbai,19.074076996436,73.1181841544665,Semi-Furnished,Apartment,0,19,6,Resale,Ready to Move,,Arihant Superstructures Ltd.
Arihant Anshula,5400000,792,2,2,Taloja,Navi Mumbai,19.074076996436,73.1181841544665,Unfurnished,Apartment,0,19,6,Resale,Ready to Move,,Arihant Superstructures Ltd.
SRK Solitaire,13500000,864,2,2,Kharghar,Navi Mumbai,19.0656721198219,73.05961185164,Unfurnished,Apartment,0,9,8,Resale,Ready to Move,,SRK Realty Pvt. Ltd.
Shree Hari,7850000,612,2,2,Navde,Navi Mumbai,19.0534298108845,73.09743386978,Unfurnished,Apartment,0,8,0,Resale,Ready to Move,,Om Sai Developers
Shiv Pooja,14500000,605,2,2,Airoli,Navi Mumbai,19.1609103453837,72.9933968951486,Unfurnished,Apartment,0,8,10,Resale,Ready to Move,,Shiv Shakti Group
Regency Ellanza,12500000,864,2,2,Kalamboli,Navi Mumbai,19.0311212885643,73.1052711758489,Semi-Furnished,Apartment,0,6,5,Resale,Ready to Move,,Regency Group
Regency Ellanza,11000000,864,2,2,Kalamboli,Navi Mumbai,19.0311212885643,73.1052711758489,Unfurnished,Apartment,0,6,5,Resale,Ready to Move,,Regency Group
A Z Zahraa Residency,4800000,450,1,2,Ulwe,Navi Mumbai,18.9750941,73.052334,Unfurnished,Apartment,0,3,6,Resale,Ready to Move,,Unknown
Shri Krishna CHS,12500000,1102,3,2,Kamothe,Navi Mumbai,19.0174101252323,73.0958540380712,Unfurnished,Apartment,0,0,3,Resale,Ready to Move,,Cooperative Group Housing Society
Advance Plaza ,4000000,461,1,1,Sector 23 Ulwe,Navi Mumbai,18.9787366471365,73.0347665307859,Semi-Furnished,Apartment,0,0,0,Resale,Ready to Move,,Advance Home Makers Group
Advance Plaza ,4000000,454,1,1,Sector 23 Ulwe,Navi Mumbai,18.9787366471365,73.0347665307859,Semi-Furnished,Apartment,0,0,0,Resale,Ready to Move,,Advance Home Makers Group
Ramrai Kunj,2350000,280,1,1,Taloja,Navi Mumbai,19.074076996436,73.1181841544665,Semi-Furnished,Apartment,0,0,6,Resale,Ready to Move,,Kaveri Enterprises
Unkown,6700000,,1,1,,Navi Mumbai,,,Semi-Furnished,Apartment,0,0,0,Resale,Ready to Move,,Unknown
Unkown,22500000,750,,1,CBD Belapur,Navi Mumbai,19.0190788324849,73.0384581174593,Unfurnished,Commercial Office Space,0,0,9,Resale,Ready to Move,,Unknown
Tulsi Sagar,28500000,770,2,2,Nerul West,Navi Mumbai,19.0367731328415,73.0148297211474,Semi-Furnished,Apartment,0,15,2,Resale,Ready to Move,,Sunny Real Estate
Unkown,6700000,350,1,1,,Navi Mumbai,,,Unfurnished,Apartment,0,0,0,Resale,Ready to Move,,Unknown
Akshar Evita,5200000,450,1,1,Dronagiri,Navi Mumbai,18.8598511200022,72.9380988664184,Semi-Furnished,Apartment,0,6,2,Resale,Under Construction,7 Covered,Unknown
Unkown,2500000,,1,1,Sector 19 Kopar Khairane,Navi Mumbai,19.1052526930733,72.9995718033151,Unfurnished,Apartment,0,0,0,Resale,Ready to Move,,Unknown
Neelsidhi Amarante,9500000,950,2,2,Kalamboli,Navi Mumbai,19.0311212885643,73.1052711758489,Semi-Furnished,Apartment,0,11,5,Resale,Ready to Move,,Neelsidhi
Unkown,2600000,720,1,1,,Navi Mumbai,,,Unfurnished,Apartment,0,0,0,Resale,Ready to Move,,Unknown
Platinum Aura,10000000,,2,2,Roadpali,Navi Mumbai,19.0385501152056,73.0962748008091,Unfurnished,Apartment,0,11,2,Resale,Ready to Move,,Platinum Group
Unkown,2400000,380,1,2,,Navi Mumbai,,,Semi-Furnished,Apartment,0,0,0,Resale,Ready to Move,,Unknown
Unkown,5400000,650,1,2,,Navi Mumbai,,,Unfurnished,Apartment,0,0,0,Resale,Ready to Move,,Unknown
Keshav Kunj III,22000000,816,2,2,Sector 14 Sanpada,Navi Mumbai,19.06191712,73.00385158,Furnished,Apartment,0,22,0,Resale,Ready to Move,,V R Mittal Builders
Unkown,5400000,,2,2,Taloja,Navi Mumbai,19.074076996436,73.1181841544665,Semi-Furnished,Apartment,0,0,6,Resale,Ready to Move,,Unknown
Satyam Harmony,19000000,650,2,2,Kopar Khairane,Navi Mumbai,19.1033695651723,73.0121586680414,Semi-Furnished,Apartment,0,0,10,Resale,Ready to Move,,Satyam Developers
Unkown,6000000,430,1,2,Sector 18 Ulwe,Navi Mumbai,18.9678540805294,73.0229620988582,Unfurnished,Apartment,0,0,0,New Property,Ready to Move,,Unknown
Gami Satyam Business Avenue,70000000,,,2,CBD Belapur,Navi Mumbai,19.0190788324849,73.0384581174593,Unfurnished,Commercial Office Space,0,0,9,Resale,Under Construction,,Satyam Ventures Private Limited
Sai Saburi CHS,8000000,,2,2,Airoli,Navi Mumbai,19.1609103453837,72.9933968951486,Semi-Furnished,Apartment,0,0,10,Resale,Ready to Move,,Cooperative Group Housing Society
KVK Keshar Baug,8000000,433,1,1,Panvel,Navi Mumbai,18.9894007,73.1175162,Semi-Furnished,Apartment,0,4,10,Resale,Ready to Move,,KVK Constructions
Shiv Pooja,6500000,,,,Taloja,Navi Mumbai,19.074076996436,73.1181841544665,,Apartment,0,9,6,Resale,,,Shivam Developers
Unkown,4500000,,2,2,Khopoli,Navi Mumbai,18.7980131509559,73.3372686360754,Semi-Furnished,Apartment,0,0,2,Resale,Ready to Move,10 Open,Unknown
Unkown,3871219,,1,1,Panvel,Navi Mumbai,18.9894007,73.1175162,Unfurnished,Builder Floor Apartment,0,0,10,Resale,,,Unknown
Hill View Complex,4800000,,2,2,Adai,Navi Mumbai,19.0146597506832,73.1331101231684,Unfurnished,Apartment,0,13,0,Resale,Ready to Move,,Shree Vastupurti Developers
Unkown,5000000,524,1,1,,Navi Mumbai,,,Unfurnished,Apartment,0,0,0,Resale,Ready to Move,,Unknown
Arihant Anaika,3600000,,1,1,Taloja,Navi Mumbai,19.074076996436,73.1181841544665,Semi-Furnished,Apartment,0,20,6,Resale,Ready to Move,,Arihant Superstructures Ltd
Hiranandani Fortune City,25000000,,3,3,Panvel,Navi Mumbai,18.9894007,73.1175162,Semi-Furnished,Apartment,0,35,10,New Property,Ready to Move,,Hiranandani Group
Unkown,4200000,450,1,1,Kharghar,Navi Mumbai,19.0656721198219,73.05961185164,Unfurnished,Apartment,0,0,8,New Property,Ready to Move,,Unknown
Unkown,2200000,,,1,Panvel,Navi Mumbai,18.9894007,73.1175162,Unfurnished,Studio Apartment,0,0,1,Resale,Ready to Move,,Unknown
Radhey Heritage,5500000,630,2,2,Panvel,Navi Mumbai,18.9894007,73.1175162,Unfurnished,Apartment,0,10,10,Resale,Ready to Move,,Radhey Properties Builders
Olive Boulevard,11500000,640,2,2,Panvel,Navi Mumbai,18.9894007,73.1175162,Unfurnished,Apartment,0,22,10,Resale,Under Construction,,Olive Builders & Developers Pvt. Ltd.
Neelkanth Vishwa,4500000,482,1,1,New Panvel,Navi Mumbai,19.0003258753664,73.1153385297118,Unfurnished,Apartment,0,5,5,Resale,Ready to Move,,Bhagchand C. Khubchandani
Neelkanth Vishwa,4300000,462,1,1,New Panvel,Navi Mumbai,19.0003258753664,73.1153385297118,Unfurnished,Apartment,0,5,5,Resale,Ready to Move,,Bhagchand C. Khubchandani
Neelkanth Vishwa,4200000,360,1,1,New Panvel,Navi Mumbai,19.0003258753664,73.1153385297118,Semi-Furnished,Apartment,0,5,5,Resale,Ready to Move,,Bhagchand C. Khubchandani
Payal Height,3600000,450,1,1,Taloja Panchanand,Navi Mumbai,19.0786912120664,73.0924195199983,Unfurnished,Apartment,0,11,0,Resale,Ready to Move,,Balaji Developers
Payal Height,3050000,450,1,1,Taloja Panchanand,Navi Mumbai,19.0786912120664,73.0924195199983,Unfurnished,Apartment,0,11,0,Resale,Ready to Move,,Balaji Developers
Payal Height,3050000,450,1,1,Taloja Panchanand,Navi Mumbai,19.0786912120664,73.0924195199983,Unfurnished,Apartment,0,11,0,Resale,Ready to Move,,Balaji Developers
Panchnand Heights,3500000,457,1,1,Taloja,Navi Mumbai,19.074076996436,73.1181841544665,Unfurnished,Apartment,0,11,6,Resale,Ready to Move,,Panchanand Enterprises
Panchnand Heights,4300000,504,1,1,Phase 1 Taloja,Navi Mumbai,19.0775674635419,73.0913385991051,Semi-Furnished,Apartment,0,11,1,Resale,Ready to Move,,Panchanand Enterprises
Panchnand Heights,4000000,497,1,1,Taloja,Navi Mumbai,19.074076996436,73.1181841544665,Unfurnished,Apartment,0,11,6,Resale,Ready to Move,,Panchanand Enterprises
Panchnand Heights,4600000,486,1,1,Taloja,Navi Mumbai,19.074076996436,73.1181841544665,Semi-Furnished,Apartment,0,11,6,Resale,Ready to Move,,Panchanand Enterprises
BKS Galaxy,11000000,900,2,2,Kharghar,Navi Mumbai,19.0656721198219,73.05961185164,Semi-Furnished,Apartment,0,10,8,Resale,Ready to Move,,BKS GALAXY REALTORS
Ruby Homes,6500000,709,2,2,Ulwe,Navi Mumbai,18.9750941,73.052334,Unfurnished,Apartment,0,20,6,Resale,Ready to Move,,SHK Developers
Indiabulls Greens Panvel,8000000,936,2,2,Panvel,Navi Mumbai,18.9894007,73.1175162,Unfurnished,Apartment,0,56,10,Resale,Ready to Move,,Indiabulls Greens
Indiabulls Greens Panvel,7000000,897,2,2,Panvel,Navi Mumbai,18.9894007,73.1175162,Semi-Furnished,Apartment,0,56,10,Resale,Under Construction,,Indiabulls Greens
Indiabulls Greens Panvel,8500000,897,2,2,Panvel,Navi Mumbai,18.9894007,73.1175162,Unfurnished,Apartment,0,56,10,Resale,Ready to Move,,Indiabulls Greens
Indiabulls Greens Panvel,6800000,897,2,2,New Panvel East,Navi Mumbai,18.998631,73.120102,Unfurnished,Apartment,0,56,3,Resale,Ready to Move,,Indiabulls Greens
Indiabulls Greens Panvel,6800000,897,2,2,Panvel,Navi Mumbai,18.9894007,73.1175162,Unfurnished,Apartment,0,56,10,Resale,Ready to Move,,Indiabulls Greens
Indiabulls Greens Panvel,8500000,720,2,2,Panvel,Navi Mumbai,18.9894007,73.1175162,Unfurnished,Apartment,0,56,10,Resale,Ready to Move,,Indiabulls Greens
Indiabulls Greens Panvel,4675000,655,1,2,Panvel,Navi Mumbai,18.9894007,73.1175162,Unfurnished,Apartment,0,56,10,Resale,Ready to Move,,Indiabulls Greens
Indiabulls Greens Panvel,5500000,655,1,2,Panvel,Navi Mumbai,18.9894007,73.1175162,Unfurnished,Apartment,0,56,10,Resale,Ready to Move,,Indiabulls Greens
Indiabulls Greens Panvel,4500000,513,1,1,Panvel,Navi Mumbai,18.9894007,73.1175162,Unfurnished,Apartment,0,56,10,Resale,Ready to Move,,Indiabulls Greens
Indiabulls Greens Panvel,7000000,897,2,2,Panvel,Navi Mumbai,18.9894007,73.1175162,Unfurnished,Apartment,0,56,10,Resale,Ready to Move,,Indiabulls Greens
Indiabulls Greens Panvel,7000000,655,2,2,Panvel,Navi Mumbai,18.9894007,73.1175162,Unfurnished,Apartment,0,56,10,Resale,Ready to Move,,Indiabulls Greens
Indiabulls Greens Panvel,12500000,1238,3,3,Panvel,Navi Mumbai,18.9894007,73.1175162,Unfurnished,Apartment,0,56,10,Resale,Ready to Move,,Indiabulls Greens
Indiabulls Greens Panvel,5000000,513,1,1,Panvel,Navi Mumbai,18.9894007,73.1175162,Unfurnished,Apartment,0,56,10,Resale,Ready to Move,,Indiabulls Greens
Indiabulls Greens Panvel,7000000,593,2,2,Panvel,Navi Mumbai,18.9894007,73.1175162,Unfurnished,Apartment,0,56,10,Resale,Ready to Move,,Indiabulls Greens
Proviso Heights,8100000,515,2,2,Ulwe,Navi Mumbai,18.9750941,73.052334,Unfurnished,Apartment,0,33,6,Resale,Ready to Move,,Proviso Group
Proviso Heights,10000000,576,2,2,Ulwe,Navi Mumbai,18.9750941,73.052334,Semi-Furnished,Apartment,0,33,6,Resale,Ready to Move,,Proviso Group
Orchid Heights,8500000,727,2,2,Ulwe,Navi Mumbai,18.9750941,73.052334,Unfurnished,Apartment,0,8,6,Resale,Ready to Move,,Sunny Buildtech
Chhadva Galaxy,13500000,1055,3,3,Kamothe,Navi Mumbai,19.0174101252323,73.0958540380712,Semi-Furnished,Apartment,0,14,3,Resale,Ready to Move,,Chhadva Developers
QN Greens,3600000,400,1,1,Taloja,Navi Mumbai,19.074076996436,73.1181841544665,Unfurnished,Apartment,0,15,6,Resale,Ready to Move,,Qualitas Naman Group
Konnark River City,6500000,61,2,2,Panvel,Navi Mumbai,18.9894007,73.1175162,Unfurnished,Apartment,0,26,10,Resale,Ready to Move,,Konnark Township Pvt Ltd
Unkown,2200000,,1,1,Taloja,Navi Mumbai,19.074076996436,73.1181841544665,Unfurnished,Builder Floor Apartment,0,0,6,Resale,,,Unknown
Unkown,1800000,210,1,1,Sanpada,Navi Mumbai,19.0583094914648,73.0164374121942,Unfurnished,Apartment,0,0,9,Resale,Ready to Move,,Unknown
Shree Datta Niwas,8600000,,2,2,Sector 31 Vashi,Navi Mumbai,19.06489073,72.98894934,Furnished,Apartment,0,13,0,Resale,Ready to Move,,Raj Chamunda Group
Unkown,12000000,,3,2,,Navi Mumbai,,,Unfurnished,Apartment,0,0,0,Resale,Ready to Move,,Unknown
Reddys Jewel,17000000,,2,2,Ulwe,Navi Mumbai,18.9750941,73.052334,Furnished,Apartment,0,17,6,Resale,Ready to Move,,Reddys Infrastructure Pvt Ltd
Paradise Sai Wonder,8000000,350,1,2,Kharghar,Navi Mumbai,19.0656721198219,73.05961185164,Unfurnished,Apartment,0,21,8,Resale,Ready to Move,1 Covered,Paradise Group
Akshar Rivergate,3000000,555,1,1,Rasayani,Navi Mumbai,18.8956516083249,73.1761766681785,Unfurnished,Apartment,0,32,4,Resale,Ready to Move,,Akshar Developers
Baba Tulip,4000000,,1,1,Kalundre,Navi Mumbai,18.9788074287093,73.1254720861586,Unfurnished,Apartment,0,0,0,Resale,Ready to Move,,Unknown
Jupiter Heights,4900000,450,1,2,Roadpali,Navi Mumbai,19.0385501152056,73.0962748008091,Unfurnished,Apartment,0,7,2,Resale,Ready to Move,,Rupal Builder
Unkown,14000000,100,4,2,Seawoods,Navi Mumbai,19.0134923674099,73.0176711021806,Unfurnished,Residential House,0,0,7,Resale,Under Construction,,Unknown
Unkown,2500000,,1,1,New Panvel,Navi Mumbai,19.0003258753664,73.1153385297118,Unfurnished,Apartment,0,0,5,Resale,Ready to Move,,Unknown
Satyam Harmony,23000000,990,2,2,Kopar Khairane,Navi Mumbai,19.1033695651723,73.0121586680414,Furnished,Apartment,0,0,10,Resale,Ready to Move,,Satyam Developers
Adhiraj Complex,8500000,530,1,3,Kharghar,Navi Mumbai,19.0656721198219,73.05961185164,Semi-Furnished,Apartment,0,0,8,Resale,Ready to Move,,Unknown
Unkown,6500000,325,1,2,Sector 21 Ghansoli,Navi Mumbai,19.12969106,72.99722264,Semi-Furnished,Apartment,0,0,1,Resale,Ready to Move,,Unknown
Thalia Vrindavan Flora,3900000,600,2,2,Rasayani,Navi Mumbai,18.8956516083249,73.1761766681785,Unfurnished,Apartment,0,20,4,Resale,Ready to Move,1 Open,Thalia Labh Group
Bhagwati Bay Bliss,11500000,,2,2,Ulwe,Navi Mumbai,18.9750941,73.052334,Semi-Furnished,Apartment,0,26,6,Resale,Ready to Move,,Bhagwati Group
Indiabulls Greens Panvel,4900000,275,1,1,Panvel,Navi Mumbai,18.9894007,73.1175162,Unfurnished,Apartment,0,56,10,Resale,Ready to Move,,Indiabulls Greens
Unkown,5200000,353,1,1,,Navi Mumbai,,,Furnished,Apartment,0,0,0,Resale,Ready to Move,,Unknown
Unkown,3100000,,1,1,Akurli,Navi Mumbai,19.00792958,73.14191527,Unfurnished,Apartment,0,0,0,Resale,Ready to Move,,Unknown
Unkown,8800000,,,,Roadpali,Navi Mumbai,19.0385501152056,73.0962748008091,Unfurnished,Commercial Shop,0,0,2,Resale,Ready to Move,,Unknown
Marigold Height,9000000,650,2,1,Taloja,Navi Mumbai,19.074076996436,73.1181841544665,Furnished,Apartment,0,10,6,Resale,Ready to Move,,Accolade developers
Unkown,4200000,465,1,1,Shilphata,Navi Mumbai,19.1458005253221,73.0395101733678,Semi-Furnished,Apartment,0,0,3,Resale,Ready to Move,,Unknown
Unkown,3900000,,1,1,Panvel,Navi Mumbai,18.9894007,73.1175162,Unfurnished,Apartment,0,0,10,Resale,Ready to Move,,Unknown
Hiranandani Fortune City,5700000,,1,2,Panvel,Navi Mumbai,18.9894007,73.1175162,Semi-Furnished,Apartment,0,35,10,Resale,Ready to Move,1 Open,Hiranandani Group
Krishna Residency,7500000,450,1,1,Sector 35E Kharghar,Navi Mumbai,19.0671965175572,73.0742738353258,Furnished,Apartment,0,15,0,Resale,Ready to Move,,Krishna Developers
Vastu Vihar,3300000,,1,1,Kharghar,Navi Mumbai,19.0656721198219,73.05961185164,Semi-Furnished,Apartment,0,11,8,Resale,Ready to Move,,Cidco
Millenium Business Park,11000000,1375,,2,Mahape,Navi Mumbai,19.1231028484763,73.0348871793876,Unfurnished,Commercial Office Space,0,21,1,Resale,Ready to Move,1 Open,Unknown
Unkown,20000000,900,2,3,,Navi Mumbai,,,Semi-Furnished,Apartment,0,0,0,Resale,Ready to Move,60 Open,Unknown
Arihant Anshula,4200000,487,1,1,Ghot,Navi Mumbai,19.0866662303889,73.1139743468294,Semi-Furnished,Apartment,0,19,0,Resale,Ready to Move,,Arihant Superstructures Ltd.
Airoli,9000000,200,,,Airoli,Navi Mumbai,19.1609103453837,72.9933968951486,Unfurnished,Commercial Shop,0,0,10,Resale,Ready to Move,,Unknown
Qualcon Greenwood Estate,3500000,452,2,2,Panvel,Navi Mumbai,18.9894007,73.1175162,Unfurnished,Apartment,0,42,10,Resale,Ready to Move,,Qualcon Properties LLP
Elegant Iona,10500000,,2,2,Karanjade,Navi Mumbai,18.974265373985,73.1099196329075,Unfurnished,Apartment,0,4,2,Resale,Ready to Move,,Elegant Enterprises
Sai Shubham,4200000,325,1,1,Taloja Panchanand,Navi Mumbai,19.0786912120664,73.0924195199983,Unfurnished,Apartment,0,17,0,Resale,Ready to Move,,Wadhwani Constructions
Emperia Icon,13000000,,,1,Nerul,Navi Mumbai,19.034973,73.02228,Unfurnished,Commercial Office Space,0,8,8,Resale,Under Construction,,Emperia Projects
Arihant Arshiya,3000000,,1,1,Khopoli,Navi Mumbai,18.7980131509559,73.3372686360754,Unfurnished,Apartment,0,17,2,Resale,Ready to Move,,Arihant Superstructures Ltd
Unkown,100000000,,7,7,New Panvel,Navi Mumbai,19.0003258753664,73.1153385297118,Furnished,Residential House,0,0,5,Resale,Ready to Move,4 Covered,Unknown
Today Global Callisto,75000000,1250,,,Sector 17 Ulwe,Navi Mumbai,18.9640564736564,73.0214063070489,Unfurnished,Commercial Shop,0,0,0,Resale,Ready to Move,1 Open,Unknown
Unkown,500000,,,,Chirle,Navi Mumbai,18.926374,73.030935,,Residential Plot,0,0,3,Resale,,,Unknown
Ashoka Residency,16600000,,2,2,Kharghar,Navi Mumbai,19.0656721198219,73.05961185164,Semi-Furnished,Apartment,1,15,8,Resale,Ready to Move,,Ashoka Builders
Indiabulls Green Phase 2,4950000,544,2,2,Panvel,Navi Mumbai,18.9894007,73.1175162,Unfurnished,Apartment,0,47,10,New Property,Ready to Move,,Indiabulls Real Estate Ltd.
Shree Balaji Om Harmony,17000000,760,2,2,Kharghar,Navi Mumbai,19.0656721198219,73.05961185164,Semi-Furnished,Apartment,0,45,8,Resale,Ready to Move,,Shree Balaji Developers
Wadhwa Wise City,21000000,,,,Panvel,Navi Mumbai,18.9894007,73.1175162,,Residential Plot,0,15,10,Resale,,,The Wadhwa Group
Unkown,24500000,875,,1,CBD Belapur,Navi Mumbai,19.0190788324849,73.0384581174593,Unfurnished,Commercial Office Space,0,0,9,New Property,Under Construction,,Unknown
Wadhwa Wise City,9000000,540,2,2,Panvel,Navi Mumbai,18.9894007,73.1175162,Unfurnished,Apartment,0,15,10,Resale,Ready to Move,,The Wadhwa Group
Millennium Avanish,19000000,800,2,2,Sector 11 Airoli,Navi Mumbai,19.1482570053162,72.9875396210666,Semi-Furnished,Apartment,0,11,0,Resale,Ready to Move,,Millenium Corporation
Indiabulls Greens Panvel,16700000,,3,3,Panvel,Navi Mumbai,18.9894007,73.1175162,Semi-Furnished,Apartment,0,56,10,Resale,Ready to Move,1 Covered,Indiabulls Greens
Unkown,5700000,,2,2,,Navi Mumbai,,,Semi-Furnished,Apartment,0,0,0,Resale,Ready to Move,1 Open,Unknown
Swapnapurti CHS,4700000,,1,1,Kharghar,Navi Mumbai,19.0656721198219,73.05961185164,Unfurnished,Apartment,0,51,8,Resale,Ready to Move,,Cooperative Group Housing Society
Akshar Estonia,9000000,850,2,2,Dronagiri,Navi Mumbai,18.8598511200022,72.9380988664184,Unfurnished,Apartment,0,43,2,Resale,Ready to Move,1 Covered,Akshar Group
Govind Apartment,11000000,700,2,2,Kopar Khairane,Navi Mumbai,19.1033695651723,73.0121586680414,Furnished,Apartment,0,0,10,Resale,Ready to Move,,Eveready Builders
Hari Niwas,4500000,410,1,1,Taloja,Navi Mumbai,19.074076996436,73.1181841544665,Semi-Furnished,Apartment,0,0,6,Resale,Ready to Move,,Unknown
Guru Purnima,17500000,1200,3,3,Ulwe,Navi Mumbai,18.9750941,73.052334,Semi-Furnished,Apartment,0,13,6,Resale,Ready to Move,,Arvind Victory Realty
Unkown,25000000,800,,,Nerul,Navi Mumbai,19.034973,73.02228,Semi-Furnished,Commercial Shop,0,0,8,Resale,Ready to Move,,Unknown
Galaxy Carina,22500000,1090,3,3,Sector 15 Kharghar,Navi Mumbai,19.0413525309741,73.0790504047715,Semi-Furnished,Apartment,0,13,1,Resale,Ready to Move,1 Covered,Galaxy Group
Marathon Nexzone,12500000,950,3,3,Marathon Nexzone,Navi Mumbai,18.96597358,73.12846535,Semi-Furnished,Apartment,0,10,0,Resale,Ready to Move,,Marathon Realty Pvt. Ltd.
Unkown,13000000,220,,,Seawoods,Navi Mumbai,19.0134923674099,73.0176711021806,Unfurnished,Commercial Shop,0,0,7,Resale,Ready to Move,,Unknown
Unkown,9500000,550,1,1,Airoli,Navi Mumbai,19.1609103453837,72.9933968951486,Unfurnished,Apartment,0,0,10,Resale,Ready to Move,1 Open,Unknown
Unkown,5299999,539,2,2,Phase 1 Taloja,Navi Mumbai,19.0775674635419,73.0913385991051,Unfurnished,Apartment,0,0,1,Resale,Ready to Move,,Unknown
Mahalaxmi City ,1200000,81,,,Panvel,Navi Mumbai,18.9894007,73.1175162,Unfurnished,Commercial Shop,0,0,10,Resale,Ready to Move,,Unknown
Unkown,1716000,,1,1,Rasayani,Navi Mumbai,18.8956516083249,73.1761766681785,Unfurnished,Apartment,0,0,4,New Property,Under Construction,,Unknown
Unkown,4860000,,1,2,Old Panvel,Navi Mumbai,18.9866237154805,73.1078262369691,Unfurnished,Apartment,0,0,4,Resale,Ready to Move,1 Open,Unknown
Ashtavinayak Heights,8900000,,2,2,Taloja,Navi Mumbai,19.074076996436,73.1181841544665,Semi-Furnished,Apartment,0,3,6,Resale,Ready to Move,,Ashtavinayak Developers
Unkown,45000000,780,2,1,Seawoods,Navi Mumbai,19.0134923674099,73.0176711021806,Unfurnished,Apartment,0,0,7,Resale,Ready to Move,"1 Covered, 2 Open",Unknown
Kamala Arcade,7500000,520,1,1,Ghansoli,Navi Mumbai,19.1271933235627,72.9966520846173,Semi-Furnished,Apartment,0,13,9,Resale,Ready to Move,,Prathamesh Infrastructures
Unkown,4000000,,1,1,Ulwe,Navi Mumbai,18.9750941,73.052334,Unfurnished,Apartment,0,0,6,Resale,Ready to Move,,Unknown
Unkown,3512000,300,1,1,Kharghar,Navi Mumbai,19.0656721198219,73.05961185164,Unfurnished,Apartment,0,0,8,Resale,Ready to Move,,Unknown
Unkown,2500000,,1,1,Panvel,Navi Mumbai,18.9894007,73.1175162,Unfurnished,Builder Floor Apartment,0,0,10,Resale,Under Construction,,Unknown
Unkown,65000000,2600,5,4,Sector 36 Kamothe,Navi Mumbai,19.0248120846853,73.0906842633753,Unfurnished,Penthouse,0,0,1,Resale,Ready to Move,,Unknown
Bhumiraj Meadows,8800000,,1,1,Airoli,Navi Mumbai,19.1609103453837,72.9933968951486,Furnished,Apartment,0,16,10,Resale,Ready to Move,,Bhumiraj Group
Om Sai Sai Vihar CHS,12000000,824,2,2,Kharghar,Navi Mumbai,19.0656721198219,73.05961185164,Furnished,Apartment,0,12,8,Resale,Ready to Move,,Om Sai Developers
Unkown,2350000,350,1,2,Palaspe Phata,Navi Mumbai,18.96872083,73.12948074,Unfurnished,Apartment,0,0,1,Resale,Ready to Move,2 Open,Unknown
Unkown,2500000,,1,1,,Navi Mumbai,,,Semi-Furnished,Apartment,0,0,0,New Property,Ready to Move,1 Open,Unknown
Sairama Signature,27000000,,,,Kharghar,Navi Mumbai,19.0656721198219,73.05961185164,Unfurnished,Commercial Shop,0,6,8,Resale,Ready to Move,,Sairama Housing Estates Private Limited
Unkown,27000000,,3,2,Kharghar,Navi Mumbai,19.0656721198219,73.05961185164,Furnished,Apartment,0,0,8,Resale,Ready to Move,502 Covered,Unknown
Mango 24,4800000,380,,,Karanjade,Navi Mumbai,18.974265373985,73.1099196329075,Unfurnished,Commercial Shop,0,13,2,Resale,Ready to Move,,Mango Homes
Dweepmala Baline Residency,9000000,,2,2,Phase 1 Taloja,Navi Mumbai,19.0775674635419,73.0913385991051,Semi-Furnished,Apartment,0,27,1,Resale,Ready to Move,,Dweepmala Developers
Shree Raj Uma Palace,7500000,,2,2,Roadpali,Navi Mumbai,19.0385501152056,73.0962748008091,Unfurnished,Apartment,0,9,2,Resale,Ready to Move,,Shreeraj Realtors
Royal Palms Residency,4500000,440,1,1,New Panvel,Navi Mumbai,19.0003258753664,73.1153385297118,Furnished,Apartment,0,9,5,Resale,Ready to Move,,Squarefeet Group
Paradise Sai World City,2430000,510,,,Panvel,Navi Mumbai,18.9894007,73.1175162,Unfurnished,Commercial Shop,0,38,10,New Property,Ready to Move,,Paradise Group
Shree Siddhi Sankalp,22500000,,2,2,Sector 30 Kharghar,Navi Mumbai,19.06659,73.06811,Semi-Furnished,Apartment,0,8,1,Resale,Ready to Move,1 Covered,Shree Siddhi Developers
Unkown,10000000,49,2,2,Rabale,Navi Mumbai,19.1439232937657,73.0108611798346,Furnished,Apartment,0,0,4,Resale,Ready to Move,1 Covered,Unknown
Emperia Garden,2000000,425,1,2,Panvel,Navi Mumbai,18.9894007,73.1175162,Semi-Furnished,Apartment,0,56,10,Resale,Ready to Move,,Akshar Group
Moreshwar Heights,4500000,570,2,1,Kamothe,Navi Mumbai,19.0174101252323,73.0958540380712,Furnished,Apartment,0,0,3,Resale,Ready to Move,,Unknown
NRI Complex Phase,64000000,1251,3,4,Seawoods,Navi Mumbai,19.0134923674099,73.0176711021806,Semi-Furnished,Apartment,0,14,7,New Property,Ready to Move,,Cidco
Unkown,4000000,225,,,,Navi Mumbai,,,Unfurnished,Commercial Shop,0,0,0,Resale,Ready to Move,,Unknown
Sai Sadan,5000000,,1,1,Karanjade,Navi Mumbai,18.974265373985,73.1099196329075,Furnished,Apartment,0,6,2,Resale,Ready to Move,,Shrijee Krupa Developers
Unkown,13000000,,3,3,New Panvel,Navi Mumbai,19.0003258753664,73.1153385297118,Unfurnished,Apartment,0,0,5,Resale,Ready to Move,1 Covered,Unknown
Arihant 6 Anaika,6000000,,2,2,Taloja,Navi Mumbai,19.074076996436,73.1181841544665,Unfurnished,Apartment,0,42,6,Resale,Ready to Move,,Arihant Superstructures Ltd.
Satyam Heritage,45000000,1728,4,3,Kharghar,Navi Mumbai,19.0656721198219,73.05961185164,Semi-Furnished,Apartment,0,13,8,Resale,Ready to Move,,Satyam Developers
Satyam Heritage,35000000,1728,3,3,Kharghar,Navi Mumbai,19.0656721198219,73.05961185164,Furnished,Apartment,0,13,8,Resale,Ready to Move,,Satyam Developers
TEJAS HEIGHTS,12435000,828,2,2,Ulwe,Navi Mumbai,18.9750941,73.052334,Unfurnished,Apartment,0,15,6,Resale,Ready to Move,,Tejas Constructions
Paradise Sai Pearls,22000000,1210,3,3,Kharghar,Navi Mumbai,19.0656721198219,73.05961185164,Unfurnished,Apartment,0,30,8,Resale,Ready to Move,,Paradise Group
Sai Riverdale,4500000,497,1,1,Taloja,Navi Mumbai,19.074076996436,73.1181841544665,Semi-Furnished,Apartment,0,32,6,Resale,Ready to Move,,Paradise Group
Sai Riverdale,6500000,497,1,1,Taloja,Navi Mumbai,19.074076996436,73.1181841544665,Furnished,Apartment,0,32,6,Resale,Ready to Move,,Paradise Group
Sai Riverdale,6000000,497,1,1,Taloja,Navi Mumbai,19.074076996436,73.1181841544665,Semi-Furnished,Apartment,0,32,6,Resale,Ready to Move,,Paradise Group
Godrej City,12000000,576,2,2,Panvel,Navi Mumbai,18.9894007,73.1175162,Unfurnished,Apartment,0,45,10,Resale,Ready to Move,,Godrej Properties
Kamdhenu Aura,7500000,773,2,2,Taloja,Navi Mumbai,19.074076996436,73.1181841544665,Unfurnished,Apartment,0,12,6,Resale,Ready to Move,,Kamdhenu Realties
Kamdhenu Aura,7500000,773,2,2,Taloja,Navi Mumbai,19.074076996436,73.1181841544665,Unfurnished,Apartment,0,12,6,Resale,Ready to Move,,Kamdhenu Realties
Krishna Mahal,9200000,972,3,3,Kamothe,Navi Mumbai,19.0174101252323,73.0958540380712,Unfurnished,Apartment,0,5,3,Resale,Ready to Move,,Unknown
Sai Prasad Arcade,9800000,720,3,3,Kamothe,Navi Mumbai,19.0174101252323,73.0958540380712,Semi-Furnished,Apartment,0,16,3,Resale,Ready to Move,,Sai Prasad Enterprises
Sai Prasad Arcade,16000000,918,3,3,Kamothe,Navi Mumbai,19.0174101252323,73.0958540380712,Semi-Furnished,Apartment,0,16,3,Resale,Ready to Move,,Sai Prasad Enterprises
Sai Prasad Arcade,10500000,936,3,3,Kamothe,Navi Mumbai,19.0174101252323,73.0958540380712,Semi-Furnished,Apartment,0,16,3,Resale,Ready to Move,,Sai Prasad Enterprises
Maitri Street,9500000,661,2,2,Khandeshhwar,Navi Mumbai,19.0101328272487,73.0960622725552,Furnished,Apartment,0,7,2,Resale,Ready to Move,,Maitri Group
Bhoomi Heights,20000000,1082,3,2,Kharghar,Navi Mumbai,19.0656721198219,73.05961185164,Furnished,Apartment,0,9,8,Resale,Ready to Move,,Gajra Associates
Dream Coral,5000000,478,1,1,Ulwe,Navi Mumbai,18.9750941,73.052334,Unfurnished,Apartment,0,13,6,Resale,Ready to Move,,Dream Developers
Dream Coral,5200000,482,1,1,Ulwe,Navi Mumbai,18.9750941,73.052334,Unfurnished,Apartment,0,13,6,Resale,Ready to Move,,Dream Developers
Dudhe Brothers Vitevari complex,14000000,792,2,2,Panvel,Navi Mumbai,18.9894007,73.1175162,Furnished,Apartment,0,8,10,Resale,Ready to Move,,Dudhe Brothers
Fortune Heights,9400000,752,2,2,Kharghar,Navi Mumbai,19.0656721198219,73.05961185164,Unfurnished,Apartment,0,19,8,Resale,Ready to Move,,Fortune Developers
Unkown,20000000,1080,3,3,Kharghar,Navi Mumbai,19.0656721198219,73.05961185164,Semi-Furnished,Apartment,0,0,8,Resale,Ready to Move,,Unknown
Hex Blox,11800000,900,2,2,Kharghar,Navi Mumbai,19.0656721198219,73.05961185164,Unfurnished,Apartment,0,0,8,Resale,Ready to Move,,Armstrongs Builder
Jyot Darshan,5200000,396,1,2,Kharghar,Navi Mumbai,19.0656721198219,73.05961185164,Unfurnished,Apartment,0,5,8,Resale,Ready to Move,,Navkaar Builder & Developers
Arihant Krupa,10100000,767,2,2,Kharghar,Navi Mumbai,19.0656721198219,73.05961185164,Unfurnished,Apartment,0,18,8,Resale,Ready to Move,,Arihant Superstructures Ltd.
Arihant Krupa,11000000,788,2,2,Sector 27 Kharghar,Navi Mumbai,19.060793,73.080383,Furnished,Apartment,0,18,0,Resale,Ready to Move,,Arihant Superstructures Ltd.
Bhoomi Colossa,17500000,504,2,2,Airoli,Navi Mumbai,19.1609103453837,72.9933968951486,Semi-Furnished,Apartment,0,19,10,Resale,Ready to Move,,Gazara Group
Radhey Heritage,4600000,666,2,2,Panvel,Navi Mumbai,18.9894007,73.1175162,Unfurnished,Apartment,0,10,10,Resale,Ready to Move,,Radhey Properties Builders
Radhey Heritage,2500000,313,1,1,Panvel,Navi Mumbai,18.9894007,73.1175162,Unfurnished,Apartment,0,10,10,Resale,Ready to Move,,Radhey Properties Builders
Radhey Heritage,3000000,313,1,1,Panvel,Navi Mumbai,18.9894007,73.1175162,Unfurnished,Apartment,0,10,10,Resale,Ready to Move,,Radhey Properties Builders
Radhey Heritage,4200000,691,2,2,Panvel,Navi Mumbai,18.9894007,73.1175162,Unfurnished,Apartment,0,10,10,Resale,Ready to Move,,Radhey Properties Builders
Unkown,5100000,460,2,2,Taloja,Navi Mumbai,19.074076996436,73.1181841544665,Unfurnished,Apartment,0,0,6,Resale,Ready to Move,,Unknown
Siddharth Builders Geetanjali Bellezza,420000,,1,1,Taloja,Navi Mumbai,19.074076996436,73.1181841544665,Unfurnished,Apartment,0,27,6,Resale,Under Construction,,Siddharth Builders And Developers
Unkown,5000000,390,1,2,Khar Kopar,Navi Mumbai,18.9654436273347,73.0155095714941,Semi-Furnished,Apartment,0,0,0,Resale,Ready to Move,,Unknown
Omkar Bramha,3100000,550,1,2,Adaigaon,Navi Mumbai,19.0110825912093,73.1266944947445,Unfurnished,Apartment,0,0,0,Resale,Ready to Move,"2 Covered, 2 Open",Unknown
Qualcon Greenwood Estate Phase 2,5000000,,2,2,Panvel,Navi Mumbai,18.9894007,73.1175162,Unfurnished,Apartment,0,43,10,Resale,Ready to Move,,Qualcon Properties LLP
Janibai Apartment,3800000,450,1,1,Airoli,Navi Mumbai,19.1609103453837,72.9933968951486,Semi-Furnished,Apartment,0,0,10,Resale,Ready to Move,,Unknown
Arihant Aspire,10500000,,2,2,Panvel,Navi Mumbai,18.9894007,73.1175162,Unfurnished,Apartment,0,11,10,Resale,Under Construction,,Arihant Superstructures Ltd.
Lodha Crown Taloja,3300000,345,1,1,Taloja,Navi Mumbai,19.074076996436,73.1181841544665,Furnished,Apartment,0,6,6,Resale,Ready to Move,,Lodha Developers Limited
Dweepmala Baline Royale,4100000,400,1,1,Taloja,Navi Mumbai,19.074076996436,73.1181841544665,Semi-Furnished,Apartment,0,30,6,Resale,Ready to Move,,Dweepmala Developers
Indiabulls Greens Panvel,25000000,1678,4,4,Panvel,Navi Mumbai,18.9894007,73.1175162,Semi-Furnished,Apartment,0,56,10,Resale,Ready to Move,,Indiabulls Greens
Unkown,4700000,,1,1,Ulwe,Navi Mumbai,18.9750941,73.052334,Unfurnished,Builder Floor Apartment,0,0,6,Resale,Ready to Move,,Unknown
Unkown,2950000,435,1,1,Kamothe,Navi Mumbai,19.0174101252323,73.0958540380712,Unfurnished,Apartment,0,0,3,Resale,Ready to Move,,Unknown
Classic Tower,9800000,,2,2,Taloja,Navi Mumbai,19.074076996436,73.1181841544665,Furnished,Apartment,0,24,6,Resale,Ready to Move,,S R Developers
Unkown,7800000,341,1,1,Rabale,Navi Mumbai,19.1439232937657,73.0108611798346,Furnished,Apartment,0,0,4,Resale,Ready to Move,"1 Covered, 1 Open",Unknown
Unkown,7800000,,,,Panvel,Navi Mumbai,18.9894007,73.1175162,,Residential Plot,0,0,10,New Property,,,Unknown
Hemkunt Niwas,12500000,,2,2,Sector 19 Ulwe,Navi Mumbai,18.973194,73.029363,Unfurnished,Apartment,0,5,0,Resale,Ready to Move,"1 Covered, 1 Open",Sukhmani Construction
Vaishnovi Heights,10000000,940,2,2,Ulwe,Navi Mumbai,18.9750941,73.052334,Unfurnished,Apartment,0,11,6,Resale,Ready to Move,,Mangalmurti Developers
Parvati Castle,5000000,,1,2,Taloje,Navi Mumbai,19.0582386,73.1120339,Unfurnished,Residential House,0,10,1,New Property,Ready to Move,,R D Builder
Lodha Violet E AND F,3000000,,1,,Taloja,Navi Mumbai,19.074076996436,73.1181841544665,,Apartment,0,0,6,Resale,Ready to Move,,Lodha Group
Shree Trimurti Heights,9000000,750,2,2,Kharghar,Navi Mumbai,19.0656721198219,73.05961185164,Semi-Furnished,Apartment,0,8,8,Resale,Ready to Move,,Shelake Builders
Swami Samarth CHS,9600000,,2,1,CBD Belapur,Navi Mumbai,19.0190788324849,73.0384581174593,Furnished,Apartment,0,0,9,Resale,Ready to Move,1 Open,Cooperative Group Housing Society
Radhey Heritage,2600000,400,1,1,Panvel,Navi Mumbai,18.9894007,73.1175162,Unfurnished,Apartment,0,10,10,Resale,Ready to Move,,Radhey Properties Builders
Siddhivinayak Eden,7000000,,2,2,Panvel,Navi Mumbai,18.9894007,73.1175162,Unfurnished,Apartment,0,10,10,New Property,Ready to Move,1 Covered,Hari Siddhi Homes
Mahavir Residency,13500000,,1,1,Airoli,Navi Mumbai,19.1609103453837,72.9933968951486,Furnished,Apartment,0,18,10,Resale,Ready to Move,,Mahavir Builders
Bhoomi Ratna,7000000,,,,Kharghar,Navi Mumbai,19.0656721198219,73.05961185164,Unfurnished,Commercial Shop,0,16,8,Resale,Ready to Move,,Gajra Developers
Unkown,220000000,,,,Khopoli,Navi Mumbai,18.7980131509559,73.3372686360754,,Residential Plot,0,0,2,Resale,,,Unknown
Unkown,10000000,890,2,2,Sector 10 Kharghar,Navi Mumbai,19.0347856231581,73.0754657441173,Semi-Furnished,Apartment,0,0,0,Resale,Ready to Move,,Unknown
Unkown,19000000,856,2,2,Nerul,Navi Mumbai,19.034973,73.02228,Furnished,Builder Floor Apartment,0,0,8,Resale,Ready to Move,,Unknown
Guru Atman,5500000,400,1,2,Ulwe,Navi Mumbai,18.9750941,73.052334,Unfurnished,Apartment,0,0,6,Resale,Ready to Move,,Unknown
Mahalaxmi City ,2500000,,1,,Panvel,Navi Mumbai,18.9894007,73.1175162,,Apartment,0,0,10,Resale,Ready to Move,,Unknown
Sahara,3600000,345,1,1,Petali,Navi Mumbai,19.0802342829353,73.0940449295075,Unfurnished,Apartment,0,8,0,Resale,Ready to Move,,Syndicate Builder
Bhaveshwar Heights,5500000,,1,1,Karanjade,Navi Mumbai,18.974265373985,73.1099196329075,Unfurnished,Apartment,0,13,2,Resale,Ready to Move,,Anita Developers
Unkown,3200000,455,1,2,Kharghar,Navi Mumbai,19.0656721198219,73.05961185164,Unfurnished,Apartment,0,0,8,Resale,Ready to Move,,Unknown
Shrushti Complex,13000000,,3,3,Kamothe,Navi Mumbai,19.0174101252323,73.0958540380712,Unfurnished,Apartment,0,0,3,Resale,Ready to Move,,Unknown
Unkown,70000000,150,5,5,Sector 17 Nerul,Navi Mumbai,19.0345288521898,73.0231001033685,Semi-Furnished,Residential House,0,0,0,Resale,Ready to Move,12 Open,Unknown
Unkown,11000000,,2,2,Kharghar,Navi Mumbai,19.0656721198219,73.05961185164,Semi-Furnished,Builder Floor Apartment,0,0,8,Resale,Ready to Move,1 Open,Unknown
Dev Balaji Residency,3500000,,1,1,Panvel,Navi Mumbai,18.9894007,73.1175162,Unfurnished,Apartment,0,18,10,Resale,Ready to Move,,Dev Builders & Developers
Unkown,6000000,565,1,1,Kharghar,Navi Mumbai,19.0656721198219,73.05961185164,Unfurnished,Apartment,0,0,8,Resale,Ready to Move,,Unknown
Unkown,3300000,275,1,1,Sector 37 Kharghar,Navi Mumbai,19.077667,73.078493,Unfurnished,Builder Floor Apartment,0,0,1,Resale,Ready to Move,,Unknown
Shreeraj Dwarka,3800000,,1,1,Dronagiri,Navi Mumbai,18.8598511200022,72.9380988664184,Unfurnished,Apartment,0,0,2,Resale,Ready to Move,,Unknown
Regency Park,6500000,,1,1,Kharghar,Navi Mumbai,19.0656721198219,73.05961185164,Unfurnished,Apartment,0,0,8,Resale,Ready to Move,,Unknown
Metro Regents Park,7200000,,1,2,Kharghar,Navi Mumbai,19.0656721198219,73.05961185164,Semi-Furnished,Apartment,0,44,8,Resale,Under Construction,,Metro Group and Satyam Developers
Shantanu Excellanza,8160000,680,2,2,Karanjade,Navi Mumbai,18.974265373985,73.1099196329075,Unfurnished,Apartment,0,14,2,Resale,Ready to Move,,Shantanu Realtors
Laxmina Aurum,10500000,780,2,2,Ulwe,Navi Mumbai,18.9750941,73.052334,Unfurnished,Apartment,0,20,6,Resale,Ready to Move,,Laxmina Ventures
Om Shivam Apartment,9800000,600,2,2,Kamothe,Navi Mumbai,19.0174101252323,73.0958540380712,Semi-Furnished,Apartment,0,23,3,Resale,Ready to Move,1 Covered,Om Shivam Builders Pvt. Ltd.
Unkown,4800000,535,1,1,Sai Nagar Kalamboli,Navi Mumbai,19.02901177,73.09756267,Furnished,Apartment,0,0,0,New Property,Ready to Move,,Unknown
Radhey Heritage,4600000,,2,2,Panvel,Navi Mumbai,18.9894007,73.1175162,Unfurnished,Apartment,0,10,10,Resale,Ready to Move,,Radhey Properties Builders
Hiranandani Fortune City,7230000,580,1,2,Panvel,Navi Mumbai,18.9894007,73.1175162,Unfurnished,Apartment,0,35,10,Resale,Ready to Move,,Hiranandani Group
Millennium The Orbis,2700000,,1,1,Rasayani,Navi Mumbai,18.8956516083249,73.1761766681785,Unfurnished,Apartment,0,0,4,Resale,Ready to Move,,Millennium Group
Unkown,7000000,,2,2,Panvel,Navi Mumbai,18.9894007,73.1175162,Unfurnished,Apartment,0,0,10,Resale,Ready to Move,,Unknown
Neelkanth Vishwa,4800000,,1,1,New Panvel,Navi Mumbai,19.0003258753664,73.1153385297118,Semi-Furnished,Apartment,0,5,5,Resale,Ready to Move,,Bhagchand C. Khubchandani
Arihant 4 Anaika,3100000,360,1,1,Ghot,Navi Mumbai,19.0866662303889,73.1139743468294,Unfurnished,Apartment,0,19,0,Resale,Ready to Move,,Arihant Superstructures Ltd
Delta Palacio,12700000,,2,2,Ekta Vihar,Navi Mumbai,19.0267360419939,73.0300311080817,Unfurnished,Apartment,0,4,0,Resale,Under Construction,,Delta Realty
Mahalaxmi City ,3400000,439,2,2,Panvel,Navi Mumbai,18.9894007,73.1175162,Unfurnished,Apartment,0,0,10,Resale,Ready to Move,,Unknown
Unkown,6000000,558,2,2,Sector 4B Khanda Colony,Navi Mumbai,19.01422698,73.11193175,Unfurnished,Apartment,0,0,0,Resale,Ready to Move,,Unknown
Unkown,20000000,,3,4,Vardoli,Navi Mumbai,18.972472798888884,73.19653162911445,Unfurnished,Villa,0,0,0,Resale,Ready to Move,,Unknown
Dhara Corner,3900000,410,1,2,Taloja,Navi Mumbai,19.074076996436,73.1181841544665,Unfurnished,Apartment,0,9,6,Resale,Ready to Move,,Dhara Developers
Lodha Crown Taloja,3200000,,1,1,Taloja,Navi Mumbai,19.074076996436,73.1181841544665,Furnished,Apartment,0,6,6,Resale,Ready to Move,,Lodha Developers Limited
Unkown,16500000,650,2,2,Nerul East,Navi Mumbai,19.0324331484139,73.0198496617469,Unfurnished,Apartment,0,0,2,Resale,Ready to Move,,Unknown
Unkown,4500000,,1,1,Sector 19 Ulwe,Navi Mumbai,18.973194,73.029363,Unfurnished,Apartment,0,0,0,Resale,Ready to Move,,Unknown
Jindal Air,4300000,328,1,1,Panvel,Navi Mumbai,18.9894007,73.1175162,Unfurnished,Apartment,1,6,10,New Property,Mar '27,1 Covered,Jindal Builder
Vishwa Plan M Business Park,23120000,1156,,1,Turbhe,Navi Mumbai,19.076032619951,73.0221446052293,Unfurnished,Commercial Office Space,0,40,5,New Property,Ready To Move,,Vishwa Green Realtors Pvt. Ltd.
Gami Palm Amore,76898000,2471,4,4,Seawoods,Navi Mumbai,19.0134923674099,73.0176711021806,Unfurnished,Apartment,0,17,7,New Property,Mar '31,,Gami Group and NMS Group 
Future Crystal Corner,20963000,867,2,2,Kharghar,Navi Mumbai,19.0656721198219,73.05961185164,Unfurnished,Apartment,0,11,8,New Property,Dec '27,,Future Icon Builders Llp
Sai Shell,21311000,1072,2,2,Ulwe,Navi Mumbai,18.9750941,73.052334,Unfurnished,Apartment,0,0,6,New Property,Mar '29,,Surekha Tukaram Dudhe
Ellora Emerald,16271000,970,3,3,Rohinjan,Navi Mumbai,19.086627,73.07432,Unfurnished,Apartment,0,7,0,New Property,Mar '27,,Ellora Group
Superior Exotica,22800000,714,2,3,Airoli,Navi Mumbai,19.1609103453837,72.9933968951486,Unfurnished,Apartment,0,0,10,New Property,Dec '26,,Jewel Construction
Kss Kamdhenu Conquest,18050000,475,,1,Vashi,Navi Mumbai,19.0777155057838,73.0027923491613,Unfurnished,Commercial Office Space,0,12,9,New Property,Dec '31,,Kss Infra Heights Private Limited
Hiranandani Golden Willows,13157000,776,2,2,Panvel,Navi Mumbai,18.9894007,73.1175162,Unfurnished,Apartment,0,9,10,New Property,Dec '31,,Hiranandani Communities
Raheja Atlantis 1,44907000,1191,3,3,Juinagar,Navi Mumbai,19.0494545088161,73.0153394878658,Unfurnished,Apartment,0,21,0,New Property,Dec '31,,Raheja Universal Pvt. Ltd.
Gami Palm Amore,76898000,2471,4,4,Seawoods,Navi Mumbai,19.0134923674099,73.0176711021806,Unfurnished,Apartment,0,17,7,New Property,Mar '31,,Gami Group and NMS Group 
Delta Luxuria,28000000,1169,3,3,Airoli,Navi Mumbai,19.1609103453837,72.9933968951486,Unfurnished,Apartment,0,0,10,New Property,Apr '27,,Delta Group
Dream Meadows,5960000,457,1,1,Kharghar,Navi Mumbai,19.0656721198219,73.05961185164,Unfurnished,Apartment,0,0,8,New Property,Dec '31,,Dreams Developers
SATYAM LE 36,17188000,1026,3,3,Kharghar,Navi Mumbai,19.0656721198219,73.05961185164,Unfurnished,Apartment,0,4,8,New Property,Nov '29,,Satyam Infra Realty LLP
Platinum The Reserve,53974000,2504,4,4,Kharghar,Navi Mumbai,19.0656721198219,73.05961185164,Unfurnished,Apartment,0,9,8,New Property,Dec '30,,Platinum Group
Rajhans Evana,61100000,4300,5,4,Khopoli,Navi Mumbai,18.7980131509559,73.3372686360754,Unfurnished,Villa,0,14,2,New Property,Dec '29,1 Open,Rajhans Realty
Ellora Rainbow Life,19176000,952,3,3,Kharghar,Navi Mumbai,19.0656721198219,73.05961185164,Unfurnished,Apartment,0,16,8,New Property,Dec '30,,Siddhi Group and Ellora Group
Tirupati Kalash,10900000,545,2,2,Khanda Colony,Navi Mumbai,19.0060589882185,73.1090163976725,Unfurnished,Apartment,0,0,3,New Property,Jun '28,,Tirupati Enterprises
Aura Vertex,8314000,416,,1,Nerul,Navi Mumbai,19.034973,73.02228,Unfurnished,Commercial Office Space,0,3,8,New Property,May '31,,Aura Realtors
Godrej Bayview,54900000,1266,3,3,Vashi,Navi Mumbai,19.0777155057838,73.0027923491613,Unfurnished,Apartment,0,12,9,New Property,Dec '27,,Godrej Properties
Tharwani Palladian,13525000,849,3,3,Kharghar,Navi Mumbai,19.0656721198219,73.05961185164,Unfurnished,Apartment,0,15,8,New Property,Sep '26,,Tharwani Realty
Raheja Lunaris,19000000,725,2,2,Juinagar,Navi Mumbai,19.0494545088161,73.0153394878658,Unfurnished,Apartment,0,19,0,New Property,Dec '29,,Raheja Universal Pvt. Ltd.
Raheja Prime 2,14700000,526,,1,Juinagar,Navi Mumbai,19.0494545088161,73.0153394878658,Unfurnished,Commercial Office Space,0,2,0,New Property,Dec '30,,Raheja Universal Pvt. Ltd.
Omkara Pride,5253000,653,2,2,Taloja,Navi Mumbai,19.074076996436,73.1181841544665,Unfurnished,Apartment,0,4,6,New Property,Oct '27,,Omkara Builders and Developers
Juhi Empressa,30977000,941,3,3,Sanpada,Navi Mumbai,19.0583094914648,73.0164374121942,Unfurnished,Apartment,0,42,9,New Property,Jul '27,,Juhi Developers
Delta Aveon City,13257000,633,2,3,Airoli,Navi Mumbai,19.1609103453837,72.9933968951486,Unfurnished,Apartment,0,16,10,New Property,Dec '32,,Delta Group
Godrej Varanya Phase 2,41800000,,3,3,Kharghar,Navi Mumbai,19.0656721198219,73.05961185164,Unfurnished,Apartment,0,16,8,New Property,Jun '34,,Godrej Properties
Hiranandani Golden Willows,21211000,1251,3,3,Panvel,Navi Mumbai,18.9894007,73.1175162,Unfurnished,Apartment,0,9,10,New Property,Dec '31,,Hiranandani Communities
New Path Sankalp Meadows,42494000,,,,Panvel,Navi Mumbai,18.9894007,73.1175162,Unfurnished,Residential Plot,0,0,10,New Property,,,New Path Developers LLP
Arihant Aspire,11300000,864,3,3,Panvel,Navi Mumbai,18.9894007,73.1175162,Unfurnished,Apartment,0,11,10,New Property,Dec '30,,Arihant Superstructures Ltd.
Radhey Heritage,4800000,666,2,2,Panvel,Navi Mumbai,18.9894007,73.1175162,Unfurnished,Apartment,0,10,10,Resale,Ready to Move,,Radhey Properties Builders
Radhey Heritage,4000000,666,2,2,Panvel,Navi Mumbai,18.9894007,73.1175162,Unfurnished,Apartment,0,10,10,Resale,Ready to Move,,Radhey Properties Builders
Radhey Heritage,4200000,666,2,2,Panvel,Navi Mumbai,18.9894007,73.1175162,Unfurnished,Apartment,0,10,10,Resale,Ready to Move,,Radhey Properties Builders
Radhey Heritage,6000000,677,2,2,Panvel,Navi Mumbai,18.9894007,73.1175162,Furnished,Apartment,0,10,10,Resale,Ready to Move,,Radhey Properties Builders
Simrans Sapphire,11000000,828,2,2,Kharghar,Navi Mumbai,19.0656721198219,73.05961185164,Semi-Furnished,Apartment,0,17,8,Resale,Ready to Move,,Simran Enterprises
Gami Amar Harmony,4500000,531,1,1,Taloja,Navi Mumbai,19.074076996436,73.1181841544665,Semi-Furnished,Apartment,0,32,6,Resale,Ready to Move,,Gami Group
Gami Amar Harmony,4400000,499,1,1,Taloja,Navi Mumbai,19.074076996436,73.1181841544665,Unfurnished,Apartment,0,32,6,Resale,Ready to Move,,Gami Group
Gami Amar Harmony,5000000,492,1,1,Taloja,Navi Mumbai,19.074076996436,73.1181841544665,Semi-Furnished,Apartment,0,32,6,Resale,Ready to Move,,Gami Group
Gami Amar Harmony,5100000,531,1,1,Taloja,Navi Mumbai,19.074076996436,73.1181841544665,Semi-Furnished,Apartment,0,32,6,Resale,Ready to Move,,Gami Group
Gami Amar Harmony,4300000,536,1,1,Taloja,Navi Mumbai,19.074076996436,73.1181841544665,Unfurnished,Apartment,0,32,6,Resale,Ready to Move,,Gami Group
Gami Amar Harmony,4300000,531,1,2,Taloja,Navi Mumbai,19.074076996436,73.1181841544665,Semi-Furnished,Apartment,0,32,6,Resale,Ready to Move,,Gami Group
Gami Amar Harmony,4500000,538,1,1,Taloja,Navi Mumbai,19.074076996436,73.1181841544665,Semi-Furnished,Apartment,0,32,6,Resale,Ready to Move,,Gami Group
Aramus,6500000,486,1,1,Ulwe,Navi Mumbai,18.9750941,73.052334,Unfurnished,Apartment,0,13,6,Resale,Ready to Move,,Sunny Real Estate
Aramus,6000000,486,1,1,Ulwe,Navi Mumbai,18.9750941,73.052334,Unfurnished,Apartment,0,13,6,Resale,Ready to Move,,Sunny Real Estate
Shree Labheshwar Pratham,4200000,480,1,1,Taloja Panchanand,Navi Mumbai,19.0786912120664,73.0924195199983,Unfurnished,Apartment,0,28,0,Resale,Ready to Move,,Shree Labheshwar Developers LLP
Lily White,5460000,617,2,2,Ulwe,Navi Mumbai,18.9750941,73.052334,Semi-Furnished,Apartment,0,8,6,Resale,Ready to Move,,Serene Lifespaces
Laxmi Complex,4300000,641,2,2,Taloja,Navi Mumbai,19.074076996436,73.1181841544665,Unfurnished,Apartment,0,14,6,Resale,Ready to Move,,Laxmi Group Builders
Lakhanis LA Riveria,6400000,432,1,1,Panvel,Navi Mumbai,18.9894007,73.1175162,Unfurnished,Apartment,0,5,10,Resale,Ready to Move,,Lakhanis Builders
Lakhanis LA Riveria,9900000,883,2,2,Old Panvel,Navi Mumbai,18.9866237154805,73.1078262369691,Unfurnished,Apartment,0,5,4,Resale,Ready to Move,,Lakhanis Builders
Konnark River City,5100000,720,2,2,Panvel,Navi Mumbai,18.9894007,73.1175162,Furnished,Apartment,0,26,10,Resale,Ready to Move,,Konnark Township Pvt Ltd
Konnark River City,6900000,720,2,2,Panvel,Navi Mumbai,18.9894007,73.1175162,Unfurnished,Apartment,0,26,10,Resale,Ready to Move,,Konnark Township Pvt Ltd
Konnark River City,4500000,720,2,2,Panvel,Navi Mumbai,18.9894007,73.1175162,Unfurnished,Apartment,0,26,10,Resale,Ready to Move,,Konnark Township Pvt Ltd
Konnark River City,5000000,540,2,2,Panvel,Navi Mumbai,18.9894007,73.1175162,Unfurnished,Apartment,0,26,10,Resale,Ready to Move,,Konnark Township Pvt Ltd
Konnark River City,4850000,720,2,2,Panvel,Navi Mumbai,18.9894007,73.1175162,Unfurnished,Apartment,0,26,10,Resale,Ready to Move,,Konnark Township Pvt Ltd
Konnark River City,5700000,720,2,2,Panvel,Navi Mumbai,18.9894007,73.1175162,Furnished,Apartment,0,26,10,Resale,Ready to Move,,Konnark Township Pvt Ltd
Kartikya Park,3700000,468,1,1,Panvel,Navi Mumbai,18.9894007,73.1175162,Unfurnished,Apartment,0,9,10,Resale,Ready to Move,,Space India Builders & Developers
Platinum The Springs,16500000,1260,3,3,Roadpali,Navi Mumbai,19.0385501152056,73.0962748008091,Unfurnished,Apartment,0,31,2,Resale,Ready to Move,,Platinum Group Builders
Platinum The Springs,16800000,900,3,3,Roadpali,Navi Mumbai,19.0385501152056,73.0962748008091,Semi-Furnished,Apartment,0,31,2,Resale,Ready to Move,,Platinum Group Builders
Sai Sangam,6500000,504,1,2,Ulwe,Navi Mumbai,18.9750941,73.052334,Unfurnished,Apartment,0,12,6,Resale,Ready to Move,,Platinum Constructions
Sai Mannat,23000000,1282,3,3,Kharghar,Navi Mumbai,19.0656721198219,73.05961185164,Furnished,Apartment,0,18,8,Resale,Ready to Move,,Paradise Group
Mistri 9 PBR,48000000,1320,3,3,Nerul,Navi Mumbai,19.034973,73.02228,Unfurnished,Apartment,0,54,8,Resale,Under Construction,,Mistri Construction
Kamdhenu Gardenia,5600000,600,2,2,Taloja,Navi Mumbai,19.074076996436,73.1181841544665,Unfurnished,Apartment,0,7,6,Resale,Ready to Move,,Kamdhenu Realties
Today Oxy Fresh Homes,7500000,432,1,2,Kharghar,Navi Mumbai,19.0656721198219,73.05961185164,Unfurnished,Apartment,0,37,8,Resale,Ready to Move,1 Open,Today Global Builders & Developers
Unkown,7200000,450,1,1,Airoli,Navi Mumbai,19.1609103453837,72.9933968951486,Semi-Furnished,Apartment,0,0,10,Resale,Ready to Move,,Unknown
Hiranandani Fortune City,16000000,1090,3,2,Panvel,Navi Mumbai,18.9894007,73.1175162,Unfurnished,Apartment,0,35,10,Resale,Ready to Move,1 Covered,Hiranandani Group
New Krishna Tower,29000000,,3,2,Sector 14 Kopar Khairane,Navi Mumbai,19.095456,73.002601,Furnished,Apartment,0,0,1,Resale,Ready to Move,,Unknown
Wadhwa Wise City,17500000,,,,Panvel,Navi Mumbai,18.9894007,73.1175162,,Residential Plot,0,15,10,Resale,,,The Wadhwa Group
Shagoofa CHS,52500000,2240,4,3,Seawoods,Navi Mumbai,19.0134923674099,73.0176711021806,Semi-Furnished,Apartment,0,0,7,Resale,Ready to Move,2 Covered,Cooperative Group Housing Society
Hiranandani Fortune City,42500000,2300,4,3,Panvel,Navi Mumbai,18.9894007,73.1175162,Unfurnished,Apartment,0,35,10,Resale,Under Construction,3 Covered,Hiranandani Group
Valley Shilp,22500000,1055,3,4,Sector 36 Kamothe,Navi Mumbai,19.0248120846853,73.0906842633753,Semi-Furnished,Apartment,0,7,1,Resale,Ready to Move,,Cidco
Progressives Crown,19000000,840,3,2,Kopar Khairane,Navi Mumbai,19.1033695651723,73.0121586680414,Semi-Furnished,Apartment,0,14,10,Resale,Ready to Move,,Progressive Developers
Satyam Next Level Kharghar Central,7797000,424,1,2,Kharghar,Navi Mumbai,19.0656721198219,73.05961185164,Unfurnished,Apartment,1,11,8,New Property,Under Construction,1 Covered,Satyam Developers
Unkown,550000000,,,,Mahape,Navi Mumbai,19.1231028484763,73.0348871793876,,Industrial Building,0,0,1,Resale,Ready to Move,,Unknown
One Akshar,180000000,2700,4,5,Sanpada,Navi Mumbai,19.0583094914648,73.0164374121942,Unfurnished,Apartment,0,13,9,New Property,Ready to Move,,Akshar Developers
Arihant Sparsh,27500000,1100,3,3,Sector 26 Vashi,Navi Mumbai,19.0895770412048,73.0135325367252,Furnished,Apartment,0,11,1,Resale,Ready to Move,,Arihant Group
Unkown,18500000,500,,1,Vashi,Navi Mumbai,19.0777155057838,73.0027923491613,Furnished,Commercial Office Space,0,0,9,Resale,Ready to Move,1 Covered,Unknown
Unkown,40000000,,,,Juinagar,Navi Mumbai,19.0494545088161,73.0153394878658,Unfurnished,Warehouse/ Godown,0,0,0,Resale,Ready to Move,,Unknown
Gami Amar Harmony,13500000,,3,3,Taloja,Navi Mumbai,19.074076996436,73.1181841544665,Semi-Furnished,Apartment,0,32,6,Resale,Ready to Move,,Gami Group
Neelkanth Vikas Residency,4500000,350,1,2,Ulwe,Navi Mumbai,18.9750941,73.052334,Unfurnished,Apartment,0,4,6,Resale,Ready to Move,,Neelkanth Infracon Developers
Unkown,10000000,,,,Ranjanpada,Navi Mumbai,18.92077827,73.019243,,Residential Plot,0,0,0,Resale,,,Unknown
L and T Crestoria Estates,29353500,1779,4,3,Panvel,Navi Mumbai,18.9894007,73.1175162,Unfurnished,Apartment,0,7,10,New Property,Under Construction,2 Covered,L & T Realty
Pushpanarayan Complex,4800000,534,2,2,Devad,Navi Mumbai,18.992362,73.133637,Unfurnished,Apartment,0,13,0,Resale,Ready to Move,1 Open,Space India
Seawoods Estate,62500000,1400,3,3,Seawoods,Navi Mumbai,19.0134923674099,73.0176711021806,Unfurnished,Apartment,0,51,7,Resale,Ready to Move,"1 Covered, 1 Open",Seawood Builders And Developers
Unkown,165000000,,,,Taloja,Navi Mumbai,19.074076996436,73.1181841544665,,Industrial Shed,0,0,6,Resale,Ready to Move,,Unknown
Raheja Lunaris,19035000,725,2,2,Juinagar,Navi Mumbai,19.0494545088161,73.0153394878658,Unfurnished,Apartment,1,19,0,New Property,Under Construction,,Raheja Universal Pvt. Ltd.
Newa Garden,8000000,450,1,1,Airoli,Navi Mumbai,19.1609103453837,72.9933968951486,Unfurnished,Apartment,0,5,10,Resale,Ready to Move,,Newa Developers
Kukreja Plaza,26500000,1750,2,2,CBD Belapur,Navi Mumbai,19.0190788324849,73.0384581174593,Semi-Furnished,Apartment,0,0,9,Resale,Ready to Move,,Unknown
Unkown,2450000,,1,1,Ulwe,Navi Mumbai,18.9750941,73.052334,Unfurnished,Apartment,0,0,6,Resale,Ready to Move,,Unknown
Unkown,110000000,,,,Patalganga,Navi Mumbai,18.886795816055,73.1785660404893,,Industrial Shed,0,0,0,Resale,Ready to Move,,Unknown
Unkown,17000000,,3,3,Sector 19 Ulwe,Navi Mumbai,18.973194,73.029363,Semi-Furnished,Apartment,0,0,0,Resale,Ready to Move,,Unknown
SR Residency,4500000,600,1,1,Taloja,Navi Mumbai,19.074076996436,73.1181841544665,Unfurnished,Apartment,0,0,6,Resale,Ready to Move,,Unknown
Unkown,3200000,260,1,1,Sector 20 Ulwe,Navi Mumbai,18.9779516240329,73.0293337092446,Unfurnished,Apartment,0,0,0,Resale,Ready to Move,,Unknown
Dev Drishti,3850000,,1,1,Navde,Navi Mumbai,19.0534298108845,73.09743386978,Unfurnished,Apartment,0,16,0,Resale,Ready to Move,,Dev Krupa Enterprises
Unkown,8500000,,2,2,Sector 19 Kamothe,Navi Mumbai,19.0129712539512,73.0928898212324,Unfurnished,Apartment,0,0,0,Resale,Ready to Move,,Unknown
Nimbeshwar Garden,5800000,,1,2,New Panvel,Navi Mumbai,19.0003258753664,73.1153385297118,Semi-Furnished,Apartment,0,0,5,Resale,Ready to Move,,Unknown
Unkown,14000000,800,2,2,,Navi Mumbai,,,Unfurnished,Apartment,0,0,0,Resale,Ready to Move,,Unknown
Unkown,18500000,1080,3,2,,Navi Mumbai,,,Furnished,Apartment,0,0,0,Resale,Ready to Move,,Unknown
Sai Prince,6000000,,2,2,Ulwe,Navi Mumbai,18.9750941,73.052334,Semi-Furnished,Apartment,0,30,6,Resale,Ready to Move,,Ganesha Construction
Unkown,3000000,2500,,,,Navi Mumbai,,,Unfurnished,Commercial Shop,0,0,0,Resale,Ready to Move,,Unknown
Tharwani Residency,13800000,,2,2,Kamothe,Navi Mumbai,19.0174101252323,73.0958540380712,Furnished,Apartment,0,0,3,Resale,Ready to Move,,Tharwani Construction Pvt. Ltd.
Sai Plaza,12500000,400,,,Ulwe,Navi Mumbai,18.9750941,73.052334,Unfurnished,Commercial Shop,0,10,6,Resale,Ready to Move,,Sai Yash Developers
Jijai Complex,4200000,,1,1,Taloja,Navi Mumbai,19.074076996436,73.1181841544665,Semi-Furnished,Apartment,0,17,6,Resale,Ready to Move,,Shubham Builders
Godrej City,6500000,460,1,2,Thombrewadi,Navi Mumbai,18.941555598890453,73.1838909113046,Unfurnished,Apartment,0,45,0,Resale,Ready to Move,,Godrej Properties
Unkown,2800000,,1,1,Devad,Navi Mumbai,18.992362,73.133637,Unfurnished,Apartment,0,0,0,Resale,Ready to Move,,Unknown
Pioneer Harshniti,12000000,650,2,2,Old Panvel,Navi Mumbai,18.9866237154805,73.1078262369691,Unfurnished,Apartment,0,5,4,Resale,Ready to Move,1 Covered,Pioneer Group
Tulsi Aangan,3200000,70,,,Ulwe,Navi Mumbai,18.9750941,73.052334,Unfurnished,Commercial Shop,0,4,6,New Property,Ready to Move,,Aditya Group Builder & Developers
Thalia Vrindavan Flora,15000000,,3,3,Rasayani,Navi Mumbai,18.8956516083249,73.1761766681785,Furnished,Apartment,0,20,4,Resale,Ready to Move,,Thalia Labh Group
Unkown,3700000,,1,1,Karanjade,Navi Mumbai,18.974265373985,73.1099196329075,Unfurnished,Apartment,0,0,2,Resale,Ready to Move,,Unknown
Unkown,35000000,,3,2,CBD Belapur,Navi Mumbai,19.0190788324849,73.0384581174593,Furnished,Builder Floor Apartment,0,0,9,Resale,Ready to Move,,Unknown
Unkown,10000000,,4,3,,Navi Mumbai,,,Unfurnished,Builder Floor Apartment,0,0,0,Resale,Ready to Move,,Unknown
Unkown,14000000,2100,5,6,Adai,Navi Mumbai,19.0146597506832,73.1331101231684,Unfurnished,Villa,0,0,0,Resale,Ready to Move,,Unknown
Unkown,65000000,,,8,Mahape,Navi Mumbai,19.1231028484763,73.0348871793876,Furnished,Office in IT Park/ SEZ,0,0,1,Resale,Ready to Move,2 Covered,Unknown
Unkown,6500000,1800,3,2,Adai,Navi Mumbai,19.0146597506832,73.1331101231684,Unfurnished,Villa,0,0,0,Resale,Ready to Move,,Unknown
Green Acres,2800000,,2,2,Panvel,Navi Mumbai,18.9894007,73.1175162,Semi-Furnished,Apartment,0,8,10,Resale,Ready to Move,2 Open,Namo Properties
 Konnark Gardens ,2600000,415,1,1,Panvel,Navi Mumbai,18.9894007,73.1175162,Unfurnished,Apartment,0,23,10,Resale,Ready to Move,,Konnark Developers
Unkown,3000000,300,1,1,Sector 36 Seawoods,Navi Mumbai,19.0171854956732,73.0101339076205,Unfurnished,Apartment,0,0,0,Resale,Ready to Move,,Unknown
Unkown,7500000,,2,2,Sector 10 Kharghar,Navi Mumbai,19.0347856231581,73.0754657441173,Unfurnished,Builder Floor Apartment,0,0,0,Resale,Ready to Move,1 Open,Unknown
Unkown,1100000,,1,1,,Navi Mumbai,,,Unfurnished,Apartment,0,0,0,Resale,Ready to Move,,Unknown
Maharashtra CHS,50000000,50,4,4,Kalamboli,Navi Mumbai,19.0311212885643,73.1052711758489,Unfurnished,Residential House,0,0,5,Resale,Ready to Move,,Unknown
Riya Avenue,5500000,,,,Roadpali,Navi Mumbai,19.0385501152056,73.0962748008091,Semi-Furnished,Commercial Shop,0,11,2,Resale,Ready to Move,,Unknown
Unkown,3900000,,1,1,Phase 1 Taloja,Navi Mumbai,19.0775674635419,73.0913385991051,Unfurnished,Builder Floor Apartment,0,0,1,Resale,Ready to Move,1 Open,Unknown
Unkown,2500000,200,,1,Digha,Navi Mumbai,19.181068,73.005835,Unfurnished,Commercial Office Space,0,0,1,Resale,Ready to Move,,Unknown
Unkown,5400000,,1,1,Kamothe,Navi Mumbai,19.0174101252323,73.0958540380712,Semi-Furnished,Builder Floor Apartment,0,0,3,Resale,Ready to Move,,Unknown
Unkown,5500000,,1,1,Ulwe,Navi Mumbai,18.9750941,73.052334,Unfurnished,Apartment,0,0,6,Resale,Ready to Move,,Unknown
Arihant Anshula,6500000,705,2,2,Taloja,Navi Mumbai,19.074076996436,73.1181841544665,Furnished,Apartment,0,19,6,Resale,Ready to Move,,Arihant Superstructures Ltd.
Unkown,6300000,,,,Panvel,Navi Mumbai,18.9894007,73.1175162,,Residential Plot,0,0,10,Resale,,,Unknown
Unkown,8700000,,2,2,Dronagiri,Navi Mumbai,18.8598511200022,72.9380988664184,Unfurnished,Apartment,0,0,2,Resale,Ready to Move,,Unknown
Arihant Anaika,4000000,,1,1,Taloja,Navi Mumbai,19.074076996436,73.1181841544665,Unfurnished,Apartment,0,20,6,Resale,Ready to Move,,Arihant Superstructures Ltd
Bhairavi CHS,3950000,360,1,2,Dronagiri,Navi Mumbai,18.8598511200022,72.9380988664184,Unfurnished,Apartment,0,0,2,Resale,Ready to Move,,Unknown
Unkown,3400000,,,1,Ulwe,Navi Mumbai,18.9750941,73.052334,Semi-Furnished,Studio Apartment,0,0,6,Resale,Ready to Move,,Unknown
Unkown,19900000,,2,2,New Panvel,Navi Mumbai,19.0003258753664,73.1153385297118,Unfurnished,Apartment,0,0,5,Resale,Ready to Move,1 Covered,Unknown
Unkown,2790000,,1,1,Adai,Navi Mumbai,19.0146597506832,73.1331101231684,Semi-Furnished,Apartment,0,0,0,Resale,Ready to Move,,Unknown
Millennium The Orbis,2600000,420,1,1,Rasayani,Navi Mumbai,18.8956516083249,73.1761766681785,Unfurnished,Apartment,0,0,4,Resale,Ready to Move,,Millennium Group
Arihant Aalishan,8500000,503,1,1,Sector 37 Kharghar,Navi Mumbai,19.077667,73.078493,Unfurnished,Apartment,0,47,1,Resale,Ready to Move,1 Covered,Arihant Superstructures Ltd
Sagar Darshan Chs,11000000,450,1,1,,Navi Mumbai,,,Furnished,Apartment,0,0,0,Resale,Ready to Move,,Cooperative Group Housing Society
Unkown,10000000,640,,,Sector 23 Kharghar,Navi Mumbai,19.0572037585355,73.0675746299707,Unfurnished,Commercial Shop,0,0,1,New Property,Under Construction,,Unknown
Om Sai Sai Vihar CHS,9000000,,1,1,Sector 10 Kharghar,Navi Mumbai,19.0347856231581,73.0754657441173,Unfurnished,Apartment,0,12,0,Resale,Ready to Move,1 Open,Om Sai Developers
Sharda Galaxy,5700000,,1,1,Ulwe,Navi Mumbai,18.9750941,73.052334,Semi-Furnished,Apartment,0,16,6,Resale,Ready to Move,,Sharda Enterprises
Mahakali Residency,8500000,,,,Ulwe,Navi Mumbai,18.9750941,73.052334,Unfurnished,Commercial Shop,0,7,6,Resale,Ready to Move,,Mahakali Developers
Platinum Sai Villa,7500000,,2,2,Ulwe,Navi Mumbai,18.9750941,73.052334,Semi-Furnished,Apartment,0,8,6,Resale,Ready to Move,,Platinum Group
Krishna Symphony,7700000,,2,2,Ulwe,Navi Mumbai,18.9750941,73.052334,Unfurnished,Apartment,0,13,6,Resale,Ready to Move,,Radhe Krishna Builders
La Mer Residency,8100000,780,2,2,Panvel,Navi Mumbai,18.9894007,73.1175162,Unfurnished,Apartment,0,9,10,New Property,Ready to Move,,La Mer Developers
Innovative Heights,14000000,,2,2,Sector 35I Kharghar,Navi Mumbai,19.0707509842896,73.0729469960674,Unfurnished,Apartment,0,18,4,Resale,Ready to Move,1 Open,R K Builders and Developers
Yash Sai Krupa,2700000,265,,1,Sector 10B Ulwe,Navi Mumbai,18.97076912,73.01201211,Unfurnished,Studio Apartment,0,9,0,Resale,Ready to Move,,Yash Enterprises
Mangaldeep CHS,20000000,,2,2,Airoli,Navi Mumbai,19.1609103453837,72.9933968951486,Unfurnished,Apartment,0,0,10,Resale,Ready to Move,1 Open,Cooperative Group Housing Society
Parth Avenue,5500000,,1,1,Kamothe,Navi Mumbai,19.0174101252323,73.0958540380712,Semi-Furnished,Apartment,0,14,3,Resale,Ready to Move,,Parth Enterprise
Krishna Complex CHS,9500000,603,1,1,Sanpada,Navi Mumbai,19.0583094914648,73.0164374121942,Furnished,Apartment,0,0,9,Resale,Ready to Move,,Cooperative Group Housing Society
Akshar Estonia,9800000,750,2,2,Dronagiri,Navi Mumbai,18.8598511200022,72.9380988664184,Unfurnished,Apartment,0,43,2,Resale,Ready to Move,1 Covered,Akshar Group
Paradise Sai World Empire,32500000,1150,3,3,Sector 36 Kharghar,Navi Mumbai,19.0719499906313,73.080639190968,Furnished,Apartment,0,59,0,New Property,Ready to Move,,Paradise Group
Unkown,16500000,,2,2,,Navi Mumbai,,,Semi-Furnished,Apartment,0,0,0,Resale,Ready to Move,,Unknown
Prratham Residency,3050000,413,2,1,New Panvel,Navi Mumbai,19.0003258753664,73.1153385297118,Unfurnished,Apartment,0,0,5,Resale,Ready to Move,,Qualcon
OM Sai Chhatra Residency,4700000,670,2,2,Navde,Navi Mumbai,19.0534298108845,73.09743386978,Unfurnished,Apartment,0,8,0,Resale,Ready to Move,,Om Sai Associates
Arihant 4 Anaika,3200000,428,1,1,Taloja,Navi Mumbai,19.074076996436,73.1181841544665,Unfurnished,Apartment,0,19,6,Resale,Under Construction,,Arihant Superstructures Ltd
Pratik Plaza,7000000,666,2,2,Kamothe,Navi Mumbai,19.0174101252323,73.0958540380712,Unfurnished,Apartment,0,0,3,Resale,Ready to Move,,Ashiana Group
Akash Ganga,15500000,1332,3,2,Panvel,Navi Mumbai,18.9894007,73.1175162,Unfurnished,Apartment,0,0,10,Resale,Under Construction,,Unknown
Diamond Park,3000000,367,1,1,Panvel,Navi Mumbai,18.9894007,73.1175162,Unfurnished,Apartment,0,0,10,Resale,Under Construction,,Dedhia Group
Indra Prast,3000000,396,1,1,Panvel,Navi Mumbai,18.9894007,73.1175162,Semi-Furnished,Apartment,0,0,10,Resale,Ready to Move,,Raj Group
The Heritage,4500000,425,1,1,Ulwe,Navi Mumbai,18.9750941,73.052334,Unfurnished,Apartment,0,0,6,Resale,Ready to Move,,Kricon Group
Orchid,4200000,301,1,1,Ulwe,Navi Mumbai,18.9750941,73.052334,Unfurnished,Apartment,0,0,6,Resale,Ready to Move,,Kricon Group
Kapil Vastu Apartment,6000000,396,1,1,Sanpada,Navi Mumbai,19.0583094914648,73.0164374121942,Semi-Furnished,Apartment,0,0,9,Resale,Ready to Move,,Shree Developers
Gami Industrial Park,4800000,360,,1,Turbhe,Navi Mumbai,19.076032619951,73.0221446052293,Unfurnished,Commercial Office Space,0,9,5,Resale,Ready to Move,,Gami Group
C.J. Kalpavriksha,3844808,,1,1,Panvel,Navi Mumbai,18.9894007,73.1175162,Unfurnished,Apartment,0,26,10,Resale,,,C.J. Group
Konnark Oasis,2500000,450,1,2,Taloja,Navi Mumbai,19.074076996436,73.1181841544665,Furnished,Builder Floor Apartment,0,16,6,Resale,Ready to Move,"1 Covered, 1 Open",Konnark Developers
Indiabulls Greens Panvel,4500000,,1,2,Panvel,Navi Mumbai,18.9894007,73.1175162,Unfurnished,Apartment,0,56,10,Resale,Ready to Move,,Indiabulls Greens
Godrej Golf Meadows,4600000,,1,2,Panvel,Navi Mumbai,18.9894007,73.1175162,Unfurnished,Apartment,0,28,10,New Property,Under Construction,,Godrej Properties
Godrej Golf Meadows,4600000,,1,1,Panvel,Navi Mumbai,18.9894007,73.1175162,Unfurnished,Apartment,0,28,10,New Property,Under Construction,,Godrej Properties
Godrej Golf Meadows,4500000,,1,1,Panvel,Navi Mumbai,18.9894007,73.1175162,Unfurnished,Apartment,0,28,10,New Property,Under Construction,,Godrej Properties
Godrej Golf Meadows,4500000,,1,1,Panvel,Navi Mumbai,18.9894007,73.1175162,Unfurnished,Apartment,0,28,10,New Property,Under Construction,,Godrej Properties
Neelkanth Luxuria,3899999,,1,2,Taloja,Navi Mumbai,19.074076996436,73.1181841544665,Semi-Furnished,Apartment,0,28,6,New Property,Under Construction,,Neelkanth Group
Neelkanth Luxuria,3850000,,1,2,Taloja,Navi Mumbai,19.074076996436,73.1181841544665,Unfurnished,Apartment,0,28,6,New Property,Under Construction,,Neelkanth Group
Swastik Residency,4200000,396,1,1,Ulwe,Navi Mumbai,18.9750941,73.052334,Unfurnished,Apartment,0,3,6,Resale,Ready to Move,,RV Group
Majestic Villa,4400000,468,1,1,Dronagiri,Navi Mumbai,18.8598511200022,72.9380988664184,Unfurnished,Apartment,0,0,2,Resale,Ready to Move,,Unknown
Galaxy Aura,40000000,,3,3,Nerul West,Navi Mumbai,19.0367731328415,73.0148297211474,Unfurnished,Apartment,0,4,2,Resale,Ready to Move,,Galaxy Group
Galaxy Aura,40000000,,3,3,Nerul,Navi Mumbai,19.034973,73.02228,Unfurnished,Apartment,0,4,8,New Property,Ready to Move,,Galaxy Group
Galaxy Aura,40000000,,3,3,Nerul,Navi Mumbai,19.034973,73.02228,Unfurnished,Apartment,0,4,8,Resale,Ready to Move,,Galaxy Group
Galaxy Aura,39500000,,3,3,Nerul,Navi Mumbai,19.034973,73.02228,Unfurnished,Apartment,0,4,8,New Property,Ready to Move,,Galaxy Group
Galaxy Aura,39000000,,3,4,Nerul,Navi Mumbai,19.034973,73.02228,Unfurnished,Apartment,0,4,8,New Property,Ready to Move,,Galaxy Group
Neelsidhi Orbit,4900000,,1,1,New Panvel,Navi Mumbai,19.0003258753664,73.1153385297118,Unfurnished,Apartment,0,25,5,New Property,Under Construction,,Neel Sidhi
Neelsidhi Orbit,4900000,,1,1,New Panvel,Navi Mumbai,19.0003258753664,73.1153385297118,Unfurnished,Apartment,0,25,5,New Property,Under Construction,,Neel Sidhi
Neelsidhi Orbit,4899999,,1,2,New Panvel,Navi Mumbai,19.0003258753664,73.1153385297118,Semi-Furnished,Apartment,0,25,5,New Property,Under Construction,,Neel Sidhi
Unkown,1100000,250,1,1,Ghansoli Gaon,Navi Mumbai,19.125352,72.99719,Unfurnished,Apartment,0,0,0,Resale,Ready to Move,,Unknown
Hiranandani Fortune City,21500000,350,,,Panvel,Navi Mumbai,18.9894007,73.1175162,Unfurnished,Commercial Shop,0,35,10,Resale,Ready to Move,,Hiranandani Group
Unkown,2700000,375,1,1,Uran,Navi Mumbai,18.8763656322669,72.9355372705729,Unfurnished,Apartment,0,0,5,Resale,Ready to Move,,Unknown
Unkown,25000000,3000,6,6,Sector 12 Kharghar,Navi Mumbai,19.043551,73.066347,Semi-Furnished,Builder Floor Apartment,0,0,1,Resale,Ready to Move,,Unknown
Unkown,3500000,450,1,2,Sector 34B Kharghar,Navi Mumbai,19.0696287,73.0829535,Unfurnished,Builder Floor Apartment,0,0,0,Resale,Under Construction,1 Open,Unknown
Unkown,6000000,,1,1,Panvel,Navi Mumbai,18.9894007,73.1175162,Unfurnished,Apartment,0,0,10,Resale,Ready to Move,,Unknown
Unkown,2500000,636,1,1,Taloja,Navi Mumbai,19.074076996436,73.1181841544665,Semi-Furnished,Apartment,0,0,6,New Property,Ready to Move,,Unknown
Unkown,4800000,,2,2,,Navi Mumbai,,,Semi-Furnished,Apartment,0,0,0,Resale,Ready to Move,1 Open,Unknown
Arihant 4 Anaika,4500000,590,2,1,Taloja,Navi Mumbai,19.074076996436,73.1181841544665,Unfurnished,Apartment,0,19,6,Resale,Ready to Move,,Arihant Superstructures Ltd
Unkown,3800000,400,1,1,Chipale,Navi Mumbai,19.0025522772764,73.1505273928417,Unfurnished,Apartment,0,0,0,Resale,Ready to Move,,Unknown
Unkown,4200000,150,,1,Airoli,Navi Mumbai,19.1609103453837,72.9933968951486,Furnished,Commercial Office Space,0,0,10,Resale,Ready to Move,,Unknown
Akshar Green World,15500000,,2,2,Airoli,Navi Mumbai,19.1609103453837,72.9933968951486,Semi-Furnished,Apartment,0,29,10,Resale,Ready to Move,,Akshar Group
Progressive Complex,11000000,,2,2,CBD Belapur,Navi Mumbai,19.0190788324849,73.0384581174593,Unfurnished,Apartment,0,0,9,Resale,Ready to Move,,Unknown
Indiabulls Greens Panvel,5000000,544,1,2,Panvel,Navi Mumbai,18.9894007,73.1175162,Unfurnished,Apartment,0,56,10,Resale,Ready to Move,,Indiabulls Greens
Krishna Park.,2000000,390,1,1,Roadpali,Navi Mumbai,19.0385501152056,73.0962748008091,Unfurnished,Apartment,0,0,2,Resale,Ready to Move,1 Open,Unknown
Unkown,4000000,,2,2,Taloja,Navi Mumbai,19.074076996436,73.1181841544665,Unfurnished,Builder Floor Apartment,0,0,6,Resale,Ready to Move,,Unknown
Unkown,1500000,163,,,New Panvel East,Navi Mumbai,18.998631,73.120102,Semi-Furnished,Commercial Shop,0,0,3,New Property,Ready to Move,,Unknown
Unkown,8500000,,3,3,Uran,Navi Mumbai,18.8763656322669,72.9355372705729,Semi-Furnished,Residential House,0,0,5,Resale,Ready to Move,,Unknown
Enkay Garden,3110000,,1,2,Taloja Panchanand,Navi Mumbai,19.0786912120664,73.0924195199983,Semi-Furnished,Apartment,0,20,0,New Property,Ready to Move,,Enkay Homes Ltd.
Unkown,6000000,,2,2,Taloja,Navi Mumbai,19.074076996436,73.1181841544665,Semi-Furnished,Builder Floor Apartment,0,0,6,Resale,Ready to Move,,Unknown
Mahaavir Exotique,5000000,,1,2,Kharghar,Navi Mumbai,19.0656721198219,73.05961185164,Unfurnished,Apartment,0,32,8,Resale,Under Construction,,Mahaavir Superstructures Private Limited
Yash Paradise,12000000,456,1,1,Sector 8A Airoli,Navi Mumbai,19.1434482772332,72.997535692503,Semi-Furnished,Apartment,0,0,2,Resale,Ready to Move,,Unknown
Akshar Estonia,10000000,,2,2,Dronagiri,Navi Mumbai,18.8598511200022,72.9380988664184,Unfurnished,Apartment,0,43,2,Resale,Ready to Move,1 Covered,Akshar Group
Paradise Sai Spring,16000000,1078,3,3,Kharghar,Navi Mumbai,19.0656721198219,73.05961185164,Semi-Furnished,Apartment,0,27,8,Resale,Ready to Move,,Paradise Group
Clan City,5500000,,1,1,Kharghar,Navi Mumbai,19.0656721198219,73.05961185164,Unfurnished,Apartment,0,26,8,Resale,Under Construction,,SUPREME CONSTRUCTION and DEVELOPERS PVT. LTD.
Wadhwa Wise City,5400000,,1,2,Panvel,Navi Mumbai,18.9894007,73.1175162,Unfurnished,Apartment,0,15,10,Resale,Ready to Move,,The Wadhwa Group
Unkown,4400000,435,1,2,Ulwe,Navi Mumbai,18.9750941,73.052334,Semi-Furnished,Apartment,0,0,6,Resale,Ready to Move,,Unknown
Neelkanth Residency,7700000,,2,2,Roadpali,Navi Mumbai,19.0385501152056,73.0962748008091,Unfurnished,Apartment,0,8,2,Resale,Ready to Move,,Neelkanth Developers
Satyam Heights,5500000,,1,1,Kharghar,Navi Mumbai,19.0656721198219,73.05961185164,Unfurnished,Apartment,0,5,8,Resale,Ready to Move,,Satya Group
Dream One Koperkhairane,2300000,,1,1,Kopar Khairane,Navi Mumbai,19.1033695651723,73.0121586680414,Furnished,Apartment,0,5,10,Resale,Ready to Move,,Dream Developers
Unkown,3800000,,1,1,,Navi Mumbai,,,Semi-Furnished,Apartment,0,0,0,Resale,Ready to Move,,Unknown
Shree Sai Sadan,8000000,650,2,2,Kharghar,Navi Mumbai,19.0656721198219,73.05961185164,Semi-Furnished,Apartment,0,0,8,Resale,Ready to Move,,Unknown
Sai Fortune,13600000,735,2,2,Sector 8 Ulwe,Navi Mumbai,18.9655600284838,73.0151962459117,Furnished,Apartment,0,28,0,Resale,Ready to Move,1 Covered,Paradise Group
Mansarover Complex,6300000,,1,1,Kamothe,Navi Mumbai,19.0174101252323,73.0958540380712,Unfurnished,Apartment,0,0,3,Resale,Ready to Move,100 Open,Unknown
Shreeji Corner,7500000,,1,1,Sector 17 Ulwe,Navi Mumbai,18.9640564736564,73.0214063070489,Unfurnished,Apartment,0,26,0,Resale,Ready to Move,,Shreeji Buildcon
Paradise Sai World Empire,19500000,718,2,2,Kharghar,Navi Mumbai,19.0656721198219,73.05961185164,Semi-Furnished,Apartment,0,59,8,Resale,Ready to Move,1 Covered,Paradise Group
Prayag City,2300000,390,1,1,Panvel,Navi Mumbai,18.9894007,73.1175162,Unfurnished,Apartment,0,12,10,Resale,Ready to Move,,Prayag Builders and Developers
Unkown,5800000,400,1,1,Panvel,Navi Mumbai,18.9894007,73.1175162,Semi-Furnished,Apartment,0,0,10,New Property,Ready to Move,,Unknown
Arenja Tower,21000000,720,2,2,CBD Belapur,Navi Mumbai,19.0190788324849,73.0384581174593,Semi-Furnished,Apartment,0,0,9,Resale,Ready to Move,1 Open,Unknown
Unkown,11000000,,2,2,Sector 8 Ulwe,Navi Mumbai,18.9655600284838,73.0151962459117,Furnished,Apartment,0,0,0,Resale,Ready to Move,,Unknown
Dev Drishti,3800000,400,1,2,Navde,Navi Mumbai,19.0534298108845,73.09743386978,Semi-Furnished,Apartment,0,16,0,Resale,Ready to Move,,Dev Krupa Enterprises
Shram Safalya Apartment,5000000,500,1,2,Sector 35E Kharghar,Navi Mumbai,19.0671965175572,73.0742738353258,Semi-Furnished,Apartment,0,0,0,Resale,Ready to Move,,Unknown
Unkown,1600000,375,1,1,,Navi Mumbai,,,Semi-Furnished,Villa,0,0,0,Other,Ready to Move,,Unknown
Divya Residency,7000000,,1,1,Kharghar,Navi Mumbai,19.0656721198219,73.05961185164,Furnished,Apartment,0,7,8,Resale,Ready to Move,,Divya Enterprises
Newa Garden II,7650000,370,1,2,Sector 20 Airoli,Navi Mumbai,19.1651597988784,72.9905366741832,Unfurnished,Apartment,0,12,0,Resale,Ready to Move,,Newa Developers
Siddhivinayak Twins,8500000,700,2,2,Roadpali,Navi Mumbai,19.0385501152056,73.0962748008091,Semi-Furnished,Apartment,0,26,2,Resale,Ready to Move,1 Covered,Bathija Developers
Unkown,1200000,,,1,Rabale,Navi Mumbai,19.1439232937657,73.0108611798346,Furnished,Studio Apartment,0,0,4,Resale,Ready to Move,1 Open,Unknown
Today Global Utsav City,7000000,500,2,2,Panvel,Navi Mumbai,18.9894007,73.1175162,Unfurnished,Apartment,0,19,10,Resale,Ready to Move,,Today Global Builders & Developers
Jayesh Callisto,5000000,380,1,1,Ulwe,Navi Mumbai,18.9750941,73.052334,Unfurnished,Apartment,0,10,6,Resale,Ready to Move,,Jayesh Infrastructure And Projects Private Limited
Unkown,1400000,,1,1,Ghansoli,Navi Mumbai,19.1271933235627,72.9966520846173,Unfurnished,Apartment,0,0,9,Resale,Ready to Move,,Unknown
Samruddhi Complex,2600000,665,1,1,Panvel,Navi Mumbai,18.9894007,73.1175162,Unfurnished,Apartment,0,4,10,Resale,Ready to Move,,Samruddhi Buildcon 
Unkown,4350000,380,1,1,Sector 16 Ulwe,Navi Mumbai,18.959132,73.021039,Unfurnished,Apartment,0,0,0,New Property,Ready to Move,,Unknown
Unkown,5500000,680,2,2,,Navi Mumbai,,,Unfurnished,Apartment,0,0,0,Resale,Ready to Move,,Unknown
Unkown,10000000,400,1,1,Nerul,Navi Mumbai,19.034973,73.02228,Semi-Furnished,Apartment,0,0,8,Resale,Ready to Move,,Unknown
Balaji Kalash,2800000,360,1,1,Panvel,Navi Mumbai,18.9894007,73.1175162,Semi-Furnished,Apartment,0,14,10,Resale,Ready to Move,,Tirupati Balaji Builders & Developers Pvt. Ltd.
Adhiraj Samyama,19500000,769,2,2,Kharghar,Navi Mumbai,19.0656721198219,73.05961185164,Unfurnished,Apartment,0,39,8,Resale,Ready to Move,,Adhiraj Constructions
Newa Garden II,8000000,,1,1,Airoli,Navi Mumbai,19.1609103453837,72.9933968951486,Unfurnished,Apartment,0,12,10,Resale,Ready to Move,,Newa Developers
Mangala Residency,5550000,,1,2,Taloja,Navi Mumbai,19.074076996436,73.1181841544665,Unfurnished,Apartment,0,0,6,Resale,Ready to Move,1 Open,Unknown
Unkown,4000000,,1,2,New Panvel,Navi Mumbai,19.0003258753664,73.1153385297118,Unfurnished,Builder Floor Apartment,0,0,5,Resale,Ready to Move,,Unknown
Unkown,5500000,,1,1,Airoli,Navi Mumbai,19.1609103453837,72.9933968951486,Unfurnished,Apartment,0,0,10,Resale,Ready to Move,,Unknown
Unkown,6000000,,,,Turbhe,Navi Mumbai,19.076032619951,73.0221446052293,,Industrial Building,0,0,5,Resale,Ready to Move,,Unknown
Galaxy Green Woods Apartment,28000000,1072,3,3,Sector 35E Kharghar,Navi Mumbai,19.0671965175572,73.0742738353258,Furnished,Apartment,0,22,0,Resale,Ready to Move,,Galaxy Group Proviso Group and Rakhi Sai Realty
Indiabulls Greens Panvel,19000000,1200,3,3,Panvel,Navi Mumbai,18.9894007,73.1175162,Furnished,Apartment,0,56,10,Resale,Ready to Move,,Indiabulls Greens
Hiranandani Fortune City,7200000,400,1,2,Panvel,Navi Mumbai,18.9894007,73.1175162,Semi-Furnished,Apartment,0,35,10,Resale,Ready to Move,1 Covered,Hiranandani Group
Unkown,67500000,,,1,Sector 9 Ulwe,Navi Mumbai,18.9714376482715,73.0180411108987,Semi-Furnished,Commercial Showroom,0,0,0,Resale,Ready to Move,,Unknown
Balaji Amrit,5500000,,1,1,Ulwe,Navi Mumbai,18.9750941,73.052334,Semi-Furnished,Apartment,0,8,6,Resale,Ready to Move,,Balaji World
Unkown,5500000,370,1,1,Ulwe,Navi Mumbai,18.9750941,73.052334,Unfurnished,Apartment,0,0,6,Resale,Ready to Move,,Unknown
krishna Kunj,4000000,150,,,Ghansoli,Navi Mumbai,19.1271933235627,72.9966520846173,Unfurnished,Commercial Shop,0,5,9,Resale,Ready to Move,,Unknown
Unkown,2500000,,1,1,Panvel,Navi Mumbai,18.9894007,73.1175162,Semi-Furnished,Builder Floor Apartment,0,0,10,Resale,Ready to Move,,Unknown
Maitri Arcade,6700000,,1,1,Kamothe,Navi Mumbai,19.0174101252323,73.0958540380712,Semi-Furnished,Apartment,0,0,3,Resale,Ready to Move,1 Open,Unknown
Bhairavi CHS,4000000,350,1,1,Dronagiri,Navi Mumbai,18.8598511200022,72.9380988664184,Unfurnished,Apartment,0,0,2,Resale,Ready to Move,,Unknown
Royal Meadows,7000000,850,2,2,New Panvel,Navi Mumbai,19.0003258753664,73.1153385297118,Furnished,Apartment,0,11,5,Resale,Ready to Move,,Royale Realtors
Tulsa Namdev Residency,11000000,,2,2,Ulwe,Navi Mumbai,18.9750941,73.052334,Unfurnished,Apartment,0,32,6,Resale,Ready to Move,,Bathija Group
Swastik Tower,6900000,520,1,2,Panvel,Navi Mumbai,18.9894007,73.1175162,Unfurnished,Apartment,0,0,10,Resale,Ready to Move,1 Open,Unknown
Unkown,6500000,230,,,Ulwe,Navi Mumbai,18.9750941,73.052334,Semi-Furnished,Commercial Shop,0,0,6,Resale,Under Construction,,Unknown
Ashapura Sadan Apartment,5500000,75,,,Khandeshhwar,Navi Mumbai,19.0101328272487,73.0960622725552,Unfurnished,Commercial Shop,0,0,2,Resale,Ready to Move,,Unknown
Unkown,4500000,450,1,1,Sector 3 Ulwe,Navi Mumbai,18.9846592199308,73.0240064549654,Unfurnished,Apartment,0,0,0,Resale,Ready to Move,1 Open,Unknown
Mayflower Apartment,13000000,375,,,Kamothe,Navi Mumbai,19.0174101252323,73.0958540380712,Furnished,Commercial Shop,0,0,3,Resale,Ready to Move,,Unknown
The Riviera,4000000,351,1,1,Chipale,Navi Mumbai,19.0025522772764,73.1505273928417,Unfurnished,Apartment,0,0,0,Resale,Ready to Move,"1 Covered, 1 Open",Unknown
Tricity Luxuria,9500000,480,1,2,Sector 17 New Panvel East,Navi Mumbai,18.9929555,73.12222596,Furnished,Apartment,0,11,0,New Property,Ready to Move,,Tricity Reality Pvt. Ltd.
Sai Shanti Park,2650000,,1,2,Taloja,Navi Mumbai,19.074076996436,73.1181841544665,Unfurnished,Apartment,0,47,6,Resale,Ready to Move,,Marvel Developers
Mhalsa Heights,10000000,,1,1,Airoli,Navi Mumbai,19.1609103453837,72.9933968951486,Semi-Furnished,Apartment,0,3,10,Resale,Ready to Move,,Mhaske Developer
Geecee Cloud 36,24548400,790,2,2,Ghansoli,Navi Mumbai,19.1271933235627,72.9966520846173,Unfurnished,Apartment,0,36,9,Resale,Ready to Move,,Geecee Ventures Ltd.
Tejas Emerald,16000000,1100,3,3,Ulwe,Navi Mumbai,18.9750941,73.052334,Unfurnished,Apartment,0,56,6,Resale,Ready to Move,,Tejas Builders and Developers
Unkown,4500000,,1,1,,Navi Mumbai,,,Unfurnished,Apartment,0,0,0,Resale,Ready to Move,,Unknown
Unkown,7000000,200,,,,Navi Mumbai,,,Unfurnished,Commercial Shop,0,0,0,Resale,Ready to Move,,Unknown
Shree Sai Shanti Niketan,3400000,280,1,1,Karanjade,Navi Mumbai,18.974265373985,73.1099196329075,Semi-Furnished,Apartment,0,0,2,Resale,Ready to Move,,Unknown
Unkown,5000000,193,,,Sector 8 Kharghar,Navi Mumbai,19.0300888,73.0715178,Unfurnished,Commercial Shop,0,0,2,Resale,Ready to Move,,Unknown
Gami Industrial Park Building B,5300000,,,,Pawne,Navi Mumbai,19.092002819817,73.02459118736,,Industrial Building,0,4,1,Resale,Ready to Move,,Gami Group
Unkown,7500000,630,2,2,,Navi Mumbai,,,Unfurnished,Apartment,0,0,0,Resale,Ready to Move,,Unknown
Aditya Planet,10000000,727,2,2,Kharghar,Navi Mumbai,19.0656721198219,73.05961185164,Unfurnished,Apartment,0,14,8,Resale,Ready to Move,,Galaxy Developers
Aditya Planet,9500000,727,2,2,Kharghar,Navi Mumbai,19.0656721198219,73.05961185164,Unfurnished,Apartment,0,14,8,Resale,Ready to Move,,Galaxy Developers
Sujata Empress,5800000,407,1,1,Kharghar,Navi Mumbai,19.0656721198219,73.05961185164,Unfurnished,Apartment,0,22,8,Resale,Ready to Move,,Raikar Group
Sujata Empress,9600000,731,2,2,Kharghar,Navi Mumbai,19.0656721198219,73.05961185164,Semi-Furnished,Apartment,0,22,8,Resale,Ready to Move,,Raikar Group
Progressives Crown,22000000,720,3,2,Kopar Khairane,Navi Mumbai,19.1033695651723,73.0121586680414,Furnished,Apartment,0,14,10,Resale,Ready to Move,,Progressive Developers
Alisha Paradise,5300000,450,1,1,Kharghar,Navi Mumbai,19.0656721198219,73.05961185164,Unfurnished,Apartment,0,0,8,Resale,Ready to Move,,Prince Developers
Alisha Paradise,9000000,792,2,2,Sector 34C Kharghar,Navi Mumbai,19.0726002,73.0763134,Unfurnished,Apartment,0,0,1,Resale,Ready to Move,,Prince Developers
Green Earth Residency,2600000,486,1,2,Panvel,Navi Mumbai,18.9894007,73.1175162,Semi-Furnished,Apartment,0,18,10,Resale,Ready to Move,,Space India
Green Earth Residency,2450000,468,1,1,Panvel,Navi Mumbai,18.9894007,73.1175162,Semi-Furnished,Apartment,0,18,10,Resale,Ready to Move,,Space India
Rose Garden,4700000,576,2,2,Panvel,Navi Mumbai,18.9894007,73.1175162,Furnished,Apartment,0,12,10,Resale,Ready to Move,,R W  Construction
Rose Garden,4800000,685,2,2,Panvel,Navi Mumbai,18.9894007,73.1175162,Unfurnished,Apartment,0,12,10,Resale,Ready to Move,,R W  Construction
Proviso Cornor,15000000,914,3,2,Ulwe,Navi Mumbai,18.9750941,73.052334,Semi-Furnished,Apartment,0,34,6,Resale,Ready to Move,,Proviso Group
Shram Safalya Apartment,4400000,216,1,1,Sector 35E Kharghar,Navi Mumbai,19.0671965175572,73.0742738353258,Unfurnished,Apartment,0,0,0,Resale,Ready to Move,,Unknown
Divine Galaxy Apartment,3800000,468,1,1,Ulwe,Navi Mumbai,18.9750941,73.052334,Unfurnished,Apartment,0,7,6,Resale,Ready to Move,,Unknown
Shree Krupa Harsh Neel,6200000,522,1,1,Kharghar,Navi Mumbai,19.0656721198219,73.05961185164,Furnished,Apartment,0,0,8,Resale,Ready to Move,,Unknown
Hari Niwas,3900000,499,1,1,Taloja,Navi Mumbai,19.074076996436,73.1181841544665,Unfurnished,Apartment,0,0,6,Resale,Under Construction,,Unknown
Pinnacle Presidency,4400000,468,1,1,Kharghar,Navi Mumbai,19.0656721198219,73.05961185164,Unfurnished,Apartment,0,0,8,Resale,Ready to Move,,Unknown
Heramb Apartment,7000000,504,2,2,Old Panvel,Navi Mumbai,18.9866237154805,73.1078262369691,Semi-Furnished,Apartment,0,0,4,Resale,Ready to Move,,Unknown
Pamruchi Takka CHS,8550000,655,2,2,Panvel,Navi Mumbai,18.9894007,73.1175162,Unfurnished,Apartment,0,0,10,Resale,Ready to Move,,Unknown
Pamruchi Takka CHS,8550000,655,2,2,Panvel,Navi Mumbai,18.9894007,73.1175162,Semi-Furnished,Apartment,0,0,10,Resale,Ready to Move,,Unknown
Prayag Meadows Phase L,4600000,450,1,1,New Panvel,Navi Mumbai,19.0003258753664,73.1153385297118,Unfurnished,Apartment,0,0,5,Resale,Ready to Move,,Prayag Builders and Developers
Indiabulls Daffodils Tower,17000000,1454,3,3,Panvel,Navi Mumbai,18.9894007,73.1175162,Semi-Furnished,Apartment,0,0,10,Resale,Ready to Move,,Indiabulls Real Estate Ltd.
The Residence,37500000,1340,3,3,Nerul,Navi Mumbai,19.034973,73.02228,Unfurnished,Apartment,0,0,8,Resale,Ready to Move,,Greenscape Developers Pvt. Ltd.
Haware Mauli,8400000,612,2,2,Panvel,Navi Mumbai,18.9894007,73.1175162,Semi-Furnished,Apartment,0,0,10,Resale,Ready to Move,,Haware Properties
Triveni Bhoomi Ratna ,16000000,,2,2,Kamothe,Navi Mumbai,19.0174101252323,73.0958540380712,Semi-Furnished,Apartment,0,0,3,Resale,Ready to Move,,Unknown
Kailash Parbat 1,8000000,821,2,2,Roadpali,Navi Mumbai,19.0385501152056,73.0962748008091,Semi-Furnished,Apartment,0,0,2,Resale,Ready to Move,,Unknown
Kailash Parbat 1,8000000,821,2,2,Roadpali,Navi Mumbai,19.0385501152056,73.0962748008091,Semi-Furnished,Apartment,0,0,2,Resale,Ready to Move,,Unknown
Sai Chaturbhuj,15000000,792,3,3,Kharghar,Navi Mumbai,19.0656721198219,73.05961185164,Furnished,Apartment,0,0,8,Resale,Ready to Move,,Sai Developers
National Regency,16000000,1354,4,3,Panvel,Navi Mumbai,18.9894007,73.1175162,Furnished,Apartment,0,0,10,Resale,Ready to Move,,National Builders
Hari Om Complex,9000000,760,2,2,Kamothe,Navi Mumbai,19.0174101252323,73.0958540380712,Unfurnished,Apartment,0,0,3,Resale,Ready to Move,,Ideal Developers
Chandraganga,4250000,420,1,1,Roadpali,Navi Mumbai,19.0385501152056,73.0962748008091,Unfurnished,Apartment,0,8,2,Resale,Ready to Move,,Anchit Group
Krishna Classic,5300000,367,1,1,Sector 19 Ulwe,Navi Mumbai,18.973194,73.029363,Unfurnished,Apartment,0,8,0,Resale,Ready to Move,,Kuber Laxmi Developers
Arihant Anshula,6000000,426,2,2,Taloja,Navi Mumbai,19.074076996436,73.1181841544665,Unfurnished,Apartment,0,19,6,Resale,Ready to Move,,Arihant Superstructures Ltd.
Arihant Anshula,5300000,781,2,2,Taloja,Navi Mumbai,19.074076996436,73.1181841544665,Unfurnished,Apartment,0,19,6,Resale,Ready to Move,,Arihant Superstructures Ltd.
Triveni Apartment,13000000,720,2,2,Kharghar,Navi Mumbai,19.0656721198219,73.05961185164,Furnished,Apartment,0,9,8,Resale,Ready to Move,,Sri Triveni Pvt. Ltd.
Mummy Daddy Residency,16000000,936,3,3,Kharghar,Navi Mumbai,19.0656721198219,73.05961185164,Unfurnished,Apartment,0,12,8,Resale,Ready to Move,,Unknown
Mummy Daddy Residency,16000000,1248,3,3,Kharghar,Navi Mumbai,19.0656721198219,73.05961185164,Unfurnished,Apartment,0,12,8,Resale,Ready to Move,,Unknown
Stone Villa,4750000,414,1,1,Sector 17 Ulwe,Navi Mumbai,18.9640564736564,73.0214063070489,Unfurnished,Apartment,0,14,0,Resale,Ready to Move,,Aditya Projects & Developers
Govind Vihar,7800000,767,2,2,Roadpali,Navi Mumbai,19.0385501152056,73.0962748008091,Unfurnished,Apartment,0,7,2,Resale,Ready to Move,,Unknown
Sai Galaxy,3500000,454,1,1,Navde,Navi Mumbai,19.0534298108845,73.09743386978,Unfurnished,Apartment,0,5,0,Resale,Ready to Move,,Om Sai Associated
Lucky Tower,3500000,486,1,2,Petali,Navi Mumbai,19.0802342829353,73.0940449295075,Semi-Furnished,Apartment,0,8,0,Resale,Ready to Move,,Twincity Realtors
Laxmi kalash,4800000,792,2,2,Navde,Navi Mumbai,19.0534298108845,73.09743386978,Unfurnished,Apartment,0,10,0,Resale,Ready to Move,,Laxmi Group
Silver Park,3300000,450,1,1,Taloja,Navi Mumbai,19.074076996436,73.1181841544665,Unfurnished,Apartment,0,7,6,Resale,Ready to Move,,Hari Om Group
Satyam Harmony,18900000,660,2,2,Sector 9,Navi Mumbai,19.03948439,73.02406265,Semi-Furnished,Apartment,0,0,0,Resale,Ready to Move,1 Covered,Satyam Developers
Soham CHS,4600000,250,1,2,Sector 9 Airoli,Navi Mumbai,19.1464748007227,72.9910032825873,Unfurnished,Apartment,0,0,1,Resale,Ready to Move,,Cooperative Group Housing Society
RNA NG Grand Plaza,25000000,,2,3,Ghansoli,Navi Mumbai,19.1271933235627,72.9966520846173,Furnished,Apartment,0,15,9,Resale,Ready to Move,,Om Namah Shivay Developers Private Limited
Arihant Anaika,3300000,462,1,1,Taloja,Navi Mumbai,19.074076996436,73.1181841544665,Unfurnished,Apartment,0,20,6,Resale,Ready to Move,,Arihant Superstructures Ltd
Arihant Anaika,4000000,505,1,1,Taloja,Navi Mumbai,19.074076996436,73.1181841544665,Unfurnished,Apartment,0,20,6,Resale,Ready to Move,,Arihant Superstructures Ltd
Arihant Anaika,3400000,310,1,1,Taloja,Navi Mumbai,19.074076996436,73.1181841544665,Unfurnished,Apartment,0,20,6,Resale,Ready to Move,,Arihant Superstructures Ltd
Arihant Anaika,3500000,453,1,1,Taloja,Navi Mumbai,19.074076996436,73.1181841544665,Unfurnished,Apartment,0,20,6,Resale,Ready to Move,,Arihant Superstructures Ltd
Mahaavir Vatika,5000000,515,1,1,Panvel,Navi Mumbai,18.9894007,73.1175162,Unfurnished,Apartment,0,0,10,Resale,Ready to Move,,Mahaavir Universal Homes Pvt. Ltd.
Mahaavir Vatika,5500000,509,1,2,Panvel,Navi Mumbai,18.9894007,73.1175162,Semi-Furnished,Apartment,0,0,10,Resale,Ready to Move,,Mahaavir Universal Homes Pvt. Ltd.
Mahaavir Vatika,5500000,509,1,2,Panvel,Navi Mumbai,18.9894007,73.1175162,Semi-Furnished,Apartment,0,0,10,Resale,Ready to Move,,Mahaavir Universal Homes Pvt. Ltd.
Tulsi Sonata,5500000,495,1,1,Panvel,Navi Mumbai,18.9894007,73.1175162,Semi-Furnished,Apartment,0,7,10,Resale,Ready to Move,,Tulsi Constructions
RSM Athena,8600000,666,2,2,Ulwe,Navi Mumbai,18.9750941,73.052334,Unfurnished,Apartment,0,14,6,Resale,Ready to Move,,Atlantic Builders & Developers
RSM Athena,8600000,659,2,2,Ulwe,Navi Mumbai,18.9750941,73.052334,Unfurnished,Apartment,0,14,6,Resale,Ready to Move,,Atlantic Builders & Developers
Vishrut Athens,6000000,472,1,1,Kharghar,Navi Mumbai,19.0656721198219,73.05961185164,Furnished,Apartment,0,20,8,Resale,Ready to Move,,Vishrut Constructions
Valley Shilp,9300000,792,2,2,Sector 36 Kamothe,Navi Mumbai,19.0248120846853,73.0906842633753,Semi-Furnished,Apartment,0,7,1,Resale,Ready to Move,,Cidco
Valley Shilp,9900000,751,2,2,Sector 36 Kamothe,Navi Mumbai,19.0248120846853,73.0906842633753,Unfurnished,Apartment,0,7,1,Resale,Ready to Move,,Cidco
Yashodeep Heights,9200000,439,1,1,Rabale,Navi Mumbai,19.1439232937657,73.0108611798346,Semi-Furnished,Apartment,0,10,4,Resale,Ready to Move,,Raikar Group
Yashodeep Heights,8652000,482,1,1,Rabale,Navi Mumbai,19.1439232937657,73.0108611798346,Semi-Furnished,Apartment,0,10,4,Resale,Ready to Move,,Raikar Group
Skyline Residency,4500000,453,1,1,Kharghar,Navi Mumbai,19.0656721198219,73.05961185164,Unfurnished,Apartment,0,0,8,Resale,Ready to Move,,Skyline Builders
Haware Green Park,7500000,720,2,2,Kamothe,Navi Mumbai,19.0174101252323,73.0958540380712,Unfurnished,Apartment,0,7,3,Resale,Ready to Move,,Haware Properties
Haware Green Park,7500000,648,2,2,Kamothe,Navi Mumbai,19.0174101252323,73.0958540380712,Semi-Furnished,Apartment,0,7,3,Resale,Ready to Move,,Haware Properties
Innovative R K Residency,15000000,727,2,2,Nerul,Navi Mumbai,19.034973,73.02228,Semi-Furnished,Apartment,0,0,8,Resale,Ready to Move,,Unknown
Siyon Homes,9500000,936,2,2,Kamothe,Navi Mumbai,19.0174101252323,73.0958540380712,Semi-Furnished,Apartment,0,0,3,Resale,Ready to Move,,Unknown
Viceroy Park,28500000,968,3,3,Palm Beach Road,Navi Mumbai,19.0436434618423,73.0081932372663,Unfurnished,Apartment,0,0,6,Resale,Ready to Move,,Unknown
Viceroy Park,35000000,1303,3,3,Palm Beach Road,Navi Mumbai,19.0436434618423,73.0081932372663,Semi-Furnished,Apartment,0,0,6,Resale,Ready to Move,,Unknown
Kukreja Amber,8100000,720,2,2,Ulwe,Navi Mumbai,18.9750941,73.052334,Unfurnished,Apartment,0,10,6,Resale,Ready to Move,,Kukreja Builders
Kukreja Amber,8000000,720,2,2,Ulwe,Navi Mumbai,18.9750941,73.052334,Unfurnished,Apartment,0,10,6,Resale,Ready to Move,,Kukreja Builders
Kukreja Amber,7600000,655,2,2,Ulwe,Navi Mumbai,18.9750941,73.052334,Unfurnished,Apartment,0,10,6,Resale,Ready to Move,,Kukreja Builders
Anmol Basera,6000000,468,1,1,Kharghar,Navi Mumbai,19.0656721198219,73.05961185164,Furnished,Apartment,0,4,8,Resale,Ready to Move,,Anmol Developers
NRI Seawoods,80000000,1584,5,5,Palm Beach Road,Navi Mumbai,19.0436434618423,73.0081932372663,Furnished,Apartment,0,0,6,Resale,Ready to Move,,B G Shirke Group of Companies
Unkown,16500000,986,3,3,,Navi Mumbai,,,Unfurnished,Apartment,0,0,0,Resale,Under Construction,,Unknown
Haware Splendor,11700000,467,2,2,Kharghar,Navi Mumbai,19.0656721198219,73.05961185164,Semi-Furnished,Apartment,0,20,8,Resale,Ready to Move,,Haware Engineers & Builders Pvt Ltd
Prathamesh Residency,8200000,767,2,2,Ulwe,Navi Mumbai,18.9750941,73.052334,Unfurnished,Apartment,0,21,6,Resale,Ready to Move,,Prathamesh Infrastructures
Dudhe Sai Orchid,9900000,853,2,2,Ulwe,Navi Mumbai,18.9750941,73.052334,Unfurnished,Apartment,0,22,6,Resale,Ready to Move,,Dudhe Brothers
Someshwar Residency,15000000,864,3,2,Kharghar,Navi Mumbai,19.0656721198219,73.05961185164,Semi-Furnished,Apartment,0,18,8,Resale,Ready to Move,,Someshwar Builders And Developers
Thakur Residency,10000000,900,2,2,Ulwe,Navi Mumbai,18.9750941,73.052334,Unfurnished,Apartment,0,12,6,Resale,Ready to Move,,S.R. Builders and Developers
GHP Sonnet,6800000,508,1,1,Kharghar,Navi Mumbai,19.0656721198219,73.05961185164,Furnished,Apartment,0,20,8,Resale,Ready to Move,,GHP Group
Indiabulls Greens Panvel,7800000,897,2,2,New Panvel,Navi Mumbai,19.0003258753664,73.1153385297118,Unfurnished,Apartment,0,56,5,Resale,Ready to Move,,Indiabulls Greens
Indiabulls Greens Panvel,15000000,1454,3,3,Panvel,Navi Mumbai,18.9894007,73.1175162,Unfurnished,Apartment,0,56,10,Resale,Ready to Move,,Indiabulls Greens
Platinum Liviano,9500000,745,2,2,Kamothe,Navi Mumbai,19.0174101252323,73.0958540380712,Unfurnished,Apartment,0,14,3,Resale,Ready to Move,,Platinum Group
Platinum Liviano,8800000,698,2,4,Kamothe,Navi Mumbai,19.0174101252323,73.0958540380712,Unfurnished,Apartment,0,14,3,Resale,Ready to Move,,Platinum Group
Hari Heritage,10500000,792,2,2,Kamothe,Navi Mumbai,19.0174101252323,73.0958540380712,Semi-Furnished,Apartment,0,8,3,Resale,Ready to Move,,Shanti Enterprises
Giriraj Towers,13900000,1062,3,3,Roadpali,Navi Mumbai,19.0385501152056,73.0962748008091,Unfurnished,Apartment,0,15,2,Resale,Ready to Move,,GIRIRAJ DEVELOPERS
Shivam Paradise,14000000,850,2,2,Nerul,Navi Mumbai,19.034973,73.02228,Semi-Furnished,Apartment,0,0,8,Resale,Ready to Move,,Unknown
Arihant Arham,5500000,648,2,2,Panvel,Navi Mumbai,18.9894007,73.1175162,Semi-Furnished,Apartment,0,14,10,Resale,Ready to Move,,Arihant Superstructures Ltd.
Arihant Arham,5000000,630,2,2,Panvel,Navi Mumbai,18.9894007,73.1175162,Furnished,Apartment,0,14,10,Resale,Ready to Move,,Arihant Superstructures Ltd.
Arihant Arham,5000000,630,2,2,Panvel,Navi Mumbai,18.9894007,73.1175162,Unfurnished,Apartment,0,14,10,Resale,Ready to Move,,Arihant Superstructures Ltd.
Shri Hari Trimurti Apartments,6000000,425,1,1,Ulwe,Navi Mumbai,18.9750941,73.052334,Semi-Furnished,Apartment,0,5,6,Resale,Ready to Move,,Shri Hari Infratech
Wadhwa Wise City,10543500,639,2,2,Panvel,Navi Mumbai,18.9894007,73.1175162,Unfurnished,Apartment,0,15,10,New Property,Ready to Move,1 Covered,The Wadhwa Group
Unkown,4500000,450,1,2,Ulwe,Navi Mumbai,18.9750941,73.052334,Unfurnished,Apartment,0,0,6,Resale,Ready to Move,,Unknown
Juhi Niharika Absolute,11200000,670,2,2,Kharghar,Navi Mumbai,19.0656721198219,73.05961185164,Unfurnished,Apartment,1,44,8,New Property,Ready to Move,1 Covered,Juhi Developers
The Domus 26 East,11700000,650,2,2,Ulwe,Navi Mumbai,18.9750941,73.052334,Unfurnished,Apartment,0,0,6,Resale,Under Construction,,Unknown
Marathon Nexzone,20000000,1250,4,4,Panvel,Navi Mumbai,18.9894007,73.1175162,Semi-Furnished,Apartment,0,10,10,Resale,Ready to Move,,Marathon Realty Pvt. Ltd.
Progressives Crown,24000000,1000,3,2,Sector 11 Kopar Khairane,Navi Mumbai,19.0938366484403,73.0122927409262,Furnished,Apartment,0,14,2,Resale,Ready to Move,1 Covered,Progressive Developers
Green Valley Feather,7000000,749,2,2,Taloja,Navi Mumbai,19.074076996436,73.1181841544665,Furnished,Apartment,0,9,6,Resale,Ready to Move,,Urja Properties
Unkown,350000,,,,Uran,Navi Mumbai,18.8763656322669,72.9355372705729,,Residential Plot,1,0,5,New Property,,,Unknown
Unkown,2850000,,,,Jui,Navi Mumbai,18.87900065,73.02708207,,Residential Plot,0,0,0,Resale,,,Unknown
Bhagwati Greens 3,81000000,,5,5,Sector 23 Kharghar,Navi Mumbai,19.0572037585355,73.0675746299707,Unfurnished,Apartment,0,23,1,Resale,Ready to Move,2 Covered,Bhagwati Group
Tharwani Residency,12000000,,2,2,Sector 6 Kamothe,Navi Mumbai,19.0228929,73.09471932,Furnished,Apartment,0,0,0,Resale,Ready to Move,,Tharwani Construction Pvt. Ltd.
Akshar Elita,4100000,410,1,1,Dronagiri,Navi Mumbai,18.8598511200022,72.9380988664184,Unfurnished,Apartment,0,3,2,Resale,Ready to Move,,Akshar Group
Unkown,10500000,750,2,2,Ulwe,Navi Mumbai,18.9750941,73.052334,Unfurnished,Apartment,0,0,6,Resale,Under Construction,1 Covered,Unknown
Neelsidhi Vista,17500000,1100,3,3,Sector 19 Ulwe,Navi Mumbai,18.973194,73.029363,Unfurnished,Apartment,0,14,0,Resale,Ready to Move,1 Open,Neelsidhi Group
Shree Krishna Apartment,5500000,410,1,2,Sector 10 Kamothe,Navi Mumbai,19.01869735,73.094219,Unfurnished,Apartment,0,0,0,Resale,Ready to Move,,Unknown
Godrej Varanya Phase 2,23900000,,,,Sector 30 Vashi,Navi Mumbai,19.0660836957872,72.996494243611,Semi-Furnished,Commercial Office Space,0,16,0,Resale,Under Construction,,Godrej Properties
Soham,9000000,450,1,1,Airoli,Navi Mumbai,19.1609103453837,72.9933968951486,Semi-Furnished,Apartment,1,0,10,Resale,Ready to Move,,Unknown
Unkown,32000000,1300,3,3,Sector 19 Nerul,Navi Mumbai,19.03290544,73.02455126,Unfurnished,Apartment,0,0,0,Resale,Ready to Move,,Unknown
Unkown,9000000,250,1,1,Sector 10 Sanpada,Navi Mumbai,19.05831113,73.01617953,Semi-Furnished,Apartment,0,0,0,Resale,Ready to Move,,Unknown
Nilgiri Tower,28500000,1800,3,3,Kharghar,Navi Mumbai,19.0656721198219,73.05961185164,Semi-Furnished,Apartment,0,0,8,Resale,Ready to Move,,Unknown
Fortune Harmony,6500000,,2,2,New Panvel,Navi Mumbai,19.0003258753664,73.1153385297118,Unfurnished,Apartment,0,12,5,Resale,Ready to Move,1 Covered,Fortune Group
Unkown,9900000,450,,1,,Navi Mumbai,,,Unfurnished,Commercial Office Space,0,0,0,New Property,Under Construction,,Unknown
Unkown,8500000,,,,Panvel,Navi Mumbai,18.9894007,73.1175162,Semi-Furnished,Commercial Shop,0,0,10,Resale,Ready to Move,,Unknown
Unkown,990000,,,,Uran,Navi Mumbai,18.8763656322669,72.9355372705729,,Agricultural Land,0,0,5,Resale,,,Unknown
Sai Vrindavan,5300000,430,1,2,Karanjade,Navi Mumbai,18.974265373985,73.1099196329075,Unfurnished,Apartment,0,13,2,Resale,Ready to Move,1 Covered,Unknown
Gahlot Majesty,37000000,1380,3,3,Sector 48A Seawoods,Navi Mumbai,19.015241204634,73.0170895266081,Semi-Furnished,Apartment,0,0,0,Resale,Ready to Move,1 Covered,Gahlot Constructions
Wadhwa Wise City,5200000,391,1,1,Panvel,Navi Mumbai,18.9894007,73.1175162,Unfurnished,Apartment,0,15,10,Resale,Ready to Move,,The Wadhwa Group
Unkown,3800000,415,1,2,Ulwe,Navi Mumbai,18.9750941,73.052334,Unfurnished,Apartment,0,0,6,Resale,Ready to Move,1 Open,Unknown
Unkown,19000000,2250,3,3,Panvel,Navi Mumbai,18.9894007,73.1175162,Unfurnished,Villa,1,0,10,New Property,Under Construction,"1 Covered, 1 Open",Unknown
Siddhivinayak Jewel,12000000,1058,3,3,Kamothe,Navi Mumbai,19.0174101252323,73.0958540380712,Semi-Furnished,Apartment,0,0,3,Resale,Ready to Move,,Bathija Developers
Unkown,4500000,667,3,2,Bonshet,Navi Mumbai,18.99994,73.15706,Unfurnished,Apartment,0,0,0,Resale,Ready to Move,,Unknown
Mahalaxmi City ,3400000,363,2,2,Panvel,Navi Mumbai,18.9894007,73.1175162,Unfurnished,Apartment,0,0,10,Resale,Ready to Move,,Unknown
Mahalaxmi City ,3000000,561,2,2,Panvel,Navi Mumbai,18.9894007,73.1175162,Unfurnished,Apartment,0,0,10,Resale,Ready to Move,,Unknown
Mahalaxmi City ,3200000,363,2,2,Panvel,Navi Mumbai,18.9894007,73.1175162,Unfurnished,Apartment,0,0,10,Resale,Ready to Move,,Unknown
Saphire Oriel,4200000,447,1,1,Karanjade,Navi Mumbai,18.974265373985,73.1099196329075,Unfurnished,Apartment,0,0,2,Resale,Ready to Move,,Shree Hari Developers
Bilad Bloom Field,9000000,742,2,2,Ulwe,Navi Mumbai,18.9750941,73.052334,Unfurnished,Apartment,0,0,6,Resale,Ready to Move,,Bilad Builders and Developers
Krishna Angan Complex,4100000,504,1,1,New Panvel,Navi Mumbai,19.0003258753664,73.1153385297118,Unfurnished,Apartment,0,8,5,Resale,Ready to Move,,S.P. Construction
Krishna Angan Complex,3700000,480,1,1,New Panvel,Navi Mumbai,19.0003258753664,73.1153385297118,Unfurnished,Apartment,0,8,5,Resale,Ready to Move,,S.P. Construction
Narmada Kunj CHS,7000000,551,2,2,Kharghar,Navi Mumbai,19.0656721198219,73.05961185164,Furnished,Apartment,0,0,8,Resale,Ready to Move,,Cooperative Group Housing Society
Siddhi Belleza,10000000,612,2,2,Sector 35D Kharghar,Navi Mumbai,19.0719630038591,73.0797042422121,Semi-Furnished,Apartment,0,13,0,Resale,Ready to Move,,Siddhi Tapaswi Buildtech
Victory Casa ,8000000,798,2,2,Ulwe,Navi Mumbai,18.9750941,73.052334,Semi-Furnished,Apartment,0,0,6,Resale,Ready to Move,,Victory Group
Blue Tulip,8500000,288,1,2,Ulwe,Navi Mumbai,18.9750941,73.052334,Semi-Furnished,Apartment,0,0,6,Resale,Ready to Move,,Kricon Group
Advance Plaza ,4180000,454,1,1,Ulwe,Navi Mumbai,18.9750941,73.052334,Semi-Furnished,Apartment,0,0,6,Resale,Ready to Move,,Advance Home Makers Group
Arihant Clan Aalishan,10000000,739,2,2,Kharghar,Navi Mumbai,19.0656721198219,73.05961185164,Unfurnished,Apartment,0,41,8,Resale,Under Construction,,Arihant Superstructures Ltd.
Arihant Clan Aalishan,9000000,739,2,2,Kharghar,Navi Mumbai,19.0656721198219,73.05961185164,Unfurnished,Apartment,0,41,8,Resale,Under Construction,,Arihant Superstructures Ltd.
Arihant Clan Aalishan,10500000,780,2,2,Kharghar,Navi Mumbai,19.0656721198219,73.05961185164,Unfurnished,Apartment,0,41,8,Resale,Under Construction,,Arihant Superstructures Ltd.
Mahalaxmi City ,3500000,540,2,2,Panvel,Navi Mumbai,18.9894007,73.1175162,Semi-Furnished,Apartment,0,0,10,Resale,Ready to Move,,Unknown
Mahalaxmi City ,4000000,563,2,2,Panvel,Navi Mumbai,18.9894007,73.1175162,Unfurnished,Apartment,0,0,10,Resale,Ready to Move,,Unknown
Mahalaxmi City ,5000000,720,3,2,Panvel,Navi Mumbai,18.9894007,73.1175162,Unfurnished,Apartment,0,0,10,Resale,Ready to Move,,Unknown
Aurum Q Residences,13000000,552,1,1,Ghansoli,Navi Mumbai,19.1271933235627,72.9966520846173,Semi-Furnished,Apartment,0,30,9,Resale,Under Construction,,Aurum Platz IT Pvt Ltd
Siddhivinayak Mahima,3700000,497,1,1,Taloja,Navi Mumbai,19.074076996436,73.1181841544665,Unfurnished,Apartment,0,20,6,Resale,Ready to Move,,Space India
Sunshine Willows,13000000,585,2,2,Ghansoli,Navi Mumbai,19.1271933235627,72.9966520846173,Unfurnished,Apartment,0,21,9,Resale,Ready to Move,,Dhiren Vora Builders
Sunshine Willows,12000000,585,2,2,Ghansoli,Navi Mumbai,19.1271933235627,72.9966520846173,Unfurnished,Apartment,0,21,9,Resale,Ready to Move,,Dhiren Vora Builders
Arihant Arham,5100000,630,2,2,Panvel,Navi Mumbai,18.9894007,73.1175162,Semi-Furnished,Apartment,0,14,10,Resale,Ready to Move,,Arihant Superstructures Ltd.
Arihant Anshula,6500000,792,2,2,Taloja,Navi Mumbai,19.074076996436,73.1181841544665,Unfurnished,Apartment,0,19,6,Resale,Ready to Move,,Arihant Superstructures Ltd.
Arihant Anshula,6000000,929,2,2,Taloja,Navi Mumbai,19.074076996436,73.1181841544665,Furnished,Apartment,0,19,6,Resale,Ready to Move,,Arihant Superstructures Ltd.
Arihant Anshula,6000000,870,2,2,Ghot,Navi Mumbai,19.0866662303889,73.1139743468294,Furnished,Apartment,0,19,0,Resale,Ready to Move,,Arihant Superstructures Ltd.
Arihant Anshula,5250000,781,2,2,Taloja,Navi Mumbai,19.074076996436,73.1181841544665,Unfurnished,Apartment,0,19,6,Resale,Ready to Move,,Arihant Superstructures Ltd.
SM Acumen,13000000,1171,3,3,Kharghar,Navi Mumbai,19.0656721198219,73.05961185164,Unfurnished,Apartment,0,36,8,Resale,Ready to Move,,SM Developers
Chinmay Gaurang,2900000,260,1,1,Panvel,Navi Mumbai,18.9894007,73.1175162,Unfurnished,Apartment,0,3,10,Resale,Ready to Move,,Shree Chinmay Gaurang Infrastructure
Siddhivinayak Pratima,5200000,465,2,2,Taloja,Navi Mumbai,19.074076996436,73.1181841544665,Furnished,Apartment,0,9,6,Resale,Ready to Move,,SiddhiVinayak Homes
Yash Avenue,11000000,720,2,2,Sector 20 Kharghar,Navi Mumbai,19.0499727808114,73.0725224614798,Semi-Furnished,Apartment,0,0,1,Resale,Ready to Move,,Yash Developers
Surji Dham CHS,5000000,,1,2,Airoli,Navi Mumbai,19.1609103453837,72.9933968951486,Unfurnished,Apartment,0,0,10,Resale,Ready to Move,,Cooperative Group Housing Society
Unkown,4000000,418,1,1,Kharghar,Navi Mumbai,19.0656721198219,73.05961185164,Unfurnished,Apartment,0,0,8,Resale,Ready to Move,,Unknown
Nisarg Vihar,22000000,1200,3,3,Sector 19 Kharghar,Navi Mumbai,19.04955,73.078011,Semi-Furnished,Apartment,0,11,0,Resale,Ready to Move,,Sabarmati Construction
Newa Garden,16000000,,2,2,Airoli,Navi Mumbai,19.1609103453837,72.9933968951486,Unfurnished,Apartment,0,5,10,Resale,Ready to Move,,Newa Developers
Unkown,35000000,850,3,3,Nerul,Navi Mumbai,19.034973,73.02228,Unfurnished,Villa,0,0,8,Resale,Ready to Move,,Unknown
Mano Shanti Apartment,18000000,,3,3,Vashi,Navi Mumbai,19.0777155057838,73.0027923491613,Unfurnished,Penthouse,0,0,9,Resale,Ready to Move,1 Covered,Unknown
Unkown,14900000,810,,,Sector 23 Nerul,Navi Mumbai,19.0216494177771,73.0287416612252,Unfurnished,Commercial Shop,0,0,0,Resale,Ready to Move,,Unknown
Unkown,4200000,,1,2,Karanjade,Navi Mumbai,18.974265373985,73.1099196329075,Semi-Furnished,Apartment,0,0,2,Resale,Under Construction,,Unknown
Balaji Crest,9500000,,2,2,Roadpali,Navi Mumbai,19.0385501152056,73.0962748008091,Semi-Furnished,Apartment,0,19,2,Resale,Ready to Move,,Varsha Infrstructure
Platinum Riddhi Siddhi Heights,4500000,592,1,2,Taloja,Navi Mumbai,19.074076996436,73.1181841544665,Unfurnished,Apartment,0,8,6,Resale,Ready to Move,,Platinum Group
Marathon Nexzone,7800000,565,2,2,Panvel,Navi Mumbai,18.9894007,73.1175162,Furnished,Apartment,0,10,10,Resale,Ready to Move,1 Covered,Marathon Realty Pvt. Ltd.
Prayag Gurudarshan,3800000,,1,1,Panvel,Navi Mumbai,18.9894007,73.1175162,Semi-Furnished,Apartment,0,27,10,Resale,Ready to Move,,Prayag Builders and Developers
Lodha Crown Taloja,4200000,435,2,2,Taloja,Navi Mumbai,19.074076996436,73.1181841544665,Semi-Furnished,Apartment,0,6,6,Resale,Ready to Move,,Lodha Developers Limited
Unkown,23000000,695,2,2,Kopar Khairane,Navi Mumbai,19.1033695651723,73.0121586680414,Semi-Furnished,Apartment,0,0,10,Resale,Under Construction,,Unknown
Unkown,4499999,380,1,1,,Navi Mumbai,,,Semi-Furnished,Apartment,0,0,0,Resale,Ready to Move,,Unknown
Unkown,3450000,151,,,Karanjade,Navi Mumbai,18.974265373985,73.1099196329075,Unfurnished,Commercial Shop,0,0,2,Resale,Ready to Move,,Unknown
Dweepmala Baline Residency,7500000,,2,2,Taloja,Navi Mumbai,19.074076996436,73.1181841544665,Unfurnished,Apartment,0,27,6,Resale,Ready to Move,,Dweepmala Developers
Unkown,3900000,460,1,1,Sukapur,Navi Mumbai,19.000693405637,73.1342689354503,Semi-Furnished,Apartment,0,0,0,Resale,Ready to Move,,Unknown
Godrej Sky Garden,6700000,,1,2,Panvel,Navi Mumbai,18.9894007,73.1175162,Semi-Furnished,Apartment,0,22,10,Resale,Ready to Move,,Godrej Properties
Unkown,2800000,,1,1,Panvel,Navi Mumbai,18.9894007,73.1175162,Unfurnished,Builder Floor Apartment,0,0,10,Resale,Ready to Move,,Unknown
Unkown,220000000,4000,,2,Nerul East,Navi Mumbai,19.0324331484139,73.0198496617469,Furnished,Commercial Office Space,0,0,2,Resale,Ready to Move,10 Open,Unknown
Fortune Green Heaven,3800000,,2,2,New Panvel,Navi Mumbai,19.0003258753664,73.1153385297118,Unfurnished,Apartment,0,9,5,Resale,Ready to Move,,Saomya Fortune Infra Ventures
Ayodha Apartment,12500000,500,2,2,Ghansoli,Navi Mumbai,19.1271933235627,72.9966520846173,Semi-Furnished,Apartment,0,22,9,Resale,Ready to Move,,Ayodhya Developers
Unkown,5000000,,1,2,,Navi Mumbai,,,Unfurnished,Apartment,0,0,0,Resale,Ready to Move,,Unknown
Mahaavir Exotique,12000000,,3,2,Kharghar,Navi Mumbai,19.0656721198219,73.05961185164,Unfurnished,Apartment,0,32,8,Resale,Ready to Move,,Mahaavir Superstructures Private Limited
QN Greens,2200000,,1,1,Taloja,Navi Mumbai,19.074076996436,73.1181841544665,Unfurnished,Apartment,0,15,6,Resale,Ready to Move,,Qualitas Naman Group
Unkown,6345000,,1,1,,Navi Mumbai,,,Unfurnished,Apartment,0,0,0,Resale,Ready to Move,,Unknown
Admire 19 The Pinnacle,29200000,1320,3,3,Kharghar,Navi Mumbai,19.0656721198219,73.05961185164,Unfurnished,Apartment,0,11,8,New Property,Dec '30,,Admire Infra
Ambers Dnyaneshwar Capital,5959000,461,1,1,Ulwe,Navi Mumbai,18.9750941,73.052334,Unfurnished,Apartment,0,6,6,New Property,Nov '26,,Capital Builders 
Shree Empire,3294000,381,1,2,Pushpak Nagar,Navi Mumbai,18.9699719839935,73.0754708794387,Unfurnished,Apartment,0,14,0,New Property,Dec '27,,Shree Builders and Developers
Mistri 9 PBR,36126000,1080,3,2,Nerul,Navi Mumbai,19.034973,73.02228,Unfurnished,Apartment,0,54,8,New Property,Dec '28,,Mistri Construction
Neelkanth Neel Amplus,15500000,978,3,3,Kharghar,Navi Mumbai,19.0656721198219,73.05961185164,Unfurnished,Apartment,0,16,8,New Property,Apr '30,,Neelkanth Enterprises
Silverkey Windsor Solitaire,16321000,891,3,3,Kharghar,Navi Mumbai,19.0656721198219,73.05961185164,Unfurnished,Apartment,0,14,8,New Property,Dec '27,,Silverkey Ventures LLP
Raheja Lunaris,19000000,725,2,2,Juinagar,Navi Mumbai,19.0494545088161,73.0153394878658,Unfurnished,Apartment,0,19,0,New Property,Dec '29,,Raheja Universal Pvt. Ltd.
Hiranandani Fortune City,13155000,786,2,3,Panvel,Navi Mumbai,18.9894007,73.1175162,Unfurnished,Apartment,0,35,10,New Property,Under Construction,,Hiranandani Group
L and T Crestoria Estates,23200000,1421,4,4,Panvel,Navi Mumbai,18.9894007,73.1175162,Unfurnished,Apartment,0,7,10,New Property,Sep '30,,L & T Realty
Maple Woods,17600000,820,3,3,Airoli,Navi Mumbai,19.1609103453837,72.9933968951486,Unfurnished,Apartment,0,0,10,New Property,Dec '29,,Proviso Group
Nova 10 Elegance Phase I,40898000,3895,5,4,Kharghar,Navi Mumbai,19.0656721198219,73.05961185164,Unfurnished,Apartment,0,14,8,New Property,Dec '29,,Apex Realty
Kamdhenu Pinnacle,23926000,881,3,3,Nerul,Navi Mumbai,19.034973,73.02228,Unfurnished,Apartment,0,0,8,New Property,Dec '29,,Kamdhenu Green
Paradise Sai Sun City,4650000,434,1,1,Taloja,Navi Mumbai,19.074076996436,73.1181841544665,Unfurnished,Apartment,0,55,6,New Property,Dec '26,,Paradise Group
Unkown,18535000,1050,3,3,Kharghar,Navi Mumbai,19.0656721198219,73.05961185164,Semi-Furnished,Apartment,0,0,8,New Property,Ready to Move,,Unknown
The Arena at Hiranandani Fortune city,30100000,1633,4,4,Panvel,Navi Mumbai,18.9894007,73.1175162,Unfurnished,Apartment,1,16,10,New Property,Dec '30,1 Covered,Hiranandani Communities
Infinity Leaf Mount,18000000,722,2,2,Ghansoli,Navi Mumbai,19.1271933235627,72.9966520846173,Unfurnished,Apartment,1,10,9,New Property,Dec '29,1 Covered,Infinity Infra
Raheja Lunaris,16100000,649,2,2,Juinagar,Navi Mumbai,19.0494545088161,73.0153394878658,Unfurnished,Apartment,1,19,0,New Property,Dec '29,1 Covered,Raheja Universal Pvt. Ltd.
Embassy Park Panvel,13900000,928,2,2,Panvel,Navi Mumbai,18.9894007,73.1175162,Unfurnished,Apartment,1,19,10,New Property,Mar '27,1 Covered,Embassy Group
Ravechi Shreeji Divine,38643000,2154,4,3,Kharghar,Navi Mumbai,19.0656721198219,73.05961185164,Unfurnished,Apartment,1,25,8,New Property,Dec '26,1 Covered,Ravechi Lifespaces LLP
Marathon Nexzone,19600000,1385,4,3,Panvel,Navi Mumbai,18.9894007,73.1175162,Unfurnished,Apartment,1,10,10,New Property,Dec '29,1 Covered,Marathon Realty Pvt. Ltd.
Superior Palacia,12120000,372,1,2,Airoli,Navi Mumbai,19.1609103453837,72.9933968951486,Unfurnished,Apartment,1,12,10,New Property,Jan '30,,Superior Navkar Builders
Unkown,31092000,1140,3,3,Sector 12 Kharghar,Navi Mumbai,19.043551,73.066347,Unfurnished,Apartment,1,0,1,New Property,Ready to Move,1 Covered,Unknown
Roop Maya CHS,8100000,510,1,1,Airoli,Navi Mumbai,19.1609103453837,72.9933968951486,Furnished,Apartment,0,10,10,Resale,Ready to Move,,Framevala Developers
La Mer Regency,9700000,663,2,2,Panvel,Navi Mumbai,18.9894007,73.1175162,Unfurnished,Apartment,1,16,10,New Property,Under Construction,1 Covered,La Mer Developers
Sigma IT Park,45000000,3140,,2,Rabale,Navi Mumbai,19.1439232937657,73.0108611798346,Furnished,Commercial Office Space,0,0,4,Resale,Ready to Move,2 Covered,Kanakia Spaces Realty Pvt. Ltd.
Raheja Prime One,15500000,650,,2,Juinagar,Navi Mumbai,19.0494545088161,73.0153394878658,Unfurnished,Office in IT Park/ SEZ,1,22,0,New Property,Under Construction,2 Covered,Raheja Universal Pvt. Ltd.
Bhairaav Goldcrest Residency,16500000,750,2,2,Ghansoli,Navi Mumbai,19.1271933235627,72.9966520846173,Unfurnished,Apartment,0,16,9,Resale,Ready to Move,1 Covered,Bhairaav Group
Paradise Sai World Empire,26200000,1104,3,3,Kharghar,Navi Mumbai,19.0656721198219,73.05961185164,Unfurnished,Apartment,1,59,8,New Property,Dec '29,1 Covered,Paradise Group
Today Royal Aikyam,7250000,800,3,4,Kharghar,Navi Mumbai,19.0656721198219,73.05961185164,Unfurnished,Apartment,0,8,8,New Property,Under Construction,1 Covered,Today Royal Infracon
Unkown,24500000,825,2,2,Seawoods,Navi Mumbai,19.0134923674099,73.0176711021806,Semi-Furnished,Apartment,0,0,7,Resale,Ready to Move,,Unknown
Baba Sadan CHS,8500000,439,2,1,Kopar Khairane,Navi Mumbai,19.1033695651723,73.0121586680414,Semi-Furnished,Apartment,0,0,10,Resale,Ready to Move,,Cooperative Group Housing Society
Jay Martand Apartment,5800000,367,1,1,Airoli,Navi Mumbai,19.1609103453837,72.9933968951486,Unfurnished,Apartment,0,0,10,Resale,Ready to Move,,Unknown
Unkown,12000000,625,2,2,Kopar Khairane,Navi Mumbai,19.1033695651723,73.0121586680414,Semi-Furnished,Apartment,0,0,10,Resale,Ready to Move,,Unknown
Lakhanis Oasis,5700000,446,1,1,Sector 9 Ulwe,Navi Mumbai,18.9714376482715,73.0180411108987,Semi-Furnished,Apartment,0,5,0,Resale,Ready to Move,,Lakhani Builders Pvt. Ltd.
Gahlot Majesty,21500000,948,2,2,Palm Beach Road,Navi Mumbai,19.0436434618423,73.0081932372663,Semi-Furnished,Apartment,0,0,6,Resale,Ready to Move,,Gahlot Constructions
Sai Yashaskaram,13500000,900,2,2,Kharghar,Navi Mumbai,19.0656721198219,73.05961185164,Semi-Furnished,Apartment,0,0,8,Resale,Ready to Move,,Unknown
Kasturi Heritage,12000000,821,2,2,Ulwe,Navi Mumbai,18.9750941,73.052334,Furnished,Apartment,0,16,6,Resale,Ready to Move,,Kasturi Housing
Govind Vihar,7990000,767,2,2,Roadpali,Navi Mumbai,19.0385501152056,73.0962748008091,Unfurnished,Apartment,0,7,2,Resale,Ready to Move,,Unknown
Vijaydeep Apartment,6000000,457,1,2,Rabale,Navi Mumbai,19.1439232937657,73.0108611798346,Unfurnished,Apartment,0,10,4,Resale,Ready to Move,,Sharma Builders
Pooja CHS,12500000,832,2,2,Airoli,Navi Mumbai,19.1609103453837,72.9933968951486,Semi-Furnished,Apartment,0,9,10,Resale,Ready to Move,,Raikar Group
Phoenix Heights,8800000,810,2,2,Roadpali,Navi Mumbai,19.0385501152056,73.0962748008091,Semi-Furnished,Apartment,0,19,2,Resale,Ready to Move,,Vision Constructions
Maitri Bhoomi,6200000,486,1,2,Kamothe,Navi Mumbai,19.0174101252323,73.0958540380712,Semi-Furnished,Apartment,0,21,3,Resale,Ready to Move,,Bhaveshwar Developers
Akshar Silvercrest,6700000,468,1,1,Khandeshhwar,Navi Mumbai,19.0101328272487,73.0960622725552,Semi-Furnished,Apartment,0,42,2,Resale,Ready to Move,,Akshar Group
Crescent Height,8750000,685,2,2,Sector 35D Kharghar,Navi Mumbai,19.0719630038591,73.0797042422121,Unfurnished,Apartment,0,23,0,Resale,Ready to Move,,Crescent Construction
Jyot Darshan,4600000,454,1,1,Kharghar,Navi Mumbai,19.0656721198219,73.05961185164,Unfurnished,Apartment,0,5,8,Resale,Ready to Move,,Navkaar Builder & Developers
Platinum The Springs,23000000,1282,4,3,Roadpali,Navi Mumbai,19.0385501152056,73.0962748008091,Furnished,Apartment,0,31,2,Resale,Ready to Move,,Platinum Group Builders
Platinum The Springs,18000000,1404,3,3,Roadpali,Navi Mumbai,19.0385501152056,73.0962748008091,Unfurnished,Apartment,0,31,2,Resale,Ready to Move,,Platinum Group Builders
Aniruddha Enclave,5300000,472,1,1,Kamothe,Navi Mumbai,19.0174101252323,73.0958540380712,Unfurnished,Apartment,0,27,3,Resale,Ready to Move,,Shree Laxmi Developers
Radhey Residency 2,4900000,637,2,2,New Panvel,Navi Mumbai,19.0003258753664,73.1153385297118,Semi-Furnished,Apartment,0,22,5,Resale,Ready to Move,,Radhey Properties Builders
Brij Bhoomi Heights,5300000,486,1,2,Ulwe,Navi Mumbai,18.9750941,73.052334,Unfurnished,Apartment,0,11,6,Resale,Ready to Move,,Brij Bhoomi Builders
Gajra Bhoomi Gardenia,5400000,562,1,1,Roadpali,Navi Mumbai,19.0385501152056,73.0962748008091,Semi-Furnished,Apartment,0,27,2,Resale,Ready to Move,,Gajra Developers Ltd
Bhoomi Gardenia Phase 2,10000000,1044,3,2,Roadpali,Navi Mumbai,19.0385501152056,73.0962748008091,Semi-Furnished,Apartment,0,28,2,Resale,Ready to Move,,Gajra Developers Ltd
Vastu Vihar,2950000,223,1,1,Kharghar,Navi Mumbai,19.0656721198219,73.05961185164,Unfurnished,Apartment,0,11,8,Resale,Ready to Move,,Cidco
Indiabulls Greens Panvel,6300000,893,2,2,Panvel,Navi Mumbai,18.9894007,73.1175162,Semi-Furnished,Apartment,0,56,10,Resale,Ready to Move,,Indiabulls Greens
Indiabulls Greens Panvel,4500000,583,2,2,Panvel,Navi Mumbai,18.9894007,73.1175162,Semi-Furnished,Apartment,0,56,10,Resale,Under Construction,,Indiabulls Greens
NRI Complex Phase,45000000,1584,3,4,Seawoods,Navi Mumbai,19.0134923674099,73.0176711021806,Semi-Furnished,Apartment,0,14,7,Resale,Ready to Move,,Cidco
Omkar Residency,2400000,324,1,2,Panvel,Navi Mumbai,18.9894007,73.1175162,Unfurnished,Apartment,0,14,10,Resale,Under Construction,,Unknown
Mittal Tower ,12000000,666,2,2,Kopar Khairane,Navi Mumbai,19.1033695651723,73.0121586680414,Semi-Furnished,Apartment,0,0,10,Resale,Ready to Move,,Cooperative Group Housing Society
Hi Tech Housing Society,20000000,1188,3,3,Sector 12 Kharghar,Navi Mumbai,19.043551,73.066347,Semi-Furnished,Apartment,0,0,1,Resale,Ready to Move,,Unknown
Keshav Kunj Apartment,10000000,428,1,2,Vashi,Navi Mumbai,19.0777155057838,73.0027923491613,Unfurnished,Apartment,0,0,9,Resale,Ready to Move,,Unknown
Shanti Niketan C H S,13000000,911,3,3,Airoli,Navi Mumbai,19.1609103453837,72.9933968951486,Semi-Furnished,Apartment,0,8,10,Resale,Ready to Move,,Patel Developers
Rose Tower,6500000,634,2,2,Sector 35E Kharghar,Navi Mumbai,19.0671965175572,73.0742738353258,Unfurnished,Apartment,0,7,0,Resale,Ready to Move,,Patel Developers
Dev Balaji Residency,2400000,407,1,1,Panvel,Navi Mumbai,18.9894007,73.1175162,Unfurnished,Apartment,0,18,10,Resale,Ready to Move,,Dev Builders & Developers
Premises Residency,9500000,695,2,2,Kharghar,Navi Mumbai,19.0656721198219,73.05961185164,Furnished,Apartment,0,7,8,Resale,Ready to Move,,Premises Developer
Bhumiraj Meadows,7800000,338,1,2,Airoli,Navi Mumbai,19.1609103453837,72.9933968951486,Unfurnished,Apartment,0,16,10,Resale,Ready to Move,,Bhumiraj Group
Proviso Hill Park,6000000,522,1,2,Kharghar,Navi Mumbai,19.0656721198219,73.05961185164,Furnished,Apartment,0,22,8,Resale,Ready to Move,,Proviso Group
Shah Alpine,6500000,288,1,1,Kharghar,Navi Mumbai,19.0656721198219,73.05961185164,Unfurnished,Apartment,0,16,8,Resale,Ready to Move,,Shah Group Builders & Infraprojects Ltd.
Space India Vaastusiddhi Landmark Riverside,2500000,414,1,2,Panvel,Navi Mumbai,18.9894007,73.1175162,Unfurnished,Apartment,0,26,10,Resale,Ready to Move,,Space India
Advance Vision,6200000,729,2,2,Ulwe,Navi Mumbai,18.9750941,73.052334,Unfurnished,Apartment,0,24,6,Resale,Ready to Move,,Advance Groups
Neelam Heights,5800000,432,1,1,Kharghar,Navi Mumbai,19.0656721198219,73.05961185164,Semi-Furnished,Apartment,0,8,8,Resale,Ready to Move,,Shree sai developers
Nirvaana,4000000,558,1,2,New Panvel,Navi Mumbai,19.0003258753664,73.1153385297118,Unfurnished,Apartment,0,8,5,Resale,Ready to Move,,Nirvaana Developers
Sai Prince,3550000,395,1,1,Ulwe,Navi Mumbai,18.9750941,73.052334,Unfurnished,Apartment,0,30,6,Resale,Ready to Move,,Ganesha Construction
Radha Krishna Complex,6900000,486,1,1,Kamothe,Navi Mumbai,19.0174101252323,73.0958540380712,Unfurnished,Apartment,0,4,3,Resale,Ready to Move,,Gami Group
Green Acres,2500000,493,1,2,Panvel,Navi Mumbai,18.9894007,73.1175162,Semi-Furnished,Apartment,0,8,10,Resale,Ready to Move,,Namo Properties
Neelkanth Vishwa,5800000,633,2,2,New Panvel,Navi Mumbai,19.0003258753664,73.1153385297118,Unfurnished,Apartment,0,5,5,Resale,Ready to Move,,Bhagchand C. Khubchandani
Enkay Garden,3000000,629,2,2,Taloja Panchanand,Navi Mumbai,19.0786912120664,73.0924195199983,Unfurnished,Apartment,0,20,0,Resale,Ready to Move,,Enkay Homes Ltd.
Hallmark Savera,2700000,420,1,1,Taloja,Navi Mumbai,19.074076996436,73.1181841544665,Unfurnished,Apartment,0,7,6,Resale,Under Construction,,Hallmark Enterprises
Pote Nilaya,2978400,421,1,1,New Panvel East,Navi Mumbai,18.998631,73.120102,Unfurnished,Apartment,0,15,3,Resale,Under Construction,,Pote Realty
Ayesha Planet ,2400000,288,1,1,Petali,Navi Mumbai,19.0802342829353,73.0940449295075,Semi-Furnished,Apartment,0,7,0,Resale,Ready to Move,,The Planet Group
Sawan Harmonycbd Belapur,8000000,490,1,2,CBD Belapur,Navi Mumbai,19.0190788324849,73.0384581174593,Semi-Furnished,Apartment,0,0,9,Resale,Ready to Move,,Shree Sawan Builders
Pushpanarayan Complex,3100000,432,1,1,New Panvel,Navi Mumbai,19.0003258753664,73.1153385297118,Unfurnished,Apartment,0,13,5,Resale,Ready to Move,,Space India
Tulip Plaza CHS,5000000,421,1,1,Kharghar,Navi Mumbai,19.0656721198219,73.05961185164,Unfurnished,Apartment,0,0,8,Resale,Ready to Move,,Cooperative Group Housing Society
Anmol Sadan,7500000,673,2,2,Sector 19 Kharghar,Navi Mumbai,19.04955,73.078011,Unfurnished,Apartment,0,8,0,Resale,Ready to Move,,Anmol Developers
Raheja Atlantis,29900000,,3,3,Ghansoli,Navi Mumbai,19.1271933235627,72.9966520846173,Unfurnished,Apartment,0,36,9,Resale,Ready to Move,,Atlantis
Unkown,8500000,,3,3,Kopar Khairane,Navi Mumbai,19.1033695651723,73.0121586680414,Semi-Furnished,Residential House,0,0,10,Resale,Ready to Move,,Unknown
Marathon Nexzone,7800000,451,2,2,Panvel,Navi Mumbai,18.9894007,73.1175162,Furnished,Apartment,0,10,10,Resale,Ready to Move,,Marathon Realty Pvt. Ltd.
Marathon Nexzone,9000000,720,2,2,Panvel,Navi Mumbai,18.9894007,73.1175162,Unfurnished,Apartment,0,10,10,Resale,Ready to Move,,Marathon Realty Pvt. Ltd.
Marathon Nexzone,8000000,625,2,2,Panvel,Navi Mumbai,18.9894007,73.1175162,Unfurnished,Apartment,0,10,10,Resale,Ready to Move,,Marathon Realty Pvt. Ltd.
Marathon Nexzone,9900000,547,2,2,Panvel,Navi Mumbai,18.9894007,73.1175162,Unfurnished,Apartment,0,10,10,Resale,Ready to Move,,Marathon Realty Pvt. Ltd.
Marathon Nexzone,9000000,738,2,2,Panvel,Navi Mumbai,18.9894007,73.1175162,Unfurnished,Apartment,0,10,10,Resale,Ready to Move,,Marathon Realty Pvt. Ltd.
Mahaavir Exotique,13000000,690,3,2,Kharghar,Navi Mumbai,19.0656721198219,73.05961185164,Unfurnished,Apartment,0,32,8,Resale,Ready to Move,1 Covered,Mahaavir Superstructures Private Limited
Shree Labheshwar Pratham,4700000,,1,1,Sector 14 Taloje Panchanand,Navi Mumbai,19.07618688,73.09471104,Semi-Furnished,Apartment,0,28,0,Resale,Ready to Move,1 Open,Shree Labheshwar Developers LLP
Hiranandani Fortune City,7500000,459,1,2,Panvel,Navi Mumbai,18.9894007,73.1175162,Unfurnished,Apartment,0,35,10,New Property,Ready to Move,,Hiranandani Group
Unkown,4500000,398,1,1,Sector 2 Ulwe,Navi Mumbai,18.982763,73.027401,Unfurnished,Apartment,0,0,0,Resale,Ready to Move,,Unknown
Unkown,9000000,,,,Sector 42 Seawoods,Navi Mumbai,19.01909281,73.01749748,Unfurnished,Commercial Shop,0,0,0,Resale,Ready to Move,,Unknown
Arihant Anshula,62000000,,2,2,Taloja,Navi Mumbai,19.074076996436,73.1181841544665,Unfurnished,Apartment,0,19,6,Resale,Ready to Move,,Arihant Superstructures Ltd.
Anant Residency,8600000,,1,1,Roadpali,Navi Mumbai,19.0385501152056,73.0962748008091,Unfurnished,Apartment,0,8,2,Resale,Ready to Move,,Pratik Anant Enterprises
Yash Apartments,8500000,600,2,2,Kharghar,Navi Mumbai,19.0656721198219,73.05961185164,Furnished,Apartment,0,19,8,Resale,Ready to Move,,Yash Developers
Unkown,2500000,395,1,1,,Navi Mumbai,,,Unfurnished,Apartment,0,0,0,Resale,Ready to Move,,Unknown
Unkown,10500000,600,2,1,Adaigaon,Navi Mumbai,19.0110825912093,73.1266944947445,Unfurnished,Residential House,0,0,0,Resale,Ready to Move,,Unknown
Tejas Parth,9900000,,2,2,Khar Kopar,Navi Mumbai,18.9654436273347,73.0155095714941,Unfurnished,Apartment,0,0,0,Resale,Ready to Move,1 Covered,Unknown
Meghna Solitaire,4000000,550,1,1,Taloja,Navi Mumbai,19.074076996436,73.1181841544665,Unfurnished,Apartment,0,10,6,Resale,Ready to Move,,Meghna Builders Pvt. Ltd.
Unkown,3200000,,,,Panvel,Navi Mumbai,18.9894007,73.1175162,Semi-Furnished,Studio Apartment,0,0,10,Resale,Ready to Move,,Unknown
Varun Jai Ganesh Vishnu Bliss,4800000,407,1,2,Ulwe,Navi Mumbai,18.9750941,73.052334,Unfurnished,Apartment,0,4,6,Resale,Ready to Move,,Unknown
Sai Proviso County,4000000,,1,1,Panvel,Navi Mumbai,18.9894007,73.1175162,Unfurnished,Apartment,0,18,10,Resale,Ready to Move,,Proviso Group
5P Gurudev Heights,8500000,,2,2,Kamothe,Navi Mumbai,19.0174101252323,73.0958540380712,Unfurnished,Apartment,0,15,3,Resale,Ready to Move,,5P Group
Qualcon Greenwood Estate,5000000,,2,2,Panvel,Navi Mumbai,18.9894007,73.1175162,Unfurnished,Apartment,0,42,10,Resale,Ready to Move,,Qualcon Properties LLP
Unkown,4900000,418,1,1,Sector 5 Ulwe,Navi Mumbai,18.9800428925109,73.0248941000616,Unfurnished,Apartment,0,0,0,Resale,Ready to Move,,Unknown
Raj Ambar,3800000,640,1,1,Panvel,Navi Mumbai,18.9894007,73.1175162,Unfurnished,Apartment,0,5,10,Resale,Ready to Move,,Radiant Builders
Unkown,750000,,,1,Kopar Khairane,Navi Mumbai,19.1033695651723,73.0121586680414,Unfurnished,Studio Apartment,0,0,10,Resale,Ready to Move,,Unknown
Kalpana Nestor,10000000,1105,2,2,Dronagiri,Navi Mumbai,18.8598511200022,72.9380988664184,Unfurnished,Apartment,0,8,2,Resale,Ready to Move,,Greenscape Kalpana Struct Con
Susheel Garden,7400000,650,2,2,Panvel,Navi Mumbai,18.9894007,73.1175162,Furnished,Apartment,0,0,10,Resale,Ready to Move,,Unknown
Indiabulls Green Phase 2,14500000,,3,3,Panvel,Navi Mumbai,18.9894007,73.1175162,Unfurnished,Apartment,0,47,10,Resale,Ready to Move,,Indiabulls Real Estate Ltd.
Krishna Villa,5000000,,1,1,Ulwe,Navi Mumbai,18.9750941,73.052334,Furnished,Apartment,0,33,6,Resale,Ready to Move,,Radhe Krishna Developers
Unkown,11800000,,1,2,,Navi Mumbai,,,Furnished,Apartment,0,0,0,Resale,Ready to Move,,Unknown
Ishwar Iris,18500000,564,2,2,Seawoods,Navi Mumbai,19.0134923674099,73.0176711021806,Furnished,Apartment,0,9,7,New Property,Ready to Move,703 Covered,Ishwar Group Builders And Developers
Shivam Tulip Elegance,11500000,680,2,2,Ulwe,Navi Mumbai,18.9750941,73.052334,Unfurnished,Apartment,0,2,6,Resale,Ready to Move,,Shivam Buildcon
Unkown,2400000,,,1,Panvel,Navi Mumbai,18.9894007,73.1175162,Unfurnished,Studio Apartment,0,0,1,Resale,Ready to Move,,Unknown
Marathon Nexzone,7200000,626,2,2,Panvel,Navi Mumbai,18.9894007,73.1175162,Unfurnished,Apartment,0,10,10,Resale,Ready to Move,,Marathon Realty Pvt. Ltd.
Platinum Park Syde,17500000,,2,2,Kharghar,Navi Mumbai,19.0656721198219,73.05961185164,Semi-Furnished,Apartment,0,20,8,Resale,Ready to Move,,Platinum Group
Kalpataru Riverside,7800000,,1,2,Panvel,Navi Mumbai,18.9894007,73.1175162,Furnished,Apartment,0,14,10,Resale,Ready to Move,,Kalpataru Ltd.
Aum Sai,15000000,688,,,Sector 7 Kharghar,Navi Mumbai,19.0350622873358,73.0658315651517,Furnished,Commercial Shop,0,0,2,Resale,Ready to Move,5 Open,Unknown
Wadhwa Wise City,5700000,498,2,2,Panvel,Navi Mumbai,18.9894007,73.1175162,Unfurnished,Apartment,0,15,10,Resale,Ready to Move,,The Wadhwa Group
Unkown,4500000,,1,1,Sector 20B Airoli,Navi Mumbai,19.1667804801028,72.9910784513999,Unfurnished,Builder Floor Apartment,0,0,0,Resale,Ready to Move,,Unknown
Unkown,6400000,400,1,1,Kamothe,Navi Mumbai,19.0174101252323,73.0958540380712,Unfurnished,Apartment,0,0,3,Resale,Ready to Move,,Unknown
Skyline Residency,4700000,,1,2,Kharghar,Navi Mumbai,19.0656721198219,73.05961185164,Semi-Furnished,Apartment,0,0,8,Resale,Ready to Move,,Skyline Builders
National Harmony,13500000,,2,2,New Panvel,Navi Mumbai,19.0003258753664,73.1153385297118,Unfurnished,Apartment,0,22,5,Resale,Ready to Move,,National Builders
Gurudev Tower,5800000,,1,1,Ulwe,Navi Mumbai,18.9750941,73.052334,Unfurnished,Apartment,0,0,6,Resale,Ready to Move,,Platinum Constructions
Orient Plaza,17000000,,3,3,Kharghar,Navi Mumbai,19.0656721198219,73.05961185164,Furnished,Apartment,0,16,8,Resale,Ready to Move,2 Covered,Orient Builders and Developers
Unkown,15000000,700,2,2,Kopar Khairane Ghansoli Station Road,Navi Mumbai,19.10510841,73.00921592,Furnished,Builder Floor Apartment,0,0,0,Resale,Ready to Move,,Unknown
Unkown,2200000,295,1,1,Panvel,Navi Mumbai,18.9894007,73.1175162,Unfurnished,Apartment,0,0,10,Resale,Ready to Move,,Unknown
Sun Palm View CHS,10000000,,,,Sanpada,Navi Mumbai,19.0583094914648,73.0164374121942,Unfurnished,Commercial Shop,0,0,9,Resale,Ready to Move,,Cooperative Group Housing Society
Saraswati Enclave,6800000,,1,2,Sector 34 Kharghar,Navi Mumbai,19.0697439393486,73.0803510193809,Semi-Furnished,Apartment,0,7,2,Resale,Ready to Move,,Saraswati Enterprises
Unkown,7500000,760,2,2,,Navi Mumbai,,,Semi-Furnished,Apartment,0,0,0,Resale,Ready to Move,,Unknown
Unkown,9500000,660,2,2,New Panvel East,Navi Mumbai,18.998631,73.120102,Semi-Furnished,Apartment,0,0,3,Resale,Ready to Move,1 Covered,Unknown
Jalvayu Defence Enclave,14000000,760,2,2,Kharghar,Navi Mumbai,19.0656721198219,73.05961185164,Semi-Furnished,Apartment,0,0,8,Resale,Ready to Move,,Unknown
Prayag Yash Phase II,3800000,,1,1,New Panvel,Navi Mumbai,19.0003258753664,73.1153385297118,Unfurnished,Apartment,0,0,5,Resale,Ready to Move,,Prayag Builders and Developers
Swapnapurti CHS,4400000,400,1,1,Kharghar,Navi Mumbai,19.0656721198219,73.05961185164,Unfurnished,Apartment,0,51,8,Resale,Ready to Move,,Cooperative Group Housing Society
Adhiraj Samyama,13000000,,2,2,Kharghar,Navi Mumbai,19.0656721198219,73.05961185164,Unfurnished,Apartment,0,39,8,Resale,Ready to Move,,Adhiraj Constructions
Unkown,12000000,,,,Kalamboli,Navi Mumbai,19.0311212885643,73.1052711758489,Unfurnished,Commercial Shop,0,0,5,Resale,Ready to Move,,Unknown
Bhoomi Colossa,18000000,,2,2,Airoli,Navi Mumbai,19.1609103453837,72.9933968951486,Furnished,Apartment,0,19,10,Resale,Ready to Move,,Gazara Group
Konnark River City,6000000,,2,2,Panvel,Navi Mumbai,18.9894007,73.1175162,Furnished,Apartment,0,26,10,Resale,Ready to Move,,Konnark Township Pvt Ltd
Unkown,8500000,,2,2,,Navi Mumbai,,,Semi-Furnished,Apartment,0,0,0,Resale,Ready to Move,,Unknown
Unkown,3200000,,1,1,New Panvel,Navi Mumbai,19.0003258753664,73.1153385297118,Unfurnished,Builder Floor Apartment,0,0,5,Resale,Ready to Move,,Unknown
Unkown,3500000,550,2,1,Dighe,Navi Mumbai,19.1805066175777,73.0075227468547,Unfurnished,Builder Floor Apartment,0,0,1,Resale,Ready to Move,,Unknown
Sai Fortune,13000000,757,2,2,Ulwe,Navi Mumbai,18.9750941,73.052334,Semi-Furnished,Apartment,0,28,6,New Property,Ready to Move,,Paradise Group
Unkown,6500000,450,1,1,Sector 22 Kamothe,Navi Mumbai,19.01411059,73.10136689,Semi-Furnished,Apartment,0,0,0,Resale,Ready to Move,,Unknown
Elite Residency,6000000,480,1,1,Ulwe,Navi Mumbai,18.9750941,73.052334,Unfurnished,Apartment,0,6,6,Resale,Ready to Move,,JS Developers
Fortune Calypso,4450000,620,2,2,Panvel,Navi Mumbai,18.9894007,73.1175162,Unfurnished,Apartment,0,0,10,Resale,Ready to Move,,Unknown
Unkown,8030000,,2,2,Kharghar,Navi Mumbai,19.0656721198219,73.05961185164,Semi-Furnished,Apartment,0,0,8,Resale,Ready to Move,16 Open,Unknown
RS Residency,8500000,,1,2,Kharghar,Navi Mumbai,19.0656721198219,73.05961185164,Unfurnished,Apartment,0,23,8,Resale,Ready to Move,,RS Builders & Developers
Unkown,7000000,,,,Seawoods,Navi Mumbai,19.0134923674099,73.0176711021806,Furnished,Commercial Shop,0,0,7,Resale,Ready to Move,,Unknown
Space India Amulyam,4500000,530,2,2,Panvel,Navi Mumbai,18.9894007,73.1175162,Semi-Furnished,Apartment,0,12,10,Resale,Ready to Move,"1 Covered, 1 Open",SPACE INDIA builders and developers
Unkown,5200000,792,2,2,Ulwe,Navi Mumbai,18.9750941,73.052334,Semi-Furnished,Apartment,0,0,6,Resale,Ready to Move,,Unknown
Unkown,2400000,479,1,1,Khopoli,Navi Mumbai,18.7980131509559,73.3372686360754,Unfurnished,Apartment,0,0,2,Resale,Under Construction,,Unknown
Paradise Sai World City,24000000,2280,4,4,Panvel,Navi Mumbai,18.9894007,73.1175162,Unfurnished,Apartment,0,38,10,Resale,Under Construction,,Paradise Group
Sai Sangh CHS,6800000,288,1,1,Nerul,Navi Mumbai,19.034973,73.02228,Semi-Furnished,Apartment,0,0,8,Resale,Ready to Move,,Cooperative Group Housing Society
Paradise Sai Solitaire,18500000,1188,3,3,Kharghar,Navi Mumbai,19.0656721198219,73.05961185164,Unfurnished,Apartment,0,0,8,Resale,Ready to Move,,Unknown
Anmol Sankalp,9100000,749,2,2,Ulwe,Navi Mumbai,18.9750941,73.052334,Unfurnished,Apartment,0,0,6,Resale,Ready to Move,,Anmol Developers
Sai Yashaskaram,13500000,786,2,2,Kharghar,Navi Mumbai,19.0656721198219,73.05961185164,Semi-Furnished,Apartment,0,0,8,Resale,Ready to Move,,Unknown
Bhairaav Goldcrest Residency,9800000,499,1,1,Ghansoli,Navi Mumbai,19.1271933235627,72.9966520846173,Unfurnished,Apartment,0,16,9,Resale,Ready to Move,,Bhairaav Group
Palm Spring,8600000,454,1,1,Airoli,Navi Mumbai,19.1609103453837,72.9933968951486,Furnished,Apartment,0,9,10,Resale,Ready to Move,,Raheja Developers Ltd.
Palm Spring,8600000,454,1,1,Airoli,Navi Mumbai,19.1609103453837,72.9933968951486,Furnished,Apartment,0,9,10,Resale,Ready to Move,,Raheja Developers Ltd.
Shree Pandurang Apartments,13500000,771,2,2,Nerul,Navi Mumbai,19.034973,73.02228,Semi-Furnished,Apartment,0,0,8,Resale,Ready to Move,,Unknown
Kukreja Amber,7790000,655,2,2,Ulwe,Navi Mumbai,18.9750941,73.052334,Unfurnished,Apartment,0,10,6,Resale,Ready to Move,,Kukreja Builders
Haware Splendor,9900000,936,2,2,Sector 20 Kharghar,Navi Mumbai,19.0499727808114,73.0725224614798,Unfurnished,Apartment,0,20,1,Resale,Ready to Move,,Haware Engineers & Builders Pvt Ltd
Vishwa Siyona,8500000,846,2,2,Sector 23 Ulwe,Navi Mumbai,18.9787366471365,73.0347665307859,Semi-Furnished,Apartment,0,22,0,Resale,Ready to Move,,Vishwa Green Realtors Pvt. Ltd.
Godrej City,7100000,504,2,2,New Panvel,Navi Mumbai,19.0003258753664,73.1153385297118,,Apartment,0,45,5,Resale,Under Construction,,Godrej Properties
Vaishali Apartment,8000000,482,1,1,Ghansoli,Navi Mumbai,19.1271933235627,72.9966520846173,Unfurnished,Apartment,0,4,9,Resale,Ready to Move,,Shree Vaishnavi Estates Consultant and Developers
Anmol Sadan,10500000,1135,3,3,Sector 19 Kharghar,Navi Mumbai,19.04955,73.078011,Semi-Furnished,Apartment,0,8,0,Resale,Ready to Move,,Anmol Developers
Arihant Krupa,11000000,792,2,2,Kharghar,Navi Mumbai,19.0656721198219,73.05961185164,Semi-Furnished,Apartment,0,18,8,Resale,Ready to Move,,Arihant Superstructures Ltd.
Arihant Krupa,10500000,788,2,2,Kharghar,Navi Mumbai,19.0656721198219,73.05961185164,Furnished,Apartment,0,18,8,Resale,Ready to Move,,Arihant Superstructures Ltd.
Pratik Gems,14000000,941,3,3,Kamothe,Navi Mumbai,19.0174101252323,73.0958540380712,Semi-Furnished,Apartment,0,18,3,Resale,Ready to Move,,Pratik Group Of Companies
Radhey Heritage,4000000,666,2,2,Panvel,Navi Mumbai,18.9894007,73.1175162,Unfurnished,Apartment,0,10,10,Resale,Ready to Move,,Radhey Properties Builders
Kartikya Park,3300000,464,1,1,Panvel,Navi Mumbai,18.9894007,73.1175162,Unfurnished,Apartment,0,9,10,Resale,Ready to Move,,Space India Builders & Developers
Platinum The Springs,17000000,1464,3,3,Roadpali,Navi Mumbai,19.0385501152056,73.0962748008091,Furnished,Apartment,0,31,2,Resale,Ready to Move,,Platinum Group Builders
Indiabulls Greens Panvel,6500000,897,2,2,Panvel,Navi Mumbai,18.9894007,73.1175162,Semi-Furnished,Apartment,0,56,10,Resale,Ready to Move,,Indiabulls Greens
Indiabulls Greens Panvel,11000000,1228,3,3,Panvel,Navi Mumbai,18.9894007,73.1175162,Furnished,Apartment,0,56,10,Resale,Ready to Move,,Indiabulls Greens
Unkown,37500000,1254,3,3,Palm Beach Road,Navi Mumbai,19.0436434618423,73.0081932372663,Semi-Furnished,Apartment,0,0,6,Resale,Ready to Move,,Unknown
S M River,5000000,720,2,2,Taloja,Navi Mumbai,19.074076996436,73.1181841544665,Unfurnished,Apartment,0,0,6,Resale,Ready to Move,,S M Hitech
Pratik Gardens,13000000,,2,2,Sector 34 Kamothe,Navi Mumbai,19.02015073,73.08625647,Unfurnished,Apartment,0,22,0,Resale,Ready to Move,,Pratik Enterprises
Kesar Gardens,23000000,,3,3,Kharghar,Navi Mumbai,19.0656721198219,73.05961185164,Furnished,Apartment,0,28,8,Resale,Ready to Move,,Kesar Group
Wadhwa Wise City,9300000,630,2,2,Panvel,Navi Mumbai,18.9894007,73.1175162,Semi-Furnished,Apartment,0,15,10,New Property,Ready to Move,,The Wadhwa Group
QN Greens,4000000,,1,1,Taloja,Navi Mumbai,19.074076996436,73.1181841544665,Unfurnished,Apartment,0,15,6,Resale,Ready to Move,,Qualitas Naman Group
Unkown,6000000,368,1,1,Kamothe,Navi Mumbai,19.0174101252323,73.0958540380712,Unfurnished,Builder Floor Apartment,0,0,3,Resale,Ready to Move,,Unknown
Moraj Residency,21000000,,2,2,Sanpada,Navi Mumbai,19.0583094914648,73.0164374121942,Semi-Furnished,Apartment,0,20,9,Resale,Ready to Move,,Moraj Infratech Builders
Unkown,12000000,705,2,2,Kopar Khairane,Navi Mumbai,19.1033695651723,73.0121586680414,Semi-Furnished,Apartment,0,0,10,Resale,Ready to Move,,Unknown
Mhalsa Residency,12000000,,2,2,Kamothe,Navi Mumbai,19.0174101252323,73.0958540380712,Furnished,Apartment,0,8,3,Resale,Ready to Move,,Mhalsa Constructions
Unkown,30000000,,,,Vardoli,Navi Mumbai,18.972472798888884,73.19653162911445,,Agricultural Land,0,0,0,Resale,,,Unknown
EV Heart CIty,4500000,359,1,2,Mosare,Navi Mumbai,18.9589879278364,73.089748851775,Unfurnished,Apartment,0,9,0,Resale,Ready to Move,,E.V. Homes Constructions Pvt. Ltd.
Satyam Heights II,12500000,700,2,2,Sector 10 Kharghar,Navi Mumbai,19.0347856231581,73.0754657441173,Unfurnished,Apartment,0,4,0,Resale,Ready to Move,1 Open,Satyam Developers
Unkown,3500000,,1,1,Owe Village,Navi Mumbai,19.067039,73.070205,Semi-Furnished,Apartment,0,0,0,Resale,Ready to Move,,Unknown
Vishesh Balaji Symphony,20284410,,3,,Panvel,Navi Mumbai,18.9894007,73.1175162,,Apartment,0,36,10,,,,Vishesh Group
Shivam C H S,6500000,120,,1,Airoli,Navi Mumbai,19.1609103453837,72.9933968951486,Unfurnished,Commercial Office Space,0,9,10,Resale,Ready to Move,,R R Constructions
Pinnacle Dreamz,5200000,495,1,2,Phase 2 Taloja,Navi Mumbai,19.0724911057852,73.0995037912802,Unfurnished,Apartment,0,14,0,Resale,Ready to Move,,Pinnacle Construction
Waters Edge,2400000,,1,1,Panvel,Navi Mumbai,18.9894007,73.1175162,Unfurnished,Apartment,0,43,10,Resale,Ready to Move,,Water Edge Qualcon
PARADISE Sai Icon,19000000,,2,2,Kharghar,Navi Mumbai,19.0656721198219,73.05961185164,Semi-Furnished,Apartment,0,53,8,Resale,Ready to Move,,PARADISE GROUP BUILDERS & DEVELOPERS
Ishwar Iris,14500000,875,2,2,Seawoods,Navi Mumbai,19.0134923674099,73.0176711021806,Semi-Furnished,Apartment,0,9,7,Resale,Ready to Move,,Ishwar Group Builders And Developers
Shree Complex,3100000,490,1,1,Panvel,Navi Mumbai,18.9894007,73.1175162,Semi-Furnished,Apartment,0,16,10,Resale,Ready to Move,,Shree Enterprises
Shree Complex,4950000,454,1,2,Panvel,Navi Mumbai,18.9894007,73.1175162,Semi-Furnished,Apartment,0,16,10,Resale,Ready to Move,,Shree Enterprises
Qualitas Garden,3700000,458,1,1,Panvel,Navi Mumbai,18.9894007,73.1175162,Semi-Furnished,Apartment,0,24,10,Resale,Ready to Move,,Qualitas Lifespaces
Qualitas Garden,3400000,458,1,1,Panvel,Navi Mumbai,18.9894007,73.1175162,Semi-Furnished,Apartment,0,24,10,Resale,Ready to Move,,Qualitas Lifespaces
Qualitas Garden,3500000,456,1,1,Panvel,Navi Mumbai,18.9894007,73.1175162,Semi-Furnished,Apartment,0,24,10,Resale,Ready to Move,,Qualitas Lifespaces
Qualitas Garden,3200000,451,1,1,Panvel,Navi Mumbai,18.9894007,73.1175162,Unfurnished,Apartment,0,24,10,Resale,Ready to Move,,Qualitas Lifespaces
Qualitas Garden,4200000,549,2,1,Panvel,Navi Mumbai,18.9894007,73.1175162,Unfurnished,Apartment,0,24,10,Resale,Ready to Move,,Qualitas Lifespaces
Divya Heights,4600000,360,1,1,Taloja,Navi Mumbai,19.074076996436,73.1181841544665,Unfurnished,Apartment,0,16,6,Resale,Ready to Move,,Divya Group
Mannat,3200000,440,1,1,Taloja,Navi Mumbai,19.074076996436,73.1181841544665,Unfurnished,Apartment,0,1,6,Resale,Ready to Move,,Muktistar Construction
Spring Fields,9000000,743,2,2,Roadpali,Navi Mumbai,19.0385501152056,73.0962748008091,Unfurnished,Apartment,0,8,2,Resale,Ready to Move,,Hitech Properties
A K Plaza,3600000,472,1,1,Taloja,Navi Mumbai,19.074076996436,73.1181841544665,Unfurnished,Apartment,0,8,6,Resale,Ready to Move,,A K Developer
A K Plaza,3650000,472,1,1,Taloja,Navi Mumbai,19.074076996436,73.1181841544665,Unfurnished,Apartment,0,8,6,Resale,Ready to Move,,A K Developer
Sai Swarg,12500000,1055,3,3,New Panvel,Navi Mumbai,19.0003258753664,73.1153385297118,Semi-Furnished,Apartment,0,7,5,Resale,Ready to Move,,PARADISE GROUP BUILDERS & DEVELOPERS
Sai Swarg,13000000,1019,3,2,New Panvel,Navi Mumbai,19.0003258753664,73.1153385297118,Semi-Furnished,Apartment,0,7,5,Resale,Ready to Move,,PARADISE GROUP BUILDERS & DEVELOPERS
Qualcon Greenwood Estate Phase 2,3400000,464,1,1,Panvel,Navi Mumbai,18.9894007,73.1175162,Furnished,Apartment,0,43,10,Resale,Ready to Move,,Qualcon Properties LLP
Qualcon Greenwood Estate Phase 2,3100000,455,1,1,Panvel,Navi Mumbai,18.9894007,73.1175162,Semi-Furnished,Apartment,0,43,10,Resale,Ready to Move,,Qualcon Properties LLP
Qualcon Greenwood Estate Phase 2,5000000,660,2,2,Panvel,Navi Mumbai,18.9894007,73.1175162,Unfurnished,Apartment,0,43,10,Resale,Ready to Move,,Qualcon Properties LLP
Qualcon Greenwood Estate Phase 2,3000000,307,1,1,New Panvel,Navi Mumbai,19.0003258753664,73.1153385297118,Unfurnished,Apartment,0,43,5,Resale,Ready to Move,,Qualcon Properties LLP
Qualcon Greenwood Estate Phase 2,3000000,455,1,1,Panvel,Navi Mumbai,18.9894007,73.1175162,Unfurnished,Apartment,0,43,10,Resale,Ready to Move,,Qualcon Properties LLP
Neelsiddhi Vinayak Complex ,4200000,647,2,2,New Panvel,Navi Mumbai,19.0003258753664,73.1153385297118,Unfurnished,Apartment,0,0,5,Resale,Ready to Move,,Neelsidhi Group
Shivani Heritage,2900000,418,1,1,Panvel,Navi Mumbai,18.9894007,73.1175162,Semi-Furnished,Apartment,0,21,10,Resale,Ready to Move,,NM Group
Nirmiti Garden,4500000,757,2,2,Panvel,Navi Mumbai,18.9894007,73.1175162,Unfurnished,Apartment,0,0,10,Resale,Ready to Move,,Unknown
Nirmiti Garden,4500000,757,2,2,Panvel,Navi Mumbai,18.9894007,73.1175162,Unfurnished,Apartment,0,0,10,Resale,Ready to Move,,Unknown
Pushpanarayan Complex,3300000,432,1,1,New Panvel,Navi Mumbai,19.0003258753664,73.1153385297118,Unfurnished,Apartment,0,13,5,Resale,Ready to Move,,Space India
Om villa,23000000,,3,3,Nerul,Navi Mumbai,19.034973,73.02228,Unfurnished,Apartment,0,0,8,Resale,Ready to Move,,Unknown
Arihant Anaika,7500000,799,2,2,Taloja,Navi Mumbai,19.074076996436,73.1181841544665,Semi-Furnished,Apartment,0,20,6,Resale,Ready to Move,,Arihant Superstructures Ltd
Arihant Anaika,5800000,482,2,2,Taloja,Navi Mumbai,19.074076996436,73.1181841544665,Unfurnished,Apartment,0,20,6,Resale,Ready to Move,,Arihant Superstructures Ltd
Siddhivinayak Mahima,6040950,,1,,Taloja,Navi Mumbai,19.074076996436,73.1181841544665,,Apartment,0,20,6,,,,Space India
Unkown,11000000,610,2,2,Ulwe,Navi Mumbai,18.9750941,73.052334,Semi-Furnished,Apartment,0,0,6,Resale,Ready to Move,,Unknown
Krishna Villa,5000000,,1,1,Ulwe,Navi Mumbai,18.9750941,73.052334,Unfurnished,Apartment,0,33,6,Resale,Ready to Move,,Radhe Krishna Developers
Qualcon Greenwood Estate,4500000,941,2,2,New Panvel,Navi Mumbai,19.0003258753664,73.1153385297118,Unfurnished,Apartment,0,42,5,Resale,Ready to Move,,Qualcon Properties LLP
Raje Shivaji Sankul,2800000,449,1,1,New Panvel,Navi Mumbai,19.0003258753664,73.1153385297118,Unfurnished,Apartment,0,5,5,Resale,Ready to Move,,Bayama Constructions
Raje Shivaji Sankul,3500000,583,2,2,New Panvel,Navi Mumbai,19.0003258753664,73.1153385297118,Unfurnished,Apartment,0,5,5,Resale,Ready to Move,,Bayama Constructions
Raje Shivaji Sankul,4200000,620,2,2,New Panvel,Navi Mumbai,19.0003258753664,73.1153385297118,Semi-Furnished,Apartment,0,5,5,Resale,Ready to Move,,Bayama Constructions
Raje Shivaji Sankul,2600000,439,1,1,New Panvel,Navi Mumbai,19.0003258753664,73.1153385297118,Unfurnished,Apartment,0,5,5,Resale,Ready to Move,,Bayama Constructions
Aditi Naivedya Stuthi,4800000,462,1,1,Sector 19B Ulwe,Navi Mumbai,18.9717998938419,73.0246980875072,Unfurnished,Apartment,0,0,1,Resale,Ready to Move,,Unknown
NRI Complex Phase 2,31000000,923,2,3,Palm Beach Road,Navi Mumbai,19.0436434618423,73.0081932372663,Semi-Furnished,Apartment,0,0,6,Resale,Ready to Move,,Unknown
Dev Ashish,3150000,468,1,2,Taloja,Navi Mumbai,19.074076996436,73.1181841544665,Unfurnished,Apartment,0,7,6,Resale,Ready to Move,,Dev Krupa Enterprises
Anmol Sadan,8000000,678,2,2,Kharghar,Navi Mumbai,19.0656721198219,73.05961185164,Semi-Furnished,Apartment,0,8,8,Resale,Ready to Move,,Anmol Developers
Dev Prasad Complex,12320000,1109,3,3,Kharghar,Navi Mumbai,19.0656721198219,73.05961185164,Unfurnished,Apartment,0,7,8,Resale,Ready to Move,,Dev Kripa Enterprise
Phoniex Heights,4500000,457,1,1,Roadpali,Navi Mumbai,19.0385501152056,73.0962748008091,Unfurnished,Apartment,0,17,2,Resale,Ready to Move,,Vision Associate
Enkay Garden,2500000,489,1,1,Taloja Panchanand,Navi Mumbai,19.0786912120664,73.0924195199983,Unfurnished,Apartment,0,20,0,Resale,Ready to Move,,Enkay Homes Ltd.
Unkown,11000000,850,2,2,Ulwe,Navi Mumbai,18.9750941,73.052334,Unfurnished,Apartment,0,0,6,Resale,Ready to Move,1 Open,Unknown
Tulsa Namdev Residency,6800000,400,1,1,Ulwe,Navi Mumbai,18.9750941,73.052334,Unfurnished,Apartment,0,32,6,Resale,Ready to Move,,Bathija Group
Unkown,6750000,424,1,1,Sector 26 Vashi,Navi Mumbai,19.0895770412048,73.0135325367252,Semi-Furnished,Apartment,0,0,1,Resale,Ready to Move,,Unknown
Unkown,2500000,650,1,2,,Navi Mumbai,,,Unfurnished,Apartment,0,0,0,Resale,Ready to Move,1 Covered,Unknown
Sai Baba Apartment,2200000,475,1,1,Khanda Colony,Navi Mumbai,19.0060589882185,73.1090163976725,Unfurnished,Apartment,0,0,3,Resale,Ready to Move,,Unknown
Bhagwanji Dharamshi  Regious,4500000,,,,Sector 12 Kharghar,Navi Mumbai,19.043551,73.066347,Semi-Furnished,Commercial Shop,0,10,1,Resale,Ready to Move,,Bhagwanji Dharamshi Minat
Cidco Valley Shilp,8600000,611,2,1,Sector 36 Kharghar,Navi Mumbai,19.0719499906313,73.080639190968,Unfurnished,Apartment,0,0,0,Resale,Ready to Move,"2 Covered, 1 Open",Unknown
Unkown,4800000,450,1,1,Kharghar,Navi Mumbai,19.0656721198219,73.05961185164,Unfurnished,Apartment,0,4,8,Resale,Ready to Move,,Unknown
Indiabulls Golf City,3000000,,1,2,Panvel,Navi Mumbai,18.9894007,73.1175162,Unfurnished,Apartment,0,31,10,Resale,Ready to Move,,Indiabulls Real Estate Ltd.
Neelkanth Pride,7350000,,1,2,Ulwe,Navi Mumbai,18.9750941,73.052334,Unfurnished,Apartment,0,12,6,Resale,Ready to Move,,Unknown
Grow Riverside Greens,3500000,440,1,1,New Panvel,Navi Mumbai,19.0003258753664,73.1153385297118,Unfurnished,Apartment,0,16,5,Resale,Ready to Move,1 Open,GrowHomes
Arihant Clan Aalishan,18000000,1050,3,3,Kharghar,Navi Mumbai,19.0656721198219,73.05961185164,Unfurnished,Apartment,0,41,8,Resale,Under Construction,,Arihant Superstructures Ltd.
Ecostar Qualcon Green Meadows,2800000,410,1,1,Panvel,Navi Mumbai,18.9894007,73.1175162,Semi-Furnished,Apartment,0,11,10,Resale,Ready to Move,,Ecostar Qualcon Properties LLP
Unkown,5100000,,1,1,Kamothe,Navi Mumbai,19.0174101252323,73.0958540380712,Semi-Furnished,Apartment,0,0,3,Resale,Ready to Move,,Unknown
Konnark Meadows,2200000,203,1,1,Chindhran,Navi Mumbai,19.0718372660336,73.1571650481613,Unfurnished,Apartment,0,3,0,New Property,Ready to Move,,Konnark Developers
Aastha River View,4600000,,1,2,Taloja,Navi Mumbai,19.074076996436,73.1181841544665,Unfurnished,Apartment,0,34,6,Resale,Ready to Move,,Aastha Buildcon
Unkown,16500000,1050,3,3,Vashi,Navi Mumbai,19.0777155057838,73.0027923491613,Unfurnished,Residential House,0,0,9,Resale,Ready to Move,,Unknown
Unkown,1800000,375,1,1,Nerul,Navi Mumbai,19.034973,73.02228,Unfurnished,Builder Floor Apartment,0,0,8,Resale,Ready to Move,,Unknown
K K Pratik Avenue,18200000,,2,2,Ulwe,Navi Mumbai,18.9750941,73.052334,Semi-Furnished,Apartment,0,0,6,Resale,Ready to Move,1 Open,Unknown
Lodha Crown Taloja,2500000,,1,1,Taloja,Navi Mumbai,19.074076996436,73.1181841544665,Semi-Furnished,Apartment,0,6,6,Resale,Ready to Move,,Lodha Developers Limited
Unkown,32000000,1485,,3,Sector 11 CBD Belapur,Navi Mumbai,19.016892,73.041268,Unfurnished,Commercial Office Space,0,0,0,Resale,Ready to Move,,Unknown
Mangala Residency,5300000,430,1,2,Pendhar,Navi Mumbai,19.06452092,73.10396232,Unfurnished,Apartment,0,0,0,Resale,Ready to Move,,Unknown
Manas Vasudha,17000000,,2,2,Ulwe,Navi Mumbai,18.9750941,73.052334,Semi-Furnished,Apartment,0,13,6,Resale,Ready to Move,,Manas Group
Thakur Patio,5500000,325,1,1,Ulwe,Navi Mumbai,18.9750941,73.052334,Semi-Furnished,Apartment,0,0,6,Resale,Ready to Move,,Unknown
Wadhwa Wise City,5900000,390,1,1,Panvel,Navi Mumbai,18.9894007,73.1175162,Semi-Furnished,Apartment,0,15,10,Resale,Ready to Move,,The Wadhwa Group
Unkown,5200000,420,1,1,Sector 9 Ulwe,Navi Mumbai,18.9714376482715,73.0180411108987,Unfurnished,Apartment,0,0,0,Resale,Ready to Move,,Unknown
Unkown,10500000,,2,2,Nerul,Navi Mumbai,19.034973,73.02228,Semi-Furnished,Builder Floor Apartment,0,0,8,Resale,Ready to Move,1 Open,Unknown
Unkown,6500000,480,1,1,,Navi Mumbai,,,Unfurnished,Apartment,0,0,0,Resale,Ready to Move,,Unknown
Unkown,5400000,275,1,1,CBD Belapur,Navi Mumbai,19.0190788324849,73.0384581174593,Unfurnished,Apartment,0,0,9,Resale,Ready to Move,,Unknown
Hill View,5000000,426,1,2,Kharghar,Navi Mumbai,19.0656721198219,73.05961185164,Unfurnished,Apartment,0,7,8,Resale,Ready to Move,,S V Developers
Balaji Neel Delta,8900000,,2,2,Ulwe,Navi Mumbai,18.9750941,73.052334,Unfurnished,Apartment,0,5,6,New Property,Ready to Move,,Balaji Group
Star Complex,5500000,324,1,1,Ghansoli,Navi Mumbai,19.1271933235627,72.9966520846173,Semi-Furnished,Apartment,0,0,9,Resale,Ready to Move,,Unknown
Jijau CHS,6900000,641,2,2,Kamothe,Navi Mumbai,19.0174101252323,73.0958540380712,Unfurnished,Apartment,0,0,3,Resale,Ready to Move,,Manas Developers
Goodwill Heritage,9500000,792,2,2,Kopar Khairane,Navi Mumbai,19.1033695651723,73.0121586680414,Semi-Furnished,Apartment,0,6,10,Resale,Ready to Move,,Goodwill Developers
Radhe Krishna CHS,20000000,864,2,2,Sanpada,Navi Mumbai,19.0583094914648,73.0164374121942,Unfurnished,Apartment,0,0,9,Resale,Ready to Move,,Cooperative Group Housing Society
Sankalp Riddhi Siddhi Heights,5500000,,1,2,Sector 18 Ulwe,Navi Mumbai,18.9678540805294,73.0229620988582,Unfurnished,Apartment,0,9,0,Resale,Ready to Move,,Sankalp Group
Shelter Park,11000000,864,2,2,Kharghar,Navi Mumbai,19.0656721198219,73.05961185164,Furnished,Apartment,0,21,8,Resale,Ready to Move,,Shelter Builders & Developers
Bhumiraj Woods,9000000,558,2,2,Kharghar,Navi Mumbai,19.0656721198219,73.05961185164,Unfurnished,Apartment,0,24,8,Resale,Ready to Move,,Bhumiraj Group
Platinum Palacio,5400000,486,1,1,Sector 23 Ulwe,Navi Mumbai,18.9787366471365,73.0347665307859,Semi-Furnished,Apartment,0,38,0,Resale,Ready to Move,,Platinum Group
Progressives Icon,16500000,1062,3,3,Ulwe,Navi Mumbai,18.9750941,73.052334,Furnished,Apartment,0,13,6,Resale,Ready to Move,,Progressive Group
Gurukrupa,9500000,504,2,2,Airoli,Navi Mumbai,19.1609103453837,72.9933968951486,Unfurnished,Apartment,0,7,10,Resale,Ready to Move,,Haware Group
Hira Laxmi Heights,9600000,706,2,2,Ulwe,Navi Mumbai,18.9750941,73.052334,Unfurnished,Apartment,0,15,6,Resale,Ready to Move,,JHV Construction Company Pvt. Ltd.
Grow Riverside Greens,2600000,454,1,1,New Panvel,Navi Mumbai,19.0003258753664,73.1153385297118,Unfurnished,Apartment,0,16,5,Resale,Ready to Move,,GrowHomes
Paradise Sai Crystals,3800000,518,1,1,Kharghar,Navi Mumbai,19.0656721198219,73.05961185164,Semi-Furnished,Apartment,0,17,8,Resale,Ready to Move,,Paradise Group
Sairaj Golden View,2200000,407,1,1,Panvel,Navi Mumbai,18.9894007,73.1175162,Unfurnished,Apartment,0,18,10,Resale,Ready to Move,,Sairaj Constructions
Jewel Gardens,4000000,757,2,2,Panvel,Navi Mumbai,18.9894007,73.1175162,Unfurnished,Apartment,0,0,10,Resale,Ready to Move,,Unknown
Siddhivinayak Apartment,3500000,360,1,1,Kopar Khairane,Navi Mumbai,19.1033695651723,73.0121586680414,Semi-Furnished,Apartment,0,8,10,Resale,Ready to Move,,A V Constructions
Shree Aaradhana,6300000,324,1,1,Sanpada,Navi Mumbai,19.0583094914648,73.0164374121942,Unfurnished,Apartment,0,0,9,Resale,Ready to Move,,Shree Developers
Akshar Green World,19500000,,2,2,Airoli,Navi Mumbai,19.1609103453837,72.9933968951486,Semi-Furnished,Apartment,0,29,10,Resale,Ready to Move,,Akshar Group
Kartik Regency,3850000,396,1,1,CBD Belapur,Navi Mumbai,19.0190788324849,73.0384581174593,Unfurnished,Apartment,0,0,9,Resale,Ready to Move,,Unknown
Om Dwarkanath CHS,10500000,540,2,2,Nerul,Navi Mumbai,19.034973,73.02228,Semi-Furnished,Apartment,0,0,8,Resale,Ready to Move,,Cooperative Group Housing Society
Enkay Garden,1990000,554,1,2,Taloja Panchanand,Navi Mumbai,19.0786912120664,73.0924195199983,Unfurnished,Apartment,0,20,0,Resale,Ready to Move,,Enkay Homes Ltd.
Ecovistas,8500000,750,2,2,Mahape,Navi Mumbai,19.1231028484763,73.0348871793876,Furnished,Apartment,0,17,1,Resale,Ready to Move,"1 Covered, 1 Open",Ecovistas
Unkown,11100000,,,,Taloja,Navi Mumbai,19.074076996436,73.1181841544665,,Industrial Shed,0,0,6,Resale,Ready to Move,,Unknown
Today Royal Belantara,2700000,,1,2,Rasayani,Navi Mumbai,18.8956516083249,73.1761766681785,Semi-Furnished,Apartment,0,0,4,Resale,Ready to Move,,Unknown
Unkown,4000000,,,,Panvel,Navi Mumbai,18.9894007,73.1175162,Furnished,Commercial Shop,0,0,10,Resale,Ready to Move,,Unknown
Unkown,8000000,,,,Panvel,Navi Mumbai,18.9894007,73.1175162,,Residential Plot,0,0,10,Resale,,,Unknown
Sun Niwas,31500000,1070,3,3,Vashi,Navi Mumbai,19.0777155057838,73.0027923491613,Unfurnished,Apartment,0,0,9,Resale,Ready to Move,1 Covered,Unknown
Krishna valley,2050000,380,1,1,Khopoli,Navi Mumbai,18.7980131509559,73.3372686360754,Semi-Furnished,Apartment,0,12,2,Resale,Ready to Move,,Space India Builders & Developers
Unkown,1500000,175,1,1,,Navi Mumbai,,,Semi-Furnished,Apartment,0,0,0,Resale,Ready to Move,,Unknown
Haware Nisarga Co Operetive Housing Society Padaghe,2500000,,1,1,Taloja,Navi Mumbai,19.074076996436,73.1181841544665,Furnished,Builder Floor Apartment,0,0,6,Resale,Ready to Move,,Unknown
Ecovistas,7000000,620,2,2,Mahape,Navi Mumbai,19.1231028484763,73.0348871793876,Unfurnished,Apartment,0,17,1,Resale,Ready to Move,,Ecovistas
Unkown,9200000,,2,2,,Navi Mumbai,,,Unfurnished,Apartment,0,0,0,Resale,Ready to Move,1 Open,Unknown
Unkown,4551000,,1,2,,Navi Mumbai,,,Semi-Furnished,Apartment,0,0,0,Resale,Ready to Move,,Unknown
Unkown,4600000,550,1,1,,Navi Mumbai,,,Unfurnished,Apartment,0,0,0,Resale,Ready to Move,,Unknown
Srishti Paradise,6100000,,1,1,Ulwe,Navi Mumbai,18.9750941,73.052334,Unfurnished,Apartment,0,19,6,Resale,Ready to Move,,Srishti Developers
Unkown,2000000,280,,2,Akurli,Navi Mumbai,19.00792958,73.14191527,Unfurnished,Studio Apartment,0,0,0,Resale,Ready to Move,,Unknown
Kesar Exotica,40000000,,4,4,Kharghar,Navi Mumbai,19.0656721198219,73.05961185164,Furnished,Apartment,0,19,8,New Property,Ready to Move,1 Covered,Kesar Group
Elite Homes,12500000,,3,2,Kharghar,Navi Mumbai,19.0656721198219,73.05961185164,Furnished,Apartment,0,8,8,Resale,Ready to Move,,Nathdwara Developers
Deep City,4500000,,2,2,Panvel,Navi Mumbai,18.9894007,73.1175162,Semi-Furnished,Apartment,0,8,10,Resale,Ready to Move,,Deep Milan Enterprises
Unkown,12800000,,1,2,Nerul,Navi Mumbai,19.034973,73.02228,Semi-Furnished,Builder Floor Apartment,0,0,8,Resale,Ready to Move,1 Open,Unknown
Saomya Fortune Calypso,2300000,366,1,1,New Panvel,Navi Mumbai,19.0003258753664,73.1153385297118,Unfurnished,Apartment,0,20,5,Resale,Ready to Move,,Saomya Fortune Infra Ventures
Neel Siddhi Amrante,11000000,995,3,2,Kalamboli,Navi Mumbai,19.0311212885643,73.1052711758489,Unfurnished,Apartment,0,26,5,Resale,Ready to Move,583 Open,Neelsiddhi Developers
Unkown,150000000,5000,5,5,Sector 7 Vashi,Navi Mumbai,19.0713414825701,72.985776446621,Unfurnished,Villa,0,0,1,Resale,Ready to Move,,Unknown
Gami Asters,15000000,650,2,2,Jijamata Nagar Ghansoli,Navi Mumbai,19.1199569528436,72.9982958268181,Semi-Furnished,Apartment,0,18,0,Resale,Under Construction,,Gami Group
Unkown,5000000,,,,Vashi,Navi Mumbai,19.0777155057838,73.0027923491613,Unfurnished,Commercial Office Space,0,0,9,Resale,,,Unknown
Unkown,6000000,450,2,2,Shilphata,Navi Mumbai,19.1458005253221,73.0395101733678,Furnished,Apartment,0,0,3,Resale,Ready to Move,,Unknown
Sheetal Dhara,7800000,,2,2,Kamothe,Navi Mumbai,19.0174101252323,73.0958540380712,Semi-Furnished,Apartment,0,0,3,Resale,Ready to Move,,Unknown
Royal Palms Residency,4040000,416,1,1,New Panvel,Navi Mumbai,19.0003258753664,73.1153385297118,Unfurnished,Apartment,0,9,5,Resale,Ready to Move,,Squarefeet Group
Unkown,7636000,,,,Panvel,Navi Mumbai,18.9894007,73.1175162,,Residential Plot,0,0,10,Resale,,,Unknown
Unkown,6500000,,2,2,New Panvel,Navi Mumbai,19.0003258753664,73.1153385297118,Semi-Furnished,Apartment,0,0,5,Resale,Ready to Move,,Unknown
Unkown,2800000,430,1,1,Adaigaon,Navi Mumbai,19.0110825912093,73.1266944947445,Unfurnished,Apartment,0,0,0,Resale,Ready to Move,,Unknown
QN Greens,3130000,,1,1,Taloja,Navi Mumbai,19.074076996436,73.1181841544665,Semi-Furnished,Apartment,0,15,6,Resale,Ready to Move,,Qualitas Naman Group
GULMOHAR PARK,4500000,508,1,2,,Navi Mumbai,,,Semi-Furnished,Apartment,0,0,0,Resale,Ready to Move,,SUNIL MOHANDAS MAKHIJA
Unkown,3550000,525,2,2,Patalganga,Navi Mumbai,18.886795816055,73.1785660404893,Unfurnished,Apartment,0,0,0,Resale,Ready to Move,,Unknown
Unkown,9500000,,3,3,Rasayani,Navi Mumbai,18.8956516083249,73.1761766681785,Unfurnished,Villa,0,0,4,Resale,Ready to Move,,Unknown
Godrej Sky Garden,8500000,475,1,2,Panvel,Navi Mumbai,18.9894007,73.1175162,Semi-Furnished,Apartment,0,22,10,Resale,Ready to Move,,Godrej Properties
Bianca,9999999,,2,2,Kalamboli,Navi Mumbai,19.0311212885643,73.1052711758489,Furnished,Apartment,0,17,5,Resale,Ready to Move,,AP Realty Ltd.
Indiabulls Greens Panvel,8000000,707,2,2,Panvel,Navi Mumbai,18.9894007,73.1175162,Semi-Furnished,Apartment,0,56,10,Resale,Ready to Move,1 Open,Indiabulls Greens
Haware Vrindavan,6000000,,,,New Panvel,Navi Mumbai,19.0003258753664,73.1153385297118,Furnished,Commercial Shop,0,6,5,Resale,Ready to Move,,Haware Group
Satyam Harmony,18900000,650,2,2,Kopar Khairane,Navi Mumbai,19.1033695651723,73.0121586680414,Furnished,Apartment,0,0,10,Resale,Ready to Move,1 Covered,Satyam Developers
Royal Palm,14500000,750,2,2,Sector 18 Ulwe,Navi Mumbai,18.9678540805294,73.0229620988582,Unfurnished,Apartment,1,0,0,New Property,Under Construction,1 Covered,MARQUIS BUILDERS
Godrej Varanya Phase 2,36400000,1271,3,3,Kharghar,Navi Mumbai,19.0656721198219,73.05961185164,Semi-Furnished,Apartment,1,16,8,New Property,Under Construction,2 Covered,Godrej Properties
Godrej City,7900000,400,,1,Panvel,Navi Mumbai,18.9894007,73.1175162,Unfurnished,Commercial Office Space,0,45,10,New Property,Under Construction,,Godrej Properties
Yashodeep Siddhivinayak Sankalp,5500000,684,2,2,Phase 2 Taloja,Navi Mumbai,19.0724911057852,73.0995037912802,Unfurnished,Apartment,1,8,0,New Property,Under Construction,1 Covered,Yashodeep Buildcon
Proviso Hill Park,10500000,700,2,2,Sector 35I Kharghar,Navi Mumbai,19.0707509842896,73.0729469960674,Unfurnished,Apartment,0,22,4,Resale,Ready to Move,1 Open,Proviso Group
Moreshwar 19 East,37500000,1200,3,3,Sector 19A Nerul,Navi Mumbai,19.02783817,73.02639575,Unfurnished,Apartment,0,7,0,Resale,Ready to Move,2 Covered,Moreshwar Developers
Maithili The Trellis,19534000,768,2,2,Kopar Khairane,Navi Mumbai,19.1033695651723,73.0121586680414,Unfurnished,Apartment,0,13,10,New Property,Under Construction,1 Covered,Maithili Group
The Royal Bay,42300000,986,3,3,Nerul,Navi Mumbai,19.034973,73.02228,Unfurnished,Apartment,1,9,8,New Property,Dec '28,1 Covered,TPV Vishwakarma Group
Akshar Business Park,39000000,2200,,2,Sector 25 Vashi,Navi Mumbai,19.08839612,73.01627586,Unfurnished,Commercial Office Space,0,32,0,Resale,Ready to Move,1 Covered,Akshar Developers
Nagpal 99 Silver Oaks,14998900,720,2,2,Sector 9 Ulwe,Navi Mumbai,18.9714376482715,73.0180411108987,Unfurnished,Apartment,1,10,0,New Property,Under Construction,1 Covered,Nagpal Realty
Kamdhenu Zenith,16100000,677,2,2,Sector 12 Nerul,Navi Mumbai,19.0388812,73.01352876,Unfurnished,Apartment,0,0,0,New Property,Under Construction,1 Covered,Kamdhenu Realities
Bhagwati New Palm Beach,25000000,1066,3,3,Airoli,Navi Mumbai,19.1609103453837,72.9933968951486,Unfurnished,Apartment,1,5,10,New Property,Under Construction,1 Covered,Bhagwati Group Delta Group and Pyramid Group
Newfound T11 Raheja Jade City,26999830,1027,3,3,Juinagar,Navi Mumbai,19.0494545088161,73.0153394878658,Unfurnished,Apartment,1,15,0,New Property,Under Construction,2 Covered,Newfound Properties and Leasing Private Limited
Unkown,19000000,800,2,2,Sector 9 Ghansoli,Navi Mumbai,19.11618384,72.99838737,Unfurnished,Apartment,0,0,1,New Property,Under Construction,,Unknown
Unkown,2240000,409,1,1,Pisarve,Navi Mumbai,19.09496948,73.08768282,Unfurnished,Apartment,0,0,0,Resale,Ready to Move,,Unknown
Unkown,5218500,438,1,2,Sector 19 Ulwe,Navi Mumbai,18.973194,73.029363,Unfurnished,Apartment,1,0,0,New Property,Under Construction,1 Covered,Unknown
Unkown,36177800,2000,4,4,Sector 37 Kharghar,Navi Mumbai,19.077667,73.078493,Unfurnished,Apartment,1,0,1,New Property,Under Construction,"2 Covered, 1 Open",Unknown
Mahaavir Exotique,9000000,700,3,3,Sector 37 Kharghar,Navi Mumbai,19.077667,73.078493,Unfurnished,Apartment,0,32,1,New Property,Under Construction,1 Covered,Mahaavir Superstructures Private Limited
Tescon Plan I,11446800,564,,1,Nerul,Navi Mumbai,19.034973,73.02228,Unfurnished,Commercial Office Space,0,9,8,New Property,Under Construction,1 Covered,Tescon Plan I LLP
Satyam Altura,26500000,700,2,2,Sanpada,Navi Mumbai,19.0583094914648,73.0164374121942,Unfurnished,Apartment,1,2,9,Resale,Under Construction,1 Covered,Satyam Group
Maithili The Trellis,18500000,700,2,2,Kopar Khairane,Navi Mumbai,19.1033695651723,73.0121586680414,Unfurnished,Apartment,0,13,10,New Property,Under Construction,,Maithili Group
Newfound T11 Raheja Jade City,20765000,900,3,3,Juinagar,Navi Mumbai,19.0494545088161,73.0153394878658,Unfurnished,Apartment,0,15,0,New Property,Dec '31,,Newfound Properties and Leasing Private Limited
Gajra Bhoomi Serenity,13842000,1020,3,3,Sector 37 Kharghar,Navi Mumbai,19.077667,73.078493,Unfurnished,Apartment,0,7,1,New Property,Dec '30,,Gajra Developers Ltd
Balaji Bhavan,4300000,400,1,1,Ulwe,Navi Mumbai,18.9750941,73.052334,Unfurnished,Apartment,0,3,6,Resale,Ready to Move,,JBD Group
Tharwani Rosabella,13500000,800,2,2,Kharghar,Navi Mumbai,19.0656721198219,73.05961185164,Semi-Furnished,Apartment,0,13,8,Resale,Ready to Move,1 Open,Tharwani Group
L&T Seawoods Residences,38500000,1280,3,3,Nerul,Navi Mumbai,19.034973,73.02228,Unfurnished,Apartment,0,2,8,Resale,Ready to Move,2 Covered,L&T Realty
Moreshwar 19 East,60000000,1500,4,4,Nerul,Navi Mumbai,19.034973,73.02228,Unfurnished,Apartment,0,7,8,Resale,Ready to Move,2 Covered,Moreshwar Developers
Jesal Empire Apartment,9500000,670,2,2,Panvel,Navi Mumbai,18.9894007,73.1175162,Unfurnished,Apartment,0,0,10,Resale,Ready to Move,1 Open,Unknown
Unkown,21900380,1166,3,3,Airoli,Navi Mumbai,19.1609103453837,72.9933968951486,Unfurnished,Apartment,1,0,10,New Property,Under Construction,2 Covered,Unknown
Venkat Heritage,3900000,623,2,2,Panvel,Navi Mumbai,18.9894007,73.1175162,Unfurnished,Apartment,0,14,10,Resale,Ready to Move,,Space India Builders & Developers
Sai Nagar,4100000,346,1,2,Kalamboli,Navi Mumbai,19.0311212885643,73.1052711758489,Unfurnished,Apartment,0,0,5,Resale,Ready to Move,,Hari Om Developers
Pratik Pride,3800000,346,1,2,Karanjade,Navi Mumbai,18.974265373985,73.1099196329075,Furnished,Apartment,0,0,2,Resale,Ready to Move,,Ashiana Group
Pratik Pride,4800000,360,1,2,Karanjade,Navi Mumbai,18.974265373985,73.1099196329075,Semi-Furnished,Apartment,0,0,2,Resale,Ready to Move,,Ashiana Group
Pratik Pride,3000000,270,1,1,Karanjade,Navi Mumbai,18.974265373985,73.1099196329075,Semi-Furnished,Apartment,0,0,2,Resale,Ready to Move,,Ashiana Group
Shagun Essentia,11500000,864,2,2,Ulwe,Navi Mumbai,18.9750941,73.052334,Unfurnished,Apartment,0,10,6,Resale,Ready to Move,,Shagun Realty
Lakhani Royale,6300000,534,1,2,Ulwe,Navi Mumbai,18.9750941,73.052334,Unfurnished,Apartment,0,6,6,Resale,Under Construction,,Lakhani Builders Pvt. Ltd.
Gurukrupa Aramus Complex,6500000,486,1,1,Sector 19B Ulwe,Navi Mumbai,18.9717998938419,73.0246980875072,Unfurnished,Apartment,0,0,1,Resale,Ready to Move,,Gurukrupa Group
The Signature,35000000,,3,3,Seawoods,Navi Mumbai,19.0134923674099,73.0176711021806,Unfurnished,Apartment,0,24,7,Resale,Ready to Move,,Shree Sawan Buildcon
The Signature,35000000,,3,3,Sector 44A Seawoods,Navi Mumbai,19.0125017862104,73.0115225755724,Unfurnished,Apartment,0,24,1,New Property,Under Construction,,Shree Sawan Buildcon
Proviso Sai Proviso Sapphire,5400000,,1,1,Roadpali,Navi Mumbai,19.0385501152056,73.0962748008091,Unfurnished,Apartment,0,8,2,New Property,Under Construction,,Proviso Group
Proviso Sai Proviso Sapphire,5300000,,1,2,Roadpali,Navi Mumbai,19.0385501152056,73.0962748008091,Unfurnished,Apartment,0,8,2,New Property,Under Construction,,Proviso Group
Aditya Mohan Residency,3700000,425,1,1,Ulwe,Navi Mumbai,18.9750941,73.052334,Unfurnished,Apartment,0,10,6,Resale,Ready to Move,,Unknown
Dream Solitaire,9200000,835,2,2,Ulwe,Navi Mumbai,18.9750941,73.052334,Semi-Furnished,Apartment,0,0,6,Resale,Ready to Move,,Unknown
Apex Love,4200000,468,1,1,Karanjade,Navi Mumbai,18.974265373985,73.1099196329075,Unfurnished,Apartment,0,0,2,Resale,Ready to Move,,Apex Buildtech
QN Greens,5000000,684,2,2,Taloja,Navi Mumbai,19.074076996436,73.1181841544665,Unfurnished,Apartment,0,15,6,Resale,Ready to Move,,Qualitas Naman Group
Goodwill Unity,14500000,,2,2,Sanpada,Navi Mumbai,19.0583094914648,73.0164374121942,Unfurnished,Apartment,0,16,9,Resale,Under Construction,,Goodwill Developers
Goodwill Unity,14400000,,2,2,Sanpada,Navi Mumbai,19.0583094914648,73.0164374121942,Unfurnished,Apartment,0,16,9,New Property,Under Construction,,Goodwill Developers
Goodwill Unity,13800000,,2,2,Sanpada,Navi Mumbai,19.0583094914648,73.0164374121942,Unfurnished,Apartment,0,16,9,New Property,Under Construction,,Goodwill Developers
Bright Silver,4200000,482,1,1,Ulwe,Navi Mumbai,18.9750941,73.052334,Unfurnished,Apartment,0,0,6,Resale,Ready to Move,,Aditya Projects & Developers
Prime Homes,4500000,472,1,1,Karanjade,Navi Mumbai,18.974265373985,73.1099196329075,Unfurnished,Apartment,0,7,2,Resale,Ready to Move,, Prime Homes
Prime Homes,4400000,425,1,1,Karanjade,Navi Mumbai,18.974265373985,73.1099196329075,Unfurnished,Apartment,0,7,2,Resale,Ready to Move,, Prime Homes
Swapnapurti CHS,4100000,318,1,1,Kharghar,Navi Mumbai,19.0656721198219,73.05961185164,Unfurnished,Apartment,0,51,8,Resale,Ready to Move,,Cooperative Group Housing Society
Swapnapurti CHS,4000000,293,1,1,Kharghar,Navi Mumbai,19.0656721198219,73.05961185164,Unfurnished,Apartment,0,51,8,Resale,Ready to Move,,Cooperative Group Housing Society
Swapnapurti CHS,4500000,360,1,1,Kharghar,Navi Mumbai,19.0656721198219,73.05961185164,Unfurnished,Apartment,0,51,8,Resale,Ready to Move,,Cooperative Group Housing Society
Swapnapurti CHS,5500000,259,1,1,Kharghar,Navi Mumbai,19.0656721198219,73.05961185164,Furnished,Apartment,0,51,8,Resale,Ready to Move,,Cooperative Group Housing Society
Swapnapurti CHS,5000000,468,4,1,Sector 35I Kharghar,Navi Mumbai,19.0707509842896,73.0729469960674,Unfurnished,Apartment,0,51,4,Resale,Ready to Move,,Cooperative Group Housing Society
Swapnapurti CHS,3700000,335,1,1,Kharghar,Navi Mumbai,19.0656721198219,73.05961185164,Unfurnished,Apartment,0,51,8,Resale,Ready to Move,,Cooperative Group Housing Society
Swapnapurti CHS,4500000,432,1,1,Kharghar,Navi Mumbai,19.0656721198219,73.05961185164,Unfurnished,Apartment,0,51,8,Resale,Ready to Move,,Cooperative Group Housing Society
Swapnapurti CHS,4400000,360,1,1,Kharghar,Navi Mumbai,19.0656721198219,73.05961185164,Unfurnished,Apartment,0,51,8,Resale,Ready to Move,,Cooperative Group Housing Society
Swastik Aradhana,4300000,450,1,1,Ulwe,Navi Mumbai,18.9750941,73.052334,Semi-Furnished,Apartment,0,8,6,Resale,Ready to Move,,Square Homes
Anant Enclave,5000000,468,1,2,Sector 19 Kharghar,Navi Mumbai,19.04955,73.078011,Unfurnished,Apartment,0,16,0,Resale,Ready to Move,,Anant Sundaram Enterprises
Gurukul CHS,8000000,540,1,1,Airoli,Navi Mumbai,19.1609103453837,72.9933968951486,Semi-Furnished,Apartment,0,0,10,Resale,Ready to Move,,Mehata Builders
Kamala Arcade,7200000,468,1,3,Ghansoli,Navi Mumbai,19.1271933235627,72.9966520846173,Semi-Furnished,Apartment,0,13,9,Resale,Ready to Move,,Prathamesh Infrastructures
Vakratunda Apartment,2500000,310,1,1,Navde,Navi Mumbai,19.0534298108845,73.09743386978,Unfurnished,Apartment,0,22,0,Resale,Ready to Move,,Shree Hari Groups
Gauri Nandan,14000000,785,2,2,Nerul,Navi Mumbai,19.034973,73.02228,Unfurnished,Apartment,0,0,8,Resale,Ready to Move,,Unknown
Tulsi Aura,14000000,698,2,2,Ghansoli,Navi Mumbai,19.1271933235627,72.9966520846173,Furnished,Apartment,0,20,9,Resale,Ready to Move,,Tulsi Constructions
Jewel Heights,7500000,655,2,2,Kharghar,Navi Mumbai,19.0656721198219,73.05961185164,Semi-Furnished,Apartment,0,10,8,Resale,Ready to Move,,P K developers
Paradise Sai Wonder,8800000,803,2,2,Kharghar,Navi Mumbai,19.0656721198219,73.05961185164,Unfurnished,Apartment,0,21,8,Resale,Ready to Move,,Paradise Group
Bhumiraj Meadows,8800000,468,1,1,Airoli,Navi Mumbai,19.1609103453837,72.9933968951486,Furnished,Apartment,0,16,10,Resale,Ready to Move,,Bhumiraj Group
Hari Complex,16500000,1051,3,3,Ghansoli,Navi Mumbai,19.1271933235627,72.9966520846173,Furnished,Apartment,0,5,9,Resale,Ready to Move,,Krishna Developers
Fortune Symphony,3300000,605,2,1,New Panvel,Navi Mumbai,19.0003258753664,73.1153385297118,Unfurnished,Apartment,0,0,5,Resale,Ready to Move,,Unknown
Haware Gulmohar,3000000,235,1,1,Kharghar,Navi Mumbai,19.0656721198219,73.05961185164,Unfurnished,Apartment,0,6,8,Resale,Ready to Move,,Haware Engineers & Builders Pvt Ltd
Space India Green Earth,3800000,576,2,1,New Panvel,Navi Mumbai,19.0003258753664,73.1153385297118,Unfurnished,Apartment,0,15,5,Resale,Ready to Move,,Space India Builders & Developers
Trishul Apartments,14500000,738,2,2,Kopar Khairane,Navi Mumbai,19.1033695651723,73.0121586680414,Unfurnished,Apartment,0,20,10,Resale,Ready to Move,,Sunny Real Estate
Bhumiraj Woods,10500000,512,2,2,Kharghar,Navi Mumbai,19.0656721198219,73.05961185164,Unfurnished,Apartment,0,24,8,Resale,Ready to Move,,Bhumiraj Group
Aditya Shreeram,7000000,675,2,2,Old Panvel,Navi Mumbai,18.9866237154805,73.1078262369691,Unfurnished,Apartment,0,0,4,Resale,Ready to Move,,Unknown
Adhiraj Capital City,17000000,756,2,2,Sector 37 Kharghar,Navi Mumbai,19.077667,73.078493,Unfurnished,Apartment,0,23,1,Resale,Ready to Move,,Adhiraj Constructions Pvt. Ltd.
Bhagwati Eminence,18500000,,2,2,Nerul,Navi Mumbai,19.034973,73.02228,Unfurnished,Apartment,0,19,8,New Property,Ready to Move,,Bhagwati Group
Godrej Golf Meadows,4500000,,1,2,Panvel,Navi Mumbai,18.9894007,73.1175162,Unfurnished,Apartment,0,28,10,New Property,Under Construction,,Godrej Properties
Emerald Bay,72500000,,4,4,Nerul,Navi Mumbai,19.034973,73.02228,Semi-Furnished,Apartment,0,0,8,Resale,Ready to Move,,Maithili Group
Majestic Villa,4400000,468,1,1,Dronagiri,Navi Mumbai,18.8598511200022,72.9380988664184,Unfurnished,Apartment,0,0,2,Resale,Ready to Move,,Unknown
The Hard Rock,18500000,1008,3,2,Kharghar,Navi Mumbai,19.0656721198219,73.05961185164,Furnished,Apartment,0,0,8,Resale,Ready to Move,,Unknown
Pushpanarayan Complex,2800000,371,1,1,New Panvel,Navi Mumbai,19.0003258753664,73.1153385297118,Unfurnished,Apartment,0,13,5,Resale,Ready to Move,,Space India
Sun Darshan,8800000,367,1,1,Nerul,Navi Mumbai,19.034973,73.02228,Semi-Furnished,Apartment,0,0,8,Resale,Ready to Move,,Unknown
Pyramid Elements,7800000,,1,2,Sector 20 Airoli,Navi Mumbai,19.1651597988784,72.9905366741832,Unfurnished,Apartment,0,33,0,New Property,Ready to Move,,Pyramid Infratech Company
Nandanvan Park,5500000,432,1,1,Kamothe,Navi Mumbai,19.0174101252323,73.0958540380712,Semi-Furnished,Apartment,0,13,3,Resale,Ready to Move,,Shree Radhe Shyam Enterprises
Tejas Symphony,21000000,,2,2,Ulwe,Navi Mumbai,18.9750941,73.052334,Unfurnished,Apartment,0,8,6,Resale,Ready to Move,,Tejas Group
Millennium Tower,18000000,540,2,2,Sanpada,Navi Mumbai,19.0583094914648,73.0164374121942,Semi-Furnished,Apartment,0,14,9,Resale,Ready to Move,,Cidco
Nandanvan Society,7500000,288,1,1,Nerul,Navi Mumbai,19.034973,73.02228,Semi-Furnished,Apartment,0,0,8,Resale,Ready to Move,,Unknown
Unkown,3500000,,,1,Ulwe,Navi Mumbai,18.9750941,73.052334,Unfurnished,Studio Apartment,0,0,6,Resale,Ready to Move,,Unknown
Unkown,5200000,398,1,1,,Navi Mumbai,,,Semi-Furnished,Apartment,0,0,0,Resale,Ready to Move,,Unknown
Unkown,8000000,,2,1,,Navi Mumbai,,,Unfurnished,Apartment,0,0,0,Resale,Ready to Move,,Unknown
Blue Key Escalate,5300000,410,1,2,Sector 17 Ulwe,Navi Mumbai,18.9640564736564,73.0214063070489,Semi-Furnished,Apartment,0,22,0,Resale,Ready to Move,,Blue Key Realty
Unkown,7500000,650,2,2,Kamothe,Navi Mumbai,19.0174101252323,73.0958540380712,Unfurnished,Apartment,0,0,3,Resale,Ready to Move,,Unknown
Shiv Arcade ,5000000,,1,1,Dronagiri,Navi Mumbai,18.8598511200022,72.9380988664184,Unfurnished,Apartment,0,0,2,Resale,Under Construction,1 Open,Unknown
Amrut Dhara Complex CHS ,12500000,,1,1,Kharghar,Navi Mumbai,19.0656721198219,73.05961185164,Unfurnished,Apartment,0,0,8,New Property,Ready to Move,,Cooperative Group Housing Society
Priyalvastu Deep Bindiya CHSL,14000000,,3,3,New Panvel,Navi Mumbai,19.0003258753664,73.1153385297118,Unfurnished,Apartment,0,13,5,Resale,Under Construction,,Priyalvastu Associates
Sai Saukhya,6800000,400,1,1,Ulwe,Navi Mumbai,18.9750941,73.052334,Unfurnished,Apartment,0,0,6,Resale,Ready to Move,,Dudhe Brothers
Unkown,4500000,180,,,Nerul West,Navi Mumbai,19.0367731328415,73.0148297211474,Unfurnished,Commercial Shop,0,0,2,Resale,Ready to Move,,Unknown
Godrej Golf Meadows,13000000,836,2,2,Panvel,Navi Mumbai,18.9894007,73.1175162,Unfurnished,Apartment,0,28,10,Resale,Ready to Move,1 Covered,Godrej Properties
Indiabulls Greens Panvel,8000000,,2,2,Panvel,Navi Mumbai,18.9894007,73.1175162,Unfurnished,Apartment,0,56,10,Resale,Ready to Move,,Indiabulls Greens
Commanders Renaissance,6500000,,3,2,New Panvel,Navi Mumbai,19.0003258753664,73.1153385297118,Semi-Furnished,Builder Floor Apartment,0,22,5,Resale,Ready to Move,1 Covered,Jupiter Infrastructures
Unkown,11000000,,2,2,Panvel,Navi Mumbai,18.9894007,73.1175162,Semi-Furnished,Apartment,0,0,10,Resale,Ready to Move,1 Open,Unknown
Aramus,7200000,,1,1,Ulwe,Navi Mumbai,18.9750941,73.052334,Unfurnished,Apartment,0,13,6,Resale,Ready to Move,,Sunny Real Estate
Unkown,2300000,,,1,Panvel,Navi Mumbai,18.9894007,73.1175162,Unfurnished,Studio Apartment,0,0,10,Resale,Ready to Move,,Unknown
Haware Fantasia,3700000,,,,Vashi,Navi Mumbai,19.0777155057838,73.0027923491613,Furnished,Commercial Office Space,0,21,9,Resale,Ready to Move,,Haware Group
Unkown,2700000,,1,1,Panvel,Navi Mumbai,18.9894007,73.1175162,Unfurnished,Apartment,0,0,10,Resale,Ready to Move,,Unknown
Indramani CHS,6150000,,1,1,Juinagar,Navi Mumbai,19.0494545088161,73.0153394878658,Unfurnished,Apartment,0,0,0,Resale,Ready to Move,,Unknown
Kartikeya Enclave,3800000,545,2,2,Rasayani,Navi Mumbai,18.8956516083249,73.1761766681785,Semi-Furnished,Apartment,0,0,4,Resale,Ready to Move,,Unknown
Akshar Evita,5200000,,1,1,Dronagiri,Navi Mumbai,18.8598511200022,72.9380988664184,Unfurnished,Apartment,0,6,2,Resale,Ready to Move,,Unknown
Wadhwa Wise City,16800000,,,,Panvel,Navi Mumbai,18.9894007,73.1175162,,Residential Plot,0,15,10,Resale,,,The Wadhwa Group
Unkown,3500000,,1,1,Taloja,Navi Mumbai,19.074076996436,73.1181841544665,Unfurnished,Apartment,0,0,6,Resale,Ready to Move,,Unknown
Shrey Sky Copper,7800000,663,2,2,Dronagiri,Navi Mumbai,18.8598511200022,72.9380988664184,Unfurnished,Apartment,0,0,2,Resale,Ready to Move,,Unknown
Unkown,3500000,,1,1,Dronagiri,Navi Mumbai,18.8598511200022,72.9380988664184,Unfurnished,Apartment,0,0,2,Resale,Ready to Move,,Unknown
Koperkhairane Annex,12000000,,2,2,Kopar Khairane,Navi Mumbai,19.1033695651723,73.0121586680414,Semi-Furnished,Builder Floor Apartment,0,24,10,Resale,Ready to Move,,Tirupati Builders and Developers
Haridwar House,32500000,1200,3,3,Vashi,Navi Mumbai,19.0777155057838,73.0027923491613,Unfurnished,Apartment,0,0,9,Resale,Ready to Move,,Unknown
Today Global Anandam,9550000,,2,2,Sector 36 Kharghar,Navi Mumbai,19.0719499906313,73.080639190968,Unfurnished,Apartment,0,1,0,Resale,Ready to Move,,Today Global Builders & Developers
Unkown,65200000,,,,Mosare,Navi Mumbai,18.9589879278364,73.089748851775,,Residential Plot,0,0,0,Resale,,,Unknown
Divya Residency,7000000,450,1,1,Kharghar,Navi Mumbai,19.0656721198219,73.05961185164,Furnished,Apartment,0,7,8,Resale,Ready to Move,,Divya Enterprises
