project_name,price,area,bedrooms,bathrooms,locality,city,lat,long,furnished,type,rera,amenities,landmarks,transaction,possesion_by,parking,developers
Deeplaxmi Residency,5000000.0,456,2,2,Bhiwandi,Beyond Thane,19.2937911767008,73.0653582109139,Furnished,Apartment,0,0,6,Resale,Ready to Move,,Unknown
Vikas Aricia Altis Apartment,12500000.0,1116,3,3,Kalyan West,Beyond Thane,19.2442606681675,73.123906730695,Semi-Furnished,Apartment,0,0,5,Resale,Ready to Move,,Unknown
Mahalakshmi Krupa,3900000.0,425,1,1,Kalyan Shilphata Road,Beyond Thane,19.1935268122556,73.0967156475895,Unfurnished,Apartment,0,0,5,Resale,Ready to Move,,Unknown
Umia UMA Paradise Complex,4500000.0,612,2,2,Titwala,Beyond Thane,19.295217297811,73.2124239025258,Unfurnished,Apartment,0,0,4,Resale,Ready to Move,,UMIYA Group
Lodha Crown Dombivali,2700000.0,220,1,1,Dombivli East,Beyond Thane,19.2049111648702,73.1069201060438,Unfurnished,Apartment,0,7,5,Resale,Ready to Move,,Lodha Developers Limited
Vighnaharta Park,5500000.0,576,2,2,Dombivli West,Beyond Thane,19.2174682509913,73.0750339345098,Semi-Furnished,Apartment,0,0,2,Resale,Ready to Move,,Unknown
Ekveera Gardens,1900000.0,468,1,1,Badlapur East,Beyond Thane,19.1639249,73.2459247,Unfurnished,Apartment,0,0,6,Resale,Ready to Move,,Dhule Group
Lotus Tower,6000000.0,540,2,2,Kalyan West,Beyond Thane,19.2442606681675,73.123906730695,Semi-Furnished,Apartment,0,0,5,Resale,Ready to Move,,Unknown
Runwal My City Codename Walk,5600000.0,554,2,2,Dombivli East,Beyond Thane,19.2049111648702,73.1069201060438,Unfurnished,Apartment,0,0,5,Resale,Ready to Move,,The Runwal Group
Runwal Mycity Phase 2,3800000.0,351,1,2,Dombivli East,Beyond Thane,19.2049111648702,73.1069201060438,Unfurnished,Apartment,0,0,5,Resale,Ready to Move,,Unknown
Runwal Mycity Phase 2,5800000.0,378,1,2,Dombivli East,Beyond Thane,19.2049111648702,73.1069201060438,Unfurnished,Apartment,0,0,5,Resale,Ready to Move,,Unknown
Runwal Mycity Phase 2,5000000.0,322,1,2,Dombivli East,Beyond Thane,19.2049111648702,73.1069201060438,Unfurnished,Apartment,0,0,5,Resale,Ready to Move,,Unknown
Lok Dhara Phase 2,4800000.0,395,1,1,Kalyan East,Beyond Thane,19.2280216158659,73.1334807284888,Unfurnished,Apartment,0,0,2,Resale,Ready to Move,,Lok Group
Ajmera Yogi Dham Phase 3,7000000.0,673,2,2,Kalyan West,Beyond Thane,19.2442606681675,73.123906730695,Unfurnished,Apartment,0,0,5,Resale,Ready to Move,,Ajmera Realty & Infra India Ltd.
Satkar Tower,4500000.0,511,1,1,Kalyan East,Beyond Thane,19.2280216158659,73.1334807284888,Furnished,Apartment,0,0,2,Resale,Ready to Move,,Pragati Builders
Umiya Complex,3400000.0,623,2,2,Badlapur West,Beyond Thane,19.1760975692482,73.2401614495576,Unfurnished,Apartment,0,0,0,Resale,Ready to Move,,Unknown
Umiya Complex,2800000.0,468,2,2,Badlapur West,Beyond Thane,19.1760975692482,73.2401614495576,Unfurnished,Apartment,0,0,0,Resale,Ready to Move,,Unknown
Vighnaharta Park,5800000.0,594,2,3,Dombivli West,Beyond Thane,19.2174682509913,73.0750339345098,Semi-Furnished,Apartment,0,0,2,Resale,Ready to Move,,Unknown
Laxmi Park,10000000.0,853,2,2,Thakurli,Beyond Thane,19.2252747701219,73.1000690723917,Unfurnished,Apartment,0,16,1,Resale,Ready to Move,,Laxmi Builders and Developers
yogidham phase 3,7200000.0,490,2,2,Kalyan West,Beyond Thane,19.2442606681675,73.123906730695,Unfurnished,Apartment,0,0,5,Resale,Ready to Move,,Unknown
Maruti Complex,4200000.0,333,2,2,Dombivli East,Beyond Thane,19.2049111648702,73.1069201060438,Unfurnished,Apartment,0,0,5,Resale,Ready to Move,,Unknown
Dosti Kalher,2600000.0,461,1,1,Bhiwandi,Beyond Thane,19.2937911767008,73.0653582109139,Unfurnished,Apartment,0,3,6,Resale,Ready to Move,,Dosti Realty 
Mohan Plaza,2700000.0,709,2,2,Kalyan,Beyond Thane,19.2449413625186,73.1331398884041,Furnished,Apartment,0,0,8,Resale,Ready to Move,,Mohan Group
Tulsi Sanidhya,2100000.0,410,1,1,Ambernath,Beyond Thane,19.1986487504664,73.2004913077756,Unfurnished,Apartment,0,0,6,Resale,Ready to Move,,Tulsi Estates
Walekar Homes,3800000.0,684,2,2,Ambernath West,Beyond Thane,19.2107415190685,73.1908213734783,Unfurnished,Apartment,0,18,2,Resale,Ready to Move,,Walekar Sons and Developers
Walekar Homes,2600000.0,288,1,1,Ambernath West,Beyond Thane,19.2107415190685,73.1908213734783,Unfurnished,Apartment,0,18,2,Resale,Ready to Move,,Walekar Sons and Developers
Omkar Residency,4250000.0,612,2,2,Titwala,Beyond Thane,19.295217297811,73.2124239025258,Unfurnished,Apartment,0,0,4,Resale,Ready to Move,,OSSK CORP
Omkar Residency,4250000.0,628,2,2,Titwala,Beyond Thane,19.295217297811,73.2124239025258,Unfurnished,Apartment,0,0,4,Resale,Ready to Move,,OSSK CORP
Charms Global City,4200000.0,684,2,2,Ambernath East,Beyond Thane,19.2075883274914,73.1854898657514,Unfurnished,Apartment,0,25,1,Resale,Under Construction,,Charms Group and RRC 
Tulsi Aastha,2500000.0,443,1,1,Badlapur East,Beyond Thane,19.1639249,73.2459247,Unfurnished,Apartment,0,0,6,Resale,Ready to Move,,Raj Group
Raj Vaibhav NX,4100000.0,380,1,1,Dombivli West,Beyond Thane,19.2174682509913,73.0750339345098,Semi-Furnished,Apartment,0,18,2,Resale,Ready to Move,,Relliance Construction Co.
Charms Paradise,2600000.0,470,1,1,Titwala,Beyond Thane,19.295217297811,73.2124239025258,Furnished,Apartment,0,12,4,Resale,Ready to Move,,Charms Group
Unkown,6500000.0,,2,2,Kalyan East,Beyond Thane,19.2280216158659,73.1334807284888,Unfurnished,Apartment,0,0,2,Resale,Ready to Move,,Unknown
La Arihant Heritage,1525000.0,,1,2,Badlapur East,Beyond Thane,19.1639249,73.2459247,Unfurnished,Apartment,0,7,6,Resale,Ready to Move,1 Open,Unknown
Unkown,4000000.0,,2,2,Badlapur,Beyond Thane,19.1639249,73.2459247,Unfurnished,Apartment,0,0,8,Resale,Ready to Move,,Unknown
Sai Pooja Residency,1700000.0,400,1,2,Dombivli,Beyond Thane,19.2094006,73.0939483,Unfurnished,Apartment,0,12,8,Resale,Ready to Move,1 Open,Mrunal Enterprises
Unkown,2100000.0,,,,Shahapur,Beyond Thane,19.453550664726,73.3247044251021,,Residential Plot,0,0,2,Resale,,,Unknown
JP Synergy,2100000.0,,1,1,Ambernath East,Beyond Thane,19.2075883274914,73.1854898657514,Unfurnished,Apartment,0,18,1,Resale,Ready to Move,,JP Corp
Jainam Residency Phase 2,2400000.0,,1,1,Ambernath East,Beyond Thane,19.2075883274914,73.1854898657514,Semi-Furnished,Apartment,0,0,1,Resale,Ready to Move,,Patel RPL Realty
Unkown,3000000.0,,2,2,Badlapur,Beyond Thane,19.1639249,73.2459247,Unfurnished,Apartment,0,0,8,Resale,Ready to Move,,Unknown
Unkown,5000000.0,,,,Kalyan West,Beyond Thane,19.2442606681675,73.123906730695,,Residential Plot,0,0,5,Resale,,,Unknown
Lodha Casa Urbano ,5800000.0,,2,2,Dombivli East,Beyond Thane,19.2049111648702,73.1069201060438,Semi-Furnished,Apartment,0,0,5,Resale,Ready to Move,,Unknown
Unkown,2000000.0,200,1,1,Dombivli East,Beyond Thane,19.2049111648702,73.1069201060438,Unfurnished,Apartment,0,0,5,Resale,Ready to Move,,Unknown
Jewel Heights,2250000.0,,1,1,Badlapur West,Beyond Thane,19.1760975692482,73.2401614495576,Semi-Furnished,Apartment,0,8,0,Resale,Ready to Move,,JEWEL BUILDERS AND INFRAPROJECTS LTD
Unkown,5300000.0,,2,2,Dombivli East,Beyond Thane,19.2049111648702,73.1069201060438,Unfurnished,Apartment,0,0,5,Resale,Ready to Move,,Unknown
Jai Malhar Society,1800000.0,,1,1,Dombivli East,Beyond Thane,19.2049111648702,73.1069201060438,Semi-Furnished,Apartment,0,0,5,Resale,Ready to Move,,Unknown
Poddar Samruddhi Evergreen,2500000.0,,1,1,Badlapur,Beyond Thane,19.1639249,73.2459247,Unfurnished,Apartment,0,15,8,Resale,Ready to Move,,Poddar Housing
Unkown,1700000.0,,1,1,Kalyan East,Beyond Thane,19.2280216158659,73.1334807284888,Unfurnished,Apartment,0,0,2,Resale,Ready to Move,,Unknown
Lodha Palava Codename Epic,3500000.0,421,1,2,Dombivli East,Beyond Thane,19.2049111648702,73.1069201060438,Unfurnished,Apartment,0,55,5,New Property,Ready to Move,,Lodha Developers Limited
Datta Apartment Kalyan,4500000.0,,1,1,Kalyan,Beyond Thane,19.2449413625186,73.1331398884041,Semi-Furnished,Apartment,0,0,8,Resale,Ready to Move,,Unknown
Unkown,2150000.0,,1,1,Dombivli East,Beyond Thane,19.2049111648702,73.1069201060438,Unfurnished,Apartment,0,0,5,Resale,Ready to Move,,Unknown
Lok Nagari Phase III,2500000.0,525,1,2,Ambernath East,Beyond Thane,19.2075883274914,73.1854898657514,Semi-Furnished,Apartment,0,3,1,Resale,Ready to Move,,Lok Nagari Developers
Ramchandra Park,1900000.0,230,1,1,Nandivali Panchanand,Beyond Thane,19.19876487,73.09137595,Unfurnished,Apartment,0,13,0,Resale,Ready to Move,,Sawant Enterprises
Shankeshwar Nagar,3800000.0,500,1,1,Dombivli East,Beyond Thane,19.2049111648702,73.1069201060438,Semi-Furnished,Apartment,0,11,5,Resale,Ready to Move,1 Open,Sanghvi Builders
Unkown,3200000.0,,1,1,Dombivli East,Beyond Thane,19.2049111648702,73.1069201060438,Unfurnished,Apartment,0,0,5,Resale,Ready to Move,,Unknown
Unkown,1800000.0,,2,1,Titwala,Beyond Thane,19.295217297811,73.2124239025258,Unfurnished,Apartment,0,0,4,Resale,,,Unknown
Suresh Complex,2500000.0,,1,1,Dombivli East,Beyond Thane,19.2049111648702,73.1069201060438,Semi-Furnished,Apartment,0,0,5,Resale,Ready to Move,,Unknown
Runwal MyCity,4900000.0,,2,2,Dombivli,Beyond Thane,19.2094006,73.0939483,Unfurnished,Apartment,0,5,8,Resale,Ready to Move,,Runwal Group
Lodha Palava,6000000.0,650,3,2,Dombivli,Beyond Thane,19.2094006,73.0939483,Semi-Furnished,Apartment,0,56,8,Resale,Ready to Move,,Lodha Developers Limited
Vishwajeet Edge,2300000.0,450,1,1,Ambernath East,Beyond Thane,19.2075883274914,73.1854898657514,Unfurnished,Apartment,0,25,1,Resale,Ready to Move,,GBK Group
Unkown,1200000.0,,,1,Badlapur East,Beyond Thane,19.1639249,73.2459247,Semi-Furnished,Studio Apartment,0,0,6,Resale,Ready to Move,,Unknown
Unkown,5500000.0,168,,,Titwala,Beyond Thane,19.295217297811,73.2124239025258,Unfurnished,Commercial Shop,0,0,4,Resale,Ready to Move,,Unknown
Sarvodaya Nagar,2500000.0,,1,1,Ambernath,Beyond Thane,19.1986487504664,73.2004913077756,Semi-Furnished,Apartment,0,0,6,Resale,Ready to Move,,Unknown
Unkown,2700000.0,,1,1,Badlapur West,Beyond Thane,19.1760975692482,73.2401614495576,Unfurnished,Apartment,0,0,0,Resale,Ready to Move,,Unknown
Gupta Sai Orchid,7500000.0,,2,2,Dombivli East,Beyond Thane,19.2049111648702,73.1069201060438,Unfurnished,Apartment,0,30,5,Resale,Ready to Move,,Gupta Builders And Developers
Siddhi City,2250000.0,,1,1,Badlapur East,Beyond Thane,19.1639249,73.2459247,Unfurnished,Apartment,0,21,6,Resale,Ready to Move,10 Open,Siddhi Developers
Hill Side Residency,1750000.0,,1,1,Badlapur,Beyond Thane,19.1639249,73.2459247,Unfurnished,Apartment,0,11,8,Resale,Ready to Move,,Ecogreen Group
Tharwani Ariana,3251000.0,,2,2,Ambernath West,Beyond Thane,19.2107415190685,73.1908213734783,Unfurnished,Apartment,0,20,2,Resale,Ready to Move,,Tharwani Realty
Unkown,3000000.0,,1,2,Badlapur East,Beyond Thane,19.1639249,73.2459247,Unfurnished,Apartment,0,0,6,Resale,Ready to Move,,Unknown
Arihant Anmol,2600000.0,,1,1,Badlapur East,Beyond Thane,19.1639249,73.2459247,Semi-Furnished,Apartment,0,7,6,Resale,Ready to Move,,Arihant Superstructures Ltd
Charms Global City,3100000.0,418,1,2,Ambernath East,Beyond Thane,19.2075883274914,73.1854898657514,Unfurnished,Apartment,0,25,1,Resale,Ready to Move,,Charms Group and RRC 
Karrm Residency,1150000.0,278,1,1,Shahapur,Beyond Thane,19.453550664726,73.3247044251021,Unfurnished,Apartment,0,16,2,Resale,Ready to Move,,Karrm Infrastructure Pvt. Ltd.
Labdhi Gardens Phase 6,2500000.0,358,1,2,Neral,Beyond Thane,19.0248210057881,73.3169473654086,Semi-Furnished,Apartment,0,23,0,Resale,Ready to Move,,Labdhi Lifestyles Ltd.
Thanekar Hillcrest,2500000.0,,1,2,Badlapur,Beyond Thane,19.1639249,73.2459247,Unfurnished,Apartment,0,12,8,Resale,Ready to Move,,Thanekar Group
Unkown,2000000.0,,,,Khardi,Beyond Thane,19.58376,73.39068,,Residential Plot,0,0,0,Resale,,,Unknown
Globe Business Square ,6100000.0,476,,2,Dombivli,Beyond Thane,19.2094006,73.0939483,Unfurnished,Commercial Office Space,0,0,8,Resale,Ready to Move,,Unknown
Lodha Palava,10888800.0,,3,3,Dombivli East,Beyond Thane,19.2049111648702,73.1069201060438,Furnished,Apartment,0,54,5,Resale,Ready to Move,,Lodha Developers Limited
Balaji Aangan,8400000.0,870,2,2,Thakurli,Beyond Thane,19.2252747701219,73.1000690723917,Furnished,Apartment,0,16,1,Resale,Ready to Move,,SS Life Spaces
Bella Vista,2600000.0,,,,Shahapur,Beyond Thane,19.453550664726,73.3247044251021,,Residential Plot,0,16,2,Resale,,,Oswal Group
Unkown,4000000.0,565,1,1,Dombivli West,Beyond Thane,19.2174682509913,73.0750339345098,Semi-Furnished,Apartment,0,0,2,Resale,Ready to Move,,Unknown
Unkown,2400000.0,,1,1,Bhiwandi,Beyond Thane,19.2937911767008,73.0653582109139,Unfurnished,Builder Floor Apartment,0,0,6,New Property,Ready to Move,,Unknown
Unkown,6500000.0,485,1,2,Bhiwandi,Beyond Thane,19.2937911767008,73.0653582109139,Semi-Furnished,Apartment,0,0,6,Resale,Ready to Move,,Unknown
Unkown,27500000.0,232,,,Dombivli West,Beyond Thane,19.2174682509913,73.0750339345098,Unfurnished,Commercial Shop,0,0,2,Resale,Ready to Move,,Unknown
Datta Nagari,3000000.0,630,1,1,Bhiwandi,Beyond Thane,19.2937911767008,73.0653582109139,Unfurnished,Apartment,0,30,6,Resale,Ready to Move,,Sai Pooja Developers
Runwal Gardens,11000000.0,908,3,3,Dombivli East,Beyond Thane,19.2049111648702,73.1069201060438,Unfurnished,Apartment,0,15,5,Resale,Ready to Move,,Runwal Group
Unkown,7800000.0,,2,1,Dombivli,Beyond Thane,19.2094006,73.0939483,Semi-Furnished,Apartment,0,0,8,Resale,Ready to Move,,Unknown
Charms Paradise,3200000.0,,1,1,Titwala,Beyond Thane,19.295217297811,73.2124239025258,Semi-Furnished,Apartment,0,12,4,Resale,Ready to Move,,Charms Group
Unkown,950000.0,,,1,Shelu,Beyond Thane,19.0640445,73.3163381,Unfurnished,Studio Apartment,0,0,0,Resale,Ready to Move,,Unknown
Unkown,1700000.0,,,,Dombivli West,Beyond Thane,19.2174682509913,73.0750339345098,Unfurnished,Studio Apartment,0,0,2,Resale,Ready to Move,,Unknown
Unkown,1200000.0,,1,1,Neral,Beyond Thane,19.0248210057881,73.3169473654086,Unfurnished,Builder Floor Apartment,0,0,0,Resale,Ready to Move,,Unknown
Mohan Suburbia,5300000.0,749,2,2,Ambernath East,Beyond Thane,19.2075883274914,73.1854898657514,Semi-Furnished,Apartment,0,32,1,Resale,Ready to Move,,Mohan Group
Mohan Suburbia,4000000.0,518,1,2,Ambernath East,Beyond Thane,19.2075883274914,73.1854898657514,Unfurnished,Apartment,0,32,1,Resale,Ready to Move,,Mohan Group
Lodha Casa Bella Gold,6900000.0,661,2,2,Dombivli East,Beyond Thane,19.2049111648702,73.1069201060438,Semi-Furnished,Apartment,0,20,5,Resale,Ready to Move,,Lodha Developers Limited
Lodha Casa Bella Gold,4200000.0,421,1,1,Dombivli East,Beyond Thane,19.2049111648702,73.1069201060438,Unfurnished,Apartment,0,20,5,Resale,Ready to Move,,Lodha Developers Limited
Lodha Casa Bella Gold,8000000.0,661,2,2,Dombivli East,Beyond Thane,19.2049111648702,73.1069201060438,Furnished,Apartment,0,20,5,Resale,Ready to Move,,Lodha Developers Limited
Lodha Casa Bella Gold,4200000.0,421,1,1,Dombivli East,Beyond Thane,19.2049111648702,73.1069201060438,Unfurnished,Apartment,0,20,5,Resale,Ready to Move,,Lodha Developers Limited
Lodha Casa Bella Gold,7800000.0,661,2,2,Dombivli East,Beyond Thane,19.2049111648702,73.1069201060438,Semi-Furnished,Apartment,0,20,5,Resale,Ready to Move,,Lodha Developers Limited
Lodha Casa Bella Gold,4500000.0,494,1,1,Dombivli East,Beyond Thane,19.2049111648702,73.1069201060438,Furnished,Apartment,0,20,5,Resale,Ready to Move,,Lodha Developers Limited
Lodha Casa Bella Gold,4800000.0,414,1,2,Dombivli East,Beyond Thane,19.2049111648702,73.1069201060438,Unfurnished,Apartment,0,20,5,Resale,Ready to Move,,Lodha Developers Limited
Lodha Casa Bella Gold,9000000.0,661,2,2,Dombivli East,Beyond Thane,19.2049111648702,73.1069201060438,Furnished,Apartment,0,20,5,Resale,Ready to Move,,Lodha Developers Limited
Unkown,7800000.0,836,3,2,Dombivli East,Beyond Thane,19.2049111648702,73.1069201060438,Unfurnished,Apartment,0,0,5,Resale,Ready to Move,,Unknown
Lodha Casa Rio Gold,5300000.0,654,2,2,Dombivli,Beyond Thane,19.2094006,73.0939483,Furnished,Apartment,0,44,8,Resale,Ready to Move,,Lodha Developers Limited
Lodha Casa Rio Gold,4900000.0,634,2,2,Dombivli East,Beyond Thane,19.2049111648702,73.1069201060438,Unfurnished,Apartment,0,44,5,Resale,Ready to Move,,Lodha Developers Limited
Lodha Casa Rio Gold,7500000.0,670,2,2,Dombivli East,Beyond Thane,19.2049111648702,73.1069201060438,Unfurnished,Apartment,0,44,5,Resale,Ready to Move,,Lodha Developers Limited
Lodha Casa Rio Gold,5900000.0,673,2,2,Dombivli,Beyond Thane,19.2094006,73.0939483,Unfurnished,Apartment,0,44,8,Resale,Ready to Move,,Lodha Developers Limited
Lodha Casa Rio Gold,6900000.0,698,2,2,Dombivli,Beyond Thane,19.2094006,73.0939483,Semi-Furnished,Apartment,0,44,8,Resale,Ready to Move,,Lodha Developers Limited
Lodha Palava City,8500000.0,860,3,2,Dombivli,Beyond Thane,19.2094006,73.0939483,Furnished,Apartment,0,56,8,Resale,Ready to Move,,Lodha Developers Limited
Lodha Palava City,5400000.0,629,2,2,Dombivli,Beyond Thane,19.2094006,73.0939483,Semi-Furnished,Apartment,0,56,8,Resale,Ready to Move,,Lodha Developers Limited
Lodha Palava City,3200000.0,420,1,2,Dombivli,Beyond Thane,19.2094006,73.0939483,Unfurnished,Apartment,0,56,8,Resale,Ready to Move,,Lodha Developers Limited
Lodha Palava City,7500000.0,894,3,3,Dombivli,Beyond Thane,19.2094006,73.0939483,Unfurnished,Apartment,0,56,8,Resale,Ready to Move,,Lodha Developers Limited
Lodha Palava City,3500000.0,500,1,1,Dombivli,Beyond Thane,19.2094006,73.0939483,Semi-Furnished,Apartment,0,56,8,Resale,Ready to Move,,Lodha Developers Limited
Lodha Palava City,5400000.0,641,2,3,Dombivli,Beyond Thane,19.2094006,73.0939483,Furnished,Apartment,0,56,8,Resale,Ready to Move,,Lodha Developers Limited
Lodha Palava City,2500000.0,353,1,1,Dombivli,Beyond Thane,19.2094006,73.0939483,Semi-Furnished,Apartment,0,56,8,Resale,Ready to Move,,Lodha Developers Limited
Lodha Palava City,3650000.0,421,1,1,Dombivli,Beyond Thane,19.2094006,73.0939483,Semi-Furnished,Apartment,0,56,8,Resale,Ready to Move,,Lodha Developers Limited
Lodha Palava City,5000000.0,392,1,1,Dombivli,Beyond Thane,19.2094006,73.0939483,Unfurnished,Apartment,0,56,8,Resale,Ready to Move,,Lodha Developers Limited
Lodha Palava City,5500000.0,457,2,2,Dombivli,Beyond Thane,19.2094006,73.0939483,Semi-Furnished,Apartment,0,56,8,Resale,Ready to Move,,Lodha Developers Limited
Lodha Palava City,4200000.0,339,1,2,Dombivli,Beyond Thane,19.2094006,73.0939483,Unfurnished,Apartment,0,56,8,Resale,Ready to Move,,Lodha Developers Limited
Lodha Palava City,5600000.0,421,2,2,Dombivli,Beyond Thane,19.2094006,73.0939483,Furnished,Apartment,0,56,8,Resale,Ready to Move,,Lodha Developers Limited
Lodha Palava City,8000000.0,546,2,2,Dombivli,Beyond Thane,19.2094006,73.0939483,Unfurnished,Apartment,0,56,8,Resale,Ready to Move,,Lodha Developers Limited
Lodha Palava City,11000000.0,764,2,2,Dombivli,Beyond Thane,19.2094006,73.0939483,Semi-Furnished,Apartment,0,56,8,Resale,Ready to Move,,Lodha Developers Limited
Lodha Casa Rio Gold,5400000.0,,1,1,Palava City,Beyond Thane,19.1680134933867,73.0730851842052,Unfurnished,Apartment,0,10,6,Resale,Ready to Move,1 Open,Lodha Developers Limited
Suresh Complex,3600000.0,485,2,1,Dombivli East,Beyond Thane,19.2049111648702,73.1069201060438,Semi-Furnished,Apartment,0,0,5,Resale,Ready to Move,,Unknown
santoshi mata apartment,7200000.0,650,2,2,Thakurli,Beyond Thane,19.2252747701219,73.1000690723917,Semi-Furnished,Apartment,0,0,1,Resale,Ready to Move,,Unknown
Siddharth Riverwood Park,7500000.0,,2,2,Dombivli East,Beyond Thane,19.2049111648702,73.1069201060438,Furnished,Apartment,0,50,5,Resale,Ready to Move,,Siddharth Group
JP Harmony,2800000.0,,1,2,Ambernath East,Beyond Thane,19.2075883274914,73.1854898657514,Semi-Furnished,Apartment,0,17,1,Resale,Ready to Move,,JP Developers
Unkown,5000000.0,512,1,1,Dombivli West,Beyond Thane,19.2174682509913,73.0750339345098,Semi-Furnished,Apartment,0,0,2,Resale,Ready to Move,"15 Covered, 55 Open",Unknown
Lok Nagari Phase 3,4000000.0,550,1,1,Ambernath,Beyond Thane,19.1986487504664,73.2004913077756,Semi-Furnished,Apartment,0,25,6,Resale,Ready to Move,,Lok Housing Group
Banjara Hills,3000000.0,,,,Shahapur,Beyond Thane,19.453550664726,73.3247044251021,,Residential Plot,0,8,2,Resale,,,Soft Corner
Unkown,1600000.0,,,,Dombivli,Beyond Thane,19.2094006,73.0939483,Unfurnished,Studio Apartment,0,0,8,Resale,Ready to Move,,Unknown
Unkown,3000000.0,,1,2,Nilje Gaon,Beyond Thane,19.158064093334,73.0831413121874,Semi-Furnished,Apartment,0,0,0,Resale,Ready to Move,,Unknown
Tata Amantra,5100000.0,625,2,1,Kalyan,Beyond Thane,19.2449413625186,73.1331398884041,Semi-Furnished,Apartment,0,20,8,Resale,Ready to Move,1 Open,TATA Housing Development Company Ltd.
Sanghvi Paradise,2600000.0,,2,2,Asangaon,Beyond Thane,19.4390197,73.3030715,Unfurnished,Apartment,0,29,2,Resale,Ready to Move,,Sanghvi Group
Unkown,2600000.0,398,1,1,Badlapur West,Beyond Thane,19.1760975692482,73.2401614495576,Unfurnished,Apartment,0,0,0,New Property,Ready to Move,,Unknown
Unkown,650000.0,490,1,2,Ambernath West,Beyond Thane,19.2107415190685,73.1908213734783,Unfurnished,Apartment,0,0,2,Resale,Ready to Move,,Unknown
Unkown,3310000.0,450,1,1,Ambernath,Beyond Thane,19.1986487504664,73.2004913077756,Furnished,Apartment,0,0,6,Resale,Ready to Move,,Unknown
Vishwajeet Greens,2500000.0,402,1,2,Ambernath,Beyond Thane,19.1986487504664,73.2004913077756,Unfurnished,Apartment,0,9,6,Resale,Ready to Move,,GBK Group
Runwal MyCity,5500000.0,541,2,2,Dombivli,Beyond Thane,19.2094006,73.0939483,Unfurnished,Apartment,0,5,8,Resale,Ready to Move,,Runwal Group
Unkown,1600000.0,150,,,Vangani,Beyond Thane,19.0925602606021,73.2971135741545,Unfurnished,Commercial Shop,0,0,4,New Property,Ready to Move,,Unknown
Unkown,7500000.0,700,2,2,Kalyan West,Beyond Thane,19.2442606681675,73.123906730695,Semi-Furnished,Apartment,0,0,5,Resale,Ready to Move,,Unknown
JP Synergy,4000000.0,450,2,1,Ambernath East,Beyond Thane,19.2075883274914,73.1854898657514,Unfurnished,Apartment,0,18,1,Resale,Ready to Move,,JP Corp
Unkown,900000.0,,,,Vangani,Beyond Thane,19.0925602606021,73.2971135741545,Furnished,Commercial Shop,0,0,4,Resale,Ready to Move,,Unknown
Unkown,2750000.0,,1,1,Badlapur East,Beyond Thane,19.1639249,73.2459247,Semi-Furnished,Builder Floor Apartment,0,0,6,New Property,Ready to Move,,Unknown
Jewel Arista,4600000.0,,2,2,Badlapur,Beyond Thane,19.1639249,73.2459247,Unfurnished,Apartment,0,16,8,Resale,Ready to Move,,Jewel Builders and Infraprojects Ltd.
Unkown,10000000.0,900,3,3,Dombivli East,Beyond Thane,19.2049111648702,73.1069201060438,Semi-Furnished,Apartment,0,0,5,Resale,Ready to Move,,Unknown
Unkown,2700000.0,,1,1,Dombivli East,Beyond Thane,19.2049111648702,73.1069201060438,Unfurnished,Apartment,0,0,5,Resale,Ready to Move,,Unknown
Risali JP Symphony,2350000.0,385,1,1,Ambernath East,Beyond Thane,19.2075883274914,73.1854898657514,Semi-Furnished,Apartment,0,32,1,Resale,Ready to Move,,Risali Developers
Unkown,1200000.0,,,,Sagarli Gaon Dombivli East,Beyond Thane,19.21112486,73.10220178,Unfurnished,Commercial Shop,0,0,0,Resale,Ready to Move,,Unknown
Motiram Darshan,4200000.0,600,2,2,Ambernath East,Beyond Thane,19.2075883274914,73.1854898657514,Unfurnished,Apartment,0,0,1,Resale,Ready to Move,1 Open,Unknown
Unkown,1900000.0,,,,Kongaon,Beyond Thane,19.2488820895278,73.1078341740368,Unfurnished,Commercial Shop,0,0,0,Resale,Ready to Move,,Unknown
Lodha Casa Bella Gold,4200000.0,,1,1,Dombivli East,Beyond Thane,19.2049111648702,73.1069201060438,Unfurnished,Apartment,0,20,5,Resale,Ready to Move,,Lodha Developers Limited
Unkown,2500000.0,270,1,1,Dombivli East,Beyond Thane,19.2049111648702,73.1069201060438,Semi-Furnished,Apartment,0,0,5,Resale,Ready to Move,,Unknown
Precious Harmony,3400000.0,,1,1,Badlapur East,Beyond Thane,19.1639249,73.2459247,Semi-Furnished,Apartment,0,23,6,Resale,Ready to Move,,Precious Group
Unkown,2550000.0,515,1,1,Kasheli,Beyond Thane,19.2301651,73.0171568,Unfurnished,Residential House,0,0,2,Resale,Ready to Move,,Unknown
Himalaya Gardens,2000000.0,,1,1,Vangani,Beyond Thane,19.0925602606021,73.2971135741545,Unfurnished,Apartment,0,7,4,Resale,Ready to Move,,Himalaya Builders And Developers
Lodha Casa Bella Gold,4900000.0,,2,2,Dombivli East,Beyond Thane,19.2049111648702,73.1069201060438,Semi-Furnished,Apartment,0,20,5,Resale,Ready to Move,,Lodha Developers Limited
Nisarg Park,5200000.0,900,2,2,Badlapur,Beyond Thane,19.1639249,73.2459247,Furnished,Apartment,0,11,8,Resale,Ready to Move,,Karmakushalta Developer
Lodha Crown Dombivali,2650000.0,305,1,1,Dombivli East,Beyond Thane,19.2049111648702,73.1069201060438,Unfurnished,Apartment,0,7,5,Resale,Ready to Move,,Lodha Developers Limited
Unkown,1500000.0,,,,Badlapur West,Beyond Thane,19.1760975692482,73.2401614495576,Unfurnished,Commercial Shop,0,0,0,Resale,Ready to Move,,Unknown
Atharva Enclave,4500000.0,500,2,2,Bhiwandi,Beyond Thane,19.2937911767008,73.0653582109139,Semi-Furnished,Apartment,0,0,6,Resale,Ready to Move,,Lucky Group
Mohan Suburbia,5500000.0,963,2,2,Ambernath East,Beyond Thane,19.2075883274914,73.1854898657514,Semi-Furnished,Apartment,0,11,1,Resale,Ready to Move,,Mohan Group
Unkown,3600000.0,,1,1,Badlapur,Beyond Thane,19.1639249,73.2459247,Unfurnished,Builder Floor Apartment,0,0,8,Resale,Ready to Move,,Unknown
Unkown,3200000.0,635,1,1,Dombivli East,Beyond Thane,19.2049111648702,73.1069201060438,Unfurnished,Apartment,0,0,5,Resale,Ready to Move,,Unknown
Unkown,8500000.0,,2,2,Dombivli West,Beyond Thane,19.2174682509913,73.0750339345098,Furnished,Apartment,0,0,2,Resale,Ready to Move,1 Open,Unknown
Ashtavinayak Residency,2900000.0,,1,1,Ambernath,Beyond Thane,19.1986487504664,73.2004913077756,Unfurnished,Apartment,0,11,6,Resale,Ready to Move,,Ashtavinayak Enterprises
Unkown,7000000.0,3292,2,1,Neral,Beyond Thane,19.0248210057881,73.3169473654086,Unfurnished,Residential House,0,0,0,Resale,Ready to Move,2 Open,Unknown
Unkown,12500000.0,875,3,3,Anjur,Beyond Thane,19.2176833652305,73.0445635987658,Unfurnished,Apartment,0,0,0,Resale,Ready to Move,,Unknown
Unkown,3500000.0,700,2,1,Badlapur East,Beyond Thane,19.1639249,73.2459247,Semi-Furnished,Residential House,0,0,6,Resale,Ready to Move,4 Open,Unknown
Unkown,1700000.0,,1,1,Ulhasnagar,Beyond Thane,19.2253646109387,73.1645678200285,Unfurnished,Apartment,0,0,7,Resale,Ready to Move,,Unknown
Lodha Casa Bella Gold,8500000.0,,2,2,Dombivli East,Beyond Thane,19.2049111648702,73.1069201060438,Furnished,Apartment,0,20,5,Resale,Ready to Move,,Lodha Developers Limited
Eco Greens Phase II,2750000.0,,1,2,Karjat,Beyond Thane,18.9112989,73.328189,Unfurnished,Apartment,0,27,2,Resale,Ready to Move,,Ecohomes Construction Pvt. Ltd.
Unkown,5200000.0,,,,Karjat Murbad Road,Beyond Thane,19.2020729139811,73.431654521508,,Agricultural Land,0,0,0,Resale,,,Unknown
Unkown,5500000.0,535,1,2,Dombivli East,Beyond Thane,19.2049111648702,73.1069201060438,Furnished,Apartment,0,0,5,Resale,Ready to Move,,Unknown
Unkown,4500000.0,1000,2,2,Ambernath Badlapur Road,Beyond Thane,19.17335917,73.22656378,Semi-Furnished,Apartment,0,0,0,Resale,Ready to Move,,Unknown
Tulsi Aarambh,3200000.0,,2,2,Badlapur East,Beyond Thane,19.1639249,73.2459247,Unfurnished,Apartment,0,0,6,Resale,Ready to Move,,Raj Group
Unkown,2700000.0,,1,1,Badlapur,Beyond Thane,19.1639249,73.2459247,Semi-Furnished,Apartment,0,0,8,Resale,Ready to Move,,Unknown
Unkown,3600000.0,,1,2,Badlapur,Beyond Thane,19.1639249,73.2459247,Furnished,Apartment,0,0,8,Resale,Ready to Move,,Unknown
Banjara Hills,1000000.0,,,,Shahapur,Beyond Thane,19.453550664726,73.3247044251021,,Residential Plot,0,8,2,Resale,,,Soft Corner
Rukmini Garden Building No 2,2500000.0,,1,1,Titwala,Beyond Thane,19.295217297811,73.2124239025258,Unfurnished,Apartment,0,30,4,Resale,Ready to Move,,Rukmini Associates Builders and Developers
Ramayan Apartment,5400000.0,,3,3,Ulhasnagar,Beyond Thane,19.2253646109387,73.1645678200285,Furnished,Apartment,0,0,7,Resale,Ready to Move,,Unknown
kool Breeze,3500000.0,665,2,2,Badlapur,Beyond Thane,19.1639249,73.2459247,Semi-Furnished,Apartment,0,15,8,Resale,Ready to Move,,RCC Consultant
Bliss,2800000.0,504,1,2,Ambernath East,Beyond Thane,19.2075883274914,73.1854898657514,Unfurnished,Apartment,0,21,1,Resale,Ready to Move,,Patel RPL Realty
Kohinoor Castles,2350000.0,436,1,1,Ambernath,Beyond Thane,19.1986487504664,73.2004913077756,Unfurnished,Apartment,0,34,6,Resale,Ready to Move,,Kohinoor Group
Wadhwa Mahek Residency,5000000.0,439,1,1,Kalyan East,Beyond Thane,19.2280216158659,73.1334807284888,Unfurnished,Apartment,0,5,2,Resale,Ready to Move,,The Wadhwa Group
Wadhwa Mahek Residency,3000000.0,468,1,1,Kalyan East,Beyond Thane,19.2280216158659,73.1334807284888,Unfurnished,Apartment,0,5,2,Resale,Ready to Move,,The Wadhwa Group
Tulsi Aangan,2400000.0,500,1,1,Badlapur East,Beyond Thane,19.1639249,73.2459247,Unfurnished,Apartment,0,11,6,Resale,Ready to Move,,Raj Group
Tharwani Vedant Imperial,2800000.0,452,1,1,Badlapur,Beyond Thane,19.1639249,73.2459247,Semi-Furnished,Apartment,0,19,8,Resale,Ready to Move,,Tharwani Infrastructures
Precious Harmony,4400000.0,706,2,2,Badlapur East,Beyond Thane,19.1639249,73.2459247,Semi-Furnished,Apartment,0,23,6,Resale,Ready to Move,,Precious Group
Arihant Anmol,3700000.0,709,2,2,Badlapur East,Beyond Thane,19.1639249,73.2459247,Unfurnished,Apartment,0,7,6,Resale,Ready to Move,,Arihant Superstructures Ltd
Orchid Jewels Complex,2800000.0,305,1,1,Bhiwandi,Beyond Thane,19.2937911767008,73.0653582109139,Semi-Furnished,Apartment,0,0,6,Resale,Ready to Move,,Unknown
Orchid Jewels Complex,2800000.0,446,1,1,Bhiwandi,Beyond Thane,19.2937911767008,73.0653582109139,Semi-Furnished,Apartment,0,0,6,Resale,Ready to Move,,Unknown
Poddar Samruddhi Evergreen,2500000.0,414,1,1,Badlapur East,Beyond Thane,19.1639249,73.2459247,Unfurnished,Apartment,0,0,6,Resale,Ready to Move,,Poddar Groups
Poddar Samruddhi Evergreen,1900000.0,180,1,1,Badlapur East,Beyond Thane,19.1639249,73.2459247,Unfurnished,Apartment,0,0,6,Resale,Ready to Move,,Poddar Groups
Jai Malhar Society,2600000.0,259,1,1,Dombivli East,Beyond Thane,19.2049111648702,73.1069201060438,Unfurnished,Apartment,0,0,5,Resale,Ready to Move,,Unknown
Jai Malhar Society,2100000.0,371,1,1,Nandivli,Beyond Thane,19.1998737435079,73.0856103413878,Semi-Furnished,Apartment,0,0,0,Resale,Ready to Move,,Unknown
Ambika Neelkanth Dhara,4600000.0,446,1,1,Dombivli West,Beyond Thane,19.2174682509913,73.0750339345098,Unfurnished,Apartment,0,0,2,Resale,Ready to Move,,Unknown
Karrm Panchtatva Phase I,1600000.0,335,1,1,Shahapur,Beyond Thane,19.453550664726,73.3247044251021,Unfurnished,Apartment,0,0,2,Resale,Ready to Move,,Karrm Infrastructure Pvt. Ltd.
Poddar Samruddhi Evergreen,1600000.0,236,1,1,Badlapur East,Beyond Thane,19.1639249,73.2459247,Unfurnished,Apartment,0,0,6,Resale,Ready to Move,,Poddar Groups
Unkown,19700000.0,,4,4,Ambernath,Beyond Thane,19.1986487504664,73.2004913077756,Semi-Furnished,Villa,0,0,6,Resale,Ready to Move,,Unknown
Unkown,5500000.0,650,2,2,Ambernath East,Beyond Thane,19.2075883274914,73.1854898657514,Furnished,Apartment,0,0,1,Resale,Ready to Move,,Unknown
Karrm Gardens,2200000.0,450,1,1,Ambernath,Beyond Thane,19.1986487504664,73.2004913077756,Unfurnished,Apartment,0,3,6,Resale,Ready to Move,1 Open,KARAM INFRASTRUCTURE Pvt. Ltd.
Vasant Park,5100000.0,,1,1,Kalyan West,Beyond Thane,19.2442606681675,73.123906730695,Semi-Furnished,Apartment,0,35,5,Resale,Ready to Move,,Vasant Builders
Sai Darshan,4500000.0,469,1,1,Kalyan East,Beyond Thane,19.2280216158659,73.1334807284888,Semi-Furnished,Apartment,0,5,2,Resale,Ready to Move,,Soham Construction Pvt. Ltd.
Unkown,8300000.0,,2,2,Dombivli East,Beyond Thane,19.2049111648702,73.1069201060438,Semi-Furnished,Apartment,0,0,5,Resale,Ready to Move,,Unknown
Jashnani Chintamani Habitat,1500000.0,429,1,1,Shahapur,Beyond Thane,19.453550664726,73.3247044251021,Unfurnished,Apartment,0,26,2,Resale,Ready to Move,,Jashnani Construction Pvt. Ltd.
Lodha Casa Bella Gold,17000000.0,,4,3,Dombivli East,Beyond Thane,19.2049111648702,73.1069201060438,Unfurnished,Apartment,0,20,5,Resale,Ready to Move,,Lodha Developers Limited
Unkown,2900000.0,,1,1,Dombivli East,Beyond Thane,19.2049111648702,73.1069201060438,Semi-Furnished,Apartment,0,0,5,Resale,Ready to Move,,Unknown
Bella Vista,1900000.0,,,,Shahapur,Beyond Thane,19.453550664726,73.3247044251021,,Residential Plot,0,16,2,Resale,,,Oswal Group
Lok Vatika,3800000.0,,1,1,Kalyan East,Beyond Thane,19.2280216158659,73.1334807284888,Semi-Furnished,Apartment,0,0,2,Resale,Ready to Move,,Lok Housing Group
Runwal MyCity,4600000.0,,1,2,Dombivli,Beyond Thane,19.2094006,73.0939483,Unfurnished,Apartment,0,5,8,Resale,Ready to Move,,Runwal Group
Bhav Residency,3914545.0,393,1,2,Kasheli,Beyond Thane,19.2301651,73.0171568,Semi-Furnished,Apartment,0,4,2,Resale,Ready to Move,,Ramdev Developers
Regency Estate,8000000.0,,2,2,Dombivli,Beyond Thane,19.2094006,73.0939483,Unfurnished,Apartment,0,24,8,Resale,Ready to Move,,Regency Group
Unkown,4210000.0,,2,2,Ram Nagar Dombivli East,Beyond Thane,19.215646396774,73.0865415651692,Furnished,Apartment,0,0,0,Resale,,,Unknown
Runwal Gardens,4100000.0,468,1,1,Dombivli East,Beyond Thane,19.2049111648702,73.1069201060438,Unfurnished,Apartment,0,15,5,Resale,Under Construction,,Runwal Group
Ahuja Prasadam,2500000.0,522,1,2,Ambernath East,Beyond Thane,19.2075883274914,73.1854898657514,Unfurnished,Apartment,0,25,1,Resale,Ready to Move,,Ahuja Group
Sai Orchid Residency,3600000.0,511,2,2,Dombivli East,Beyond Thane,19.2049111648702,73.1069201060438,Semi-Furnished,Apartment,0,11,5,Resale,Ready to Move,,Sai Developers
Mehta Amrut Siddhi,4000000.0,697,2,2,Titwala,Beyond Thane,19.295217297811,73.2124239025258,Unfurnished,Apartment,0,16,4,Resale,Ready to Move,,Mehta Group
Sunshine Elegance,5000000.0,468,1,2,Thakurli,Beyond Thane,19.2252747701219,73.1000690723917,Semi-Furnished,Apartment,0,17,1,Resale,Ready to Move,,Sunshine Enterprises
Reliance Residency,4600000.0,797,3,2,Ambernath,Beyond Thane,19.1986487504664,73.2004913077756,Unfurnished,Apartment,0,18,6,Resale,Ready to Move,,Reliance Enterprises
Lodha Palava Lakeshore Greens,4810000.0,706,2,2,Dombivli,Beyond Thane,19.2094006,73.0939483,Unfurnished,Apartment,0,24,8,Resale,Ready to Move,,Lodha Developers Limited
Lodha Palava City,5700000.0,654,2,2,Dombivli,Beyond Thane,19.2094006,73.0939483,Unfurnished,Apartment,0,56,8,Resale,Ready to Move,,Lodha Developers Limited
Regency Sarvam,4900000.0,763,2,2,Titwala,Beyond Thane,19.295217297811,73.2124239025258,Unfurnished,Apartment,0,21,4,Resale,Ready to Move,,Regency Group
Madhukunj CO OP Housing Society,2300000.0,245,1,1,Dombivli West,Beyond Thane,19.2174682509913,73.0750339345098,Semi-Furnished,Apartment,0,0,2,Resale,Ready to Move,,Unknown
Lodha Palava Trinity A To C,14000000.0,1152,3,3,Dombivli East,Beyond Thane,19.2049111648702,73.1069201060438,Unfurnished,Apartment,0,3,5,Resale,Ready to Move,,Lodha Developers Limited
Unkown,4800000.0,400,1,2,Dombivli West,Beyond Thane,19.2174682509913,73.0750339345098,Unfurnished,Apartment,0,0,2,Resale,Ready to Move,,Unknown
Sarvodaya Hill,7000000.0,713,2,2,Thakurli,Beyond Thane,19.2252747701219,73.1000690723917,Semi-Furnished,Apartment,0,19,1,Resale,Ready to Move,,Happy Home Group
Laxmi Park,7200000.0,598,2,2,Thakurli,Beyond Thane,19.2252747701219,73.1000690723917,Unfurnished,Apartment,0,16,1,Resale,Ready to Move,,Laxmi Builders and Developers
Sai Samarth,3800000.0,504,2,2,Kalyan East,Beyond Thane,19.2280216158659,73.1334807284888,Furnished,Apartment,0,2,2,Resale,Ready to Move,,Madan Chikankar
Swastik Park,1500000.0,381,1,1,Kalyan East,Beyond Thane,19.2280216158659,73.1334807284888,Unfurnished,Apartment,0,2,2,Resale,Ready to Move,,Hindustan Enterprises
Runwal MyCity,7000000.0,796,3,2,Dombivli,Beyond Thane,19.2094006,73.0939483,Unfurnished,Apartment,0,5,8,Resale,Ready to Move,,Runwal Group
Lok Nagari Phase 3,2400000.0,450,1,2,Ambernath East,Beyond Thane,19.2075883274914,73.1854898657514,Unfurnished,Apartment,0,25,1,Resale,Ready to Move,,Lok Housing Group
Godrej Vihaa,4200000.0,,2,2,Badlapur,Beyond Thane,19.1639249,73.2459247,Unfurnished,Apartment,0,31,8,New Property,Ready to Move,,Godrej Properties
Unkown,5100000.0,489,1,1,Dombivli East,Beyond Thane,19.2049111648702,73.1069201060438,Unfurnished,Apartment,0,0,5,Resale,Ready to Move,,Unknown
Unkown,3453000.0,669,1,1,Karjat,Beyond Thane,18.9112989,73.328189,Semi-Furnished,Apartment,0,0,2,Resale,Ready to Move,,Unknown
Unkown,5000000.0,612,1,1,Dombivli West,Beyond Thane,19.2174682509913,73.0750339345098,Semi-Furnished,Apartment,0,0,2,Resale,Under Construction,,Unknown
Unkown,1800000.0,461,1,1,Karjat,Beyond Thane,18.9112989,73.328189,Unfurnished,Apartment,0,0,2,Resale,Ready to Move,,Unknown
Unkown,1075000.0,228,1,1,Karjat,Beyond Thane,18.9112989,73.328189,Unfurnished,Apartment,0,0,2,Resale,Ready to Move,,Unknown
Unkown,2000000.0,392,1,1,Karjat,Beyond Thane,18.9112989,73.328189,Unfurnished,Apartment,0,0,2,Resale,Ready to Move,,Unknown
Unkown,3500000.0,540,1,2,Karjat,Beyond Thane,18.9112989,73.328189,Unfurnished,Apartment,0,0,2,Resale,Ready to Move,,Unknown
Unkown,1800000.0,352,1,1,Karjat,Beyond Thane,18.9112989,73.328189,Unfurnished,Apartment,0,0,2,Resale,Under Construction,,Unknown
Unkown,3000000.0,601,2,2,Karjat,Beyond Thane,18.9112989,73.328189,Semi-Furnished,Apartment,0,0,2,Resale,Ready to Move,,Unknown
Siddharth Riverwood Park,4500000.0,475,1,2,Dombivli East,Beyond Thane,19.2049111648702,73.1069201060438,Unfurnished,Apartment,0,50,5,Resale,Ready to Move,,Siddharth Group
Siddharth Riverwood Park,3000000.0,468,1,1,Dombivli East,Beyond Thane,19.2049111648702,73.1069201060438,Unfurnished,Apartment,0,50,5,Resale,Ready to Move,,Siddharth Group
Siddharth Riverwood Park,3100000.0,378,1,2,Dombivli East,Beyond Thane,19.2049111648702,73.1069201060438,Semi-Furnished,Apartment,0,50,5,Resale,Ready to Move,,Siddharth Group
Siddharth Riverwood Park,6350000.0,466,2,2,Dombivli East,Beyond Thane,19.2049111648702,73.1069201060438,Unfurnished,Apartment,0,50,5,Resale,Under Construction,,Siddharth Group
Siddharth Riverwood Park,4000000.0,547,2,2,Dombivli East,Beyond Thane,19.2049111648702,73.1069201060438,Semi-Furnished,Apartment,0,50,5,Resale,Ready to Move,,Siddharth Group
Siddharth Riverwood Park,3500000.0,342,1,1,Dombivli East,Beyond Thane,19.2049111648702,73.1069201060438,Semi-Furnished,Apartment,0,50,5,Resale,Ready to Move,,Siddharth Group
Siddharth Riverwood Park,3200000.0,385,1,1,Dombivli East,Beyond Thane,19.2049111648702,73.1069201060438,Unfurnished,Apartment,0,50,5,Resale,Ready to Move,,Siddharth Group
Raj Tulsi V City,2500000.0,587,2,2,Vangani,Beyond Thane,19.0925602606021,73.2971135741545,Unfurnished,Apartment,0,15,4,Resale,Ready to Move,,Raj Group
JP Regency,3500000.0,432,1,1,Ambernath East,Beyond Thane,19.2075883274914,73.1854898657514,Furnished,Apartment,0,10,1,Resale,Ready to Move,,JP Developers
JP Regency,2600000.0,381,1,1,Ambernath East,Beyond Thane,19.2075883274914,73.1854898657514,Unfurnished,Apartment,0,10,1,Resale,Ready to Move,,JP Developers
Tata Amantra,5500000.0,441,2,1,Kalyan West,Beyond Thane,19.2442606681675,73.123906730695,Unfurnished,Apartment,0,20,5,Resale,Ready to Move,,TATA Housing Development Company Ltd.
Tata Amantra,4800000.0,778,2,2,Kalyan West,Beyond Thane,19.2442606681675,73.123906730695,Unfurnished,Apartment,0,20,5,Resale,Ready to Move,,TATA Housing Development Company Ltd.
Honest Kalyan Nagari,5500000.0,411,1,1,Kalyan West,Beyond Thane,19.2442606681675,73.123906730695,Semi-Furnished,Apartment,0,22,5,Resale,Ready to Move,,Honest Developers
Honest Kalyan Nagari,3500000.0,361,1,2,Kalyan West,Beyond Thane,19.2442606681675,73.123906730695,Semi-Furnished,Apartment,0,22,5,Resale,Ready to Move,,Honest Developers
Tata Amantra,6500000.0,576,2,2,Kalyan West,Beyond Thane,19.2442606681675,73.123906730695,Semi-Furnished,Apartment,0,20,5,Resale,Ready to Move,,TATA Housing Development Company Ltd.
Keshav Apartment,2900000.0,454,1,1,Kalyan East,Beyond Thane,19.2280216158659,73.1334807284888,Unfurnished,Apartment,0,0,2,Resale,Ready to Move,,Unknown
Runwal Gardens,5500000.0,468,2,2,Dombivli East,Beyond Thane,19.2049111648702,73.1069201060438,Unfurnished,Apartment,0,15,5,Resale,Under Construction,,Runwal Group
Godrej Nirvaan,8200000.0,428,2,2,Kalyan West,Beyond Thane,19.2442606681675,73.123906730695,Semi-Furnished,Apartment,0,45,5,Resale,Under Construction,,Godrej Properties
Ahuja Prasadam,4000000.0,806,2,2,Ambernath East,Beyond Thane,19.2075883274914,73.1854898657514,Unfurnished,Apartment,0,25,1,Resale,Under Construction,,Ahuja Group
Ahuja Prasadam,4800000.0,745,2,2,Ambernath East,Beyond Thane,19.2075883274914,73.1854898657514,Unfurnished,Apartment,0,25,1,Resale,Ready to Move,,Ahuja Group
Regency Anantam,11000000.0,634,2,2,Dombivli East,Beyond Thane,19.2049111648702,73.1069201060438,Furnished,Apartment,0,29,5,Resale,Ready to Move,,Regency Group
Regency Anantam,8500000.0,518,2,2,Dombivli East,Beyond Thane,19.2049111648702,73.1069201060438,Semi-Furnished,Apartment,0,29,5,Resale,Ready to Move,,Regency Group
Happy Home Sarvodaya Nagar,2800000.0,454,1,1,Ambernath,Beyond Thane,19.1986487504664,73.2004913077756,Unfurnished,Apartment,0,17,6,Resale,Ready to Move,,Happy Home Group
Puranik City Neral,1950000.0,237,1,1,Neral,Beyond Thane,19.0248210057881,73.3169473654086,Unfurnished,Apartment,0,39,0,Resale,Under Construction,,Puranik Builders Ltd.
Runwal Gardens,5300000.0,363,2,2,Dombivli East,Beyond Thane,19.2049111648702,73.1069201060438,Unfurnished,Apartment,0,15,5,Resale,Under Construction,,Runwal Group
Runwal Gardens,3700000.0,336,1,1,Dombivli East,Beyond Thane,19.2049111648702,73.1069201060438,Unfurnished,Apartment,0,15,5,Resale,Under Construction,,Runwal Group
Om Sai Towers,2800000.0,482,1,1,Ambernath East,Beyond Thane,19.2075883274914,73.1854898657514,Semi-Furnished,Apartment,0,10,1,Resale,Ready to Move,,Sai Construction
Lodha Palava City,4800000.0,454,1,1,Dombivli East,Beyond Thane,19.2049111648702,73.1069201060438,Unfurnished,Apartment,0,56,5,Resale,Ready to Move,,Lodha Developers Limited
Shree Siddhivinayak Heights,11000000.0,533,2,2,Titwala,Beyond Thane,19.295217297811,73.2124239025258,Furnished,Apartment,0,3,4,Resale,Ready to Move,,Swastik Construction
Shankeshwar Palms,6800000.0,703,2,3,Dombivli West,Beyond Thane,19.2174682509913,73.0750339345098,Semi-Furnished,Apartment,0,0,2,Resale,Ready to Move,,Unknown
Happy Sarvoday 1,76443000.0,755,,1,Kalyan,Beyond Thane,19.2449413625186,73.1331398884041,Unfurnished,Commercial Office Space,0,6,8,New Property,Dec '28,,Happy Home Group
Lodha Opulis B,38000000.0,2498,4,4,Kole,Beyond Thane,19.22816159,73.36323194,Unfurnished,Apartment,0,10,0,New Property,May '30,,Lodha Developers Limited
Godrej Nirvaan,4949000.0,424,1,1,Kalyan West,Beyond Thane,19.2442606681675,73.123906730695,Unfurnished,Apartment,0,45,5,New Property,Under Construction,,Godrej Properties
Kalpataru Aria ,11400000.0,2280,,,Karjat,Beyond Thane,18.9112989,73.328189,Unfurnished,Residential Plot,0,23,2,New Property,,,Kalpataru Ltd.
Dosti Greater Thane,5954000.0,535,2,2,Bhiwandi,Beyond Thane,19.2937911767008,73.0653582109139,Unfurnished,Apartment,0,14,6,New Property,Jun '28,,Dosti Realty 
Tharwani Ariana,5017000.0,846,3,3,Ambernath West,Beyond Thane,19.2107415190685,73.1908213734783,Unfurnished,Apartment,0,20,2,New Property,Ready to Move,,Tharwani Realty
Kalpataru Aria ,49345000.0,9000,,,Karjat,Beyond Thane,18.9112989,73.328189,Unfurnished,Residential Plot,0,23,2,New Property,,,Kalpataru Ltd.
Dosti Greater Thane,4129000.0,371,1,1,Bhiwandi,Beyond Thane,19.2937911767008,73.0653582109139,Unfurnished,Apartment,0,14,6,New Property,Jun '28,,Dosti Realty 
Rustomjee Urban Woods,12399000.0,1124,3,3,Kalyan East,Beyond Thane,19.2280216158659,73.1334807284888,Unfurnished,Apartment,0,25,2,New Property,May '29,,Rustomjee
Growmore Unimax Life,3838000.0,446,1,1,Dombivli East,Beyond Thane,19.2049111648702,73.1069201060438,Unfurnished,Apartment,1,12,5,New Property,Dec '29,1 Covered,Growmore Lifespaces Llp
Runwal Garden City,7200000.0,568,3,3,Dombivli,Beyond Thane,19.2094006,73.0939483,Unfurnished,Apartment,1,43,8,New Property,Sep '27,,Runwal Enterprises
Sunteck Crescent Park,7200000.0,656,2,2,Kalyan,Beyond Thane,19.2449413625186,73.1331398884041,Unfurnished,Apartment,1,35,8,New Property,Dec '29,1 Covered,Sunteck Realty Ltd.
Rustomjee Urban Woods,6148800.0,585,2,2,Kalyan East,Beyond Thane,19.2280216158659,73.1334807284888,Unfurnished,Apartment,1,25,2,New Property,Under Construction,1 Covered,Rustomjee
Rustomjee Urban Woods,7499000.0,682,2,2,Dombivli East,Beyond Thane,19.2049111648702,73.1069201060438,Unfurnished,Apartment,1,25,5,New Property,May '29,1 Covered,Rustomjee
Lodha Codename Premier,8999999.0,759,3,2,Dombivli East,Beyond Thane,19.2049111648702,73.1069201060438,Unfurnished,Apartment,1,28,5,New Property,Under Construction,1 Covered,Lodha Developers Limited
Unkown,2600000.0,334,1,2,Titwala Goveli Road,Beyond Thane,19.28147176,73.23442666,Unfurnished,Apartment,0,0,0,New Property,Ready to Move,1 Open,Unknown
Unkown,5160000.0,516,1,1,Khadakpada,Beyond Thane,19.2626421381468,73.131209510184,Unfurnished,Apartment,0,0,1,New Property,Under Construction,1 Covered,Unknown
Unkown,24800000.0,1963,3,4,Bhiwandi,Beyond Thane,19.2937911767008,73.0653582109139,Unfurnished,Villa,1,0,6,New Property,Under Construction,2 Covered,Unknown
Shahpur ShubhVastu ,1692000.0,389,1,1,Shivajinagar Vasind,Beyond Thane,19.40599112,73.26267306,Unfurnished,Apartment,0,16,0,Resale,Ready to Move,,Shahpur Infrastructure
Lodha Villa Royale,35000000.0,2000,3,4,Dombivli East,Beyond Thane,19.2049111648702,73.1069201060438,Semi-Furnished,Villa,1,10,5,Resale,Under Construction,"1 Covered, 2 Open",Lodha Developers Limited
Lodha Codename Premier,5927000.0,540,2,2,Dombivli East,Beyond Thane,19.2049111648702,73.1069201060438,Unfurnished,Apartment,0,28,5,New Property,Under Construction,,Lodha Developers Limited
Rustomjee Belle Vue,6200000.0,3200,3,3,Shahapur,Beyond Thane,19.453550664726,73.3247044251021,Unfurnished,Villa,1,10,2,New Property,Under Construction,1 Covered,Rustomjee
Unkown,5900000.0,850,2,2,Kasheli,Beyond Thane,19.2301651,73.0171568,Furnished,Apartment,0,0,2,Resale,Ready to Move,,Unknown
Panvelkar Aqua Marine,3000000.0,,,,Ambernath East,Beyond Thane,19.2075883274914,73.1854898657514,Unfurnished,Commercial Shop,0,21,1,Resale,Ready to Move,,Panvelkar Group
Runwal Garden City,3500000.0,355,1,1,Dombivli,Beyond Thane,19.2094006,73.0939483,Unfurnished,Apartment,1,43,8,Resale,Ready to Move,,Runwal Enterprises
Amber Enclave,5200000.0,460,1,1,Thakurli,Beyond Thane,19.2252747701219,73.1000690723917,Unfurnished,Apartment,0,19,1,Resale,Ready to Move,1 Open,AMBER GROUP
Shree Samarth Paradise ,2300000.0,420,1,2,Neral,Beyond Thane,19.0248210057881,73.3169473654086,Unfurnished,Apartment,1,7,0,New Property,Under Construction,,Shree Samarth Residency
Mohan Suburbia,4000000.0,,2,2,Ambernath,Beyond Thane,19.1986487504664,73.2004913077756,Unfurnished,Apartment,0,32,6,New Property,Ready to Move,,Mohan Group
Unkown,7300000.0,600,2,2,New Thakurli Road,Beyond Thane,19.22450879,73.10186665,Unfurnished,Apartment,0,0,0,Resale,Ready to Move,1 Covered,Unknown
Versatile Valley,5500000.0,700,2,2,Dombivli East,Beyond Thane,19.2049111648702,73.1069201060438,Unfurnished,Apartment,0,23,5,New Property,Ready to Move,1 Covered,Versatile Housing
Shree Raj Uma Complex Phase I,2100000.0,405,1,1,Dombivli East,Beyond Thane,19.2049111648702,73.1069201060438,Unfurnished,Apartment,0,14,5,Resale,Ready to Move,,Shree Raj Group
Hari Om Valley,2700000.0,,1,1,Titwala,Beyond Thane,19.295217297811,73.2124239025258,Unfurnished,Apartment,0,0,4,Resale,Ready to Move,,Unknown
Unkown,3500000.0,,1,1,Titwala,Beyond Thane,19.295217297811,73.2124239025258,Unfurnished,Apartment,0,0,4,Resale,Ready to Move,,Unknown
Mohan Greenwoods,4500000.0,,2,2,Badlapur,Beyond Thane,19.1639249,73.2459247,Unfurnished,Apartment,0,16,8,Resale,Ready to Move,,Mohan Group
Jashnani Chintamani Habitat,2200000.0,650,1,1,Shahapur,Beyond Thane,19.453550664726,73.3247044251021,Unfurnished,Apartment,0,26,2,Resale,Ready to Move,,Jashnani Construction Pvt. Ltd.
Swastika Residency,4700000.0,1350,3,3,Vangani,Beyond Thane,19.0925602606021,73.2971135741545,Unfurnished,Apartment,0,5,4,Resale,Ready to Move,,Nakshatra builders and developers
Lodha Villa Royale,33000000.0,,3,4,Dombivli East,Beyond Thane,19.2049111648702,73.1069201060438,Unfurnished,Residential House,0,10,5,Resale,Ready to Move,,Lodha Developers Limited
Tharwani Riverdale Vista,7800000.0,524,2,2,Kalyan,Beyond Thane,19.2449413625186,73.1331398884041,Semi-Furnished,Apartment,0,20,8,New Property,Ready to Move,,Tharwani Realty
Poddar Navjeevan,1500000.0,280,1,1,Atgaon,Beyond Thane,19.503957,73.3280377,Unfurnished,Residential House,0,43,0,Resale,Ready to Move,,Poddar Developers
Runwal Gardens Phase 4 Bldg No. 38,7174000.0,568,2,2,Dombivli,Beyond Thane,19.2094006,73.0939483,Unfurnished,Apartment,0,11,8,New Property,Ready to Move,,Runwal Group
Nana Patil Pride,3650000.0,645,1,1,Ambernath,Beyond Thane,19.1986487504664,73.2004913077756,Semi-Furnished,Apartment,0,17,6,Resale,Ready to Move,,NDK Group
Unkown,5000000.0,610,1,1,Thakurli,Beyond Thane,19.2252747701219,73.1000690723917,Furnished,Apartment,0,0,1,Resale,Ready to Move,,Unknown
Neptune Swarajya,2621000.0,350,2,2,Kalyan,Beyond Thane,19.2449413625186,73.1331398884041,Unfurnished,Apartment,0,2,8,New Property,Ready to Move,1 Open,Neptune Group
Siddharth Riverwood Park,10000000.0,700,1,2,Dombivli East,Beyond Thane,19.2049111648702,73.1069201060438,Unfurnished,Apartment,0,50,5,Resale,Ready to Move,,Siddharth Group
Shree balaji tower varap,3000000.0,645,1,1,Ulhasnagar,Beyond Thane,19.2253646109387,73.1645678200285,Unfurnished,Apartment,0,0,7,Resale,Ready to Move,50 Open,Unknown
Unkown,1250000.0,365,1,1,Ulhasnagar,Beyond Thane,19.2253646109387,73.1645678200285,Furnished,Apartment,0,0,7,Resale,Ready to Move,,Unknown
Unkown,1700000.0,,1,1,Badlapur,Beyond Thane,19.1639249,73.2459247,Unfurnished,Apartment,0,0,8,Resale,Ready to Move,,Unknown
Sai Glory,2700000.0,,,1,Vasind,Beyond Thane,19.4059529362434,73.2634315742197,Unfurnished,Commercial Office Space,0,13,2,Resale,Ready to Move,,KD Vision Developers
Unkown,4200000.0,,2,2,Ambernath East,Beyond Thane,19.2075883274914,73.1854898657514,Unfurnished,Apartment,0,0,1,Resale,Ready to Move,,Unknown
Mohan Suburbia,3700000.0,550,1,2,Ambernath,Beyond Thane,19.1986487504664,73.2004913077756,Unfurnished,Apartment,0,32,6,Resale,Ready to Move,,Mohan Group
Shanti Niketan,7200000.0,755,2,2,Dombivli,Beyond Thane,19.2094006,73.0939483,Unfurnished,Apartment,0,11,8,Resale,Ready to Move,,Anmol Associate
Regency Sarvam,3700000.0,,1,1,Titwala,Beyond Thane,19.295217297811,73.2124239025258,Unfurnished,Apartment,0,21,4,Resale,Ready to Move,1 Open,Regency Group
Unkown,7500000.0,,,,Karjat,Beyond Thane,18.9112989,73.328189,,Residential Plot,0,0,2,Resale,,,Unknown
Unkown,4500000.0,,1,2,Ambernath East,Beyond Thane,19.2075883274914,73.1854898657514,Unfurnished,Apartment,0,0,1,Resale,Ready to Move,,Unknown
Kulswamini Srushti Residency,5500000.0,435,1,1,Thakurli,Beyond Thane,19.2252747701219,73.1000690723917,Semi-Furnished,Apartment,0,29,1,Resale,Ready to Move,,Kulswamini Developers
Sai Landmark,2500000.0,,2,2,Shahapur,Beyond Thane,19.453550664726,73.3247044251021,Unfurnished,Apartment,0,10,2,Resale,Ready to Move,,Sri Developer
Prathmesh Anandi Heights,5800000.0,,1,1,Dombivli West,Beyond Thane,19.2174682509913,73.0750339345098,Semi-Furnished,Apartment,0,5,2,Resale,Ready to Move,,Prathmesh Developers
Tata Shubh Griha,1800000.0,,1,1,Vasind,Beyond Thane,19.4059529362434,73.2634315742197,Unfurnished,Apartment,0,13,2,Resale,Ready to Move,,TATA Housing Development Company Ltd.
Unkown,15000000.0,,,,Badlapur West,Beyond Thane,19.1760975692482,73.2401614495576,,Agricultural Land,0,0,0,Resale,,,Unknown
Unkown,8500000.0,,,,Vangani,Beyond Thane,19.0925602606021,73.2971135741545,,Residential Plot,0,0,4,Resale,,,Unknown
Ornate Kallisto Phase II,3800000.0,425,1,1,Bhiwandi,Beyond Thane,19.2937911767008,73.0653582109139,Unfurnished,Apartment,0,10,6,Resale,Ready to Move,,ORNATE DAHISAR DEVELOPERS
Ornate Kallisto Phase II,3200000.0,468,1,1,Bhiwandi,Beyond Thane,19.2937911767008,73.0653582109139,Unfurnished,Apartment,0,10,6,Resale,Ready to Move,,ORNATE DAHISAR DEVELOPERS
Aryan One,3000000.0,506,1,1,Badlapur,Beyond Thane,19.1639249,73.2459247,Unfurnished,Apartment,0,10,8,Resale,Ready to Move,,Aryan Housing Corporation
Honest Kalyan Nagari,3256500.0,,1,2,Kalyan West,Beyond Thane,19.2442606681675,73.123906730695,Unfurnished,Apartment,0,22,5,New Property,Under Construction,,Honest Developers
Olympeo Neo City,1411000.0,,1,1,Neral,Beyond Thane,19.0248210057881,73.3169473654086,Unfurnished,Apartment,0,25,0,New Property,Under Construction,,Olympeo Infrastructure Pvt. Ltd.
Olympeo Neo City,1050000.0,,1,1,Neral,Beyond Thane,19.0248210057881,73.3169473654086,Semi-Furnished,Apartment,0,25,0,New Property,Under Construction,,Olympeo Infrastructure Pvt. Ltd.
Gupta Sai Orchid,4200000.0,522,1,1,Dombivli East,Beyond Thane,19.2049111648702,73.1069201060438,Unfurnished,Apartment,0,30,5,Resale,Ready to Move,,Gupta Builders And Developers
Gupta Sai Orchid,7500000.0,734,2,2,Dombivli East,Beyond Thane,19.2049111648702,73.1069201060438,Unfurnished,Apartment,0,30,5,Resale,Ready to Move,,Gupta Builders And Developers
Gupta Sai Orchid,3300000.0,360,1,1,Dombivli East,Beyond Thane,19.2049111648702,73.1069201060438,Unfurnished,Apartment,0,30,5,Resale,Ready to Move,,Gupta Builders And Developers
Heramb Park,2150000.0,475,1,1,Badlapur,Beyond Thane,19.1639249,73.2459247,Unfurnished,Apartment,0,12,8,Resale,Ready to Move,,Deepali Group
Sai Orchid Residency,3600000.0,403,1,1,Dombivli East,Beyond Thane,19.2049111648702,73.1069201060438,Semi-Furnished,Apartment,0,11,5,Resale,Ready to Move,,Sai Developers
Sai Orchid Residency,2900000.0,382,1,1,Dombivli East,Beyond Thane,19.2049111648702,73.1069201060438,Unfurnished,Apartment,0,11,5,Resale,Ready to Move,,Sai Developers
Aryan One,3600000.0,360,1,1,Badlapur,Beyond Thane,19.1639249,73.2459247,Semi-Furnished,Apartment,0,10,8,Resale,Ready to Move,,Aryan Housing Corporation
Krishna Pride,7000000.0,792,2,2,Dombivli East,Beyond Thane,19.2049111648702,73.1069201060438,Semi-Furnished,Apartment,0,6,5,Resale,Ready to Move,,Vedant Realty
Krishna Pride,2599999.0,396,1,1,Dombivli East,Beyond Thane,19.2049111648702,73.1069201060438,Unfurnished,Apartment,0,6,5,Resale,Ready to Move,,Vedant Realty
Reliable Arcade,2600000.0,371,1,1,Dombivli East,Beyond Thane,19.2049111648702,73.1069201060438,Semi-Furnished,Apartment,0,9,5,Resale,Ready to Move,,Reliable Builders and Developers
Shashwat Park 2,2400000.0,437,1,1,Badlapur,Beyond Thane,19.1639249,73.2459247,Semi-Furnished,Apartment,0,6,8,Resale,Ready to Move,,Shashwat Group Builders
Shashwat Park 2,3000000.0,472,1,1,Badlapur,Beyond Thane,19.1639249,73.2459247,Unfurnished,Apartment,0,6,8,Resale,Ready to Move,,Shashwat Group Builders
Mahajan Aashray Anand,2200000.0,331,1,1,Ambernath East,Beyond Thane,19.2075883274914,73.1854898657514,Unfurnished,Apartment,0,19,1,Resale,Ready to Move,,Mahajan Empire
Matri Vatika Park,2600000.0,360,1,2,Kasheli,Beyond Thane,19.2301651,73.0171568,Unfurnished,Apartment,0,17,2,Resale,Ready to Move,,Maitri Developer
Shivalik Prabhat Darshan,3500000.0,356,1,1,Dombivli East,Beyond Thane,19.2049111648702,73.1069201060438,Semi-Furnished,Apartment,0,3,5,Resale,Ready to Move,,Shivalik Ventures
Mohan Puram,3000000.0,410,1,1,Ambernath,Beyond Thane,19.1986487504664,73.2004913077756,Semi-Furnished,Apartment,0,0,6,Resale,Ready to Move,,Mohan Group
Mohan Puram,5400000.0,720,2,2,Ambernath East,Beyond Thane,19.2075883274914,73.1854898657514,Furnished,Apartment,0,0,1,Resale,Ready to Move,,Mohan Group
Laxmi Castello,1900000.0,360,1,1,Neral,Beyond Thane,19.0248210057881,73.3169473654086,Semi-Furnished,Apartment,0,13,0,Resale,Ready to Move,,Laxmi Group
Laxmi Castello,2100000.0,403,1,1,Neral,Beyond Thane,19.0248210057881,73.3169473654086,Unfurnished,Apartment,0,13,0,Resale,Ready to Move,,Laxmi Group
Honest Kalyan Nagari,3400000.0,,1,2,Kalyan West,Beyond Thane,19.2442606681675,73.123906730695,Unfurnished,Apartment,0,22,5,New Property,Ready to Move,,Honest Developers
Honest Kalyan Nagari,3350000.0,,1,2,Kalyan West,Beyond Thane,19.2442606681675,73.123906730695,Unfurnished,Apartment,0,22,5,New Property,Under Construction,,Honest Developers
Honest Kalyan Nagari,3300000.0,,1,2,Kalyan West,Beyond Thane,19.2442606681675,73.123906730695,Unfurnished,Apartment,0,22,5,New Property,Under Construction,,Honest Developers
Heramb Park,1951000.0,504,1,1,Badlapur,Beyond Thane,19.1639249,73.2459247,Unfurnished,Apartment,0,12,8,Resale,Under Construction,,Deepali Group
Sai Landmark,2500000.0,559,2,2,Shahapur,Beyond Thane,19.453550664726,73.3247044251021,Unfurnished,Apartment,0,10,2,Resale,Ready to Move,,Sri Developer
5P Kalp City,2150000.0,475,1,1,Badlapur East,Beyond Thane,19.1639249,73.2459247,Unfurnished,Apartment,0,21,6,Resale,Ready to Move,,5P Group
5P Kalp City,2300000.0,450,1,1,Badlapur East,Beyond Thane,19.1639249,73.2459247,Semi-Furnished,Apartment,0,21,6,Resale,Ready to Move,,5P Group
Ushakiran Residency,3500000.0,655,2,2,Badlapur East,Beyond Thane,19.1639249,73.2459247,Unfurnished,Apartment,0,33,6,Resale,Ready to Move,,Usha Construction Co
Vardhman Vatika,3100000.0,763,2,2,Vasind,Beyond Thane,19.4059529362434,73.2634315742197,Unfurnished,Apartment,0,25,2,Resale,Ready to Move,,Vardhaman Infrastructure
Tata Amantra,5500000.0,667,2,1,Kalyan West,Beyond Thane,19.2442606681675,73.123906730695,Unfurnished,Apartment,0,20,5,Resale,Ready to Move,,TATA Housing Development Company Ltd.
Tata Amantra,6500000.0,778,2,2,Kalyan,Beyond Thane,19.2449413625186,73.1331398884041,Furnished,Apartment,0,20,8,Resale,Ready to Move,,TATA Housing Development Company Ltd.
Regency Sarvam,5600000.0,785,2,2,Titwala,Beyond Thane,19.295217297811,73.2124239025258,Semi-Furnished,Apartment,0,21,4,Resale,Ready to Move,,Regency Group
Regency Sarvam,5000000.0,814,2,2,Titwala,Beyond Thane,19.295217297811,73.2124239025258,Unfurnished,Apartment,0,21,4,Resale,Ready to Move,,Regency Group
Regency Sarvam,4250000.0,763,2,2,Titwala,Beyond Thane,19.295217297811,73.2124239025258,Unfurnished,Apartment,0,21,4,Resale,Ready to Move,,Regency Group
Regency Sarvam,3300000.0,346,1,1,Titwala,Beyond Thane,19.295217297811,73.2124239025258,Semi-Furnished,Apartment,0,21,4,Resale,Ready to Move,,Regency Group
Regency Sarvam,3800000.0,518,1,1,Titwala,Beyond Thane,19.295217297811,73.2124239025258,Unfurnished,Apartment,0,21,4,Resale,Ready to Move,,Regency Group
Regency Sarvam,3700000.0,511,1,1,Titwala,Beyond Thane,19.295217297811,73.2124239025258,Semi-Furnished,Apartment,0,21,4,Resale,Ready to Move,,Regency Group
Regency Sarvam,6000000.0,858,2,2,Titwala,Beyond Thane,19.295217297811,73.2124239025258,Unfurnished,Apartment,0,21,4,Resale,Ready to Move,,Regency Group
Regency Sarvam,4200000.0,529,1,1,Titwala,Beyond Thane,19.295217297811,73.2124239025258,Semi-Furnished,Apartment,0,21,4,Resale,Ready to Move,,Regency Group
Regency Sarvam,3800000.0,305,1,1,Titwala,Beyond Thane,19.295217297811,73.2124239025258,Semi-Furnished,Apartment,0,21,4,Resale,Ready to Move,,Regency Group
Regency Sarvam,4000000.0,511,1,1,Titwala,Beyond Thane,19.295217297811,73.2124239025258,Unfurnished,Apartment,0,21,4,Resale,Ready to Move,,Regency Group
Regency Sarvam,3500000.0,428,1,1,Titwala,Beyond Thane,19.295217297811,73.2124239025258,Semi-Furnished,Apartment,0,21,4,Resale,Ready to Move,,Regency Group
Runwal MyCity,4900000.0,677,2,2,Dombivli East,Beyond Thane,19.2049111648702,73.1069201060438,Unfurnished,Apartment,0,5,5,Resale,Ready to Move,,Runwal Group
Lodha Casa Bella Gold,4500000.0,421,1,1,Dombivli East,Beyond Thane,19.2049111648702,73.1069201060438,Unfurnished,Apartment,0,20,5,Resale,Ready to Move,,Lodha Developers Limited
Lodha Casa Bella Gold,9500000.0,619,2,2,Dombivli East,Beyond Thane,19.2049111648702,73.1069201060438,Unfurnished,Apartment,0,20,5,Resale,Ready to Move,,Lodha Developers Limited
Lodha Casa Bella Gold,5000005.0,549,2,2,Dombivli East,Beyond Thane,19.2049111648702,73.1069201060438,Unfurnished,Apartment,0,20,5,Resale,Ready to Move,,Lodha Developers Limited
Lodha Casa Bella Gold,3400000.0,421,1,1,Dombivli East,Beyond Thane,19.2049111648702,73.1069201060438,Unfurnished,Apartment,0,20,5,Resale,Ready to Move,,Lodha Developers Limited
Lodha Casa Bella Gold,3900000.0,378,1,1,Dombivli East,Beyond Thane,19.2049111648702,73.1069201060438,Furnished,Apartment,0,20,5,Resale,Ready to Move,,Lodha Developers Limited
Lodha Casa Bella Gold,4000000.0,421,1,1,Dombivli East,Beyond Thane,19.2049111648702,73.1069201060438,Unfurnished,Apartment,0,20,5,Resale,Ready to Move,,Lodha Developers Limited
Atlanta Edenworld,2950000.0,572,2,2,Bhiwandi,Beyond Thane,19.2937911767008,73.0653582109139,Semi-Furnished,Apartment,0,32,6,Resale,Ready to Move,,Sai Balaji Developers
Atlanta Edenworld,3400000.0,572,2,2,Bhiwandi,Beyond Thane,19.2937911767008,73.0653582109139,Unfurnished,Apartment,0,32,6,Resale,Ready to Move,,Sai Balaji Developers
Atlanta Edenworld,4500000.0,716,2,2,Bhiwandi,Beyond Thane,19.2937911767008,73.0653582109139,Unfurnished,Apartment,0,32,6,Resale,Ready to Move,,Sai Balaji Developers
Atlanta Edenworld,3700000.0,572,2,2,Bhiwandi,Beyond Thane,19.2937911767008,73.0653582109139,Unfurnished,Apartment,0,32,6,Resale,Ready to Move,,Sai Balaji Developers
Atlanta Edenworld,3200000.0,575,2,2,Bhiwandi,Beyond Thane,19.2937911767008,73.0653582109139,Semi-Furnished,Apartment,0,32,6,Resale,Ready to Move,,Sai Balaji Developers
Atlanta Edenworld,4500000.0,720,2,2,Bhiwandi,Beyond Thane,19.2937911767008,73.0653582109139,Unfurnished,Apartment,0,32,6,Resale,Ready to Move,,Sai Balaji Developers
Soman Prathmesh,,,1,,Titwala,Beyond Thane,19.295217297811,73.2124239025258,,Apartment,0,13,4,Resale,,,Soman And Associates
Unkown,,,,,Bhiwandi,Beyond Thane,19.2937911767008,73.0653582109139,,Apartment,0,0,6,Resale,,,Unknown
Tulsi Darshan,,,,,Neral,Beyond Thane,19.0248210057881,73.3169473654086,,Apartment,0,17,0,Resale,,,Tulsi Estates
Om Sai Ressidency,,438,1,1,Titwala,Beyond Thane,19.295217297811,73.2124239025258,Unfurnished,Apartment,0,22,4,Rent,Ready to Move,,Om Sai Ressidency Builders & Developer
Mangeshi Paradise,,880,2,2,Kalyan West,Beyond Thane,19.2442606681675,73.123906730695,Furnished,Apartment,0,11,5,Resale,Ready to Move,,Annapurna Developers
Unkown,,,2,,Badlapur,Beyond Thane,19.1639249,73.2459247,,Apartment,0,0,8,,,,Unknown
Lodha Lakeshore Greens,,,2,,Palava City,Beyond Thane,19.1680134933867,73.0730851842052,,Apartment,0,21,6,,,,Lodha Developers Limited
Tata Amantra,,650,2,2,Dombivli,Beyond Thane,19.2094006,73.0939483,Semi-Furnished,Apartment,0,0,8,Resale,Ready to Move,,Tata Realty
Godrej Nirvaan,,,1,,Kalyan West,Beyond Thane,19.2442606681675,73.123906730695,,Apartment,0,45,5,,,,Godrej Properties
Mangalmurti Dham,,,1,,Badlapur,Beyond Thane,19.1639249,73.2459247,,Apartment,0,8,8,,,,Mangal Group
Mangeshi Dazzle,,,,,Thakurli,Beyond Thane,19.2252747701219,73.1000690723917,,Apartment,0,17,1,Resale,,,Mangeshi Construction
Thanekar Parkland,,,1,,Badlapur,Beyond Thane,19.1639249,73.2459247,,Apartment,0,0,8,,,,Thanekar Group
Tata Shubh Griha,,,,,Vasind,Beyond Thane,19.4059529362434,73.2634315742197,,Apartment,0,13,2,Resale,,,TATA Housing Development Company Ltd.
Tata Amantra,,,3,3,Kalyan,Beyond Thane,19.2449413625186,73.1331398884041,Unfurnished,Apartment,0,20,8,Rent,Immediately,,TATA Housing Development Company Ltd.
Srushti Siddhi Mangal Murti Complex,,,,,Bhiwandi,Beyond Thane,19.2937911767008,73.0653582109139,,Apartment,0,19,6,Resale,,,Roshani Builders Developers
Radhey Galaxy,,,2,,Karjat,Beyond Thane,18.9112989,73.328189,,Apartment,0,13,2,Resale,,,Radhey Properties Builders
Siddheshwar Complex,,,,,Titwala,Beyond Thane,19.295217297811,73.2124239025258,,Apartment,0,15,4,Resale,,,Siddheshwar Group
Vedant Millenia,,,1,,Titwala,Beyond Thane,19.295217297811,73.2124239025258,,Apartment,0,27,4,,,,Tharwani Infrastructures
Godrej Vihaa,,,2,,Badlapur,Beyond Thane,19.1639249,73.2459247,,Apartment,0,31,8,,,,Godrej Properties
Honest Kalyan Nagari,,,1,1,Kalyan West,Beyond Thane,19.2442606681675,73.123906730695,,Apartment,0,22,5,Resale,Ready to Move,1 Covered,Honest Developers
Happy Sarvoday 1,76443000.0,755,,1,Kalyan,Beyond Thane,19.2449413625186,73.1331398884041,Unfurnished,Commercial Office Space,0,6,8,New Property,Dec '28,,Happy Home Group
Lodha Opulis B,38000000.0,2498,4,4,Kole,Beyond Thane,19.22816159,73.36323194,Unfurnished,Apartment,0,10,0,New Property,May '30,,Lodha Developers Limited
Godrej Nirvaan,4949000.0,424,1,1,Kalyan West,Beyond Thane,19.2442606681675,73.123906730695,Unfurnished,Apartment,0,45,5,New Property,Under Construction,,Godrej Properties
Kalpataru Aria ,11400000.0,2280,,,Karjat,Beyond Thane,18.9112989,73.328189,Unfurnished,Residential Plot,0,23,2,New Property,,,Kalpataru Ltd.
Dosti Greater Thane,5954000.0,535,2,2,Bhiwandi,Beyond Thane,19.2937911767008,73.0653582109139,Unfurnished,Apartment,0,14,6,New Property,Jun '28,,Dosti Realty 
Tharwani Ariana,5017000.0,846,3,3,Ambernath West,Beyond Thane,19.2107415190685,73.1908213734783,Unfurnished,Apartment,0,20,2,New Property,Ready to Move,,Tharwani Realty
Kalpataru Aria ,49345000.0,9000,,,Karjat,Beyond Thane,18.9112989,73.328189,Unfurnished,Residential Plot,0,23,2,New Property,,,Kalpataru Ltd.
Dosti Greater Thane,4129000.0,371,1,1,Bhiwandi,Beyond Thane,19.2937911767008,73.0653582109139,Unfurnished,Apartment,0,14,6,New Property,Jun '28,,Dosti Realty 
Rustomjee Urban Woods,12399000.0,1124,3,3,Kalyan East,Beyond Thane,19.2280216158659,73.1334807284888,Unfurnished,Apartment,0,25,2,New Property,May '29,,Rustomjee
Growmore Unimax Life,3838000.0,446,1,1,Dombivli East,Beyond Thane,19.2049111648702,73.1069201060438,Unfurnished,Apartment,1,12,5,New Property,Dec '29,1 Covered,Growmore Lifespaces Llp
Xrbia Vangani,1700000.0,254,1,1,Vangani,Beyond Thane,19.0925602606021,73.2971135741545,Unfurnished,Apartment,0,4,4,Resale,Under Construction,,Xrbia
Panvelkar Crown,2000000.0,360,1,1,Ambernath,Beyond Thane,19.1986487504664,73.2004913077756,Semi-Furnished,Apartment,0,0,6,Resale,Ready to Move,,Panvelkar Group
Thanekar Parkland,3100000.0,461,1,2,Badlapur,Beyond Thane,19.1639249,73.2459247,Semi-Furnished,Apartment,0,0,8,Resale,Ready to Move,,Thanekar Group
Tulsi Aarambh,2500000.0,439,1,1,Badlapur,Beyond Thane,19.1639249,73.2459247,Unfurnished,Apartment,0,0,8,Resale,Ready to Move,,Raj Group
Mohan Areca,4000000.0,540,1,2,Badlapur East,Beyond Thane,19.1639249,73.2459247,Semi-Furnished,Apartment,0,0,6,Resale,Ready to Move,,Mohan Group
Tulsi Complex,3000000.0,367,1,1,Badlapur,Beyond Thane,19.1639249,73.2459247,Semi-Furnished,Apartment,0,0,8,Resale,Ready to Move,,Raj Group
Global Housing New Shivneri Darshan CHSL,350000.0,325,1,2,Kalyan,Beyond Thane,19.2449413625186,73.1331398884041,Furnished,Apartment,0,6,8,Resale,Ready to Move,,Global Housing Inc
Yasmin Bliss Residency,1750000.0,302,1,1,Neral,Beyond Thane,19.0248210057881,73.3169473654086,Unfurnished,Apartment,0,7,0,Resale,Ready to Move,,Yasmin Builders
Yogam Residency,4800000.0,540,2,2,Dombivli East,Beyond Thane,19.2049111648702,73.1069201060438,Semi-Furnished,Apartment,0,9,5,Resale,Ready to Move,,Yogam Realty
Shiv Shakti Greens,4000000.0,,2,2,Badlapur,Beyond Thane,19.1639249,73.2459247,Unfurnished,Apartment,0,13,8,New Property,Ready to Move,,Shivshakti Reality
Shiv Shakti Greens,3000000.0,,1,2,Badlapur,Beyond Thane,19.1639249,73.2459247,Unfurnished,Apartment,0,13,8,New Property,Ready to Move,,Shivshakti Reality
Shiv Shakti Greens,2650000.0,,1,2,Badlapur East,Beyond Thane,19.1639249,73.2459247,Unfurnished,Apartment,0,13,6,New Property,Ready to Move,,Shivshakti Reality
Shiv Shakti Greens,2600000.0,,1,1,Badlapur,Beyond Thane,19.1639249,73.2459247,Unfurnished,Apartment,0,13,8,Resale,Under Construction,,Shivshakti Reality
JP Synergy,2500000.0,400,1,1,Ambernath East,Beyond Thane,19.2075883274914,73.1854898657514,Unfurnished,Apartment,0,18,1,Resale,Ready to Move,,JP Corp
Avadh Complex,6200000.0,727,3,3,Kasheli,Beyond Thane,19.2301651,73.0171568,Semi-Furnished,Apartment,0,16,2,Resale,Ready to Move,,Ajay Enterprises
Avadh Complex,6200000.0,932,3,3,Kasheli,Beyond Thane,19.2301651,73.0171568,Semi-Furnished,Apartment,0,16,2,Resale,Ready to Move,,Ajay Enterprises
Shrinika Srishti,4000000.0,418,1,1,Dombivli East,Beyond Thane,19.2049111648702,73.1069201060438,Unfurnished,Apartment,0,0,5,Resale,Ready to Move,,Unknown
Motiram Park,4600000.0,490,2,1,Ambernath,Beyond Thane,19.1986487504664,73.2004913077756,Furnished,Apartment,0,0,6,Resale,Ready to Move,,Motiram Dalal Group
Motiram Park,4600000.0,490,2,1,Ambernath,Beyond Thane,19.1986487504664,73.2004913077756,Furnished,Apartment,0,0,6,Resale,Ready to Move,,Motiram Dalal Group
Shashwat Park 2,2600000.0,443,1,1,Badlapur,Beyond Thane,19.1639249,73.2459247,Semi-Furnished,Apartment,0,6,8,Resale,Ready to Move,,Shashwat Group Builders
Mayur Jagannath Pride,1875000.0,419,1,1,Badlapur,Beyond Thane,19.1639249,73.2459247,Unfurnished,Apartment,0,11,8,Resale,Ready to Move,,Mayur Group
Vaishnavi Highlife,4350000.0,,1,2,Kalyan East,Beyond Thane,19.2280216158659,73.1334807284888,Unfurnished,Apartment,0,17,2,New Property,Ready to Move,,Vaishnavi Buildcon
Vaishnavi Highlife,4289000.0,,1,2,Kalyan East,Beyond Thane,19.2280216158659,73.1334807284888,Unfurnished,Apartment,0,17,2,New Property,Under Construction,,Vaishnavi Buildcon
Vaishnavi Highlife,4151000.0,,1,3,Kalyan East,Beyond Thane,19.2280216158659,73.1334807284888,Unfurnished,Apartment,0,17,2,New Property,Under Construction,,Vaishnavi Buildcon
Vaishnavi Highlife,4100000.0,,1,2,Kalyan East,Beyond Thane,19.2280216158659,73.1334807284888,Unfurnished,Apartment,0,17,2,New Property,Ready to Move,,Vaishnavi Buildcon
Pranjee Garden City,3250000.0,490,1,2,Badlapur East,Beyond Thane,19.1639249,73.2459247,Semi-Furnished,Apartment,0,29,6,Resale,Ready to Move,,Pranjee Properties Pvt. Ltd.
Sarvoday Square,3700000.0,626,2,2,Ambernath,Beyond Thane,19.1986487504664,73.2004913077756,Semi-Furnished,Apartment,0,14,6,Resale,Ready to Move,,Squarefeet Group
Sarvoday Square,3800000.0,720,2,2,Ambernath,Beyond Thane,19.1986487504664,73.2004913077756,Unfurnished,Apartment,0,14,6,Resale,Ready to Move,,Squarefeet Group
Sarvoday Square,3800000.0,432,2,2,Ambernath,Beyond Thane,19.1986487504664,73.2004913077756,Semi-Furnished,Apartment,0,14,6,Resale,Ready to Move,,Squarefeet Group
Jewel Vista,3800000.0,558,2,2,Badlapur,Beyond Thane,19.1639249,73.2459247,Furnished,Apartment,0,12,8,Resale,Ready to Move,,JEWEL BUILDERS AND INFRAPROJECTS LTD
Atlanta Edenworld,3600000.0,572,2,2,Bhiwandi,Beyond Thane,19.2937911767008,73.0653582109139,Furnished,Apartment,0,32,6,Resale,Ready to Move,,Sai Balaji Developers
yesu anand hights,3700000.0,457,1,1,Dombivli East,Beyond Thane,19.2049111648702,73.1069201060438,Unfurnished,Apartment,0,0,5,Resale,Ready to Move,,Unknown
Yogi Dham Phase III,7400000.0,706,2,2,Kalyan West,Beyond Thane,19.2442606681675,73.123906730695,Semi-Furnished,Apartment,0,0,5,Resale,Ready to Move,,Unknown
Kashmira Galaxy,5500000.0,216,1,1,Dombivli East,Beyond Thane,19.2049111648702,73.1069201060438,Semi-Furnished,Apartment,0,0,5,Resale,Ready to Move,,Unknown
Kashmira Galaxy,3200000.0,443,1,1,Dombivli East,Beyond Thane,19.2049111648702,73.1069201060438,Unfurnished,Apartment,0,0,5,Resale,Ready to Move,,Unknown
Maple City,2190000.0,493,1,1,Badlapur West,Beyond Thane,19.1760975692482,73.2401614495576,Unfurnished,Apartment,0,0,0,Resale,Ready to Move,,ABHISHEK SHELTERS LTD.
Mohan Nano Estates,2000000.0,317,1,1,Ambernath West,Beyond Thane,19.2107415190685,73.1908213734783,Unfurnished,Apartment,0,14,2,Resale,Ready to Move,,Mohan Group
Mohan Nano Estates,3200000.0,504,1,1,Ambernath West,Beyond Thane,19.2107415190685,73.1908213734783,Unfurnished,Apartment,0,14,2,Resale,Ready to Move,,Mohan Group
Mohan Nano Estates,2200000.0,302,1,1,Ambernath West,Beyond Thane,19.2107415190685,73.1908213734783,Unfurnished,Apartment,0,14,2,Resale,Ready to Move,,Mohan Group
Mohan Nano Estates,3000000.0,450,1,1,Ambernath West,Beyond Thane,19.2107415190685,73.1908213734783,Unfurnished,Apartment,0,14,2,Resale,Ready to Move,,Mohan Group
Mohan Nano Estates,2800000.0,468,1,2,Ambernath West,Beyond Thane,19.2107415190685,73.1908213734783,Unfurnished,Apartment,0,14,2,Resale,Ready to Move,,Mohan Group
Krishna Anand,15000000.0,1274,3,3,Kalyan East,Beyond Thane,19.2280216158659,73.1334807284888,Unfurnished,Apartment,0,9,2,Resale,Ready to Move,,Gopal Krishna Developers
Ashtavinayak Complex,3000000.0,414,1,1,Kasheli,Beyond Thane,19.2301651,73.0171568,Unfurnished,Apartment,0,6,2,Resale,Ready to Move,,Abhishek Enterprises
Lodha Codename Premier,7900000.0,792,3,2,Dombivli East,Beyond Thane,19.2049111648702,73.1069201060438,Unfurnished,Apartment,0,28,5,Resale,Under Construction,,Lodha Developers Limited
Prime Balaji Heights,2200000.0,461,1,1,Badlapur,Beyond Thane,19.1639249,73.2459247,Unfurnished,Apartment,0,0,8,Resale,Ready to Move,,Unknown
Shivling Residency,2400000.0,389,1,1,Ambernath,Beyond Thane,19.1986487504664,73.2004913077756,Semi-Furnished,Apartment,0,0,6,Resale,Ready to Move,,Unknown
Tulsi City Phase II,2200000.0,443,1,2,Badlapur,Beyond Thane,19.1639249,73.2459247,Unfurnished,Apartment,0,0,8,Resale,Ready to Move,,Unknown
Pancharatna Mahal Chs,5500000.0,385,1,1,Dombivli East,Beyond Thane,19.2049111648702,73.1069201060438,Semi-Furnished,Apartment,0,0,5,Resale,Ready to Move,,Unknown
Devki Prem CHS,6500000.0,792,2,1,Dombivli East,Beyond Thane,19.2049111648702,73.1069201060438,Unfurnished,Apartment,0,0,5,Resale,Ready to Move,,Unknown
Lodha Casa Bella City,4300000.0,432,2,2,Dombivli East,Beyond Thane,19.2049111648702,73.1069201060438,Unfurnished,Apartment,0,0,5,Resale,Ready to Move,,Lodha Developers Limited
Suresh Complex,3800000.0,497,2,1,Dombivli East,Beyond Thane,19.2049111648702,73.1069201060438,Semi-Furnished,Apartment,0,0,5,Resale,Ready to Move,,Unknown
Triveni Dynamic Ultima,5200000.0,540,1,2,Kalyan West,Beyond Thane,19.2442606681675,73.123906730695,Furnished,Apartment,0,0,5,Resale,Ready to Move,,Unknown
Surya Complex,4000000.0,378,1,1,Dombivli,Beyond Thane,19.2094006,73.0939483,Semi-Furnished,Apartment,0,0,8,Resale,Ready to Move,,Unknown
Suresh Complex,3200000.0,432,2,1,Dombivli East,Beyond Thane,19.2049111648702,73.1069201060438,Unfurnished,Apartment,0,0,5,Resale,Ready to Move,,Unknown
Lodha Palava Trinity A To C,18000000.0,972,3,3,Dombivli East,Beyond Thane,19.2049111648702,73.1069201060438,Furnished,Apartment,0,3,5,Resale,Ready to Move,,Lodha Developers Limited
Ambika Apartment,15000000.0,650,2,2,Kalyan East,Beyond Thane,19.2280216158659,73.1334807284888,Furnished,Apartment,0,2,2,New Property,Ready to Move,,MATHRE ENTERPRISE
Yash Enclave,7950000.0,691,2,2,Dombivli West,Beyond Thane,19.2174682509913,73.0750339345098,Furnished,Apartment,0,0,2,Resale,Ready to Move,,Unknown
Shiv Shambhu Apartment,5500000.0,576,2,2,Kalyan,Beyond Thane,19.2449413625186,73.1331398884041,Semi-Furnished,Apartment,0,0,8,Resale,Ready to Move,,Unknown
Shree Divya Jyot Complex,2160000.0,436,1,1,Badlapur West,Beyond Thane,19.1760975692482,73.2401614495576,Unfurnished,Apartment,0,0,0,Resale,Ready to Move,,Unknown
Runwal Mycity Phase 2,6100000.0,410,2,2,Dombivli East,Beyond Thane,19.2049111648702,73.1069201060438,Unfurnished,Apartment,0,0,5,Resale,Ready to Move,,Unknown
Unkown,6500000.0,,2,2,Dombivli East,Beyond Thane,19.2049111648702,73.1069201060438,Semi-Furnished,Apartment,0,0,5,Resale,Ready to Move,,Unknown
Unkown,1750000.0,374,1,1,Vasind,Beyond Thane,19.4059529362434,73.2634315742197,Unfurnished,Apartment,0,0,2,Resale,Ready to Move,,Unknown
Puranik City Neral,3000000.0,,2,2,Neral,Beyond Thane,19.0248210057881,73.3169473654086,Unfurnished,Apartment,0,39,0,Resale,Ready to Move,,Puranik Builders Ltd.
Sai Landmark,2500000.0,,1,2,Shahapur,Beyond Thane,19.453550664726,73.3247044251021,Semi-Furnished,Apartment,0,10,2,Resale,Ready to Move,,Sri Developer
Unkown,3200000.0,,1,1,Karjat,Beyond Thane,18.9112989,73.328189,Unfurnished,Apartment,0,0,2,Resale,Ready to Move,,Unknown
Ganesh Krupa,3000000.0,577,2,1,Badlapur,Beyond Thane,19.1639249,73.2459247,Unfurnished,Apartment,0,8,8,Resale,Ready to Move,,Pratham Developers
Arihant City Phase 2,5000000.0,,1,1,Bhiwandi,Beyond Thane,19.2937911767008,73.0653582109139,Unfurnished,Apartment,0,12,6,Resale,Ready to Move,,Arihant Group
Panvelkar Regency,3650000.0,,2,2,Ambernath,Beyond Thane,19.1986487504664,73.2004913077756,Unfurnished,Apartment,0,18,6,Resale,Ready to Move,,Panvelkar Group
Ravindra Galaxy,3050000.0,445,1,1,Titwala,Beyond Thane,19.295217297811,73.2124239025258,Unfurnished,Apartment,0,19,4,Resale,Ready to Move,,Shree Shivnadan Combines
Runwal Garden City,5990000.0,585,2,2,Dombivli,Beyond Thane,19.2094006,73.0939483,Unfurnished,Apartment,0,43,8,Resale,Ready to Move,,Runwal Enterprises
JP Harmony,4500000.0,,2,2,Ambernath East,Beyond Thane,19.2075883274914,73.1854898657514,Semi-Furnished,Apartment,0,17,1,Resale,Ready to Move,,JP Developers
Unkown,3500000.0,375,1,1,Kalyan Shilphata Road,Beyond Thane,19.1935268122556,73.0967156475895,Unfurnished,Apartment,0,0,5,Resale,Ready to Move,,Unknown
My Village,12000000.0,1300,2,3,Shahapur,Beyond Thane,19.453550664726,73.3247044251021,Furnished,Villa,0,13,2,Resale,Under Construction,,2nd Home
Mohan Suburbia,4900000.0,800,2,2,Ambernath,Beyond Thane,19.1986487504664,73.2004913077756,Semi-Furnished,Apartment,0,32,6,New Property,Ready to Move,"50 Covered, 200 Open",Mohan Group
Yogi Dham,6900000.0,720,2,2,Kalyan,Beyond Thane,19.2449413625186,73.1331398884041,Unfurnished,Apartment,0,6,8,Resale,Ready to Move,,Ajmera Realty
Thanekar Paradise,3200000.0,318,1,2,Badlapur,Beyond Thane,19.1639249,73.2459247,Unfurnished,Apartment,0,7,8,Resale,Ready to Move,,Thanekar Group
Casa Unico,4200000.0,,1,2,Karjat,Beyond Thane,18.9112989,73.328189,Unfurnished,Apartment,0,32,2,Resale,Ready to Move,,Landmark Group
Jainam Residency,2400000.0,,1,1,Ambernath,Beyond Thane,19.1986487504664,73.2004913077756,Semi-Furnished,Apartment,0,24,6,Resale,Ready to Move,,Patel RPL Realty
Runwal MyCity,6500000.0,,2,2,Dombivli,Beyond Thane,19.2094006,73.0939483,Semi-Furnished,Apartment,0,5,8,Resale,Ready to Move,,Runwal Group
Unkown,8000000.0,650,2,3,,Beyond Thane,,,Furnished,Apartment,0,0,0,Resale,Ready to Move,,Unknown
Unkown,2600000.0,100,,,Dombivli East,Beyond Thane,19.2049111648702,73.1069201060438,Unfurnished,Commercial Office Space,0,0,5,Resale,Ready to Move,,Unknown
Metro Residency,7200000.0,850,2,2,Kalyan,Beyond Thane,19.2449413625186,73.1331398884041,Furnished,Residential House,0,28,8,Resale,Ready to Move,1 Covered,West Pioneer Properties
Unkown,2000000.0,575,1,2,Asangaon,Beyond Thane,19.4390197,73.3030715,Unfurnished,Apartment,0,0,2,Resale,Ready to Move,,Unknown
Om Sai Towers,3400000.0,502,1,1,Ambernath East,Beyond Thane,19.2075883274914,73.1854898657514,Semi-Furnished,Apartment,0,10,1,Resale,Ready to Move,,Sai Construction
Royale City,2100000.0,450,1,1,Asangaon,Beyond Thane,19.4390197,73.3030715,Unfurnished,Apartment,0,29,2,Resale,Ready to Move,,Royale Group
Mohan Suburbia,4500000.0,,2,2,Ambernath,Beyond Thane,19.1986487504664,73.2004913077756,Unfurnished,Apartment,0,32,6,Resale,Ready to Move,,Mohan Group
Rajaram Complex,4800000.0,625,1,1,Dombivli West,Beyond Thane,19.2174682509913,73.0750339345098,Furnished,Apartment,0,10,2,Resale,Ready to Move,,Vighnesh Enterprises
Radhey Galaxy,3800000.0,520,2,2,Karjat,Beyond Thane,18.9112989,73.328189,Unfurnished,Apartment,0,13,2,Resale,Ready to Move,,Radhey Properties Builders
Unkown,1500000.0,,1,1,Dombivli,Beyond Thane,19.2094006,73.0939483,Unfurnished,Apartment,0,0,8,Resale,Ready to Move,,Unknown
Godrej Riverside,6260000.0,,2,2,Kalyan,Beyond Thane,19.2449413625186,73.1331398884041,Semi-Furnished,Apartment,0,27,8,Resale,Ready to Move,,Godrej Properties
Unkown,4995000.0,505,1,2,Dombivli,Beyond Thane,19.2094006,73.0939483,Semi-Furnished,Apartment,0,0,8,Resale,Ready to Move,,Unknown
Unkown,3000000.0,550,1,1,Nandivali Panchanand,Beyond Thane,19.19876487,73.09137595,Semi-Furnished,Apartment,0,0,0,Resale,Ready to Move,,Unknown
Mohan Suburbia,3800000.0,720,1,2,Ambernath,Beyond Thane,19.1986487504664,73.2004913077756,Unfurnished,Apartment,0,32,6,Resale,Ready to Move,,Mohan Group
Karrm Residency,1475000.0,,,1,Shahapur,Beyond Thane,19.453550664726,73.3247044251021,Unfurnished,Studio Apartment,0,16,2,New Property,Ready to Move,1 Open,Karrm Infrastructure Pvt. Ltd.
Unkown,7000000.0,,2,2,Kalyan Shilphata Road,Beyond Thane,19.1935268122556,73.0967156475895,Semi-Furnished,Apartment,0,0,5,Resale,Ready to Move,,Unknown
Omkar Residency,4000000.0,,2,2,Titwala,Beyond Thane,19.295217297811,73.2124239025258,Semi-Furnished,Apartment,0,0,4,Resale,Ready to Move,,OSSK CORP
Sai Landmark,2200000.0,,1,2,Shahapur,Beyond Thane,19.453550664726,73.3247044251021,Unfurnished,Apartment,0,10,2,Resale,Ready to Move,,Sri Developer
Unkown,8500000.0,990,3,3,Ambernath,Beyond Thane,19.1986487504664,73.2004913077756,Unfurnished,Apartment,0,0,6,Resale,Ready to Move,,Unknown
Vishwajeet Meadows,5000000.0,,2,2,Ambernath,Beyond Thane,19.1986487504664,73.2004913077756,Semi-Furnished,Apartment,0,33,6,Resale,Ready to Move,,GBK Group
Karrm Gardens,2523600.0,,1,1,Ambernath,Beyond Thane,19.1986487504664,73.2004913077756,Unfurnished,Apartment,0,3,6,New Property,,2 Covered,KARAM INFRASTRUCTURE Pvt. Ltd.
Unkown,2700000.0,285,,1,Dombivli West,Beyond Thane,19.2174682509913,73.0750339345098,Unfurnished,Studio Apartment,0,0,2,Resale,Ready to Move,,Unknown
Godrej Nirvaan,4400000.0,,1,2,Kalyan West,Beyond Thane,19.2442606681675,73.123906730695,Unfurnished,Apartment,0,45,5,Resale,Ready to Move,,Godrej Properties
Unkown,9000000.0,,6,4,Vangani,Beyond Thane,19.0925602606021,73.2971135741545,Furnished,Farm House,0,0,4,Resale,Ready to Move,,Unknown
Unkown,5000000.0,,2,2,Dombivli East,Beyond Thane,19.2049111648702,73.1069201060438,Semi-Furnished,Apartment,0,0,5,Resale,Ready to Move,,Unknown
Dhruv Residency,3000000.0,,2,2,Badlapur,Beyond Thane,19.1639249,73.2459247,Semi-Furnished,Apartment,0,27,8,Resale,Ready to Move,,Dhruv Anshu Builders
Unkown,2400000.0,,1,1,Dombivli,Beyond Thane,19.2094006,73.0939483,Unfurnished,Builder Floor Apartment,0,0,8,Resale,Ready to Move,,Unknown
Lodha Elite,5300000.0,,2,2,Dombivli East,Beyond Thane,19.2049111648702,73.1069201060438,Semi-Furnished,Residential House,0,28,5,Resale,Ready to Move,1 Open,Lodha Developers Limited
Lodha Casa Rio Gold,5200000.0,,1,1,Dombivli,Beyond Thane,19.2094006,73.0939483,Semi-Furnished,Apartment,0,44,8,Resale,Ready to Move,,Lodha Developers Limited
Karrm Residency,12000000.0,,2,2,Shahapur,Beyond Thane,19.453550664726,73.3247044251021,Unfurnished,Residential House,0,16,2,Resale,Ready to Move,,Karrm Infrastructure Pvt. Ltd.
Unkown,3000000.0,,2,1,Bhiwandi,Beyond Thane,19.2937911767008,73.0653582109139,Unfurnished,Apartment,0,0,6,Resale,Ready to Move,,Unknown
Bella Vista,1500000.0,,,,Shahapur,Beyond Thane,19.453550664726,73.3247044251021,,Residential Plot,0,16,2,Resale,,,Oswal Group
Jashnani Chintamani Habitat,2000000.0,560,1,1,Shahapur,Beyond Thane,19.453550664726,73.3247044251021,Furnished,Apartment,0,26,2,Resale,Ready to Move,,Jashnani Construction Pvt. Ltd.
Unkown,3800000.0,632,2,2,Ambernath,Beyond Thane,19.1986487504664,73.2004913077756,Semi-Furnished,Apartment,0,0,6,Resale,Ready to Move,,Unknown
Unkown,1700000.0,,1,1,Ambernath,Beyond Thane,19.1986487504664,73.2004913077756,Unfurnished,Builder Floor Apartment,0,0,6,Resale,Ready to Move,,Unknown
Patel Elysium,2100000.0,,1,1,Ambernath,Beyond Thane,19.1986487504664,73.2004913077756,Unfurnished,Apartment,0,12,6,Resale,Ready to Move,,Patel RPL Realty
Unkown,1400000.0,,,,Shirol,Beyond Thane,19.637737,73.422607,,Residential Plot,0,0,0,Resale,,,Unknown
Mohan Greenwoods,3800000.0,618,2,2,Badlapur,Beyond Thane,19.1639249,73.2459247,Unfurnished,Apartment,0,16,8,Resale,Ready to Move,,Mohan Group
Unkown,5500000.0,,1,1,Dombivli East,Beyond Thane,19.2049111648702,73.1069201060438,Semi-Furnished,Apartment,0,0,5,Resale,Ready to Move,,Unknown
Unkown,7500000.0,,2,2,Dombivli,Beyond Thane,19.2094006,73.0939483,Semi-Furnished,Apartment,0,0,8,Resale,Ready to Move,,Unknown
Unkown,250000.0,,,,Ambernath,Beyond Thane,19.1986487504664,73.2004913077756,,Residential Plot,0,0,6,New Property,,,Unknown
Shankeshwar Nagar,3800000.0,432,1,1,Dombivli East,Beyond Thane,19.2049111648702,73.1069201060438,Semi-Furnished,Apartment,0,11,5,Resale,Ready to Move,,Sanghvi Builders
Shankeshwar Nagar,3800000.0,360,1,1,Dombivli East,Beyond Thane,19.2049111648702,73.1069201060438,Semi-Furnished,Apartment,0,11,5,Resale,Ready to Move,,Sanghvi Builders
Sarvodaya Hill,14500000.0,968,3,3,Thakurli,Beyond Thane,19.2252747701219,73.1000690723917,Unfurnished,Apartment,0,19,1,Resale,Ready to Move,,Happy Home Group
Sarvodaya Hill,10500000.0,968,3,3,Thakurli,Beyond Thane,19.2252747701219,73.1000690723917,Unfurnished,Apartment,0,19,1,Resale,Ready to Move,,Happy Home Group
Balaji Aangan,6000000.0,529,2,2,Thakurli,Beyond Thane,19.2252747701219,73.1000690723917,Semi-Furnished,Apartment,0,16,1,Resale,Ready to Move,,SS Life Spaces
Siddhivinayak Residency,4000000.0,562,1,1,Bhiwandi,Beyond Thane,19.2937911767008,73.0653582109139,Semi-Furnished,Apartment,0,20,6,Resale,Ready to Move,,Siddhi Developers
Siddhivinayak Residency,4100000.0,560,2,2,Bhiwandi,Beyond Thane,19.2937911767008,73.0653582109139,Semi-Furnished,Apartment,0,20,6,Resale,Ready to Move,,Siddhi Developers
Siddhivinayak Residency,7500000.0,324,1,1,Bhiwandi,Beyond Thane,19.2937911767008,73.0653582109139,Unfurnished,Apartment,0,20,6,Resale,Ready to Move,,Siddhi Developers
Shankheshwar Nagar,3300000.0,428,1,1,Dombivli East,Beyond Thane,19.2049111648702,73.1069201060438,Semi-Furnished,Apartment,0,8,5,Resale,Ready to Move,,Sanghvi S3 Group
La Promenade,3200000.0,536,2,2,Ambivli,Beyond Thane,19.265744998267,73.1731540259384,Unfurnished,Apartment,0,24,4,Resale,Ready to Move,,Axis Spaces Pvt. Ltd.
Sneh Residency,4150000.0,496,1,1,Dombivli East,Beyond Thane,19.2049111648702,73.1069201060438,Unfurnished,Apartment,0,13,5,Resale,Ready to Move,,Kulswamini Developers
Sneh Residency,4600000.0,479,1,1,Thakurli,Beyond Thane,19.2252747701219,73.1000690723917,Unfurnished,Apartment,0,13,1,Resale,Ready to Move,,Kulswamini Developers
Mangeshi City I,6000000.0,644,2,2,Kalyan West,Beyond Thane,19.2442606681675,73.123906730695,Unfurnished,Apartment,0,7,5,Resale,Ready to Move,,Mangeshi Construction
Panvelkar Homes,2100000.0,324,1,1,Ambernath,Beyond Thane,19.1986487504664,73.2004913077756,Unfurnished,Apartment,0,8,6,Resale,Ready to Move,,Panvelkar Group
Panvelkar Homes,4000000.0,628,2,2,Ambernath,Beyond Thane,19.1986487504664,73.2004913077756,Semi-Furnished,Apartment,0,8,6,Resale,Ready to Move,,Panvelkar Group
Panvelkar Homes,2800000.0,487,1,1,Ambernath,Beyond Thane,19.1986487504664,73.2004913077756,Semi-Furnished,Apartment,0,8,6,Resale,Ready to Move,,Panvelkar Group
Panvelkar Homes,3000000.0,569,2,2,Ambernath,Beyond Thane,19.1986487504664,73.2004913077756,Semi-Furnished,Apartment,0,8,6,Resale,Ready to Move,,Panvelkar Group
Amber Residency,2300000.0,365,1,1,Ambernath,Beyond Thane,19.1986487504664,73.2004913077756,Unfurnished,Apartment,0,14,6,Resale,Ready to Move,,Amber Group
Amber Residency,2800000.0,518,1,1,Ambernath West,Beyond Thane,19.2107415190685,73.1908213734783,Unfurnished,Apartment,0,14,2,Resale,Ready to Move,,Amber Group
Amber Residency,2400000.0,504,1,1,Ambernath,Beyond Thane,19.1986487504664,73.2004913077756,Unfurnished,Apartment,0,14,6,Resale,Ready to Move,,Amber Group
Amber Residency,2400000.0,482,1,1,Ambernath,Beyond Thane,19.1986487504664,73.2004913077756,Unfurnished,Apartment,0,14,6,Resale,Ready to Move,,Amber Group
Bhakti Park,4300000.0,684,2,2,Badlapur,Beyond Thane,19.1639249,73.2459247,Unfurnished,Apartment,0,11,8,Resale,Ready to Move,,Bhakti Corporation
Bhagirathi Apex,3700000.0,691,2,2,Badlapur,Beyond Thane,19.1639249,73.2459247,Unfurnished,Apartment,0,9,8,Resale,Ready to Move,,Thanekar Group
Vrindavan Vihar,2800000.0,475,1,1,Badlapur,Beyond Thane,19.1639249,73.2459247,Semi-Furnished,Apartment,0,32,8,Resale,Ready to Move,,Sameer Enterprises
Vrindavan Vihar,2100000.0,468,1,1,Badlapur,Beyond Thane,19.1639249,73.2459247,Unfurnished,Apartment,0,32,8,Resale,Ready to Move,,Sameer Enterprises
Panvelkar Vellozia,4500000.0,802,2,2,Badlapur,Beyond Thane,19.1639249,73.2459247,Semi-Furnished,Apartment,0,9,8,Resale,Ready to Move,,Panvelkar Group
Panvelkar Vellozia,3000000.0,491,1,2,Badlapur,Beyond Thane,19.1639249,73.2459247,Semi-Furnished,Apartment,0,9,8,Resale,Ready to Move,,Panvelkar Group
Panvelkar Vellozia,4300000.0,802,2,2,Badlapur,Beyond Thane,19.1639249,73.2459247,Semi-Furnished,Apartment,0,9,8,Resale,Ready to Move,,Panvelkar Group
Panvelkar Estate II,2650000.0,431,1,2,Badlapur,Beyond Thane,19.1639249,73.2459247,Unfurnished,Apartment,0,30,8,Resale,Ready to Move,,Panvelkar Group
Amber Heights,2900000.0,511,1,2,Ambernath,Beyond Thane,19.1986487504664,73.2004913077756,Semi-Furnished,Apartment,0,19,6,Resale,Ready to Move,,Shree Krishna Enterprises
Prathmesh Anandi Heights,5800000.0,438,1,1,Dombivli West,Beyond Thane,19.2174682509913,73.0750339345098,Semi-Furnished,Apartment,0,5,2,Resale,Ready to Move,,Prathmesh Developers
Triveni Majesta,10500000.0,,2,2,Kalyan West,Beyond Thane,19.2442606681675,73.123906730695,Furnished,Apartment,0,21,5,Resale,Ready to Move,,Triveni Group
Ami Pink City Trident,4200000.0,750,2,2,Ambernath East,Beyond Thane,19.2075883274914,73.1854898657514,Unfurnished,Apartment,0,17,1,Resale,Ready to Move,,Ami Infra Ltd.
Lodha Heaven,5700000.0,,2,2,Dombivli East,Beyond Thane,19.2049111648702,73.1069201060438,Semi-Furnished,Apartment,0,9,5,Resale,Ready to Move,,Lodha Developers Limited
Marathon Nexworld,7000000.0,,2,2,Dombivli East,Beyond Thane,19.2049111648702,73.1069201060438,Unfurnished,Apartment,0,12,5,Resale,Ready to Move,,Marathon Realty Pvt. Ltd.
Kuber Aangan Phase 1,4000000.0,340,1,1,Dombivli West,Beyond Thane,19.2174682509913,73.0750339345098,Furnished,Apartment,0,0,2,Resale,Ready to Move,,Kuber Group
Lodha Crown Dombivali,3500000.0,322,1,2,Dombivli East,Beyond Thane,19.2049111648702,73.1069201060438,Unfurnished,Apartment,0,7,5,Resale,Ready to Move,,Lodha Developers Limited
Sugee Ganesh Niwas ,8000000.0,950,3,2,Dombivli West,Beyond Thane,19.2174682509913,73.0750339345098,Unfurnished,Apartment,0,13,2,Resale,Ready to Move,2 Open,Sugee Realty and Developers India Pvt. Ltd.
Shree Ganesh Apartment,1950000.0,480,1,1,Kalyan East,Beyond Thane,19.2280216158659,73.1334807284888,Unfurnished,Apartment,0,3,2,Resale,Ready to Move,,Shree Ganesh Builders & Developers
Unkown,2500000.0,,1,1,Dombivli East,Beyond Thane,19.2049111648702,73.1069201060438,Unfurnished,Apartment,0,0,5,Resale,Ready to Move,,Unknown
Siddheshwar Tower,3800000.0,750,2,2,Titwala,Beyond Thane,19.295217297811,73.2124239025258,Unfurnished,Apartment,0,0,4,Resale,Ready to Move,,Unknown
Lodha Lakeshore Greens,6000000.0,,2,2,Palava City,Beyond Thane,19.1680134933867,73.0730851842052,Unfurnished,Apartment,0,21,6,Resale,Ready to Move,,Lodha Developers Limited
Nidhi Aryan Paradies,3600000.0,,2,2,Titwala,Beyond Thane,19.295217297811,73.2124239025258,Unfurnished,Apartment,0,7,4,Resale,Ready to Move,,Nidhi Developers
Rukmini Garden Building No 2,2700000.0,,1,1,Titwala,Beyond Thane,19.295217297811,73.2124239025258,Unfurnished,Apartment,0,30,4,Resale,Ready to Move,,Rukmini Associates Builders and Developers
Unkown,2000000.0,,1,1,Badlapur East,Beyond Thane,19.1639249,73.2459247,Unfurnished,Apartment,0,0,6,Resale,Ready to Move,,Unknown
Unkown,2300000.0,,1,1,Chakki Naka,Beyond Thane,19.2194377355058,73.1372713822547,Unfurnished,Builder Floor Apartment,0,0,0,Resale,Ready to Move,,Unknown
Raj Vaibhav Park,3800000.0,790,2,2,Titwala,Beyond Thane,19.295217297811,73.2124239025258,Unfurnished,Apartment,0,12,4,New Property,Ready to Move,,Samartha Enterprises
Saushilya,1525000.0,270,1,1,Neral,Beyond Thane,19.0248210057881,73.3169473654086,Unfurnished,Apartment,0,26,0,Resale,Ready to Move,,Silverleaf Saushilya
Hariom NXT,6050000.0,640,1,2,Dombivli West,Beyond Thane,19.2174682509913,73.0750339345098,Unfurnished,Apartment,0,4,2,New Property,Ready to Move,,Hariom Enterprises
Rapid Residency,800000.0,260,1,1,Neral,Beyond Thane,19.0248210057881,73.3169473654086,Unfurnished,Apartment,0,7,0,New Property,Ready to Move,1 Open,Atlas Housing
Shahpur ShubhVastu ,1500000.0,360,1,1,Vasind,Beyond Thane,19.4059529362434,73.2634315742197,Semi-Furnished,Apartment,0,16,2,Resale,Ready to Move,,Shahpur Infrastructure
Siddheshwar Complex,3200000.0,,1,2,Titwala,Beyond Thane,19.295217297811,73.2124239025258,Semi-Furnished,Apartment,0,15,4,Resale,Ready to Move,,Siddheshwar Group
Panvelkar Homes,2450000.0,,1,1,Ambernath,Beyond Thane,19.1986487504664,73.2004913077756,Semi-Furnished,Apartment,0,8,6,Resale,Ready to Move,,Panvelkar Group
Unkown,1000000.0,,,1,Neral,Beyond Thane,19.0248210057881,73.3169473654086,Unfurnished,Studio Apartment,0,0,0,Resale,Ready to Move,,Unknown
Unkown,5000000.0,,1,2,Dombivli,Beyond Thane,19.2094006,73.0939483,Unfurnished,Apartment,0,0,8,Resale,Ready to Move,1 Open,Unknown
Unkown,7300000.0,,2,2,Dombivli East,Beyond Thane,19.2049111648702,73.1069201060438,Semi-Furnished,Apartment,0,0,5,Resale,Ready to Move,,Unknown
Unkown,3500000.0,377,1,1,Titwala,Beyond Thane,19.295217297811,73.2124239025258,Unfurnished,Apartment,0,0,4,Resale,Ready to Move,,Unknown
Royal Residency,8000000.0,,2,2,Kalyan,Beyond Thane,19.2449413625186,73.1331398884041,Unfurnished,Apartment,0,12,8,Resale,Ready to Move,,Royal Builders and Developers
Lodha Heaven,14000000.0,,3,3,Dombivli East,Beyond Thane,19.2049111648702,73.1069201060438,Unfurnished,Residential House,0,9,5,Resale,Ready to Move,1 Covered,Lodha Developers Limited
D L Palace,7500000.0,750,2,2,Dombivli East,Beyond Thane,19.2049111648702,73.1069201060438,Semi-Furnished,Apartment,0,6,5,Resale,Ready to Move,,Shree Sai Samarth Construction
Unkown,4000000.0,350,1,1,Dombivli East,Beyond Thane,19.2049111648702,73.1069201060438,Furnished,Apartment,0,0,5,Resale,Ready to Move,,Unknown
Unkown,7500000.0,,2,2,Dombivli,Beyond Thane,19.2094006,73.0939483,Unfurnished,Apartment,0,0,8,Resale,Ready to Move,,Unknown
Unkown,1850000.0,,1,1,Neral,Beyond Thane,19.0248210057881,73.3169473654086,Unfurnished,Apartment,0,0,0,Resale,Ready to Move,,Unknown
Unkown,2200000.0,,1,1,Kalyan East,Beyond Thane,19.2280216158659,73.1334807284888,Unfurnished,Apartment,0,0,2,Resale,Ready to Move,,Unknown
Unkown,2500000.0,,1,1,Dombivli,Beyond Thane,19.2094006,73.0939483,Furnished,Apartment,0,0,8,Resale,Ready to Move,,Unknown
Unkown,1325000.0,,,,Murbad,Beyond Thane,19.2663415745285,73.3933927481555,,Residential Plot,0,0,3,New Property,,,Unknown
Sai Landmark,2100000.0,,1,2,Shahapur,Beyond Thane,19.453550664726,73.3247044251021,Unfurnished,Apartment,0,10,2,Resale,Ready to Move,,Sri Developer
Unkown,3500000.0,308,2,1,Ulhasnagar,Beyond Thane,19.2253646109387,73.1645678200285,Unfurnished,Residential House,0,0,7,Resale,Ready to Move,,Unknown
Pink city,5500000.0,,2,2,Ambernath East,Beyond Thane,19.2075883274914,73.1854898657514,Unfurnished,Apartment,0,19,1,Resale,Ready to Move,1 Open,Ami Infra Ltd.
Atlanta Edenworld,2400000.0,,1,2,Bhiwandi,Beyond Thane,19.2937911767008,73.0653582109139,Unfurnished,Apartment,0,32,6,Resale,Ready to Move,,Sai Balaji Developers
Lodha Casa Bella Gold,7500000.0,667,2,2,Dombivli East,Beyond Thane,19.2049111648702,73.1069201060438,Furnished,Apartment,0,20,5,Resale,Ready to Move,1 Open,Lodha Developers Limited
Unkown,2800000.0,,1,1,Ambernath East,Beyond Thane,19.2075883274914,73.1854898657514,Semi-Furnished,Apartment,0,0,1,Resale,Ready to Move,,Unknown
Unkown,9500000.0,,2,2,Bhiwandi,Beyond Thane,19.2937911767008,73.0653582109139,Unfurnished,Apartment,0,0,6,Resale,Ready to Move,,Unknown
Riddhi Siddhi Complex,6000000.0,,1,2,Dombivli,Beyond Thane,19.2094006,73.0939483,Semi-Furnished,Apartment,0,11,8,Resale,Ready to Move,,Sushmita Landmark
Poddar Samruddhi Evergreen,2000000.0,,1,1,Badlapur,Beyond Thane,19.1639249,73.2459247,Unfurnished,Apartment,0,15,8,Resale,Ready to Move,1 Open,Poddar Housing
Unkown,2800000.0,480,1,1,Dombivli East,Beyond Thane,19.2049111648702,73.1069201060438,Unfurnished,Apartment,0,0,5,Resale,Ready to Move,,Unknown
Unkown,3000000.0,,1,1,Dombivli East,Beyond Thane,19.2049111648702,73.1069201060438,Semi-Furnished,Apartment,0,0,5,Resale,Ready to Move,,Unknown
Vishwajeet Greens,2600000.0,525,1,1,Ambernath,Beyond Thane,19.1986487504664,73.2004913077756,Unfurnished,Apartment,0,9,6,Resale,Ready to Move,,GBK Group
Unkown,3200000.0,460,1,1,,Beyond Thane,,,Semi-Furnished,Apartment,0,0,0,Resale,Ready to Move,,Unknown
Labdhi Gardens,2900000.0,547,1,1,Neral,Beyond Thane,19.0248210057881,73.3169473654086,Semi-Furnished,Apartment,0,28,0,Resale,Ready to Move,,Labdhi Lifestyles Ltd.
My Sky Residency,1650000.0,458,1,1,Neral,Beyond Thane,19.0248210057881,73.3169473654086,Unfurnished,Apartment,0,14,0,Resale,Ready to Move,,Ashapura Group
Unkown,6800000.0,775,2,2,Dombivli West,Beyond Thane,19.2174682509913,73.0750339345098,Unfurnished,Apartment,0,0,2,Resale,Ready to Move,,Unknown
Lodha Casa Rio Gold,4500000.0,486,1,1,Dombivli East,Beyond Thane,19.2049111648702,73.1069201060438,Semi-Furnished,Apartment,0,26,5,Resale,Ready to Move,,Lodha Developers Limited
Unkown,2000000.0,,1,1,Ulhasnagar,Beyond Thane,19.2253646109387,73.1645678200285,Semi-Furnished,Builder Floor Apartment,0,0,7,Resale,Ready to Move,,Unknown
Unkown,1701000.0,553,1,2,Dahivali,Beyond Thane,19.1303459699129,73.2441715490011,Unfurnished,Apartment,0,0,0,Resale,Ready to Move,,Unknown
Lodha Lakeshore Greens,5000000.0,750,2,2,Palava City,Beyond Thane,19.1680134933867,73.0730851842052,Unfurnished,Apartment,0,21,6,Resale,Ready to Move,,Lodha Developers Limited
Unkown,2500000.0,,1,1,Neral,Beyond Thane,19.0248210057881,73.3169473654086,Unfurnished,Builder Floor Apartment,0,0,0,Resale,Ready to Move,,Unknown
Unkown,8900000.0,,2,2,Dombivli East,Beyond Thane,19.2049111648702,73.1069201060438,Unfurnished,Apartment,0,0,5,Resale,Ready to Move,,Unknown
Jewel Arista,4200000.0,680,2,1,Badlapur,Beyond Thane,19.1639249,73.2459247,Unfurnished,Apartment,0,16,8,Resale,Ready to Move,,Jewel Builders and Infraprojects Ltd.
Unkown,3900000.0,449,1,1,Dombivli,Beyond Thane,19.2094006,73.0939483,Unfurnished,Apartment,0,0,8,Resale,Ready to Move,,Unknown
Raunak City 2,6200000.0,600,2,2,Kalyan West,Beyond Thane,19.2442606681675,73.123906730695,Furnished,Apartment,0,42,5,Resale,Ready to Move,,Raunak Group
Sai Atlanta Eden World,4900000.0,797,2,2,Bhiwandi,Beyond Thane,19.2937911767008,73.0653582109139,Unfurnished,Apartment,0,21,6,Resale,Ready to Move,411 Covered,Sai Balaji Developers
Panvelkar Homes II,3254400.0,,1,2,Ambernath,Beyond Thane,19.1986487504664,73.2004913077756,Semi-Furnished,Apartment,0,15,6,Resale,,,Panvelkar Group
Lodha iThink,4200000.0,575,2,2,Palava City,Beyond Thane,19.1680134933867,73.0730851842052,Semi-Furnished,Builder Floor Apartment,0,7,6,Resale,Ready to Move,,Lodha Developers Limited
Unkown,4500000.0,750,1,1,Ambernath East,Beyond Thane,19.2075883274914,73.1854898657514,Unfurnished,Apartment,0,0,1,Resale,Ready to Move,,Unknown
Unkown,8300000.0,,2,2,Shahapur,Beyond Thane,19.453550664726,73.3247044251021,Unfurnished,Villa,0,0,2,Resale,Ready to Move,"1 Covered, 1 Open",Unknown
Unkown,7500000.0,,2,2,Kalyan Shilphata Road,Beyond Thane,19.1935268122556,73.0967156475895,Semi-Furnished,Apartment,0,0,5,Resale,Ready to Move,,Unknown
Shree Tisai Residency,2000000.0,420,1,1,Kalyan,Beyond Thane,19.2449413625186,73.1331398884041,Unfurnished,Apartment,0,12,8,Resale,Ready to Move,,Tisai Construction
Royale City,1150000.0,,1,1,Asangaon,Beyond Thane,19.4390197,73.3030715,Unfurnished,Apartment,0,29,2,Resale,Ready to Move,,Royale Group
Unkown,2400000.0,,1,2,Atgaon,Beyond Thane,19.503957,73.3280377,Unfurnished,Builder Floor Apartment,0,0,0,Resale,Ready to Move,,Unknown
Aryan One,3200000.0,,1,1,Badlapur,Beyond Thane,19.1639249,73.2459247,Furnished,Apartment,0,10,8,Resale,Ready to Move,,Aryan Housing Corporation
Unkown,20500000.0,475,,,Dombivli East,Beyond Thane,19.2049111648702,73.1069201060438,Unfurnished,Commercial Shop,0,0,5,Resale,Ready to Move,,Unknown
Unkown,12500000.0,,3,2,Dombivli East,Beyond Thane,19.2049111648702,73.1069201060438,Semi-Furnished,Apartment,0,0,5,Resale,Ready to Move,,Unknown
Labdhi Gardens,2800000.0,427,1,2,Neral,Beyond Thane,19.0248210057881,73.3169473654086,Unfurnished,Apartment,0,28,0,Resale,Ready to Move,,Labdhi Lifestyles Ltd.
Unkown,1800000.0,,1,1,Kalyan East,Beyond Thane,19.2280216158659,73.1334807284888,Semi-Furnished,Apartment,0,0,2,Resale,Ready to Move,,Unknown
Unkown,4200000.0,,1,1,Dombivli West,Beyond Thane,19.2174682509913,73.0750339345098,Unfurnished,Builder Floor Apartment,0,0,2,Resale,Ready to Move,,Unknown
Amber Prit,9500000.0,,2,2,Kalyan,Beyond Thane,19.2449413625186,73.1331398884041,Semi-Furnished,Apartment,0,10,8,Resale,Ready to Move,,Amber Corporation
Shree Complex,3000000.0,495,1,1,Dombivli,Beyond Thane,19.2094006,73.0939483,Semi-Furnished,Apartment,0,9,8,Resale,Ready to Move,,Shree Developers
Poddar Evergreens,2500000.0,,1,1,Badlapur East,Beyond Thane,19.1639249,73.2459247,Unfurnished,Apartment,0,12,6,Resale,Ready to Move,,Poddar Housing
Unkown,2500000.0,,1,1,Neral,Beyond Thane,19.0248210057881,73.3169473654086,Semi-Furnished,Builder Floor Apartment,0,0,0,Resale,Ready to Move,1 Open,Unknown
Lodha Lakeshore Greens,8500000.0,770,2,2,Palava City,Beyond Thane,19.1680134933867,73.0730851842052,Semi-Furnished,Apartment,0,21,6,Resale,Ready to Move,1 Covered,Lodha Developers Limited
Shree Vallabh Aangan,1900000.0,,1,1,Karjat,Beyond Thane,18.9112989,73.328189,Unfurnished,Apartment,0,19,2,Resale,Ready to Move,,Patel Enterprises
Vasant Elite,5600000.0,,1,2,Khadakpada,Beyond Thane,19.2626421381468,73.131209510184,Furnished,Apartment,0,4,1,Resale,Ready to Move,,Vasant Builders
Karrm Residency,3800000.0,,2,2,Shahapur,Beyond Thane,19.453550664726,73.3247044251021,Unfurnished,Apartment,0,16,2,Resale,Ready to Move,2 Open,Karrm Infrastructure Pvt. Ltd.
Unkown,3850000.0,,1,1,Palava City,Beyond Thane,19.1680134933867,73.0730851842052,Unfurnished,Apartment,0,0,6,Resale,Ready to Move,,Unknown
Thanekar Parkland,3100000.0,,1,2,Badlapur,Beyond Thane,19.1639249,73.2459247,Semi-Furnished,Apartment,0,0,8,Resale,Ready to Move,,Thanekar Group
Lodha Casa Rio Gold,4000000.0,,1,1,Dombivli East,Beyond Thane,19.2049111648702,73.1069201060438,Unfurnished,Apartment,0,26,5,Resale,,,Lodha Developers Limited
Unkown,9500000.0,735,2,2,Dombivli,Beyond Thane,19.2094006,73.0939483,Unfurnished,Apartment,0,0,8,Resale,Ready to Move,1 Covered,Unknown
Mukul Palms,3800000.0,,2,2,Ambernath,Beyond Thane,19.1986487504664,73.2004913077756,Unfurnished,Apartment,0,23,6,Resale,Ready to Move,1 Covered,Mukul Developers
Kunal Residency,13825000.0,1350,3,2,Kalyan East,Beyond Thane,19.2280216158659,73.1334807284888,Unfurnished,Apartment,0,13,2,Resale,Ready to Move,,RG Construction
Shree Chamunda Garden,4500000.0,,1,2,Dombivli East,Beyond Thane,19.2049111648702,73.1069201060438,Semi-Furnished,Apartment,0,23,5,Resale,Ready to Move,,Shree Chamunda Enterprises
Unkown,2500000.0,,,,Khardi,Beyond Thane,19.58376,73.39068,,Residential Plot,0,0,0,Resale,,,Unknown
Unkown,1450000.0,,,1,Bhiwandi,Beyond Thane,19.2937911767008,73.0653582109139,Semi-Furnished,Commercial Office Space,0,0,6,Resale,Ready to Move,,Unknown
Royale City,3432230.0,,1,2,Asangaon,Beyond Thane,19.4390197,73.3030715,Semi-Furnished,Apartment,0,29,2,Resale,,,Royale Group
Poddar Samruddhi Evergreen,3500000.0,,2,2,Badlapur Katai Road,Beyond Thane,19.18288986,73.16124739,Furnished,Apartment,0,0,0,Resale,Ready to Move,,Poddar Groups
Unkown,2100000.0,,1,2,Vangani,Beyond Thane,19.0925602606021,73.2971135741545,Unfurnished,Apartment,0,0,4,Resale,Ready to Move,1 Open,Unknown
Unkown,3000000.0,,1,1,Nilje Gaon,Beyond Thane,19.158064093334,73.0831413121874,Semi-Furnished,Apartment,0,0,0,Resale,Ready to Move,,Unknown
Unkown,1600000.0,430,1,1,Diva Manpada Road,Beyond Thane,19.18568576,73.07786367,Unfurnished,Apartment,0,0,0,Resale,Ready to Move,,Unknown
Unkown,6500000.0,673,2,1,Dombivli,Beyond Thane,19.2094006,73.0939483,Furnished,Residential House,0,0,8,Resale,Ready to Move,10 Open,Unknown
Unkown,2100000.0,,1,1,Ambernath,Beyond Thane,19.1986487504664,73.2004913077756,Unfurnished,Apartment,0,0,6,Resale,Ready to Move,,Unknown
Amar Galaxy,5100000.0,,1,2,Dombivli West,Beyond Thane,19.2174682509913,73.0750339345098,Unfurnished,Apartment,0,22,2,Resale,Ready to Move,,Amar Groups of Companies
Lodha Palava City,6600000.0,,2,2,Dombivli,Beyond Thane,19.2094006,73.0939483,Unfurnished,Apartment,0,56,8,New Property,Ready to Move,,Lodha Developers Limited
Marathon Nexworld,5000000.0,450,1,2,Dombivli East,Beyond Thane,19.2049111648702,73.1069201060438,Unfurnished,Apartment,0,12,5,Resale,Ready to Move,,Marathon Realty Pvt. Ltd.
Ushakiran Residency,5300000.0,,3,3,Badlapur East,Beyond Thane,19.1639249,73.2459247,Semi-Furnished,Apartment,0,33,6,Resale,Ready to Move,,Usha Construction Co
Panvelkar Crown,3700000.0,350,1,1,Ambernath,Beyond Thane,19.1986487504664,73.2004913077756,Semi-Furnished,Apartment,0,0,6,Resale,Ready to Move,,Panvelkar Group
Kuber Samruddhi,2000000.0,,1,1,Reti Bunder Dombivli West,Beyond Thane,19.21924872,73.08097003,Unfurnished,Apartment,0,9,0,Resale,Ready to Move,,Kuber Group
Royal Park,3000000.0,550,1,1,Dombivli East,Beyond Thane,19.2049111648702,73.1069201060438,Unfurnished,Apartment,0,23,5,Resale,Ready to Move,,Royal Builders and Developers
Lodha Casa Rio,4900000.0,584,2,2,Dombivli,Beyond Thane,19.2094006,73.0939483,Semi-Furnished,Apartment,0,33,8,Resale,Ready to Move,1 Covered,Lodha Developers Limited
Unkown,30000000.0,,4,4,Ambernath,Beyond Thane,19.1986487504664,73.2004913077756,Furnished,Villa,0,0,6,Resale,Ready to Move,1 Covered,Unknown
Unkown,2800000.0,434,1,1,Ambernath East,Beyond Thane,19.2075883274914,73.1854898657514,Unfurnished,Apartment,0,0,1,Resale,Ready to Move,,Unknown
Unkown,2800000.0,,1,1,Sonivali,Beyond Thane,19.1763215244773,73.2586598421459,Semi-Furnished,Apartment,0,0,0,Resale,Ready to Move,,Unknown
Karrm Residency,2940000.0,,2,2,Shahapur,Beyond Thane,19.453550664726,73.3247044251021,Unfurnished,Residential House,0,16,2,Resale,Ready to Move,,Karrm Infrastructure Pvt. Ltd.
Shahpur ShubhVastu ,3000000.0,,2,2,Vasind,Beyond Thane,19.4059529362434,73.2634315742197,Unfurnished,Apartment,0,16,2,Resale,Ready to Move,,Shahpur Infrastructure
Gulmohar Bungalows,8000000.0,8931,6,8,Murbad,Beyond Thane,19.2663415745285,73.3933927481555,Semi-Furnished,Farm House,0,0,3,Resale,Ready to Move,1 Covered,Unknown
Yash Enclave,8300000.0,700,2,2,Dombivli West,Beyond Thane,19.2174682509913,73.0750339345098,Furnished,Apartment,0,0,2,Resale,Ready to Move,,Unknown
Unkown,4500000.0,,,,Khardi,Beyond Thane,19.58376,73.39068,,Residential Plot,0,0,0,Resale,,,Unknown
Unkown,3900000.0,785,2,2,Dombivli East,Beyond Thane,19.2049111648702,73.1069201060438,Unfurnished,Apartment,0,0,5,Resale,Ready to Move,,Unknown
Nirmal Lifestyle,3200000.0,,1,2,Kalyan,Beyond Thane,19.2449413625186,73.1331398884041,Unfurnished,Apartment,0,40,8,Resale,Ready to Move,,Nirmal Builders
Unkown,2500000.0,,1,2,Ulhasnagar,Beyond Thane,19.2253646109387,73.1645678200285,Furnished,Apartment,0,0,7,Resale,Ready to Move,,Unknown
Unkown,3400000.0,,1,1,Dombivli East,Beyond Thane,19.2049111648702,73.1069201060438,Unfurnished,Apartment,0,0,5,Resale,Ready to Move,1 Open,Unknown
Sanghvi Golden City,2800000.0,461,1,2,Atgaon,Beyond Thane,19.503957,73.3280377,Unfurnished,Apartment,0,22,0,Resale,Ready to Move,,Sanghvi Group Of Companies
Sanghvi Golden City,3500000.0,583,2,2,Atgaon,Beyond Thane,19.503957,73.3280377,Unfurnished,Apartment,0,22,0,Resale,Ready to Move,,Sanghvi Group Of Companies
Sanghvi Golden City,2800000.0,572,2,2,Atgaon,Beyond Thane,19.503957,73.3280377,Furnished,Apartment,0,22,0,Resale,Ready to Move,,Sanghvi Group Of Companies
Lodha Palava,4500000.0,538,1,1,Dombivli,Beyond Thane,19.2094006,73.0939483,Unfurnished,Apartment,0,56,8,Resale,Ready to Move,,Lodha Developers Limited
Lodha Palava,3400000.0,360,1,1,Dombivli East,Beyond Thane,19.2049111648702,73.1069201060438,Unfurnished,Apartment,0,56,5,Resale,Ready to Move,,Lodha Developers Limited
Kohinoor Max Citi,2300000.0,443,1,1,Ambernath,Beyond Thane,19.1986487504664,73.2004913077756,Furnished,Apartment,0,28,6,Resale,Ready to Move,,Kohinoor Group Builders
Platinum Sagar Jewel,2300000.0,443,1,2,Badlapur,Beyond Thane,19.1639249,73.2459247,Furnished,Apartment,0,6,8,Resale,Ready to Move,,Sagar Group
Butter Cup,3700000.0,659,2,2,Ambernath,Beyond Thane,19.1986487504664,73.2004913077756,Unfurnished,Apartment,0,7,6,Resale,Ready to Move,,Sunil Gyani
Panvelkar Heights,3100000.0,605,2,2,Badlapur,Beyond Thane,19.1639249,73.2459247,Semi-Furnished,Apartment,0,13,8,Resale,Ready to Move,,Panvelkar Group
Panvelkar Heights,2900000.0,479,1,1,Badlapur West,Beyond Thane,19.1760975692482,73.2401614495576,Unfurnished,Apartment,0,13,0,Resale,Ready to Move,,Panvelkar Group
Panvelkar Heights,2800000.0,480,1,1,Badlapur,Beyond Thane,19.1639249,73.2459247,Unfurnished,Apartment,0,13,8,Resale,Ready to Move,,Panvelkar Group
Panvelkar Heights,4200000.0,698,2,2,Badlapur,Beyond Thane,19.1639249,73.2459247,Unfurnished,Apartment,0,13,8,Resale,Ready to Move,,Panvelkar Group
Shabri Heights,3305000.0,756,2,2,Ambernath,Beyond Thane,19.1986487504664,73.2004913077756,Unfurnished,Apartment,0,16,6,Resale,Ready to Move,,Shree Ayappa Constructions
Jashnani Chintamani Habitat,1400000.0,443,1,1,Shahapur,Beyond Thane,19.453550664726,73.3247044251021,Unfurnished,Apartment,0,26,2,Resale,Ready to Move,,Jashnani Construction Pvt. Ltd.
Om Residency,6500000.0,763,2,2,Kalyan West,Beyond Thane,19.2442606681675,73.123906730695,Unfurnished,Apartment,0,19,5,Resale,Ready to Move,,Shree Ashapura Combines
Tharwani Ritu World,2300000.0,471,1,1,Badlapur,Beyond Thane,19.1639249,73.2459247,Semi-Furnished,Apartment,0,23,8,Resale,Ready to Move,,Tharwani Infrastructures
Tharwani Ritu World,3000000.0,461,1,1,Badlapur,Beyond Thane,19.1639249,73.2459247,Semi-Furnished,Apartment,0,23,8,Resale,Ready to Move,,Tharwani Infrastructures
Tharwani Ritu World,3200000.0,562,2,2,Badlapur,Beyond Thane,19.1639249,73.2459247,Semi-Furnished,Apartment,0,23,8,Resale,Ready to Move,,Tharwani Infrastructures
Shubh Jyot,1900000.0,464,1,1,Badlapur East,Beyond Thane,19.1639249,73.2459247,Semi-Furnished,Apartment,0,17,6,Resale,Ready to Move,,Aarson Infra Home Pvt. Ltd.
Shubh Jyot,1900000.0,504,1,1,Badlapur,Beyond Thane,19.1639249,73.2459247,Unfurnished,Apartment,0,17,8,Resale,Ready to Move,,Aarson Infra Home Pvt. Ltd.
Royce Paradise,4500000.0,464,1,1,Kalyan West,Beyond Thane,19.2442606681675,73.123906730695,Unfurnished,Apartment,0,15,5,Resale,Ready to Move,,Royce Developers
Disha Apartment,2800000.0,317,1,1,Dombivli East,Beyond Thane,19.2049111648702,73.1069201060438,Semi-Furnished,Apartment,0,4,5,Resale,Ready to Move,,Miyas Group
Neptune Swarajya,1500000.0,227,1,1,Kalyan,Beyond Thane,19.2449413625186,73.1331398884041,Unfurnished,Apartment,0,2,8,Resale,Ready to Move,,Neptune Group
Neptune Swarajya,1800000.0,252,1,1,Kalyan,Beyond Thane,19.2449413625186,73.1331398884041,Unfurnished,Apartment,0,2,8,Resale,Ready to Move,,Neptune Group
Vardhaman Heights,2750000.0,493,1,1,Badlapur,Beyond Thane,19.1639249,73.2459247,Unfurnished,Apartment,0,8,8,Resale,Ready to Move,,Shubh Enterprises
Tharwani Ariana,2400000.0,425,1,1,Ambernath West,Beyond Thane,19.2107415190685,73.1908213734783,Unfurnished,Apartment,0,20,2,Resale,Ready to Move,,Tharwani Realty
Mayfair Vishwaraja,4000000.0,503,1,2,Titwala,Beyond Thane,19.295217297811,73.2124239025258,Unfurnished,Apartment,0,3,4,Resale,Ready to Move,,Mayfair Housing
Mayfair Vishwaraja,3500000.0,241,1,2,Titwala,Beyond Thane,19.295217297811,73.2124239025258,Furnished,Apartment,0,3,4,Resale,Ready to Move,,Mayfair Housing
Bella Vista,37000000.0,1260,3,3,Shahapur,Beyond Thane,19.453550664726,73.3247044251021,Furnished,Apartment,0,16,2,Resale,Ready to Move,,Oswal Group
Saket Paradise,5200000.0,590,2,2,Kalyan,Beyond Thane,19.2449413625186,73.1331398884041,Semi-Furnished,Apartment,0,14,8,Resale,Ready to Move,,Saket Group
Regency Anantam,9000000.0,563,2,2,Dombivli East,Beyond Thane,19.2049111648702,73.1069201060438,Unfurnished,Apartment,0,29,5,Resale,Ready to Move,,Regency Group
The Destination,13900000.0,,4,4,Neral,Beyond Thane,19.0248210057881,73.3169473654086,Semi-Furnished,Villa,0,26,0,Resale,Ready to Move,,Dove Buildmart Pvt. Ltd.
Nisarg Park,2300000.0,479,1,1,Badlapur,Beyond Thane,19.1639249,73.2459247,Unfurnished,Apartment,0,11,8,Resale,Ready to Move,,Karmakushalta Developer
Trimurti Residency,2400000.0,418,1,1,Badlapur,Beyond Thane,19.1639249,73.2459247,Unfurnished,Apartment,0,6,8,Resale,Ready to Move,,Trimurti Developers
Trimurti Residency,2200000.0,468,1,1,Badlapur,Beyond Thane,19.1639249,73.2459247,Unfurnished,Apartment,0,6,8,Resale,Ready to Move,,Trimurti Developers
Trimurti Residency,2300000.0,526,1,1,Badlapur,Beyond Thane,19.1639249,73.2459247,Unfurnished,Apartment,0,6,8,Resale,Ready to Move,,Trimurti Developers
Abhilasha Madhuban,2800000.0,461,1,1,Titwala,Beyond Thane,19.295217297811,73.2124239025258,Unfurnished,Apartment,0,22,4,Resale,Ready to Move,,Abhilasha Group
Krishna Regency,4000000.0,461,1,1,Kalyan West,Beyond Thane,19.2442606681675,73.123906730695,Semi-Furnished,Apartment,0,17,5,Resale,Ready to Move,,Konkanbhoomi Developers
Lodha Downtown Palava,3500000.0,432,1,1,Palava City,Beyond Thane,19.1680134933867,73.0730851842052,Unfurnished,Apartment,0,54,6,Resale,Ready to Move,,Lodha Developers Limited
Lodha Downtown Palava,3900000.0,480,1,2,Palava City,Beyond Thane,19.1680134933867,73.0730851842052,Unfurnished,Apartment,0,54,6,Resale,Ready to Move,,Lodha Developers Limited
Mohan Willows,3800000.0,691,2,2,Badlapur East,Beyond Thane,19.1639249,73.2459247,Unfurnished,Apartment,0,16,6,Resale,Ready to Move,,Mohan Group
Kashish Galaxy,4000000.0,450,1,1,Thakurli,Beyond Thane,19.2252747701219,73.1000690723917,Semi-Furnished,Apartment,0,17,1,Resale,Ready to Move,,Gauri Vinayak Builders
Kashish Galaxy,4500000.0,432,1,1,Thakurli,Beyond Thane,19.2252747701219,73.1000690723917,Unfurnished,Apartment,0,17,1,Resale,Ready to Move,,Gauri Vinayak Builders
Mangeshi Dazzle,7200000.0,537,1,1,Thakurli,Beyond Thane,19.2252747701219,73.1000690723917,Furnished,Apartment,0,17,1,Resale,Ready to Move,,Mangeshi Construction
Mangeshi Dazzle,13500000.0,670,3,3,Thakurli,Beyond Thane,19.2252747701219,73.1000690723917,Furnished,Apartment,0,17,1,Resale,Ready to Move,,Mangeshi Construction
Mangeshi Dazzle,10500000.0,893,3,3,Thakurli,Beyond Thane,19.2252747701219,73.1000690723917,Unfurnished,Apartment,0,17,1,Resale,Ready to Move,,Mangeshi Construction
Amber Harmony,4900000.0,479,1,1,Thakurli,Beyond Thane,19.2252747701219,73.1000690723917,Unfurnished,Apartment,0,16,1,Resale,Ready to Move,,Amber Nirman
Sunshine Elegance,5500000.0,353,1,1,Thakurli,Beyond Thane,19.2252747701219,73.1000690723917,Unfurnished,Apartment,0,17,1,Resale,Ready to Move,,Sunshine Enterprises
Sunshine Elegance,5500000.0,468,1,1,Thakurli,Beyond Thane,19.2252747701219,73.1000690723917,Unfurnished,Apartment,0,17,1,Resale,Ready to Move,,Sunshine Enterprises
Labdhi Gardens,1997190.0,401,1,1,Neral,Beyond Thane,19.0248210057881,73.3169473654086,Unfurnished,Apartment,0,28,0,Resale,Ready to Move,,Labdhi Lifestyles Ltd.
Labdhi Gardens,2100000.0,302,1,1,Neral,Beyond Thane,19.0248210057881,73.3169473654086,Unfurnished,Apartment,0,28,0,Resale,Ready to Move,,Labdhi Lifestyles Ltd.
Labdhi Gardens,2500000.0,342,1,2,Neral,Beyond Thane,19.0248210057881,73.3169473654086,Semi-Furnished,Apartment,0,28,0,Resale,Ready to Move,,Labdhi Lifestyles Ltd.
Labdhi Gardens,2800000.0,486,1,2,Neral,Beyond Thane,19.0248210057881,73.3169473654086,Furnished,Apartment,0,28,0,Resale,Ready to Move,,Labdhi Lifestyles Ltd.
Lodha Downtown Palava,3500000.0,432,1,1,Palava City,Beyond Thane,19.1680134933867,73.0730851842052,Unfurnished,Apartment,0,54,6,Resale,Ready to Move,,Lodha Developers Limited
Lodha Downtown Palava,3500000.0,432,1,1,Palava City,Beyond Thane,19.1680134933867,73.0730851842052,Unfurnished,Apartment,0,54,6,Resale,Ready to Move,,Lodha Developers Limited
Lodha Downtown Palava,3500000.0,432,1,1,Palava City,Beyond Thane,19.1680134933867,73.0730851842052,Unfurnished,Apartment,0,54,6,Resale,Ready to Move,,Lodha Developers Limited
Lodha Downtown Palava,3500000.0,432,1,1,Palava City,Beyond Thane,19.1680134933867,73.0730851842052,Unfurnished,Apartment,0,54,6,Resale,Ready to Move,,Lodha Developers Limited
Lodha Downtown Palava,4500000.0,306,1,1,Palava City,Beyond Thane,19.1680134933867,73.0730851842052,Semi-Furnished,Apartment,0,54,6,Resale,Ready to Move,,Lodha Developers Limited
Sahjeevan Residency,4900000.0,475,1,1,Kalyan East,Beyond Thane,19.2280216158659,73.1334807284888,Unfurnished,Apartment,0,10,2,Resale,Ready to Move,,Pappu Developers and Group
Poddar Evergreens,2300000.0,351,1,1,Badlapur East,Beyond Thane,19.1639249,73.2459247,Unfurnished,Apartment,0,12,6,Resale,Ready to Move,,Poddar Housing
Swaminarayan City,6200000.0,,1,2,Dombivli West,Beyond Thane,19.2174682509913,73.0750339345098,Unfurnished,Apartment,0,6,2,Resale,Ready to Move,,Swaminarayan Life Space LLP
Panvelkar Classic,5000000.0,,2,2,Ambernath East,Beyond Thane,19.2075883274914,73.1854898657514,Unfurnished,Apartment,0,13,1,Resale,Ready to Move,,Panvelkar Group
Mohan Park,2500000.0,,1,1,Kalyan,Beyond Thane,19.2449413625186,73.1331398884041,Semi-Furnished,Apartment,0,0,8,New Property,Ready to Move,,Mohan Group
Unkown,3500000.0,400,1,1,Thakurli,Beyond Thane,19.2252747701219,73.1000690723917,Unfurnished,Apartment,0,0,1,Resale,Ready to Move,,Unknown
Farm and Agricultural Land,18000000.0,,,,Angaon,Beyond Thane,19.3731347951708,73.0804212554492,,Agricultural Land,0,1,0,Resale,,,Pitambari Products
Vighnaharta Park,8000000.0,675,2,2,Dombivli West,Beyond Thane,19.2174682509913,73.0750339345098,Furnished,Apartment,0,0,2,Resale,Ready to Move,1 Covered,Unknown
VBHC Vaibhav Vasind Hills,2500000.0,,2,2,Vasind,Beyond Thane,19.4059529362434,73.2634315742197,Semi-Furnished,Apartment,0,7,2,Resale,Ready to Move,,VBHC
Unkown,6500000.0,1125,1,1,Neral,Beyond Thane,19.0248210057881,73.3169473654086,Semi-Furnished,Farm House,0,0,0,Resale,Ready to Move,,Unknown
Vrindavan Vihar,2800000.0,,1,1,Badlapur,Beyond Thane,19.1639249,73.2459247,Semi-Furnished,Apartment,0,32,8,Resale,Ready to Move,,Sameer Enterprises
Jewel Arista,3200101.0,,2,1,Badlapur,Beyond Thane,19.1639249,73.2459247,Unfurnished,Apartment,0,16,8,Resale,Ready to Move,,Jewel Builders and Infraprojects Ltd.
Unkown,3999990.0,584,1,2,Ambernath East,Beyond Thane,19.2075883274914,73.1854898657514,Semi-Furnished,Apartment,0,0,1,Resale,Ready to Move,2 Open,Unknown
Unkown,4000000.0,110,,,Kalyan West,Beyond Thane,19.2442606681675,73.123906730695,Unfurnished,Commercial Showroom,0,0,5,Resale,Ready to Move,,Unknown
Unkown,3300000.0,,1,2,Bhiwandi Wada Road,Beyond Thane,19.3521332047808,73.0720181309728,Semi-Furnished,Apartment,0,0,0,Resale,Ready to Move,,Unknown
Unkown,7000000.0,,3,2,Dombivli West,Beyond Thane,19.2174682509913,73.0750339345098,Unfurnished,Apartment,0,0,2,Resale,Ready to Move,,Unknown
Unkown,3100000.0,415,1,1,Ambivli,Beyond Thane,19.265744998267,73.1731540259384,Unfurnished,Apartment,0,0,4,Resale,Ready to Move,1 Open,Unknown
Unkown,5200000.0,,1,2,Dombivli East,Beyond Thane,19.2049111648702,73.1069201060438,Unfurnished,Apartment,0,0,5,Resale,Ready to Move,,Unknown
Unkown,20000000.0,,,,Sector 16 Vashi,Beyond Thane,19.07656998,73.00028504,Unfurnished,Commercial Shop,0,0,0,Resale,Ready to Move,,Unknown
Unkown,4300000.0,,2,2,Badlapur,Beyond Thane,19.1639249,73.2459247,Semi-Furnished,Apartment,0,0,8,Resale,Ready to Move,,Unknown
Unkown,2550000.0,,1,1,Badlapur East,Beyond Thane,19.1639249,73.2459247,Unfurnished,Apartment,0,0,6,Resale,Ready to Move,1 Covered,Unknown
Unkown,2000000.0,,,,Murbad,Beyond Thane,19.2663415745285,73.3933927481555,,Residential Plot,0,0,3,Resale,,,Unknown
Tata Amantra,7000000.0,,2,2,Kalyan,Beyond Thane,19.2449413625186,73.1331398884041,Semi-Furnished,Apartment,0,20,8,Resale,Ready to Move,,TATA Housing Development Company Ltd.
Unkown,3700000.0,,1,2,Karjat,Beyond Thane,18.9112989,73.328189,Unfurnished,Apartment,0,0,2,Resale,Ready to Move,,Unknown
Unkown,1600000.0,,2,1,Badlapur,Beyond Thane,19.1639249,73.2459247,Unfurnished,Builder Floor Apartment,0,0,8,Resale,Ready to Move,,Unknown
Unkown,1000000.0,,1,1,Titwala,Beyond Thane,19.295217297811,73.2124239025258,Unfurnished,Residential House,0,0,4,Resale,Ready to Move,,Unknown
Unkown,2200000.0,,1,1,Ambernath,Beyond Thane,19.1986487504664,73.2004913077756,Unfurnished,Apartment,0,0,6,Resale,Ready to Move,,Unknown
Runwal MyCity,4300000.0,,1,2,Dombivli East,Beyond Thane,19.2049111648702,73.1069201060438,Unfurnished,Apartment,0,5,5,Resale,Ready to Move,,Runwal Group
Unkown,2500000.0,,1,1,Badlapur,Beyond Thane,19.1639249,73.2459247,Unfurnished,Builder Floor Apartment,0,0,8,Resale,Ready to Move,2 Open,Unknown
JP Synergy,2600000.0,,1,1,Ambernath East,Beyond Thane,19.2075883274914,73.1854898657514,Unfurnished,Apartment,0,18,1,Resale,Ready to Move,,JP Corp
Unkown,1800000.0,,1,1,Asangaon,Beyond Thane,19.4390197,73.3030715,Unfurnished,Builder Floor Apartment,0,0,2,Resale,Ready to Move,,Unknown
Poddar Evergreens,1850000.0,,,,Badlapur East,Beyond Thane,19.1639249,73.2459247,Unfurnished,Commercial Shop,0,12,6,Resale,Ready to Move,1 Open,Poddar Housing
Sai Pooja Residency,2200000.0,,1,1,Dombivli,Beyond Thane,19.2094006,73.0939483,Semi-Furnished,Apartment,0,12,8,Resale,Ready to Move,,Mrunal Enterprises
Ganesh Apartment,1900000.0,,1,1,Kalyan East,Beyond Thane,19.2280216158659,73.1334807284888,Semi-Furnished,Apartment,0,3,2,Resale,Ready to Move,,Ganesh Builders
Kashish Galaxy,4100000.0,,1,1,Thakurli,Beyond Thane,19.2252747701219,73.1000690723917,Unfurnished,Apartment,0,17,1,Resale,Ready to Move,,Gauri Vinayak Builders
Suman Heights,3400000.0,,1,2,Dombivli East,Beyond Thane,19.2049111648702,73.1069201060438,Unfurnished,Apartment,0,15,5,Resale,Ready to Move,,Suman Developers
River Retreat CHS,6500000.0,,2,2,Dombivli East,Beyond Thane,19.2049111648702,73.1069201060438,Unfurnished,Apartment,0,0,5,Resale,Ready to Move,,Cooperative Group Housing Society
Lodha Palava City,4950000.0,584,2,2,Dombivli,Beyond Thane,19.2094006,73.0939483,Semi-Furnished,Apartment,0,56,8,Resale,Ready to Move,1 Covered,Lodha Developers Limited
Eco Greens,2350000.0,,1,2,Karjat,Beyond Thane,18.9112989,73.328189,Unfurnished,Apartment,0,16,2,Resale,Ready to Move,,Ecohomes Construction Pvt. Ltd.
Sai Darshan Badlapur West,3400000.0,600,2,2,Badlapur West,Beyond Thane,19.1760975692482,73.2401614495576,Unfurnished,Apartment,0,0,0,Resale,Ready to Move,,Unknown
Unkown,3900000.0,355,1,2,Dombivli,Beyond Thane,19.2094006,73.0939483,Unfurnished,Apartment,0,0,8,Resale,Ready to Move,,Unknown
Reliance Residency,2000000.0,,1,1,Ambernath,Beyond Thane,19.1986487504664,73.2004913077756,Semi-Furnished,Apartment,0,18,6,Resale,Ready to Move,,Reliance Enterprises
Unkown,2025000.0,500,1,1,Badlapur East,Beyond Thane,19.1639249,73.2459247,Semi-Furnished,Apartment,0,0,6,Resale,Ready to Move,,Unknown
Unkown,4800000.0,,1,2,Dombivli West,Beyond Thane,19.2174682509913,73.0750339345098,Semi-Furnished,Apartment,0,0,2,Resale,Ready to Move,2 Open,Unknown
JP Synergy,4100000.0,,2,1,Ambernath East,Beyond Thane,19.2075883274914,73.1854898657514,Unfurnished,Apartment,0,18,1,Resale,Ready to Move,,JP Corp
Unkown,3500000.0,,1,1,Dombivli East,Beyond Thane,19.2049111648702,73.1069201060438,Unfurnished,Apartment,0,0,5,Resale,Ready to Move,,Unknown
Nirmal Lifestyle City,4000000.0,,1,2,Kalyan,Beyond Thane,19.2449413625186,73.1331398884041,Unfurnished,Apartment,0,19,8,Resale,Ready to Move,,Nirmal Lifestyle
Happy Home Sarvodaya Leela,7400000.0,970,2,2,Thakurli,Beyond Thane,19.2252747701219,73.1000690723917,Unfurnished,Apartment,0,14,1,Resale,Ready to Move,,Happy Home Group Builders
Bhagirathi Apex,3400000.0,670,2,2,Badlapur,Beyond Thane,19.1639249,73.2459247,Unfurnished,Apartment,0,9,8,Resale,Ready to Move,,Thanekar Group
Impactum Foothills of Matheran,1800000.0,,,,Karjat,Beyond Thane,18.9112989,73.328189,,Residential Plot,0,4,2,Resale,,,Impactum Land and Development Pvt Ltd
Neelsidhi Balaji Garden,12000000.0,920,3,3,Dombivli East,Beyond Thane,19.2049111648702,73.1069201060438,Furnished,Apartment,0,13,5,Resale,Ready to Move,2 Open,Neelsidhi Group
Utkarsha Residency,3999999.0,700,2,2,Ambernath,Beyond Thane,19.1986487504664,73.2004913077756,Unfurnished,Apartment,0,0,6,Resale,Ready to Move,,Unknown
Lodha Casa Bella Gold,9500000.0,798,3,2,Dombivli East,Beyond Thane,19.2049111648702,73.1069201060438,Semi-Furnished,Apartment,0,20,5,Resale,Ready to Move,,Lodha Developers Limited
Sarvodaya Trilok,6600000.0,692,2,2,Thakurli,Beyond Thane,19.2252747701219,73.1000690723917,Semi-Furnished,Apartment,0,12,1,Resale,Ready to Move,,Happy Home Projects
Anantnath Agasan,5800000.0,575,2,2,Dombivli,Beyond Thane,19.2094006,73.0939483,Unfurnished,Apartment,0,25,8,Resale,Ready to Move,,Ananthnath Developers
Galaxy Residences,1650000.0,310,1,1,Kalyan,Beyond Thane,19.2449413625186,73.1331398884041,Unfurnished,Apartment,0,22,8,Resale,Ready to Move,,Bhakti Realtors
Bharadi Aai Apartment,1800000.0,345,1,1,Dombivli East,Beyond Thane,19.2049111648702,73.1069201060438,Unfurnished,Apartment,0,0,5,Resale,Ready to Move,,Unknown
Lodha CasaRio Gold,5500000.0,,2,2,Dombivli,Beyond Thane,19.2094006,73.0939483,Semi-Furnished,Apartment,0,14,8,Resale,Ready to Move,,Lodha Developers Limited
Madhukar Galaxy ,4450000.0,545,2,2,Dombivli East,Beyond Thane,19.2049111648702,73.1069201060438,Unfurnished,Apartment,0,19,5,Resale,Ready to Move,1 Open,RR Enterprise
Unkown,2500000.0,,,,Titwala,Beyond Thane,19.295217297811,73.2124239025258,Unfurnished,Commercial Shop,0,0,4,Resale,Ready to Move,,Unknown
Unkown,3000000.0,,,,Titwala,Beyond Thane,19.295217297811,73.2124239025258,Unfurnished,Commercial Shop,0,0,4,Resale,Ready to Move,,Unknown
Unkown,2000000.0,,1,1,Kalyan East,Beyond Thane,19.2280216158659,73.1334807284888,Unfurnished,Apartment,0,0,2,Resale,Ready to Move,,Unknown
Trilok Heights,4999999.0,479,1,1,Thakurli,Beyond Thane,19.2252747701219,73.1000690723917,Unfurnished,Apartment,0,7,1,Resale,Ready to Move,,Trilok Realty
Arihant City Phase 2,3700000.0,,1,1,Bhiwandi,Beyond Thane,19.2937911767008,73.0653582109139,Unfurnished,Apartment,0,12,6,New Property,Under Construction,,Arihant Group
Arihant City Phase 2,3500000.0,,1,2,Bhiwandi,Beyond Thane,19.2937911767008,73.0653582109139,Unfurnished,Apartment,0,12,6,New Property,Under Construction,,Arihant Group
Arihant City Phase 2,3100000.0,,1,2,Bhiwandi,Beyond Thane,19.2937911767008,73.0653582109139,Unfurnished,Apartment,0,12,6,Resale,Under Construction,,Arihant Group
Arihant City Phase 2,3100000.0,,1,2,Bhiwandi,Beyond Thane,19.2937911767008,73.0653582109139,Unfurnished,Apartment,0,12,6,New Property,Under Construction,,Arihant Group
Arihant City Phase 2,3100000.0,,1,2,Bhiwandi,Beyond Thane,19.2937911767008,73.0653582109139,Unfurnished,Apartment,0,12,6,New Property,Ready to Move,,Arihant Group
Matoshree Park,2100000.0,486,1,1,Badlapur East,Beyond Thane,19.1639249,73.2459247,Unfurnished,Apartment,0,5,6,Resale,Ready to Move,,Aakruti Group
Vinayak Gokuldham,5500000.0,720,2,3,Dombivli East,Beyond Thane,19.2049111648702,73.1069201060438,Furnished,Apartment,0,12,5,Resale,Ready to Move,,Vinayak Construction
Om Chintamani Residency,2400000.0,,1,1,Titwala,Beyond Thane,19.295217297811,73.2124239025258,Unfurnished,Apartment,0,2,4,Resale,Ready to Move,,Unknown
Om Chintamani Residency,4200000.0,,2,2,Titwala,Beyond Thane,19.295217297811,73.2124239025258,Unfurnished,Apartment,0,2,4,Resale,Ready to Move,,Unknown
Om Chintamani Residency,4200000.0,,2,2,Titwala,Beyond Thane,19.295217297811,73.2124239025258,Unfurnished,Apartment,0,2,4,Resale,Ready to Move,,Unknown
Om Sai Apartments,3500000.0,486,1,1,Dombivli East,Beyond Thane,19.2049111648702,73.1069201060438,Semi-Furnished,Apartment,0,10,5,Resale,Ready to Move,,Om Sai Constructions
Sai Ganesh Darshan,2200000.0,302,1,1,Dombivli East,Beyond Thane,19.2049111648702,73.1069201060438,Unfurnished,Apartment,0,9,5,Resale,Ready to Move,,Om Sai Ganesh Developer
Sai Ganesh Darshan,2700000.0,400,1,1,Dombivli East,Beyond Thane,19.2049111648702,73.1069201060438,Unfurnished,Apartment,0,9,5,Resale,Ready to Move,,Om Sai Ganesh Developer
Sai Gaurav,9000000.0,612,2,2,Kalyan West,Beyond Thane,19.2442606681675,73.123906730695,Furnished,Apartment,0,10,5,Resale,Ready to Move,,Western Arch Enterprises
Om Chintamani Residency,3550000.0,,2,2,Titwala,Beyond Thane,19.295217297811,73.2124239025258,Semi-Furnished,Apartment,0,2,4,Resale,Ready to Move,,Unknown
Labh Enclave,4000000.0,680,2,2,Bhiwandi,Beyond Thane,19.2937911767008,73.0653582109139,Semi-Furnished,Apartment,0,26,6,Resale,Ready to Move,,Laabh Group
Tirupati Heights,6900000.0,438,1,1,Bhiwandi,Beyond Thane,19.2937911767008,73.0653582109139,Semi-Furnished,Apartment,0,10,6,Resale,Ready to Move,,SHRI TIRUPATI REALTY
Vaishnavi Highlife,4251000.0,,1,2,Kalyan East,Beyond Thane,19.2280216158659,73.1334807284888,Unfurnished,Apartment,0,17,2,New Property,Ready to Move,,Vaishnavi Buildcon
Vaishnavi Highlife,3800000.0,,1,2,Kalyan East,Beyond Thane,19.2280216158659,73.1334807284888,Unfurnished,Apartment,0,17,2,New Property,Under Construction,,Vaishnavi Buildcon
Suman Heights,3700000.0,432,1,2,Dombivli East,Beyond Thane,19.2049111648702,73.1069201060438,Semi-Furnished,Apartment,0,15,5,Resale,Ready to Move,,Suman Developers
Vaishnavi Apartment,4600000.0,720,2,2,Kalyan East,Beyond Thane,19.2280216158659,73.1334807284888,Unfurnished,Apartment,0,3,2,Resale,Ready to Move,,Tisai Builders and Developers
Shivam Apartments,8000000.0,439,1,1,Dombivli East,Beyond Thane,19.2049111648702,73.1069201060438,Unfurnished,Apartment,0,9,5,Resale,Ready to Move,,BAJRANG INFRA
Galaxy,3700000.0,,2,2,Badlapur,Beyond Thane,19.1639249,73.2459247,Unfurnished,Apartment,0,14,8,Resale,Ready to Move,,Deeplaxmi Developers
Unkown,3710000.0,750,2,1,Katemanivali,Beyond Thane,19.2252311803232,73.1453759439391,Unfurnished,Apartment,0,0,0,Resale,,,Unknown
Laabh Enclave,3800000.0,,1,1,Bhiwandi,Beyond Thane,19.2937911767008,73.0653582109139,Unfurnished,Apartment,0,9,6,Resale,Ready to Move,1 Open,Laabh Group
Bliss,2000000.0,424,1,1,Ambernath,Beyond Thane,19.1986487504664,73.2004913077756,Unfurnished,Apartment,0,21,6,Resale,Ready to Move,,Patel RPL Realty
Bliss,2100000.0,540,1,1,Ambernath,Beyond Thane,19.1986487504664,73.2004913077756,Unfurnished,Apartment,0,21,6,Resale,Ready to Move,,Patel RPL Realty
Satyam Sheela,1700000.0,306,1,1,Badlapur East,Beyond Thane,19.1639249,73.2459247,Unfurnished,Apartment,0,13,6,Resale,Ready to Move,,Satyam Group
Bliss,3000000.0,495,1,1,Ambernath,Beyond Thane,19.1986487504664,73.2004913077756,Unfurnished,Apartment,0,21,6,Resale,Ready to Move,,Patel RPL Realty
Arihant City,4200000.0,468,1,2,Bhiwandi,Beyond Thane,19.2937911767008,73.0653582109139,Unfurnished,Apartment,0,22,6,Resale,Ready to Move,,Arihant Group
Royal Residency,20000000.0,803,4,3,Kalyan West,Beyond Thane,19.2442606681675,73.123906730695,Semi-Furnished,Apartment,0,12,5,Resale,Ready to Move,,Royal Builders and Developers
Olympeo Riverside,1400000.0,354,1,2,Neral,Beyond Thane,19.0248210057881,73.3169473654086,Unfurnished,Apartment,0,14,0,Resale,Ready to Move,,Olympeo Infrastructure Pvt. Ltd.
Olympeo Riverside,2200000.0,482,1,2,Neral,Beyond Thane,19.0248210057881,73.3169473654086,Semi-Furnished,Apartment,0,14,0,Resale,Ready to Move,,Olympeo Infrastructure Pvt. Ltd.
Rai Residency,4800000.0,461,1,1,Kalyan,Beyond Thane,19.2449413625186,73.1331398884041,Furnished,Apartment,0,14,8,Resale,Ready to Move,,Rai Developer
Singh Heights,3000000.0,655,2,2,Ambernath,Beyond Thane,19.1986487504664,73.2004913077756,Unfurnished,Apartment,0,7,6,Resale,Ready to Move,,Singh Construction
Orchid Woods,2400000.0,544,1,1,Ambernath,Beyond Thane,19.1986487504664,73.2004913077756,Unfurnished,Apartment,0,15,6,Resale,Ready to Move,,Ropit Infratech
Panvelkar Bhoomi,1950000.0,305,1,1,Badlapur,Beyond Thane,19.1639249,73.2459247,Unfurnished,Apartment,0,27,8,Resale,Ready to Move,,Panvelkar Group
Panvelkar Bhoomi,2400000.0,432,1,1,Badlapur East,Beyond Thane,19.1639249,73.2459247,Semi-Furnished,Apartment,0,27,6,Resale,Ready to Move,,Panvelkar Group
Panvelkar Bhoomi,2500000.0,437,1,1,Badlapur,Beyond Thane,19.1639249,73.2459247,Unfurnished,Apartment,0,27,8,Resale,Ready to Move,,Panvelkar Group
Panvelkar Bhoomi,2700000.0,452,1,1,Badlapur,Beyond Thane,19.1639249,73.2459247,Unfurnished,Apartment,0,27,8,Resale,Ready to Move,,Panvelkar Group
Panvelkar Bhoomi,2000000.0,452,1,1,Badlapur,Beyond Thane,19.1639249,73.2459247,Unfurnished,Apartment,0,27,8,Resale,Ready to Move,,Panvelkar Group
Panvelkar Bhoomi,2941200.0,588,2,1,Badlapur,Beyond Thane,19.1639249,73.2459247,Unfurnished,Apartment,0,27,8,Resale,Ready to Move,,Panvelkar Group
Raunak City 3,4000000.0,432,1,1,Kalyan West,Beyond Thane,19.2442606681675,73.123906730695,Semi-Furnished,Apartment,0,22,5,Resale,Ready to Move,,Raunak Group
Shree Ganesh Park,2865625.0,472,1,1,Titwala,Beyond Thane,19.295217297811,73.2124239025258,Furnished,Apartment,0,17,4,Resale,Ready to Move,,Nidhi Developers
Shivshakti,2500000.0,475,1,1,Ambernath,Beyond Thane,19.1986487504664,73.2004913077756,Unfurnished,Apartment,0,15,6,Resale,Ready to Move,,Shivshakti Corporation
Raunak City 3,4100000.0,449,1,1,Kalyan West,Beyond Thane,19.2442606681675,73.123906730695,Semi-Furnished,Apartment,0,22,5,Resale,Ready to Move,,Raunak Group
VBHC Vaibhav Vasind Hills,1890000.0,384,1,1,Vasind,Beyond Thane,19.4059529362434,73.2634315742197,Unfurnished,Apartment,0,7,2,Resale,Ready to Move,,VBHC
Patel Prayosha Pramukh Sadan,2200000.0,360,1,1,Ambernath West,Beyond Thane,19.2107415190685,73.1908213734783,Unfurnished,Apartment,0,32,2,Resale,Ready to Move,,Patel RPL Realty
Patel Prayosha Pramukh Sadan,2100000.0,367,1,1,Ambernath West,Beyond Thane,19.2107415190685,73.1908213734783,Unfurnished,Apartment,0,32,2,Resale,Ready to Move,,Patel RPL Realty
Patel Prayosha Pramukh Sadan,3000000.0,520,1,2,Ambernath West,Beyond Thane,19.2107415190685,73.1908213734783,Furnished,Apartment,0,32,2,Resale,Ready to Move,,Patel RPL Realty
Arihant City,4200000.0,468,1,1,Bhiwandi,Beyond Thane,19.2937911767008,73.0653582109139,Unfurnished,Apartment,0,22,6,Resale,Ready to Move,,Arihant Group
Amber Prit,8200000.0,763,2,2,Kalyan,Beyond Thane,19.2449413625186,73.1331398884041,Semi-Furnished,Apartment,0,10,8,Resale,Ready to Move,,Amber Corporation
Metro Residency,12500000.0,763,2,2,Kalyan East,Beyond Thane,19.2280216158659,73.1334807284888,Furnished,Apartment,0,28,2,Resale,Ready to Move,,West Pioneer Properties
Trimurti Complex,31500000.0,670,2,2,Badlapur,Beyond Thane,19.1639249,73.2459247,Unfurnished,Apartment,0,10,8,Resale,Ready to Move,,Unknown
Olympeo Riverside,2700000.0,285,1,2,Neral,Beyond Thane,19.0248210057881,73.3169473654086,Semi-Furnished,Apartment,0,14,0,Resale,Ready to Move,,Olympeo Infrastructure Pvt. Ltd.
Olympeo Riverside,2100000.0,324,1,2,Neral,Beyond Thane,19.0248210057881,73.3169473654086,Unfurnished,Apartment,0,14,0,Resale,Ready to Move,,Olympeo Infrastructure Pvt. Ltd.
Olympeo Riverside,2200000.0,540,2,2,Neral,Beyond Thane,19.0248210057881,73.3169473654086,Unfurnished,Apartment,0,14,0,Resale,Ready to Move,,Olympeo Infrastructure Pvt. Ltd.
Aastha Evershine,2600000.0,338,1,2,Titwala,Beyond Thane,19.295217297811,73.2124239025258,Unfurnished,Apartment,0,15,4,Resale,Ready to Move,,Aastha Group
Indrapuri,2400000.0,468,1,1,Badlapur,Beyond Thane,19.1639249,73.2459247,Unfurnished,Apartment,0,14,8,Resale,Ready to Move,,Khatri Consructions
Mahindra Happinest Kalyan,26000000.0,1202,6,4,Kalyan,Beyond Thane,19.2449413625186,73.1331398884041,Unfurnished,Apartment,0,0,8,Resale,Ready to Move,,Mahindra Lifespace Developers Ltd.
Shankeshwar Palms,5975000.0,525,2,1,Dombivli West,Beyond Thane,19.2174682509913,73.0750339345098,Furnished,Apartment,0,0,2,Resale,Ready to Move,,Unknown
Nisarg Greens,4150000.0,730,1,1,Ambernath East,Beyond Thane,19.2075883274914,73.1854898657514,Semi-Furnished,Apartment,0,11,1,Resale,Ready to Move,,Nisarg Group 
Break The Routine,1600000.0,,,,Murbad,Beyond Thane,19.2663415745285,73.3933927481555,,Residential Plot,0,5,3,Resale,,,Nirvana Builders
Unkown,5500000.0,,1,1,Bhiwandi,Beyond Thane,19.2937911767008,73.0653582109139,Unfurnished,Apartment,0,0,6,Resale,Ready to Move,,Unknown
Squarefeet Orchid Square,2350000.0,430,1,1,Ambernath West,Beyond Thane,19.2107415190685,73.1908213734783,Semi-Furnished,Apartment,0,14,2,Resale,Ready to Move,25 Open,Squarefeet Group
Unkown,5500000.0,,2,1,Dombivli,Beyond Thane,19.2094006,73.0939483,Semi-Furnished,Builder Floor Apartment,0,0,8,Resale,Ready to Move,,Unknown
Godrej Vihaa,2700000.0,,1,2,Badlapur,Beyond Thane,19.1639249,73.2459247,Unfurnished,Builder Floor Apartment,0,31,8,Resale,Ready to Move,,Godrej Properties
Runwal Gardens,4000000.0,437,1,2,Dombivli East,Beyond Thane,19.2049111648702,73.1069201060438,Unfurnished,Apartment,0,15,5,,Ready to Move,,Runwal Group
Unkown,2500000.0,320,1,1,Kalyan Shilphata Road,Beyond Thane,19.1935268122556,73.0967156475895,Unfurnished,Apartment,0,0,5,Resale,Ready to Move,,Unknown
Unkown,5000000.0,750,2,2,Titwala,Beyond Thane,19.295217297811,73.2124239025258,Unfurnished,Apartment,0,0,4,New Property,Ready to Move,,Unknown
Lodha Crown Dombivali,4800000.0,316,1,2,Dombivli East,Beyond Thane,19.2049111648702,73.1069201060438,Unfurnished,Apartment,0,7,5,New Property,Ready to Move,1 Open,Lodha Developers Limited
Unkown,7600000.0,,,,Khardi,Beyond Thane,19.58376,73.39068,,Residential Plot,0,0,0,New Property,,,Unknown
Lodha Lakeshore Greens,6200000.0,734,2,2,Palava City,Beyond Thane,19.1680134933867,73.0730851842052,Unfurnished,Apartment,0,21,6,Resale,Ready to Move,,Lodha Developers Limited
Raut Arcade,4500000.0,,2,2,Badlapur East,Beyond Thane,19.1639249,73.2459247,Unfurnished,Apartment,0,6,6,Resale,Ready to Move,1 Open,Varun Developers
Unkown,2700000.0,400,1,1,Thakurli,Beyond Thane,19.2252747701219,73.1000690723917,Unfurnished,Apartment,0,0,1,Resale,Ready to Move,,Unknown
Unkown,2800000.0,,1,1,Kalyan Shilphata Road,Beyond Thane,19.1935268122556,73.0967156475895,Unfurnished,Apartment,0,0,5,Resale,Ready to Move,,Unknown
Siddharth Riverwood Park,6600000.0,640,2,2,Dombivli East,Beyond Thane,19.2049111648702,73.1069201060438,Unfurnished,Apartment,0,50,5,Resale,Ready to Move,,Siddharth Group
Unkown,1800000.0,,1,1,Atgaon,Beyond Thane,19.503957,73.3280377,Unfurnished,Apartment,0,0,0,Resale,Ready to Move,,Unknown
Rajaram Complex,3900000.0,,1,1,Dombivli West,Beyond Thane,19.2174682509913,73.0750339345098,Unfurnished,Apartment,0,10,2,Resale,Ready to Move,,Vighnesh Enterprises
Tulsi Kalash,3250000.0,600,2,2,Neral,Beyond Thane,19.0248210057881,73.3169473654086,Unfurnished,Apartment,0,32,0,New Property,Ready to Move,2 Open,Tulsi Developers
Regency Anantam,8200000.0,,2,2,Dombivli East,Beyond Thane,19.2049111648702,73.1069201060438,Semi-Furnished,Apartment,0,29,5,Resale,Ready to Move,,Regency Group
Unkown,3000000.0,,1,1,Dombivli East,Beyond Thane,19.2049111648702,73.1069201060438,Semi-Furnished,Builder Floor Apartment,0,0,5,Resale,Ready to Move,,Unknown
Unkown,3900000.0,750,1,1,Ambernath East,Beyond Thane,19.2075883274914,73.1854898657514,Unfurnished,Apartment,0,0,1,Resale,Ready to Move,,Unknown
Unkown,1800000.0,,1,1,Dombivli East,Beyond Thane,19.2049111648702,73.1069201060438,Unfurnished,Apartment,0,0,5,Resale,Ready to Move,,Unknown
Rajnir Sunrise Residency,2000000.0,420,1,1,Shelu,Beyond Thane,19.0640445,73.3163381,Unfurnished,Apartment,0,7,0,Resale,Ready to Move,,Rajnir Enterprises Pvt. Ltd.
Sadguru Residency,1900000.0,,1,1,Dombivli East,Beyond Thane,19.2049111648702,73.1069201060438,Furnished,Apartment,0,8,5,Resale,Ready to Move,,R K Construction
Karrm Residency,2500000.0,,1,1,Shahapur,Beyond Thane,19.453550664726,73.3247044251021,Semi-Furnished,Apartment,0,16,2,New Property,Ready to Move,,Karrm Infrastructure Pvt. Ltd.
Mohan Nano Estates,2200000.0,280,1,1,Ambernath West,Beyond Thane,19.2107415190685,73.1908213734783,Unfurnished,Apartment,0,14,2,Resale,Ready to Move,,Mohan Group
Marathon Nextown,6600000.0,687,2,2,Dombivli East,Beyond Thane,19.2049111648702,73.1069201060438,Semi-Furnished,Apartment,0,5,5,Resale,Ready to Move,,Marathon Realty Pvt. Ltd.
Neel Siddhi Balaji Garden,11000000.0,673,3,3,Dombivli East,Beyond Thane,19.2049111648702,73.1069201060438,Furnished,Apartment,0,17,5,Resale,Ready to Move,,Neel Siddhi developers
Neel Siddhi Balaji Garden,10900000.0,900,3,3,Dombivli,Beyond Thane,19.2094006,73.0939483,Unfurnished,Apartment,0,17,8,Resale,Ready to Move,,Neel Siddhi developers
Vrindavan Shrushti,3700000.0,540,1,1,Kalyan West,Beyond Thane,19.2442606681675,73.123906730695,Semi-Furnished,Apartment,0,17,5,Resale,Ready to Move,,M. S. Developers
Lodha Casa Rio,7500000.0,791,3,2,Dombivli,Beyond Thane,19.2094006,73.0939483,Semi-Furnished,Apartment,0,33,8,Resale,Ready to Move,,Lodha Developers Limited
Lodha Casa Rio Gold,5500000.0,356,1,1,Dombivli East,Beyond Thane,19.2049111648702,73.1069201060438,Unfurnished,Apartment,0,26,5,Resale,Ready to Move,,Lodha Developers Limited
Lodha Casa Rio Gold,5400000.0,642,2,2,Dombivli East,Beyond Thane,19.2049111648702,73.1069201060438,Furnished,Apartment,0,26,5,Resale,Ready to Move,,Lodha Developers Limited
Lodha Palava Casa Bella,3800000.0,567,1,1,Dombivli East,Beyond Thane,19.2049111648702,73.1069201060438,Unfurnished,Apartment,0,56,5,Resale,Ready to Move,,Lodha Developers Limited
Lodha Palava Casa Bella,7600000.0,791,3,3,Dombivli East,Beyond Thane,19.2049111648702,73.1069201060438,Semi-Furnished,Apartment,0,56,5,Resale,Ready to Move,,Lodha Developers Limited
Lodha Palava Casa Bella,4500000.0,494,1,1,Dombivli East,Beyond Thane,19.2049111648702,73.1069201060438,Furnished,Apartment,0,56,5,Resale,Ready to Move,,Lodha Developers Limited
Runwal Garden City,14500000.0,961,3,3,Dombivli,Beyond Thane,19.2094006,73.0939483,Unfurnished,Apartment,0,43,8,Resale,Ready to Move,,Runwal Enterprises
Runwal Garden City,21800000.0,1206,3,3,Dombivli,Beyond Thane,19.2094006,73.0939483,Unfurnished,Apartment,0,43,8,Resale,Ready to Move,,Runwal Enterprises
Runwal Garden City,17000000.0,864,3,3,Dombivli,Beyond Thane,19.2094006,73.0939483,Furnished,Apartment,0,43,8,Resale,Ready to Move,,Runwal Enterprises
Rukmini Garden Building No 2,2700000.0,486,1,1,Titwala,Beyond Thane,19.295217297811,73.2124239025258,Unfurnished,Apartment,0,30,4,Resale,Ready to Move,,Rukmini Associates Builders and Developers
Royale City,2500000.0,450,1,1,Asangaon,Beyond Thane,19.4390197,73.3030715,Unfurnished,Apartment,0,29,2,Resale,Ready to Move,,Royale Group
Royal Flora,2800000.0,468,1,1,Ambernath,Beyond Thane,19.1986487504664,73.2004913077756,Unfurnished,Apartment,0,12,6,Resale,Ready to Move,,Royal Galaxy Developers
Vishwajeet Green,3050000.0,536,1,1,Ambernath,Beyond Thane,19.1986487504664,73.2004913077756,Unfurnished,Apartment,0,30,6,Resale,Ready to Move,,GBK Group
Vishwajeet Green,3900000.0,738,2,2,Ambernath East,Beyond Thane,19.2075883274914,73.1854898657514,Unfurnished,Apartment,0,30,1,Resale,Ready to Move,,GBK Group
Mangeshi Paradise,6500000.0,634,2,2,Kalyan,Beyond Thane,19.2449413625186,73.1331398884041,Unfurnished,Apartment,0,11,8,Resale,Ready to Move,,Annapurna Developers
Wadhwa Daisy Gardens,2300000.0,493,1,1,Ambernath,Beyond Thane,19.1986487504664,73.2004913077756,Unfurnished,Apartment,0,31,6,Resale,Ready to Move,,Wadhwa & Sons
Wadhwa Daisy Gardens,2650000.0,481,1,2,Ambernath,Beyond Thane,19.1986487504664,73.2004913077756,Semi-Furnished,Apartment,0,31,6,Resale,Under Construction,,Wadhwa & Sons
Wadhwa Daisy Gardens,2300000.0,493,1,1,Ambernath,Beyond Thane,19.1986487504664,73.2004913077756,Semi-Furnished,Apartment,0,31,6,Resale,Ready to Move,,Wadhwa & Sons
Wadhwa Daisy Gardens,3000000.0,493,1,1,Ambernath,Beyond Thane,19.1986487504664,73.2004913077756,Unfurnished,Apartment,0,31,6,Resale,Ready to Move,,Wadhwa & Sons
Wadhwa Daisy Gardens,2500000.0,493,1,1,Ambernath,Beyond Thane,19.1986487504664,73.2004913077756,Unfurnished,Apartment,0,31,6,Resale,Ready to Move,,Wadhwa & Sons
Anand Upvan,3600000.0,713,2,2,Ambernath,Beyond Thane,19.1986487504664,73.2004913077756,Semi-Furnished,Apartment,0,18,6,Resale,Ready to Move,,Ameya Group
Prasadam,5000000.0,806,2,2,Ambernath East,Beyond Thane,19.2075883274914,73.1854898657514,Unfurnished,Apartment,0,13,1,Resale,Ready to Move,,Ahuja Group
Prasadam,6000000.0,806,2,2,Ambernath East,Beyond Thane,19.2075883274914,73.1854898657514,Unfurnished,Apartment,0,13,1,Resale,Ready to Move,,Ahuja Group
Osho Dhara Greens,6500000.0,711,2,2,Kalyan,Beyond Thane,19.2449413625186,73.1331398884041,Unfurnished,Apartment,0,14,8,Resale,Ready to Move,,Osho Dhara Developers
Ganesh Darshan,3800000.0,522,2,1,Badlapur,Beyond Thane,19.1639249,73.2459247,Unfurnished,Apartment,0,4,8,Resale,Ready to Move,,Siddha Constructions
Samuraddhi Evergreen,2500000.0,412,1,1,Badlapur,Beyond Thane,19.1639249,73.2459247,Furnished,Apartment,0,15,8,Resale,Ready to Move,,Poddar Developers
Badlapur Pride,1950000.0,432,1,1,Badlapur,Beyond Thane,19.1639249,73.2459247,Semi-Furnished,Apartment,0,4,8,Resale,Ready to Move,,Disha Bright Space Pvt. Ltd.
Sri Morya Complex,8000000.0,,2,2,Thakurli,Beyond Thane,19.2252747701219,73.1000690723917,Unfurnished,Apartment,0,11,1,Resale,Ready to Move,,Shree Morya Developer
Prathmesh Niwas,5000000.0,551,1,1,Thakurli,Beyond Thane,19.2252747701219,73.1000690723917,Furnished,Apartment,0,15,1,Rent,Select Date,,Happy Home Group Builders
Unkown,5000000.0,,2,2,Ulhasnagar,Beyond Thane,19.2253646109387,73.1645678200285,Semi-Furnished,Apartment,0,0,7,Resale,Ready to Move,,Unknown
Bapu Residency,4700000.0,605,2,2,Ambernath,Beyond Thane,19.1986487504664,73.2004913077756,Unfurnished,Apartment,0,10,6,Resale,Ready to Move,,Anirudha Builder
Unkown,4312500.0,,1,1,Dombivli East,Beyond Thane,19.2049111648702,73.1069201060438,Unfurnished,Apartment,0,0,5,New Property,Ready to Move,,Unknown
Runwal Gardens Phase 2 Bldg No 18 To 23,6000000.0,,2,2,Dombivli,Beyond Thane,19.2094006,73.0939483,Unfurnished,Apartment,0,19,8,Resale,Ready to Move,1 Covered,Runwal Group
Unkown,2600000.0,,1,1,Titwala,Beyond Thane,19.295217297811,73.2124239025258,Unfurnished,Apartment,0,0,4,Resale,Ready to Move,,Unknown
Patel Prayosha,2100000.0,444,1,1,Ambernath,Beyond Thane,19.1986487504664,73.2004913077756,Unfurnished,Apartment,0,0,6,Resale,Ready to Move,,Patel RPL Realty
Yash Enclave,6000000.0,880,2,2,Dombivli West,Beyond Thane,19.2174682509913,73.0750339345098,Furnished,Apartment,0,0,2,Resale,Ready to Move,,Unknown
Dipex,4200000.0,590,1,2,Tilak Nagar Kalyan,Beyond Thane,19.2502288299618,73.1250049630577,Semi-Furnished,Apartment,0,0,0,Resale,Ready to Move,,Unknown
Konark Nirman Garden,4500000.0,,2,2,Badlapur,Beyond Thane,19.1639249,73.2459247,Semi-Furnished,Apartment,0,27,8,Resale,Ready to Move,,Konark Nirman Pvt. Ltd.
Datta Prasad,3100000.0,500,1,1,Dombivli,Beyond Thane,19.2094006,73.0939483,Semi-Furnished,Apartment,0,0,8,Resale,Ready to Move,,Unknown
Runwal Mycity Phase 2,3500000.0,,1,1,Dombivli East,Beyond Thane,19.2049111648702,73.1069201060438,Semi-Furnished,Apartment,0,0,5,Resale,Ready to Move,,Unknown
Unkown,11000000.0,900,2,2,Dombivli East,Beyond Thane,19.2049111648702,73.1069201060438,Furnished,Apartment,0,0,5,Resale,Ready to Move,"1 Covered, 1 Open",Unknown
Triaxis Rose Garden,3150000.0,540,2,2,Asangaon,Beyond Thane,19.4390197,73.3030715,Unfurnished,Apartment,0,11,2,Resale,Ready to Move,102 Open,Triaxis
Lodha Casa Azzurra,3600000.0,450,1,2,Dombivli,Beyond Thane,19.2094006,73.0939483,Unfurnished,Apartment,0,21,8,Resale,Ready to Move,,Lodha Developers Limited
Unkown,2999990.0,380,1,2,Kalyan East,Beyond Thane,19.2280216158659,73.1334807284888,Unfurnished,Apartment,0,0,2,Resale,Ready to Move,,Unknown
Omkar Residency,4300000.0,610,2,2,Titwala,Beyond Thane,19.295217297811,73.2124239025258,Unfurnished,Apartment,0,0,4,Resale,Ready to Move,,OSSK CORP
Tata Shubh Griha,1000000.0,,1,1,Vasind,Beyond Thane,19.4059529362434,73.2634315742197,Unfurnished,Apartment,0,13,2,Resale,Ready to Move,,TATA Housing Development Company Ltd.
Unkown,3500000.0,,2,2,Millat Nagar Avachit Pada,Beyond Thane,19.31248239,73.06874388,Semi-Furnished,Apartment,0,0,0,Resale,Ready to Move,,Unknown
Falco Woodshire,5000000.0,,2,2,Kalyan,Beyond Thane,19.2449413625186,73.1331398884041,Unfurnished,Apartment,0,0,8,Resale,Ready to Move,,Falco Developers
Unkown,3500000.0,250,,,Bhiwandi,Beyond Thane,19.2937911767008,73.0653582109139,Unfurnished,Commercial Shop,0,0,6,Resale,Ready to Move,,Unknown
Unkown,2500000.0,,1,1,Dombivli East,Beyond Thane,19.2049111648702,73.1069201060438,Semi-Furnished,Builder Floor Apartment,0,0,5,Resale,Ready to Move,1 Open,Unknown
Kulswamini Prasanna Dombivali West,1200000.0,380,1,1,Dombivli West,Beyond Thane,19.2174682509913,73.0750339345098,Semi-Furnished,Apartment,0,0,2,Resale,Ready to Move,,Unknown
Sai Landmark,1900000.0,428,1,1,Shahapur,Beyond Thane,19.453550664726,73.3247044251021,Unfurnished,Apartment,0,10,2,Resale,Ready to Move,,Sri Developer
Unkown,14000000.0,,,,Badlapur,Beyond Thane,19.1639249,73.2459247,,Farm House,0,0,8,Resale,Ready to Move,,Unknown
Unkown,4500000.0,,1,2,Dombivli,Beyond Thane,19.2094006,73.0939483,Unfurnished,Apartment,0,0,8,Resale,Ready to Move,,Unknown
Marathon Nextown,6200000.0,,2,2,Dombivli East,Beyond Thane,19.2049111648702,73.1069201060438,Unfurnished,Apartment,0,5,5,Resale,Ready to Move,,Marathon Realty Pvt. Ltd.
Lodha Casa Bella Gold,4000000.0,,1,1,Dombivli East,Beyond Thane,19.2049111648702,73.1069201060438,Semi-Furnished,Apartment,0,20,5,Resale,Ready to Move,,Lodha Developers Limited
Unkown,1650000.0,540,1,1,,Beyond Thane,,,Unfurnished,Apartment,0,0,0,Resale,Ready to Move,,Unknown
Raunak City,3700000.0,306,1,1,Kalyan,Beyond Thane,19.2449413625186,73.1331398884041,Semi-Furnished,Apartment,0,13,8,Resale,Ready to Move,,Raunak Group
Rosalie,9500000.0,1030,3,3,Kalyan West,Beyond Thane,19.2442606681675,73.123906730695,Unfurnished,Apartment,0,21,5,Resale,Ready to Move,,Tharwani Infrastructures
Sai Samarth,5800000.0,951,2,2,Kalyan East,Beyond Thane,19.2280216158659,73.1334807284888,Furnished,Apartment,0,2,2,Resale,Ready to Move,,Madan Chikankar
Swastik Apartment,9600000.0,497,1,1,Kalyan East,Beyond Thane,19.2280216158659,73.1334807284888,Unfurnished,Apartment,0,12,2,Resale,Ready to Move,,Hindustan Enterprise
Swastik Apartment,9000000.0,576,2,2,Kalyan East,Beyond Thane,19.2280216158659,73.1334807284888,Semi-Furnished,Apartment,0,12,2,Resale,Ready to Move,,Hindustan Enterprise
Vasant Valley,12500000.0,1148,4,3,Kalyan,Beyond Thane,19.2449413625186,73.1331398884041,Unfurnished,Apartment,0,9,8,Resale,Ready to Move,,RC Infrastructure
Aai Ekveera,3000000.0,407,1,1,Kalyan East,Beyond Thane,19.2280216158659,73.1334807284888,Unfurnished,Apartment,0,7,2,Resale,Ready to Move,,BBA Infrastructures Ltd.
Balaji Apartment,4000000.0,378,1,1,Kalyan East,Beyond Thane,19.2280216158659,73.1334807284888,Unfurnished,Apartment,0,5,2,Resale,Ready to Move,,Balaji Constructions
Balaji Apartment,4100000.0,400,1,1,Kalyan East,Beyond Thane,19.2280216158659,73.1334807284888,Unfurnished,Apartment,0,5,2,Resale,Ready to Move,,Balaji Constructions
Ambika Apartment,1800000.0,360,1,1,Kalyan East,Beyond Thane,19.2280216158659,73.1334807284888,Unfurnished,Apartment,0,2,2,Resale,Ready to Move,,MATHRE ENTERPRISE
Ambika Apartment,1800000.0,356,1,1,Kalyan East,Beyond Thane,19.2280216158659,73.1334807284888,Unfurnished,Apartment,0,2,2,Resale,Ready to Move,,MATHRE ENTERPRISE
Ravindra Galaxy,4560000.0,648,2,2,Titwala,Beyond Thane,19.295217297811,73.2124239025258,Unfurnished,Apartment,0,19,4,Resale,Ready to Move,,Shree Shivnadan Combines
Silver Residency,7000000.0,582,2,2,Bhiwandi,Beyond Thane,19.2937911767008,73.0653582109139,Semi-Furnished,Apartment,0,11,6,Resale,Ready to Move,,Samruddhi Group
Yogi Dham,6500000.0,641,2,2,Kalyan,Beyond Thane,19.2449413625186,73.1331398884041,Semi-Furnished,Apartment,0,6,8,Resale,Ready to Move,,Ajmera Realty
Yogi Dham,8800000.0,821,3,3,Kalyan,Beyond Thane,19.2449413625186,73.1331398884041,Semi-Furnished,Apartment,0,6,8,Resale,Ready to Move,,Ajmera Realty
Abhishek Florida,2200000.0,441,1,1,Neral,Beyond Thane,19.0248210057881,73.3169473654086,Unfurnished,Apartment,0,21,0,Resale,Ready to Move,,Soft Corner
Abhishek Florida,1700000.0,459,1,1,Neral,Beyond Thane,19.0248210057881,73.3169473654086,Unfurnished,Apartment,0,21,0,Resale,Ready to Move,,Soft Corner
Risali JP Symphony,4000000.0,662,2,2,Ambernath East,Beyond Thane,19.2075883274914,73.1854898657514,Semi-Furnished,Apartment,0,32,1,Resale,Ready to Move,,Risali Developers
Mahalaxmi Heights,7200000.0,688,2,2,Dombivli East,Beyond Thane,19.2049111648702,73.1069201060438,Furnished,Apartment,0,9,5,Resale,Ready to Move,,EKVEERA GROUPS
Aditya Royale,2700000.0,472,1,1,Ambernath,Beyond Thane,19.1986487504664,73.2004913077756,Unfurnished,Apartment,0,23,6,Resale,Ready to Move,,Aditya Parivar
Sai Krupa Valley,2200000.0,459,1,1,Neral,Beyond Thane,19.0248210057881,73.3169473654086,Unfurnished,Apartment,0,22,0,Resale,Ready to Move,,Amore homes
Sai Villa,4200000.0,432,1,1,Kalyan East,Beyond Thane,19.2280216158659,73.1334807284888,Unfurnished,Apartment,0,18,2,Resale,Ready to Move,,Sai Developer
Shubham Complex,1500000.0,198,1,1,Kalyan,Beyond Thane,19.2449413625186,73.1331398884041,Unfurnished,Apartment,0,4,8,Resale,Ready to Move,,Shubam Developer
Shubham Complex,3600000.0,396,1,1,Kalyan,Beyond Thane,19.2449413625186,73.1331398884041,Semi-Furnished,Apartment,0,4,8,Resale,Ready to Move,,Shubam Developer
Swastik Park,1900000.0,392,1,1,Kalyan East,Beyond Thane,19.2280216158659,73.1334807284888,Semi-Furnished,Apartment,0,2,2,Resale,Ready to Move,,Hindustan Enterprises
Satyam Elegenza,2600000.0,443,1,1,Ambernath,Beyond Thane,19.1986487504664,73.2004913077756,Semi-Furnished,Apartment,0,25,6,Resale,Ready to Move,,Satyam Group
Lodha Palava City Milestone,3600000.0,428,1,1,Dombivli,Beyond Thane,19.2094006,73.0939483,Semi-Furnished,Apartment,0,24,8,Resale,Ready to Move,,Lodha Developers Limited
Krishna Kunj Residency,2350000.0,482,1,2,Badlapur West,Beyond Thane,19.1760975692482,73.2401614495576,Semi-Furnished,Apartment,0,17,0,Resale,Ready to Move,,Ashoka Infrastructure
Amar Galaxy,4800000.0,,1,2,Dombivli West,Beyond Thane,19.2174682509913,73.0750339345098,Unfurnished,Apartment,0,22,2,New Property,Under Construction,,Amar Groups of Companies
Niraj City Phase 2,5000000.0,706,2,2,Kalyan,Beyond Thane,19.2449413625186,73.1331398884041,Unfurnished,Apartment,0,22,8,Resale,Ready to Move,,Shree Samarth Developers
Xrbia Warai,2000000.0,260,1,1,Neral,Beyond Thane,19.0248210057881,73.3169473654086,Unfurnished,Apartment,0,34,0,Resale,Ready to Move,,XRBIA Developers
Mohan Greenwoods,5500000.0,828,3,2,Badlapur,Beyond Thane,19.1639249,73.2459247,Unfurnished,Apartment,0,16,8,Resale,Ready to Move,,Mohan Group
Mohan Suburbia,4000000.0,635,2,2,Ambernath,Beyond Thane,19.1986487504664,73.2004913077756,Unfurnished,Apartment,0,32,6,Resale,Ready to Move,,Mohan Group
Mohan Suburbia,3900000.0,518,1,2,Ambernath,Beyond Thane,19.1986487504664,73.2004913077756,Unfurnished,Apartment,0,32,6,Resale,Ready to Move,,Mohan Group
Mohan Suburbia,4500000.0,680,2,2,Ambernath,Beyond Thane,19.1986487504664,73.2004913077756,Unfurnished,Apartment,0,32,6,Resale,Ready to Move,,Mohan Group
Mohan Suburbia,3200000.0,511,1,2,Ambernath,Beyond Thane,19.1986487504664,73.2004913077756,Unfurnished,Apartment,0,32,6,Resale,Ready to Move,,Mohan Group
Mohan Suburbia,5500000.0,680,2,2,Ambernath,Beyond Thane,19.1986487504664,73.2004913077756,Unfurnished,Apartment,0,32,6,Resale,Ready to Move,,Mohan Group
Mohan Suburbia,3746000.0,505,1,2,Ambernath West,Beyond Thane,19.2107415190685,73.1908213734783,Semi-Furnished,Apartment,0,32,2,Resale,Ready to Move,,Mohan Group
Mohan Suburbia,4000000.0,635,2,2,Ambernath,Beyond Thane,19.1986487504664,73.2004913077756,Unfurnished,Apartment,0,32,6,Resale,Ready to Move,,Mohan Group
Mohan Suburbia,2900000.0,518,1,2,Ambernath West,Beyond Thane,19.2107415190685,73.1908213734783,Unfurnished,Apartment,0,32,2,Resale,Ready to Move,,Mohan Group
Mohan Suburbia,2900000.0,518,1,2,Ambernath,Beyond Thane,19.1986487504664,73.2004913077756,Unfurnished,Apartment,0,32,6,Resale,Ready to Move,,Mohan Group
Mohan Palms,5200000.0,763,2,2,Badlapur,Beyond Thane,19.1639249,73.2459247,Unfurnished,Apartment,0,44,8,Resale,Ready to Move,,Mohan Group
Tata Amantra,6300000.0,667,2,1,Kalyan,Beyond Thane,19.2449413625186,73.1331398884041,Unfurnished,Apartment,0,20,8,Resale,Ready to Move,,TATA Housing Development Company Ltd.
Tata Amantra,8500000.0,771,2,1,Kalyan,Beyond Thane,19.2449413625186,73.1331398884041,Semi-Furnished,Apartment,0,20,8,Resale,Ready to Move,,TATA Housing Development Company Ltd.
Tata Amantra,6200000.0,778,2,1,Kalyan,Beyond Thane,19.2449413625186,73.1331398884041,Semi-Furnished,Apartment,0,20,8,Resale,Ready to Move,,TATA Housing Development Company Ltd.
Tata Amantra,7500000.0,732,2,2,Kalyan,Beyond Thane,19.2449413625186,73.1331398884041,Semi-Furnished,Apartment,0,20,8,Resale,Ready to Move,,TATA Housing Development Company Ltd.
Tata Amantra,7500000.0,667,2,1,Kalyan West,Beyond Thane,19.2442606681675,73.123906730695,Semi-Furnished,Apartment,0,20,5,Resale,Ready to Move,,TATA Housing Development Company Ltd.
Tata Amantra,9500000.0,837,2,2,Kalyan,Beyond Thane,19.2449413625186,73.1331398884041,Unfurnished,Apartment,0,20,8,Resale,Ready to Move,,TATA Housing Development Company Ltd.
Tata Amantra,7500000.0,732,2,2,Kalyan,Beyond Thane,19.2449413625186,73.1331398884041,Unfurnished,Apartment,0,20,8,Resale,Ready to Move,,TATA Housing Development Company Ltd.
Tata Amantra,11000000.0,943,3,2,Kalyan,Beyond Thane,19.2449413625186,73.1331398884041,Unfurnished,Apartment,0,20,8,Resale,Ready to Move,,TATA Housing Development Company Ltd.
Purushottam Heights,4000000.0,720,2,2,Badlapur East,Beyond Thane,19.1639249,73.2459247,Unfurnished,Apartment,0,10,6,Resale,Ready to Move,,P P Developers
Shree Krishna Heights,4500000.0,792,2,2,Badlapur,Beyond Thane,19.1639249,73.2459247,Semi-Furnished,Apartment,0,14,8,Resale,Ready to Move,,Dheeraj Estates Pvt. Ltd.
Shree Krishna Heights,3600000.0,702,2,2,Badlapur,Beyond Thane,19.1639249,73.2459247,Unfurnished,Apartment,0,14,8,Resale,Ready to Move,,Dheeraj Estates Pvt. Ltd.
Shree Krishna Heights,4400000.0,767,2,2,Badlapur,Beyond Thane,19.1639249,73.2459247,Unfurnished,Apartment,0,14,8,Resale,Ready to Move,,Dheeraj Estates Pvt. Ltd.
Tata Shubh Griha,1350000.0,352,1,1,Vasind,Beyond Thane,19.4059529362434,73.2634315742197,Unfurnished,Apartment,0,13,2,Resale,Ready to Move,,TATA Housing Development Company Ltd.
Tata Shubh Griha,1700000.0,352,1,1,Vasind,Beyond Thane,19.4059529362434,73.2634315742197,Unfurnished,Apartment,0,13,2,Resale,Ready to Move,,TATA Housing Development Company Ltd.
Tata Shubh Griha,1600000.0,352,1,1,Vasind,Beyond Thane,19.4059529362434,73.2634315742197,Unfurnished,Apartment,0,13,2,Resale,Under Construction,,TATA Housing Development Company Ltd.
Tata Shubh Griha,1500000.0,274,1,1,Vasind,Beyond Thane,19.4059529362434,73.2634315742197,Unfurnished,Apartment,0,13,2,Resale,Ready to Move,,TATA Housing Development Company Ltd.
Tata Shubh Griha,2000000.0,396,1,1,Vasind,Beyond Thane,19.4059529362434,73.2634315742197,Semi-Furnished,Apartment,0,13,2,Resale,Ready to Move,,TATA Housing Development Company Ltd.
Tata Shubh Griha,1100000.0,259,1,1,Vasind,Beyond Thane,19.4059529362434,73.2634315742197,Semi-Furnished,Apartment,0,13,2,Resale,Ready to Move,,TATA Housing Development Company Ltd.
Happy Sarvoday 1,76443000.0,755,,1,Kalyan,Beyond Thane,19.2449413625186,73.1331398884041,Unfurnished,Commercial Office Space,0,6,8,New Property,Dec '28,,Happy Home Group
Lodha Opulis B,38000000.0,2498,4,4,Kole,Beyond Thane,19.22816159,73.36323194,Unfurnished,Apartment,0,10,0,New Property,May '30,,Lodha Developers Limited
Godrej Nirvaan,4949000.0,424,1,1,Kalyan West,Beyond Thane,19.2442606681675,73.123906730695,Unfurnished,Apartment,0,45,5,New Property,Under Construction,,Godrej Properties
Kalpataru Aria ,11400000.0,2280,,,Karjat,Beyond Thane,18.9112989,73.328189,Unfurnished,Residential Plot,0,23,2,New Property,,,Kalpataru Ltd.
Dosti Greater Thane,5954000.0,535,2,2,Bhiwandi,Beyond Thane,19.2937911767008,73.0653582109139,Unfurnished,Apartment,0,14,6,New Property,Jun '28,,Dosti Realty 
Tharwani Ariana,5017000.0,846,3,3,Ambernath West,Beyond Thane,19.2107415190685,73.1908213734783,Unfurnished,Apartment,0,20,2,New Property,Ready to Move,,Tharwani Realty
Kalpataru Aria ,49345000.0,9000,,,Karjat,Beyond Thane,18.9112989,73.328189,Unfurnished,Residential Plot,0,23,2,New Property,,,Kalpataru Ltd.
Dosti Greater Thane,4129000.0,371,1,1,Bhiwandi,Beyond Thane,19.2937911767008,73.0653582109139,Unfurnished,Apartment,0,14,6,New Property,Jun '28,,Dosti Realty 
Rustomjee Urban Woods,12399000.0,1124,3,3,Kalyan East,Beyond Thane,19.2280216158659,73.1334807284888,Unfurnished,Apartment,0,25,2,New Property,May '29,,Rustomjee
Growmore Unimax Life,3838000.0,446,1,1,Dombivli East,Beyond Thane,19.2049111648702,73.1069201060438,Unfurnished,Apartment,1,12,5,New Property,Dec '29,1 Covered,Growmore Lifespaces Llp
Runwal Garden City,7200000.0,568,3,3,Dombivli,Beyond Thane,19.2094006,73.0939483,Unfurnished,Apartment,1,43,8,New Property,Sep '27,,Runwal Enterprises
Sunteck Crescent Park,7200000.0,656,2,2,Kalyan,Beyond Thane,19.2449413625186,73.1331398884041,Unfurnished,Apartment,1,35,8,New Property,Dec '29,1 Covered,Sunteck Realty Ltd.
Rustomjee Urban Woods,6148800.0,585,2,2,Kalyan East,Beyond Thane,19.2280216158659,73.1334807284888,Unfurnished,Apartment,1,25,2,New Property,Under Construction,1 Covered,Rustomjee
Rustomjee Urban Woods,7499000.0,682,2,2,Dombivli East,Beyond Thane,19.2049111648702,73.1069201060438,Unfurnished,Apartment,1,25,5,New Property,May '29,1 Covered,Rustomjee
Lodha Codename Premier,8999999.0,759,3,2,Dombivli East,Beyond Thane,19.2049111648702,73.1069201060438,Unfurnished,Apartment,1,28,5,New Property,Under Construction,1 Covered,Lodha Developers Limited
Unkown,2600000.0,334,1,2,Titwala Goveli Road,Beyond Thane,19.28147176,73.23442666,Unfurnished,Apartment,0,0,0,New Property,Ready to Move,1 Open,Unknown
Unkown,5160000.0,516,1,1,Khadakpada,Beyond Thane,19.2626421381468,73.131209510184,Unfurnished,Apartment,0,0,1,New Property,Under Construction,1 Covered,Unknown
Unkown,24800000.0,1963,3,4,Bhiwandi,Beyond Thane,19.2937911767008,73.0653582109139,Unfurnished,Villa,1,0,6,New Property,Under Construction,2 Covered,Unknown
Shahpur ShubhVastu ,1692000.0,389,1,1,Shivajinagar Vasind,Beyond Thane,19.40599112,73.26267306,Unfurnished,Apartment,0,16,0,Resale,Ready to Move,,Shahpur Infrastructure
Lodha Villa Royale,35000000.0,2000,3,4,Dombivli East,Beyond Thane,19.2049111648702,73.1069201060438,Semi-Furnished,Villa,1,10,5,Resale,Under Construction,"1 Covered, 2 Open",Lodha Developers Limited
Lodha Codename Premier,5927000.0,540,2,2,Dombivli East,Beyond Thane,19.2049111648702,73.1069201060438,Unfurnished,Apartment,0,28,5,New Property,Under Construction,,Lodha Developers Limited
Rustomjee Belle Vue,6200000.0,3200,3,3,Shahapur,Beyond Thane,19.453550664726,73.3247044251021,Unfurnished,Villa,1,10,2,New Property,Under Construction,1 Covered,Rustomjee
Unkown,5900000.0,850,2,2,Kasheli,Beyond Thane,19.2301651,73.0171568,Furnished,Apartment,0,0,2,Resale,Ready to Move,,Unknown
Panvelkar Aqua Marine,3000000.0,,,,Ambernath East,Beyond Thane,19.2075883274914,73.1854898657514,Unfurnished,Commercial Shop,0,21,1,Resale,Ready to Move,,Panvelkar Group
Runwal Garden City,3500000.0,355,1,1,Dombivli,Beyond Thane,19.2094006,73.0939483,Unfurnished,Apartment,1,43,8,Resale,Ready to Move,,Runwal Enterprises
Amber Enclave,5200000.0,460,1,1,Thakurli,Beyond Thane,19.2252747701219,73.1000690723917,Unfurnished,Apartment,0,19,1,Resale,Ready to Move,1 Open,AMBER GROUP
Shree Samarth Paradise ,2300000.0,420,1,2,Neral,Beyond Thane,19.0248210057881,73.3169473654086,Unfurnished,Apartment,1,7,0,New Property,Under Construction,,Shree Samarth Residency
Mohan Suburbia,4000000.0,,2,2,Ambernath,Beyond Thane,19.1986487504664,73.2004913077756,Unfurnished,Apartment,0,32,6,New Property,Ready to Move,,Mohan Group
Unkown,7300000.0,600,2,2,New Thakurli Road,Beyond Thane,19.22450879,73.10186665,Unfurnished,Apartment,0,0,0,Resale,Ready to Move,1 Covered,Unknown
Versatile Valley,5500000.0,700,2,2,Dombivli East,Beyond Thane,19.2049111648702,73.1069201060438,Unfurnished,Apartment,0,23,5,New Property,Ready to Move,1 Covered,Versatile Housing
Vighnaharta Park,8000000.0,675,2,2,Dombivli West,Beyond Thane,19.2174682509913,73.0750339345098,Furnished,Apartment,0,0,2,Resale,Ready to Move,,Unknown
Mahavir Dreamland,8000000.0,948,2,2,Bhiwandi,Beyond Thane,19.2937911767008,73.0653582109139,Semi-Furnished,Apartment,0,12,6,Resale,Ready to Move,1 Covered,Shree Salasar Developer
Tharwani Ritu World,3200000.0,865,2,2,Badlapur,Beyond Thane,19.1639249,73.2459247,Unfurnished,Apartment,0,23,8,Resale,Ready to Move,,Tharwani Infrastructures
Tharwani Meghna Montana,3100000.0,,1,1,Ambernath,Beyond Thane,19.1986487504664,73.2004913077756,Semi-Furnished,Apartment,0,22,6,Resale,Ready to Move,,Tharwani Construction Pvt. Ltd.
Nisarg Greens,4040000.0,500,1,2,Ambernath East,Beyond Thane,19.2075883274914,73.1854898657514,Semi-Furnished,Apartment,0,11,1,Resale,Ready to Move,,Nisarg Group 
Unkown,4500000.0,,2,2,Dombivli East,Beyond Thane,19.2049111648702,73.1069201060438,Semi-Furnished,Apartment,0,0,5,Resale,Ready to Move,,Unknown
Unkown,6300000.0,,,2,Dombivli East,Beyond Thane,19.2049111648702,73.1069201060438,Unfurnished,Commercial Office Space,0,0,5,Resale,Ready to Move,,Unknown
Vishnu Vatika,2500000.0,,1,1,,Beyond Thane,,,Unfurnished,Apartment,0,18,0,Resale,Ready to Move,,Vishnu Group
Tulsi Darshan,1550000.0,,,1,Neral,Beyond Thane,19.0248210057881,73.3169473654086,Unfurnished,Studio Apartment,0,17,0,Resale,Ready to Move,1 Open,Tulsi Estates
Unkown,2500000.0,,,,Khardi,Beyond Thane,19.58376,73.39068,,Residential Plot,0,0,0,Resale,,,Unknown
Hillcrest Apartment,2000000.0,,1,2,Titwala,Beyond Thane,19.295217297811,73.2124239025258,Unfurnished,Apartment,0,9,4,Resale,Ready to Move,,Aasanghar Construction
Unkown,2550000.0,,1,1,Badlapur East,Beyond Thane,19.1639249,73.2459247,Semi-Furnished,Apartment,0,0,6,Resale,Ready to Move,1 Covered,Unknown
Unkown,5200000.0,677,2,2,,Beyond Thane,,,Semi-Furnished,Apartment,0,0,0,Resale,Ready to Move,,Unknown
Unkown,2800000.0,,1,1,Badlapur East,Beyond Thane,19.1639249,73.2459247,,Apartment,0,0,6,Resale,Ready to Move,,Unknown
Neptune Swarajya,2700000.0,383,2,2,Kalyan,Beyond Thane,19.2449413625186,73.1331398884041,Unfurnished,Apartment,0,2,8,Resale,Ready to Move,,Neptune Group
Lodha Casa Rio Gold,3800000.0,495,1,1,Palava City,Beyond Thane,19.1680134933867,73.0730851842052,Semi-Furnished,Apartment,0,26,6,Resale,Ready to Move,,Lodha Developers Limited
Unkown,800000.0,,,1,Dombivli West,Beyond Thane,19.2174682509913,73.0750339345098,Unfurnished,Studio Apartment,0,0,2,Resale,Ready to Move,,Unknown
Unkown,3500000.0,665,1,1,Dombivli East,Beyond Thane,19.2049111648702,73.1069201060438,Unfurnished,Apartment,0,0,5,Resale,Ready to Move,,Unknown
Unkown,2600000.0,520,1,1,Titwala,Beyond Thane,19.295217297811,73.2124239025258,Semi-Furnished,Apartment,0,0,4,Resale,Ready to Move,,Unknown
Neptune Swarajya,2600000.0,,2,2,Kalyan,Beyond Thane,19.2449413625186,73.1331398884041,Unfurnished,Apartment,0,2,8,Resale,Ready to Move,,Neptune Group
Poddar Samruddhi Evergreens,2200000.0,360,1,1,Badlapur,Beyond Thane,19.1639249,73.2459247,Unfurnished,Apartment,0,13,8,Resale,Ready to Move,,Poddar Housing
Unkown,1500000.0,,1,,Mumbra Panvel Highway,Beyond Thane,19.12349875,73.05521011,Semi-Furnished,Apartment,0,0,0,Resale,Ready to Move,,Unknown
Lodha Thane Woodlands C And D,9000000.0,662,2,2,Bhiwandi,Beyond Thane,19.2937911767008,73.0653582109139,Semi-Furnished,Apartment,0,18,6,Resale,Ready to Move,,Lodha Group
Unkown,1620000.0,,1,1,Neral,Beyond Thane,19.0248210057881,73.3169473654086,Unfurnished,Builder Floor Apartment,0,0,0,Resale,Ready to Move,1 Open,Unknown
Unkown,1600000.0,,1,1,Badlapur East,Beyond Thane,19.1639249,73.2459247,Unfurnished,Apartment,0,0,6,Resale,Ready to Move,,Unknown
Wadhwa Daisy Gardens,3200000.0,632,2,2,Ambernath,Beyond Thane,19.1986487504664,73.2004913077756,Unfurnished,Apartment,0,31,6,Resale,Ready to Move,,Wadhwa & Sons
Shankeshwar Nagar,3500000.0,,1,1,Dombivli East,Beyond Thane,19.2049111648702,73.1069201060438,Semi-Furnished,Apartment,0,11,5,Resale,Ready to Move,,Sanghvi Builders
Lodha Palava Lakeshore Greens,14000000.0,1000,3,2,Dombivli East,Beyond Thane,19.2049111648702,73.1069201060438,Semi-Furnished,Apartment,0,24,5,Resale,Ready to Move,,Lodha Developers Limited
Unkown,3500000.0,,,,Asangaon,Beyond Thane,19.4390197,73.3030715,,Residential Plot,0,0,2,Resale,,,Unknown
Olympeo Riverside,3000000.0,586,2,2,Neral,Beyond Thane,19.0248210057881,73.3169473654086,Unfurnished,Apartment,0,14,0,Resale,Ready to Move,,Olympeo Infrastructure Pvt. Ltd.
Unkown,5000000.0,,2,2,Ambernath East,Beyond Thane,19.2075883274914,73.1854898657514,Unfurnished,Builder Floor Apartment,0,0,1,Resale,Ready to Move,,Unknown
Unkown,5800000.0,,2,2,Dombivli East,Beyond Thane,19.2049111648702,73.1069201060438,Semi-Furnished,Builder Floor Apartment,0,0,5,Resale,Ready to Move,,Unknown
OM Rohan CHS,7800000.0,800,2,2,Kalyan West,Beyond Thane,19.2442606681675,73.123906730695,Unfurnished,Builder Floor Apartment,0,0,5,Resale,Ready to Move,1 Open,Unknown
Lodha Palava Lakeshore Greens,6500000.0,,1,1,Dombivli,Beyond Thane,19.2094006,73.0939483,Furnished,Apartment,0,24,8,Resale,Ready to Move,,Lodha Developers Limited
Unkown,2700000.0,,,1,Dombivli East,Beyond Thane,19.2049111648702,73.1069201060438,Furnished,Studio Apartment,0,0,5,Resale,Ready to Move,,Unknown
Unkown,2500000.0,,,1,Dombivli West,Beyond Thane,19.2174682509913,73.0750339345098,Unfurnished,Studio Apartment,0,0,2,Resale,Ready to Move,,Unknown
Unkown,1200000.0,,,1,Shelwali,Beyond Thane,19.4431341350778,73.3853090867082,Unfurnished,Studio Apartment,0,0,0,Resale,Ready to Move,,Unknown
Unkown,4800000.0,2000,4,4,Ambernath West,Beyond Thane,19.2107415190685,73.1908213734783,Semi-Furnished,Residential House,0,0,2,Resale,Ready to Move,,Unknown
Tharwani Ritu World,3000000.0,,1,1,Badlapur,Beyond Thane,19.1639249,73.2459247,Semi-Furnished,Apartment,0,23,8,Resale,Ready to Move,,Tharwani Infrastructures
Unkown,1100000.0,,,,Purna,Beyond Thane,19.259574,73.016759,Unfurnished,Commercial Shop,0,0,0,Resale,Ready to Move,,Unknown
Unkown,2400000.0,,1,2,Karjat,Beyond Thane,18.9112989,73.328189,Semi-Furnished,Apartment,0,0,2,Resale,Ready to Move,,Unknown
Satyam Oleander,2400000.0,400,1,1,Ambernath,Beyond Thane,19.1986487504664,73.2004913077756,Unfurnished,Apartment,0,0,6,Resale,Ready to Move,,Unknown
Royale City,3200000.0,,1,1,Asangaon,Beyond Thane,19.4390197,73.3030715,Furnished,Builder Floor Apartment,0,29,2,Resale,Ready to Move,,Royale Group
Raj Vaibhav NX,6000000.0,391,1,2,Dombivli West,Beyond Thane,19.2174682509913,73.0750339345098,Unfurnished,Apartment,0,18,2,Resale,Ready to Move,,Relliance Construction Co.
Pranjee Garden City,4200000.0,,2,2,Badlapur,Beyond Thane,19.1639249,73.2459247,Unfurnished,Apartment,0,31,8,Resale,Ready to Move,,Pranjee Group
Unkown,205200000.0,,,,Vangani,Beyond Thane,19.0925602606021,73.2971135741545,,Agricultural Land,0,0,4,Resale,,,Unknown
Xrbia Neral,2100000.0,466,1,2,Neral,Beyond Thane,19.0248210057881,73.3169473654086,,Residential House,0,13,0,Resale,Ready to Move,1 Open,Xrbia
Panvelkar Optima,3000000.0,,1,1,Badlapur,Beyond Thane,19.1639249,73.2459247,Unfurnished,Apartment,0,9,8,Resale,Ready to Move,,Panvelkar Group
Unkown,2200000.0,,,,Neral,Beyond Thane,19.0248210057881,73.3169473654086,,Residential Plot,0,0,0,Resale,,,Unknown
5P Kalp City,2500000.0,,1,1,Badlapur East,Beyond Thane,19.1639249,73.2459247,Unfurnished,Apartment,0,21,6,Resale,Ready to Move,,5P Group
Arihant Anmol,2900000.0,,1,1,Badlapur East,Beyond Thane,19.1639249,73.2459247,Furnished,Apartment,0,7,6,Resale,Ready to Move,,Arihant Superstructures Ltd
Unkown,5500000.0,,,,Murbad,Beyond Thane,19.2663415745285,73.3933927481555,,Residential Plot,0,0,3,Resale,,,Unknown
Unkown,4000000.0,,1,1,Dombivli West,Beyond Thane,19.2174682509913,73.0750339345098,Furnished,Builder Floor Apartment,0,0,2,Resale,Ready to Move,,Unknown
Neptune Swarajya,1300000.0,262,1,1,Kalyan,Beyond Thane,19.2449413625186,73.1331398884041,Unfurnished,Apartment,0,2,8,New Property,Ready to Move,,Neptune Group
Eden Homes,1700000.0,,1,1,Neral,Beyond Thane,19.0248210057881,73.3169473654086,Unfurnished,Apartment,0,15,0,Resale,Ready to Move,,Elements Group
Unkown,2000000.0,,2,2,Vitthalwadi,Beyond Thane,19.2277167499915,73.1526066484418,Unfurnished,Residential House,0,0,0,Resale,Ready to Move,,Unknown
Unkown,3000000.0,,1,1,Badlapur,Beyond Thane,19.1639249,73.2459247,Semi-Furnished,Apartment,0,0,8,Resale,Ready to Move,,Unknown
Unkown,2199999.0,,1,2,Sidhi Vinayak Society,Beyond Thane,19.11803584,73.00131389,Unfurnished,Apartment,0,0,0,Resale,Ready to Move,,Unknown
Sai Orchid Residency,1900000.0,,,1,Dombivli East,Beyond Thane,19.2049111648702,73.1069201060438,Semi-Furnished,Studio Apartment,0,11,5,Resale,Ready to Move,2 Open,Sai Developers
Lok Nagari Phase 3,4500000.0,740,2,2,Ambernath East,Beyond Thane,19.2075883274914,73.1854898657514,Unfurnished,Apartment,0,25,1,New Property,Ready to Move,,Lok Housing Group
Green Park,4500000.0,,2,2,Dombivli East,Beyond Thane,19.2049111648702,73.1069201060438,Semi-Furnished,Apartment,0,9,5,Resale,Ready to Move,,KP Infra
Patel Prayosha,2200000.0,,1,1,Ambernath,Beyond Thane,19.1986487504664,73.2004913077756,Unfurnished,Apartment,0,0,6,Resale,Ready to Move,,Patel RPL Realty
Unkown,3000000.0,,2,2,Shahapur,Beyond Thane,19.453550664726,73.3247044251021,Semi-Furnished,Apartment,0,0,2,Resale,Ready to Move,,Unknown
Unkown,2900000.0,500,1,2,Ambernath,Beyond Thane,19.1986487504664,73.2004913077756,Unfurnished,Apartment,0,0,6,Resale,Ready to Move,,Unknown
Unkown,4293000.0,,1,2,Dombivli,Beyond Thane,19.2094006,73.0939483,Unfurnished,Apartment,0,19,8,Resale,Ready to Move,,Unknown
Aashray Pearl,2100000.0,500,1,1,Ambernath East,Beyond Thane,19.2075883274914,73.1854898657514,Unfurnished,Apartment,0,8,1,Resale,Ready to Move,,Aashray Group
Sairam Shree Patidar Park,2300000.0,385,1,1,Bhiwandi,Beyond Thane,19.2937911767008,73.0653582109139,Semi-Furnished,Apartment,0,0,6,Resale,Ready to Move,,Unknown
Lodha Palava City,5500000.0,,2,2,Dombivli,Beyond Thane,19.2094006,73.0939483,Unfurnished,Apartment,0,56,8,Resale,Under Construction,,Lodha Developers Limited
Unkown,4500000.0,,2,1,Dombivli East,Beyond Thane,19.2049111648702,73.1069201060438,Semi-Furnished,Apartment,0,0,5,Resale,Ready to Move,,Unknown
Manas Shree Pooja,1650000.0,,1,1,Neral,Beyond Thane,19.0248210057881,73.3169473654086,Unfurnished,Apartment,0,18,0,Resale,Ready to Move,,Manas Enterprises
Soft Corner Bellezza,1800000.0,,,,Neral,Beyond Thane,19.0248210057881,73.3169473654086,,Residential Plot,0,0,0,Resale,,,Soft Corner
Mahindra Happinest Kalyan,6000000.0,414,1,1,Kalyan,Beyond Thane,19.2449413625186,73.1331398884041,Unfurnished,Apartment,0,0,8,Resale,Ready to Move,,Mahindra Lifespace Developers Ltd.
Unkown,4000000.0,542,1,1,Kalyan East,Beyond Thane,19.2280216158659,73.1334807284888,Unfurnished,Apartment,0,0,2,Resale,Ready to Move,1 Open,Unknown
Tycoons Solitaire Sapphire,6200000.0,,2,2,Kalyan West,Beyond Thane,19.2442606681675,73.123906730695,Furnished,Apartment,0,0,5,Resale,Ready to Move,,Tycoons Group
Unkown,2550000.0,300,,2,Thakurli,Beyond Thane,19.2252747701219,73.1000690723917,Unfurnished,Studio Apartment,0,0,1,Resale,Ready to Move,,Unknown
Unkown,4000000.0,900,3,1,Vangani,Beyond Thane,19.0925602606021,73.2971135741545,Unfurnished,Villa,0,0,4,New Property,Ready to Move,,Unknown
Lok Dhara Phase III,6500000.0,584,2,2,Kalyan East,Beyond Thane,19.2280216158659,73.1334807284888,Unfurnished,Apartment,0,13,2,Resale,Ready to Move,,Lok Group
Lodha Casa Rio,3500000.0,,1,1,Dombivli,Beyond Thane,19.2094006,73.0939483,Semi-Furnished,Apartment,0,33,8,Resale,,,Lodha Developers Limited
Unkown,2600000.0,385,1,1,Ambernath East,Beyond Thane,19.2075883274914,73.1854898657514,Semi-Furnished,Apartment,0,0,1,Resale,Ready to Move,,Unknown
5 P Aria,1950000.0,,1,1,Neral,Beyond Thane,19.0248210057881,73.3169473654086,Unfurnished,Apartment,0,0,0,Resale,Ready to Move,,5P Group
Royce Paradise,3000000.0,,1,1,Kalyan West,Beyond Thane,19.2442606681675,73.123906730695,Semi-Furnished,Residential House,0,15,5,New Property,Ready to Move,,Royce Developers
Lodha Regency,4500000.0,460,2,2,Dombivli East,Beyond Thane,19.2049111648702,73.1069201060438,Unfurnished,Apartment,0,0,5,Resale,Ready to Move,,Lodha Developers Limited
Poddar Evergreens,2950000.0,,2,2,Badlapur East,Beyond Thane,19.1639249,73.2459247,Unfurnished,Residential House,0,12,6,Resale,Ready to Move,,Poddar Housing
Labdhi Gardens,2400000.0,427,1,2,Neral,Beyond Thane,19.0248210057881,73.3169473654086,Unfurnished,Apartment,0,28,0,Resale,Ready to Move,,Labdhi Lifestyles Ltd.
Yukti Shree G Square ,5500000.0,324,,,Neral,Beyond Thane,19.0248210057881,73.3169473654086,Unfurnished,Commercial Shop,0,9,0,Resale,Ready to Move,1 Covered,Unknown
Unkown,2500000.0,525,1,1,Dombivli East,Beyond Thane,19.2049111648702,73.1069201060438,Semi-Furnished,Apartment,0,0,5,Resale,Ready to Move,,Unknown
Unkown,3900000.0,,2,2,Ambernath,Beyond Thane,19.1986487504664,73.2004913077756,Unfurnished,Apartment,0,0,6,Resale,Ready to Move,,Unknown
Unkown,45000000.0,2000,3,4,Sarang,Beyond Thane,19.23243996,73.05648866,Semi-Furnished,Villa,0,0,0,New Property,Ready to Move,,Unknown
Unkown,6000000.0,950,3,3,Ambernath West,Beyond Thane,19.2107415190685,73.1908213734783,Semi-Furnished,Apartment,0,0,2,Resale,Ready to Move,"1 Covered, 1 Open",Unknown
Poddar Evergreens,1800000.0,,,,Badlapur East,Beyond Thane,19.1639249,73.2459247,Semi-Furnished,Commercial Shop,0,12,6,Resale,Ready to Move,,Poddar Housing
Nisarg Greens,9000000.0,1098,2,2,Ambernath East,Beyond Thane,19.2075883274914,73.1854898657514,Semi-Furnished,Apartment,0,11,1,Resale,Ready to Move,,Nisarg Group 
Nisarg Greens,3625000.0,526,1,2,Ambernath East,Beyond Thane,19.2075883274914,73.1854898657514,Semi-Furnished,Apartment,0,11,1,Resale,Ready to Move,,Nisarg Group 
Nisarg Greens,4400000.0,529,1,2,Ambernath East,Beyond Thane,19.2075883274914,73.1854898657514,Unfurnished,Apartment,0,11,1,Resale,Ready to Move,,Nisarg Group 
Nisarg Greens,4200000.0,526,1,2,Ambernath East,Beyond Thane,19.2075883274914,73.1854898657514,Unfurnished,Apartment,0,11,1,Resale,Ready to Move,,Nisarg Group 
Satyam Elegenza,4000000.0,590,2,2,Ambernath,Beyond Thane,19.1986487504664,73.2004913077756,Furnished,Apartment,0,25,6,Resale,Ready to Move,,Satyam Group
Pranjee Garden City,4500000.0,677,2,2,Badlapur East,Beyond Thane,19.1639249,73.2459247,Unfurnished,Apartment,0,29,6,Resale,Ready to Move,,Pranjee Properties Pvt. Ltd.
Shubham Apartment,2800000.0,374,1,2,Dombivli East,Beyond Thane,19.2049111648702,73.1069201060438,Unfurnished,Apartment,0,8,5,Resale,Ready to Move,,Bajrang Infrastructure
Mohan Suburbia,6000000.0,1000,2,2,Ambernath,Beyond Thane,19.1986487504664,73.2004913077756,Semi-Furnished,Apartment,0,32,6,Resale,Ready to Move,1 Covered,Mohan Group
Lodha Palava Lakeshore Greens,3500000.0,,1,1,Dombivli,Beyond Thane,19.2094006,73.0939483,Semi-Furnished,Apartment,0,24,8,Resale,Ready to Move,,Lodha Developers Limited
Unkown,3220000.0,420,1,1,Padgha,Beyond Thane,19.3662582552053,73.1774825106993,Unfurnished,Apartment,0,0,0,Resale,,,Unknown
Lodha Panacea,4500000.0,446,1,2,Dombivli East,Beyond Thane,19.2049111648702,73.1069201060438,Unfurnished,Apartment,0,43,5,Resale,Ready to Move,,Lodha Developers Limited
Mahindra Happinest Kalyan,7000000.0,,,,Kalyan,Beyond Thane,19.2449413625186,73.1331398884041,Unfurnished,Commercial Shop,0,0,8,Resale,Ready to Move,1 Covered,Mahindra Lifespace Developers Ltd.
Galaxy Residences,6400000.0,825,2,3,Kalyan,Beyond Thane,19.2449413625186,73.1331398884041,Unfurnished,Builder Floor Apartment,0,22,8,Resale,Ready to Move,,Bhakti Realtors
Unkown,6000000.0,555,2,2,,Beyond Thane,,,Unfurnished,Apartment,0,0,0,Resale,Ready to Move,,Unknown
Rapid Residency II,2850000.0,850,2,2,Neral,Beyond Thane,19.0248210057881,73.3169473654086,Semi-Furnished,Apartment,0,16,0,Resale,Ready to Move,1 Covered,Atlas Housing
Mohan Srishti,9500000.0,,2,3,Kalyan East,Beyond Thane,19.2280216158659,73.1334807284888,Semi-Furnished,Apartment,0,18,2,Resale,Ready to Move,,Mohan Group
Unkown,2950000.0,481,1,1,Pale Gaon,Beyond Thane,19.1859403932088,73.1739341442538,Unfurnished,Apartment,0,0,1,Resale,,,Unknown
Unkown,1320000.0,,1,1,Neral,Beyond Thane,19.0248210057881,73.3169473654086,Unfurnished,Apartment,0,0,0,Resale,Ready to Move,,Unknown
Unkown,3150000.0,,1,1,Katemanivali,Beyond Thane,19.2252311803232,73.1453759439391,Semi-Furnished,Apartment,0,0,0,Resale,,,Unknown
Skybound Arzoo Greens ,4200000.0,,1,1,Bhadwad,Beyond Thane,19.28300429,73.08272612,Unfurnished,Apartment,0,17,0,Resale,,,Skybound Heights India PVT LTD
Lodha Palava Lakeshore Greens,6200000.0,734,2,2,Dombivli,Beyond Thane,19.2094006,73.0939483,Semi-Furnished,Apartment,0,24,8,Resale,Ready to Move,,Lodha Developers Limited
Godrej Nirvaan,9848352.0,,2,2,Kalyan West,Beyond Thane,19.2442606681675,73.123906730695,Unfurnished,Apartment,0,45,5,Resale,,,Godrej Properties
Fountain Plaza,4000000.0,850,2,2,Dombivli East,Beyond Thane,19.2049111648702,73.1069201060438,Semi-Furnished,Residential House,0,8,5,Resale,Ready to Move,1 Open,Fine Group Builders And  Developers
Unkown,30000000.0,,,,Bhiwandi,Beyond Thane,19.2937911767008,73.0653582109139,,Industrial Land,0,0,6,Resale,,,Unknown
Unkown,900000.0,,,,Murbad,Beyond Thane,19.2663415745285,73.3933927481555,,Residential Plot,0,0,3,Resale,,,Unknown
Unkown,4000000.0,,2,2,Ulhasnagar,Beyond Thane,19.2253646109387,73.1645678200285,Semi-Furnished,Apartment,0,0,7,Resale,Ready to Move,1 Covered,Unknown
Unkown,2750000.0,220,,,Bhiwandi,Beyond Thane,19.2937911767008,73.0653582109139,Unfurnished,Commercial Shop,0,0,6,Resale,Ready to Move,,Unknown
Shanti Niketan,6500000.0,396,1,1,Dombivli East,Beyond Thane,19.2049111648702,73.1069201060438,Semi-Furnished,Apartment,0,11,5,Resale,Ready to Move,,Anmol Associate
Amber Enclave,8080000.0,871,2,2,Thakurli,Beyond Thane,19.2252747701219,73.1000690723917,Unfurnished,Apartment,0,19,1,Resale,Ready to Move,,AMBER GROUP
Prathmesh Niwas,5000000.0,504,1,1,Thakurli,Beyond Thane,19.2252747701219,73.1000690723917,Furnished,Apartment,0,15,1,Resale,Ready to Move,,Happy Home Group Builders
Wadhwa Meadows,7500000.0,800,2,2,Kalyan,Beyond Thane,19.2449413625186,73.1331398884041,Unfurnished,Apartment,0,13,8,Resale,Ready to Move,,The Wadhwa Group
Unkown,3500000.0,450,1,1,,Beyond Thane,,,Semi-Furnished,Apartment,0,0,0,Resale,Ready to Move,,Unknown
Unkown,5200000.0,,,,Khardi,Beyond Thane,19.58376,73.39068,,Residential Plot,0,0,0,Resale,,,Unknown
Mukul Plams,3800000.0,,2,2,Ambernath,Beyond Thane,19.1986487504664,73.2004913077756,Unfurnished,Apartment,0,5,6,New Property,Ready to Move,,Mukul Developers
Unkown,7500000.0,725,2,2,Dombivli East,Beyond Thane,19.2049111648702,73.1069201060438,Semi-Furnished,Apartment,0,17,5,Resale,Ready to Move,,Unknown
Runwal MyCity,5800000.0,,2,2,Dombivli,Beyond Thane,19.2094006,73.0939483,Unfurnished,Apartment,0,5,8,Resale,Ready to Move,,Runwal Group
Unkown,8000000.0,,2,2,Kasheli,Beyond Thane,19.2301651,73.0171568,Furnished,Apartment,0,0,2,Resale,Ready to Move,,Unknown
Unkown,12500000.0,,3,3,Karjat,Beyond Thane,18.9112989,73.328189,Unfurnished,Villa,0,0,2,Resale,Ready to Move,3 Open,Unknown
Jagdish Patil Jai Mata Di Complex,5800000.0,,2,2,Bhiwandi,Beyond Thane,19.2937911767008,73.0653582109139,Semi-Furnished,Apartment,0,0,6,Resale,Ready to Move,,Unknown
Unkown,700000.0,10,2,2,Bhiwandi,Beyond Thane,19.2937911767008,73.0653582109139,Furnished,Residential House,0,0,6,Resale,Ready to Move,,Unknown
Tata Amantra,7000000.0,,2,2,Kalyan,Beyond Thane,19.2449413625186,73.1331398884041,Furnished,Apartment,0,20,8,Resale,Ready to Move,,TATA Housing Development Company Ltd.
Vador Ira Insignia,5742888.0,548,1,1,Dombivli East,Beyond Thane,19.2049111648702,73.1069201060438,Unfurnished,Apartment,0,5,5,Resale,Under Construction,,VADOR GROUP
Unkown,5500000.0,750,3,2,Katemanivali,Beyond Thane,19.2252311803232,73.1453759439391,Unfurnished,Apartment,0,0,0,Resale,Ready to Move,,Unknown
Lodha Casa Rio,4800000.0,,1,1,Dombivli,Beyond Thane,19.2094006,73.0939483,Unfurnished,Apartment,0,33,8,Resale,Ready to Move,1 Open,Lodha Developers Limited
Unkown,1600000.0,330,1,1,Kalyan East,Beyond Thane,19.2280216158659,73.1334807284888,Unfurnished,Apartment,0,0,2,New Property,Ready to Move,,Unknown
Unkown,2000000.0,,1,1,Badlapur West,Beyond Thane,19.1760975692482,73.2401614495576,Furnished,Builder Floor Apartment,0,0,0,Resale,Ready to Move,1 Covered,Unknown
Madhukar Galaxy ,2800000.0,365,1,1,Dombivli East,Beyond Thane,19.2049111648702,73.1069201060438,Semi-Furnished,Apartment,0,19,5,Resale,Ready to Move,,RR Enterprise
Unkown,9000000.0,,2,2,Dombivli West,Beyond Thane,19.2174682509913,73.0750339345098,Furnished,Apartment,0,0,2,Resale,Ready to Move,,Unknown
Bhav Residency,3200000.0,,1,2,Kasheli,Beyond Thane,19.2301651,73.0171568,Furnished,Apartment,0,4,2,Resale,Ready to Move,"1 Covered, 1 Open",Ramdev Developers
Shree Chamunda Garden,7000000.0,518,2,2,Dombivli East,Beyond Thane,19.2049111648702,73.1069201060438,Unfurnished,Apartment,0,23,5,Resale,Ready to Move,,Shree Chamunda Enterprises
Ajmera Opal,6500000.0,,2,2,Kalyan West,Beyond Thane,19.2442606681675,73.123906730695,Semi-Furnished,Apartment,0,19,5,Resale,Ready to Move,,Ajmera Realty & Infra India Ltd.
Palava Downtown,4550000.0,,1,1,Dombivli,Beyond Thane,19.2094006,73.0939483,Unfurnished,Apartment,0,37,8,Resale,Ready to Move,,Palava Downtown
JP Regency,2500000.0,,1,1,Ambernath East,Beyond Thane,19.2075883274914,73.1854898657514,Unfurnished,Apartment,0,10,1,Resale,Ready to Move,,JP Developers
Lodha Casa Rio Gold,4600000.0,,2,2,Dombivli East,Beyond Thane,19.2049111648702,73.1069201060438,Semi-Furnished,Apartment,0,26,5,Resale,Ready to Move,,Lodha Developers Limited
Unkown,6000000.0,,,,Neral,Beyond Thane,19.0248210057881,73.3169473654086,,Residential Plot,0,0,0,Resale,,,Unknown
Royal Flora,2700000.0,500,1,1,Ambernath,Beyond Thane,19.1986487504664,73.2004913077756,Unfurnished,Apartment,0,12,6,Resale,Ready to Move,,Royal Galaxy Developers
La Promenade,3200000.0,,2,2,Ambivli,Beyond Thane,19.265744998267,73.1731540259384,Unfurnished,Apartment,0,24,4,Resale,Ready to Move,,Axis Spaces Pvt. Ltd.
Unkown,1850000.0,,1,1,Asangaon,Beyond Thane,19.4390197,73.3030715,Unfurnished,Apartment,0,0,2,Resale,Ready to Move,,Unknown
Vishwajeet Edge,2800000.0,,1,1,Ambernath East,Beyond Thane,19.2075883274914,73.1854898657514,Unfurnished,Apartment,0,25,1,Resale,Ready to Move,,GBK Group
Unkown,8100000.0,655,2,2,Dombivli West,Beyond Thane,19.2174682509913,73.0750339345098,Unfurnished,Apartment,0,0,2,Resale,Ready to Move,1 Covered,Unknown
Casa Adriana,8000000.0,600,2,2,Dombivli East,Beyond Thane,19.2049111648702,73.1069201060438,Furnished,Apartment,0,0,5,Resale,Ready to Move,,Unknown
Sarvodaya Ashish,8500000.0,,2,2,Thakurli,Beyond Thane,19.2252747701219,73.1000690723917,Semi-Furnished,Apartment,0,11,1,Resale,Ready to Move,,Sarvodaya Developer
Ishwar Apartment,3301000.0,700,2,2,Ulhasnagar,Beyond Thane,19.2253646109387,73.1645678200285,Semi-Furnished,Apartment,0,0,7,Resale,Ready to Move,,Unknown
Lodha Elite,5600000.0,,2,2,Dombivli East,Beyond Thane,19.2049111648702,73.1069201060438,Furnished,Apartment,0,28,5,Resale,Ready to Move,,Lodha Developers Limited
Mohan Suburbia,7000000.0,,3,2,Ambernath,Beyond Thane,19.1986487504664,73.2004913077756,Semi-Furnished,Apartment,0,32,6,Resale,Ready to Move,,Mohan Group
Unkown,1800000.0,,1,1,Ambernath East,Beyond Thane,19.2075883274914,73.1854898657514,Semi-Furnished,Residential House,0,0,1,Resale,Ready to Move,,Unknown
Konark Meadows,9500000.0,,3,3,Ulhasnagar,Beyond Thane,19.2253646109387,73.1645678200285,Furnished,Apartment,0,6,7,Resale,Ready to Move,,Atlanta Landmark
Unkown,1600000.0,,,,Karjat Murbad Road,Beyond Thane,19.2020729139811,73.431654521508,,Residential Plot,0,0,0,Resale,,,Unknown
Ansals Suvarna Vilas,10000000.0,2600,3,4,Shahapur,Beyond Thane,19.453550664726,73.3247044251021,Semi-Furnished,Farm House,0,6,2,Resale,Ready to Move,,Unknown
Unkown,1250000.0,,1,2,Khoni Pagadyacha Pada Road,Beyond Thane,19.16613981,73.12150312,Unfurnished,Residential House,0,0,0,Resale,Ready to Move,,Unknown
Mayfair Aasaan,2000000.0,398,1,1,Asangaon,Beyond Thane,19.4390197,73.3030715,Unfurnished,Apartment,0,1,2,Resale,Ready to Move,,Mayfair Housing
Fountain Plaza,2500000.0,550,1,2,Dombivli East,Beyond Thane,19.2049111648702,73.1069201060438,Unfurnished,Apartment,0,8,5,Resale,Ready to Move,,Fine Group Builders And  Developers
Royal Plaza,1700000.0,550,1,2,Neral,Beyond Thane,19.0248210057881,73.3169473654086,Furnished,Apartment,0,12,0,Resale,Ready to Move,,Shree Sai Swastik Developers
Unkown,5500000.0,,2,2,Dombivli East,Beyond Thane,19.2049111648702,73.1069201060438,Unfurnished,Apartment,0,0,5,Resale,Ready to Move,,Unknown
Meera Vatika,5000000.0,657,2,2,Ambernath,Beyond Thane,19.1986487504664,73.2004913077756,Furnished,Apartment,0,17,6,Resale,Ready to Move,,Saraswati Infra Homes Pvt. Ltd.
Unkown,4300000.0,440,1,1,,Beyond Thane,,,Unfurnished,Apartment,0,0,0,Resale,Under Construction,,Unknown
Panvelkar Estate Stanford,3000000.0,,1,1,Badlapur East,Beyond Thane,19.1639249,73.2459247,Semi-Furnished,Apartment,0,0,6,Resale,Ready to Move,,Panvelkar Group
Labdhi Gardens,2500000.0,27,1,1,Neral,Beyond Thane,19.0248210057881,73.3169473654086,Semi-Furnished,Apartment,0,28,0,Resale,Ready to Move,,Labdhi Lifestyles Ltd.
Greenland Meraki,7400000.0,,2,3,Karjat,Beyond Thane,18.9112989,73.328189,Furnished,Villa,0,6,2,Resale,Ready to Move,,Greenland Farm
Ornate Kallisto Phase II,7500000.0,768,2,2,Bhiwandi,Beyond Thane,19.2937911767008,73.0653582109139,Semi-Furnished,Apartment,0,10,6,Resale,Ready to Move,,ORNATE DAHISAR DEVELOPERS
Regency Sarvam,5500000.0,742,2,2,Titwala,Beyond Thane,19.295217297811,73.2124239025258,Unfurnished,Apartment,0,21,4,Resale,Ready to Move,,Regency Group
Unkown,3500000.0,,3,2,Ulhasnagar,Beyond Thane,19.2253646109387,73.1645678200285,Unfurnished,Apartment,0,0,7,Resale,Ready to Move,,Unknown
Lodha Casa Rio Gold,3500000.0,495,1,1,Palava City,Beyond Thane,19.1680134933867,73.0730851842052,Semi-Furnished,Apartment,0,10,6,Resale,Ready to Move,,Lodha Developers Limited
Geecee The Mist,2650000.0,425,1,2,Karjat,Beyond Thane,18.9112989,73.328189,Semi-Furnished,Apartment,0,10,2,Resale,Ready to Move,,Geecee Ventures Ltd.
Unkown,3200000.0,280,1,1,Dombivli,Beyond Thane,19.2094006,73.0939483,Semi-Furnished,Residential House,0,0,8,Resale,Ready to Move,1 Covered,Unknown
Unkown,6500000.0,,2,2,Ulhasnagar,Beyond Thane,19.2253646109387,73.1645678200285,Unfurnished,Residential House,0,0,7,Resale,Ready to Move,,Unknown
Unkown,5500000.0,,2,2,Dombivli East,Beyond Thane,19.2049111648702,73.1069201060438,Semi-Furnished,Apartment,0,0,5,Resale,Ready to Move,,Unknown
Raj Tulsi City,2400000.0,,1,1,Badlapur,Beyond Thane,19.1639249,73.2459247,Unfurnished,Apartment,0,14,8,Resale,Ready to Move,,Raj Group
Unkown,2800000.0,,1,1,Dombivli East,Beyond Thane,19.2049111648702,73.1069201060438,Semi-Furnished,Apartment,0,0,5,Resale,Ready to Move,,Unknown
Xrbia Warai,2000000.0,,1,1,Neral,Beyond Thane,19.0248210057881,73.3169473654086,Unfurnished,Apartment,0,34,0,Resale,Ready to Move,,XRBIA Developers
Panvelkar Sankul NX,2600000.0,522,2,2,Badlapur,Beyond Thane,19.1639249,73.2459247,Semi-Furnished,Apartment,0,16,8,Resale,Ready to Move,,Panvelkar Group
Panvelkar Sankul NX,2000000.0,396,1,1,Badlapur,Beyond Thane,19.1639249,73.2459247,Unfurnished,Apartment,0,16,8,Resale,Ready to Move,,Panvelkar Group
Kuber Samruddhi,4000000.0,418,1,1,Dombivli West,Beyond Thane,19.2174682509913,73.0750339345098,Unfurnished,Apartment,0,9,2,Resale,Ready to Move,,Kuber Group
Kuber Samruddhi,4300000.0,389,1,1,Dombivli West,Beyond Thane,19.2174682509913,73.0750339345098,Semi-Furnished,Apartment,0,9,2,Resale,Ready to Move,,Kuber Group
Motiram Pleasure,1850000.0,450,1,1,Badlapur,Beyond Thane,19.1639249,73.2459247,Semi-Furnished,Apartment,0,9,8,Resale,Ready to Move,,Motiram Dalal Group
Virat Residency,3200000.0,464,1,1,Kalyan West,Beyond Thane,19.2442606681675,73.123906730695,Unfurnished,Apartment,0,18,5,Resale,Ready to Move,,Virat Group
Virat Residency,4400000.0,576,2,2,Kalyan West,Beyond Thane,19.2442606681675,73.123906730695,Semi-Furnished,Apartment,0,18,5,Resale,Ready to Move,,Virat Group
Sanghvi Paradise,2500000.0,605,2,2,Asangaon,Beyond Thane,19.4390197,73.3030715,Unfurnished,Apartment,0,29,2,Resale,Ready to Move,,Sanghvi Group
Sanghvi Paradise,2400000.0,504,1,1,Asangaon,Beyond Thane,19.4390197,73.3030715,Semi-Furnished,Apartment,0,29,2,Resale,Ready to Move,,Sanghvi Group
Runwal MyCity,7250000.0,738,3,2,Dombivli,Beyond Thane,19.2094006,73.0939483,Unfurnished,Apartment,0,5,8,Resale,Ready to Move,,Runwal Group
Runwal MyCity,7500000.0,796,3,2,Dombivli,Beyond Thane,19.2094006,73.0939483,Unfurnished,Apartment,0,5,8,Resale,Ready to Move,,Runwal Group
Runwal MyCity,8500000.0,796,3,2,Dombivli East,Beyond Thane,19.2049111648702,73.1069201060438,Unfurnished,Apartment,0,5,5,Resale,Ready to Move,,Runwal Group
Runwal MyCity,4000000.0,446,1,1,Dombivli,Beyond Thane,19.2094006,73.0939483,Semi-Furnished,Apartment,0,5,8,Resale,Ready to Move,,Runwal Group
Runwal MyCity,4500000.0,306,1,2,Dombivli,Beyond Thane,19.2094006,73.0939483,Unfurnished,Apartment,0,5,8,Resale,Ready to Move,,Runwal Group
Runwal MyCity,4000000.0,464,1,2,Dombivli East,Beyond Thane,19.2049111648702,73.1069201060438,Unfurnished,Apartment,0,5,5,Resale,Ready to Move,,Runwal Group
Sai Sharnam,7000000.0,684,2,2,Kalyan West,Beyond Thane,19.2442606681675,73.123906730695,Semi-Furnished,Apartment,0,17,5,Resale,Ready to Move,,OSSK CORP
Marathon Nextown,4293000.0,498,1,2,Dombivli East,Beyond Thane,19.2049111648702,73.1069201060438,Unfurnished,Apartment,0,5,5,Resale,Ready to Move,,Marathon Realty Pvt. Ltd.
Marathon Nextown,3800000.0,317,1,1,Dombivli East,Beyond Thane,19.2049111648702,73.1069201060438,Unfurnished,Apartment,0,5,5,Resale,Ready to Move,,Marathon Realty Pvt. Ltd.
Neelsidhi Balaji Garden,11500000.0,900,3,3,Dombivli East,Beyond Thane,19.2049111648702,73.1069201060438,Furnished,Apartment,0,13,5,Resale,Ready to Move,,Neelsidhi Group
Madhav Shristi,6000000.0,626,2,2,Kalyan West,Beyond Thane,19.2442606681675,73.123906730695,Semi-Furnished,Apartment,0,16,5,Resale,Ready to Move,,Madhav Constructions
Jaydeep Tower,2250000.0,493,1,1,Ambernath East,Beyond Thane,19.2075883274914,73.1854898657514,Unfurnished,Apartment,0,11,1,Resale,Ready to Move,,Siddharth Constructions
Pathak Residency,3700000.0,706,2,2,Badlapur East,Beyond Thane,19.1639249,73.2459247,Furnished,Apartment,0,13,6,Resale,Ready to Move,,Shri Shaneshwar Construction
Shree Chamunda Garden,4000000.0,484,1,1,Dombivli East,Beyond Thane,19.2049111648702,73.1069201060438,Unfurnished,Apartment,0,23,5,Resale,Ready to Move,,Shree Chamunda Enterprises
Shree Chamunda Garden,4500000.0,484,1,1,Dombivli East,Beyond Thane,19.2049111648702,73.1069201060438,Unfurnished,Apartment,0,23,5,Resale,Ready to Move,,Shree Chamunda Enterprises
Shree Chamunda Garden,4500000.0,356,1,1,Dombivli East,Beyond Thane,19.2049111648702,73.1069201060438,Semi-Furnished,Apartment,0,23,5,Resale,Ready to Move,,Shree Chamunda Enterprises
Shree Chamunda Garden,5000000.0,494,1,1,Dombivli East,Beyond Thane,19.2049111648702,73.1069201060438,Furnished,Apartment,0,23,5,Resale,Ready to Move,,Shree Chamunda Enterprises
Shree Chamunda Garden,4300000.0,364,1,1,Dombivli East,Beyond Thane,19.2049111648702,73.1069201060438,Unfurnished,Apartment,0,23,5,Resale,Ready to Move,,Shree Chamunda Enterprises
Shahpur ShubhVastu ,1650000.0,428,1,1,Vasind,Beyond Thane,19.4059529362434,73.2634315742197,Semi-Furnished,Apartment,0,16,2,Resale,Ready to Move,,Shahpur Infrastructure
Meera Vatika,7000000.0,698,2,2,Ambernath,Beyond Thane,19.1986487504664,73.2004913077756,Furnished,Apartment,0,17,6,Resale,Ready to Move,,Saraswati Infra Homes Pvt. Ltd.
Squarefeet Orchid Square,2050000.0,439,1,1,Ambernath,Beyond Thane,19.1986487504664,73.2004913077756,Unfurnished,Apartment,0,14,6,Resale,Ready to Move,,Squarefeet Group
Unkown,1800000.0,443,1,2,Karjat,Beyond Thane,18.9112989,73.328189,Semi-Furnished,Apartment,0,0,2,Resale,Ready to Move,,Unknown
Unkown,3000000.0,605,2,2,Karjat,Beyond Thane,18.9112989,73.328189,Unfurnished,Apartment,0,0,2,Resale,Ready to Move,,Unknown
Unkown,3200000.0,569,2,2,Karjat,Beyond Thane,18.9112989,73.328189,Unfurnished,Apartment,0,0,2,Resale,Ready to Move,,Unknown
Lodha Thane Woodlands C And D,7600000.0,665,2,2,Bhiwandi,Beyond Thane,19.2937911767008,73.0653582109139,Semi-Furnished,Apartment,0,18,6,Resale,Ready to Move,,Lodha Group
Mohan Highlands,9500000.0,,3,3,Badlapur,Beyond Thane,19.1639249,73.2459247,Unfurnished,Apartment,0,26,8,Resale,Ready to Move,50 Open,Mohan Group
Unkown,4260000.0,560,2,2,Ram Nagar Dombivli East,Beyond Thane,19.215646396774,73.0865415651692,Furnished,Apartment,0,0,0,Resale,,,Unknown
Unkown,5310000.0,413,,1,Ram Nagar Dombivli East,Beyond Thane,19.215646396774,73.0865415651692,Furnished,Commercial Office Space,0,0,0,Resale,,,Unknown
Unkown,2600000.0,450,1,1,Ulhasnagar,Beyond Thane,19.2253646109387,73.1645678200285,Unfurnished,Apartment,0,0,7,Resale,Ready to Move,,Unknown
Balaji Aangan,5400000.0,475,1,1,Thakurli,Beyond Thane,19.2252747701219,73.1000690723917,Semi-Furnished,Apartment,0,16,1,Resale,Ready to Move,,SS Life Spaces
Balaji Aangan,5200000.0,475,1,1,Thakurli,Beyond Thane,19.2252747701219,73.1000690723917,Unfurnished,Apartment,0,16,1,Resale,Ready to Move,,SS Life Spaces
Anmol Gardens,3700000.0,396,1,1,Kalyan East,Beyond Thane,19.2280216158659,73.1334807284888,Semi-Furnished,Apartment,0,6,2,Resale,Ready to Move,,Laxmi Housing Builders and Developers
Shankheshwar Nagar,6400000.0,619,2,2,Dombivli East,Beyond Thane,19.2049111648702,73.1069201060438,Unfurnished,Apartment,0,8,5,Resale,Ready to Move,,Sanghvi S3 Group
Unkown,10000000.0,980,2,2,Shastri Nagar Dombivli West,Beyond Thane,19.21918822,73.08240476,Unfurnished,Apartment,0,0,0,Resale,Ready to Move,,Unknown
Maruti Vihar NX,3000000.0,374,1,1,Kalyan West,Beyond Thane,19.2442606681675,73.123906730695,Semi-Furnished,Apartment,0,22,5,Resale,Ready to Move,,Aashray Developer
Lodha Lakeshore Greens,6000000.0,426,2,2,Palava City,Beyond Thane,19.1680134933867,73.0730851842052,Unfurnished,Apartment,0,21,6,Resale,Ready to Move,,Lodha Developers Limited
Lodha Lakeshore Greens,6500000.0,540,2,2,Palava City,Beyond Thane,19.1680134933867,73.0730851842052,Unfurnished,Apartment,0,21,6,Resale,Ready to Move,,Lodha Developers Limited
Lodha Lakeshore Greens,4500000.0,504,1,1,Palava City,Beyond Thane,19.1680134933867,73.0730851842052,Semi-Furnished,Apartment,0,21,6,Resale,Ready to Move,,Lodha Developers Limited
Lodha Lakeshore Greens,6000000.0,648,2,2,Palava City,Beyond Thane,19.1680134933867,73.0730851842052,Unfurnished,Apartment,0,21,6,Resale,Ready to Move,,Lodha Developers Limited
Lodha Lakeshore Greens,3800000.0,504,1,1,Palava City,Beyond Thane,19.1680134933867,73.0730851842052,Unfurnished,Apartment,0,21,6,Resale,Ready to Move,,Lodha Developers Limited
Lodha Lakeshore Greens,7000000.0,816,2,2,Palava City,Beyond Thane,19.1680134933867,73.0730851842052,Semi-Furnished,Apartment,0,21,6,Resale,Ready to Move,,Lodha Developers Limited
Lodha Lakeshore Greens,7500000.0,525,1,2,Palava City,Beyond Thane,19.1680134933867,73.0730851842052,Semi-Furnished,Apartment,0,21,6,Resale,Ready to Move,,Lodha Developers Limited
Lodha Lakeshore Greens,5000000.0,490,2,2,Palava City,Beyond Thane,19.1680134933867,73.0730851842052,Semi-Furnished,Apartment,0,21,6,Resale,Ready to Move,,Lodha Developers Limited
Lodha Lakeshore Greens,7000000.0,864,2,2,Palava City,Beyond Thane,19.1680134933867,73.0730851842052,Furnished,Apartment,0,21,6,Resale,Ready to Move,,Lodha Developers Limited
Lodha Lakeshore Greens,8500000.0,946,3,3,Palava City,Beyond Thane,19.1680134933867,73.0730851842052,Unfurnished,Apartment,0,21,6,Resale,Ready to Move,,Lodha Developers Limited
Lodha Lakeshore Greens,6300000.0,528,2,2,Palava City,Beyond Thane,19.1680134933867,73.0730851842052,Semi-Furnished,Apartment,0,21,6,Resale,Ready to Move,,Lodha Developers Limited
Vrundavan,2700000.0,310,1,1,Kalyan West,Beyond Thane,19.2442606681675,73.123906730695,Unfurnished,Apartment,0,23,5,Resale,Ready to Move,,Shree Vasturachna Developers
VBHC Vaibhav Vasind Hills,3000000.0,634,2,2,Vasind,Beyond Thane,19.4059529362434,73.2634315742197,Unfurnished,Apartment,0,7,2,Resale,Ready to Move,,VBHC
VBHC Vaibhav Vasind Hills,2500000.0,596,2,2,Vasind,Beyond Thane,19.4059529362434,73.2634315742197,Semi-Furnished,Apartment,0,7,2,Resale,Ready to Move,,VBHC
Siddharth Riverwood Park,3500000.0,396,1,1,Dombivli East,Beyond Thane,19.2049111648702,73.1069201060438,Unfurnished,Apartment,0,50,5,Resale,Ready to Move,,Siddharth Group
Siddharth Riverwood Park,6600000.0,457,2,2,Dombivli East,Beyond Thane,19.2049111648702,73.1069201060438,Semi-Furnished,Apartment,0,50,5,Resale,Ready to Move,,Siddharth Group
Sai Moreshwar,2000000.0,461,1,2,Neral,Beyond Thane,19.0248210057881,73.3169473654086,Unfurnished,Apartment,0,10,0,Resale,Ready to Move,,Space Land Developers
Runwal MyCity,4500000.0,464,1,2,Dombivli,Beyond Thane,19.2094006,73.0939483,Unfurnished,Apartment,0,5,8,Resale,Ready to Move,,Runwal Group
Panvelkar Sankul NX,1900000.0,331,1,1,Badlapur,Beyond Thane,19.1639249,73.2459247,Unfurnished,Apartment,0,16,8,Resale,Ready to Move,,Panvelkar Group
Panvelkar Sankul NX,2100000.0,410,1,1,Badlapur,Beyond Thane,19.1639249,73.2459247,Semi-Furnished,Apartment,0,16,8,Resale,Ready to Move,,Panvelkar Group
Neel Siddhi Balaji Garden,4400000.0,432,1,1,Dombivli,Beyond Thane,19.2094006,73.0939483,Unfurnished,Apartment,0,17,8,Resale,Ready to Move,,Neel Siddhi developers
Lodha Palava Casa Bella,3700000.0,421,1,1,Dombivli East,Beyond Thane,19.2049111648702,73.1069201060438,Semi-Furnished,Apartment,0,56,5,Resale,Ready to Move,,Lodha Developers Limited
Saisatyam Residency,4100000.0,483,1,1,Kalyan West,Beyond Thane,19.2442606681675,73.123906730695,Furnished,Apartment,0,12,5,Resale,Ready to Move,,Saisatyam Group
Sai Atlanta Eden World,2500000.0,457,1,1,Bhiwandi,Beyond Thane,19.2937911767008,73.0653582109139,Unfurnished,Apartment,0,21,6,Resale,Ready to Move,,Sai Balaji Developers
Atlanta Edenworld,2800000.0,457,1,1,Bhiwandi,Beyond Thane,19.2937911767008,73.0653582109139,Unfurnished,Apartment,0,32,6,Resale,Ready to Move,,Sai Balaji Developers
Atlanta Edenworld,2400000.0,457,1,2,Bhiwandi,Beyond Thane,19.2937911767008,73.0653582109139,Unfurnished,Apartment,0,32,6,Resale,Ready to Move,,Sai Balaji Developers
Manex Height,3900000.0,515,2,1,Dombivli East,Beyond Thane,19.2049111648702,73.1069201060438,Unfurnished,Apartment,0,0,5,Resale,Ready to Move,,Unknown
NX Dhruv Residency Pashane,3200000.0,491,2,2,Vangani,Beyond Thane,19.0925602606021,73.2971135741545,Unfurnished,Apartment,0,0,4,Resale,Ready to Move,,Unknown
Advance Legacy,3200000.0,274,1,1,Sonar Pada,Beyond Thane,19.1946777419263,73.1026729332756,Unfurnished,Apartment,0,9,1,Resale,Under Construction,,Advance Home Makers Private Limited 
Mahindra Happinest Kalyan,4300000.0,468,1,1,Kalyan,Beyond Thane,19.2449413625186,73.1331398884041,Unfurnished,Apartment,0,0,8,Resale,Under Construction,,Mahindra Lifespace Developers Ltd.
Pacific Radha,2700000.0,288,1,1,Dombivli East,Beyond Thane,19.2049111648702,73.1069201060438,Unfurnished,Apartment,0,4,5,Resale,Ready to Move,,Pacific Excellence
Sai Anand,5800000.0,569,1,1,Dombivli West,Beyond Thane,19.2174682509913,73.0750339345098,Semi-Furnished,Apartment,0,0,2,Resale,Ready to Move,,Unknown
Expert Elite Tower,4500000.0,523,1,1,Dombivli East,Beyond Thane,19.2049111648702,73.1069201060438,Unfurnished,Apartment,0,10,5,Resale,Ready to Move,,Expert Home Construction LLP
Patel Prayosha Pramukh Sadan,3400000.0,343,2,2,Ambernath,Beyond Thane,19.1986487504664,73.2004913077756,Unfurnished,Apartment,0,32,6,Resale,Ready to Move,,Patel RPL Realty
Shivkripa Residency,6850000.0,792,2,2,Dombivli East,Beyond Thane,19.2049111648702,73.1069201060438,Furnished,Apartment,0,20,5,Resale,Ready to Move,,Rohit Developers
prathamesh appartment kasheli,2300000.0,396,1,1,Kasheli,Beyond Thane,19.2301651,73.0171568,Semi-Furnished,Apartment,0,0,2,Resale,Ready to Move,,Unknown
Sanghvi Garden,5300000.0,533,2,2,Dombivli East,Beyond Thane,19.2049111648702,73.1069201060438,Semi-Furnished,Apartment,0,0,5,Resale,Ready to Move,,Sanghvi Premises
A Plus Golden Corner,2100000.0,324,1,1,Badlapur West,Beyond Thane,19.1760975692482,73.2401614495576,Unfurnished,Apartment,0,4,0,Resale,Ready to Move,,A Plus Group
Lodha Casa Bella City,7800000.0,632,3,2,Dombivli East,Beyond Thane,19.2049111648702,73.1069201060438,Unfurnished,Apartment,0,0,5,Resale,Ready to Move,,Lodha Developers Limited
Desai Sainath Heights,2700000.0,490,1,1,Ambernath East,Beyond Thane,19.2075883274914,73.1854898657514,Unfurnished,Apartment,0,0,1,Resale,Ready to Move,,Unknown
OM Swayambhu Balaji Recedency,6000000.0,479,1,1,Thakurli,Beyond Thane,19.2252747701219,73.1000690723917,Unfurnished,Apartment,0,10,1,Resale,Ready to Move,,OM Swayambhu Balaji Recedency
Lodha Casa Bella City,7400000.0,575,3,2,Dombivli East,Beyond Thane,19.2049111648702,73.1069201060438,Unfurnished,Apartment,0,0,5,Resale,Ready to Move,,Lodha Developers Limited
MOHAN VALLEY,2750000.0,454,1,1,Badlapur West,Beyond Thane,19.1760975692482,73.2401614495576,Furnished,Apartment,0,0,0,Resale,Ready to Move,,Mohan Group
Mohan Park CHS LTD Khadakpada,6000000.0,504,2,1,Kalyan West,Beyond Thane,19.2442606681675,73.123906730695,Unfurnished,Apartment,0,0,5,Resale,Ready to Move,,Mohan Group
Ganraj Heights,19990000.0,900,2,2,Titwala,Beyond Thane,19.295217297811,73.2124239025258,Furnished,Apartment,0,4,4,Resale,Ready to Move,,Vikas Real Estate Developers LLP
Casa Adriana,3400000.0,480,1,2,Dombivli East,Beyond Thane,19.2049111648702,73.1069201060438,Unfurnished,Apartment,0,0,5,Resale,Ready to Move,,Unknown
Tata Shubh Griha,2200000.0,216,1,1,Vasind,Beyond Thane,19.4059529362434,73.2634315742197,Unfurnished,Apartment,0,13,2,Resale,Ready to Move,,TATA Housing Development Company Ltd.
Tata Shubh Griha,1600000.0,352,1,1,Vasind,Beyond Thane,19.4059529362434,73.2634315742197,Unfurnished,Apartment,0,13,2,Resale,Ready to Move,,TATA Housing Development Company Ltd.
Tata Shubh Griha,2000000.0,352,1,1,Vasind,Beyond Thane,19.4059529362434,73.2634315742197,Semi-Furnished,Apartment,0,13,2,Resale,Ready to Move,,TATA Housing Development Company Ltd.
Ahuja Prasadam,4200000.0,792,2,2,Ambernath East,Beyond Thane,19.2075883274914,73.1854898657514,Unfurnished,Apartment,0,25,1,Resale,Ready to Move,,Ahuja Group
Ahuja Prasadam,2500000.0,522,1,2,Ambernath East,Beyond Thane,19.2075883274914,73.1854898657514,Semi-Furnished,Apartment,0,25,1,Resale,Ready to Move,,Ahuja Group
Krishn Vihar,6200000.0,940,2,2,Bhiwandi,Beyond Thane,19.2937911767008,73.0653582109139,Unfurnished,Apartment,0,7,6,Resale,Ready to Move,,SP Constructions
Panvelkar Green City,4500000.0,590,2,2,Ambernath,Beyond Thane,19.1986487504664,73.2004913077756,Unfurnished,Apartment,0,27,6,Resale,Ready to Move,,Panvelkar Group
Reliance Residency,4100000.0,691,2,2,Ambernath,Beyond Thane,19.1986487504664,73.2004913077756,Furnished,Apartment,0,18,6,Resale,Ready to Move,,Reliance Enterprises
Lodha Palava Lakeshore Greens,4200000.0,612,1,1,Dombivli,Beyond Thane,19.2094006,73.0939483,Semi-Furnished,Apartment,0,24,8,Resale,Ready to Move,,Lodha Developers Limited
Lodha Palava Lakeshore Greens,6000000.0,576,2,2,Dombivli,Beyond Thane,19.2094006,73.0939483,Unfurnished,Apartment,0,24,8,Resale,Ready to Move,,Lodha Developers Limited
Lodha Palava Lakeshore Greens,7200000.0,946,3,3,Dombivli,Beyond Thane,19.2094006,73.0939483,Unfurnished,Apartment,0,24,8,Resale,Ready to Move,,Lodha Developers Limited
Lodha Palava Lakeshore Greens,7000000.0,667,2,2,Dombivli,Beyond Thane,19.2094006,73.0939483,Semi-Furnished,Apartment,0,24,8,Resale,Ready to Move,,Lodha Developers Limited
Lodha Palava Lakeshore Greens,3999999.0,525,1,1,Dombivli,Beyond Thane,19.2094006,73.0939483,Unfurnished,Apartment,0,24,8,Resale,Ready to Move,,Lodha Developers Limited
Lodha Palava Lakeshore Greens,7000000.0,706,2,2,Dombivli,Beyond Thane,19.2094006,73.0939483,Furnished,Apartment,0,24,8,Resale,Ready to Move,,Lodha Developers Limited
Lodha Palava Lakeshore Greens,4200000.0,557,1,1,Dombivli,Beyond Thane,19.2094006,73.0939483,Semi-Furnished,Apartment,0,24,8,Resale,Ready to Move,,Lodha Developers Limited
Lodha Palava Lakeshore Greens,7000000.0,810,2,2,Dombivli,Beyond Thane,19.2094006,73.0939483,Unfurnished,Apartment,0,24,8,Resale,Ready to Move,,Lodha Developers Limited
Lodha Palava Lakeshore Greens,4000000.0,533,1,1,Dombivli West,Beyond Thane,19.2174682509913,73.0750339345098,Semi-Furnished,Apartment,0,24,2,Resale,Ready to Move,,Lodha Developers Limited
Lodha Palava Lakeshore Greens,5900000.0,720,2,2,Dombivli,Beyond Thane,19.2094006,73.0939483,Unfurnished,Apartment,0,24,8,Resale,Ready to Move,,Lodha Developers Limited
Lodha Palava Lakeshore Greens,4200000.0,526,1,1,Dombivli East,Beyond Thane,19.2049111648702,73.1069201060438,Unfurnished,Apartment,0,24,5,Resale,Ready to Move,,Lodha Developers Limited
Lodha Palava Lakeshore Greens,3550000.0,467,1,1,Dombivli,Beyond Thane,19.2094006,73.0939483,Unfurnished,Apartment,0,24,8,Resale,Ready to Move,,Lodha Developers Limited
Lodha Palava Lakeshore Greens,7200000.0,835,3,3,Dombivli,Beyond Thane,19.2094006,73.0939483,Unfurnished,Apartment,0,24,8,Resale,Ready to Move,,Lodha Developers Limited
Lodha Palava Lakeshore Greens,3800000.0,319,1,2,Dombivli,Beyond Thane,19.2094006,73.0939483,Unfurnished,Apartment,0,24,8,Resale,Ready to Move,,Lodha Developers Limited
Lodha Palava Lakeshore Greens,9000000.0,1006,3,2,Dombivli,Beyond Thane,19.2094006,73.0939483,Furnished,Apartment,0,24,8,Resale,Ready to Move,,Lodha Developers Limited
Lodha Palava,6500000.0,705,2,2,Dombivli,Beyond Thane,19.2094006,73.0939483,Semi-Furnished,Apartment,0,56,8,Resale,Ready to Move,,Lodha Developers Limited
Lodha Palava,4600000.0,529,2,2,Dombivli,Beyond Thane,19.2094006,73.0939483,Unfurnished,Apartment,0,56,8,Resale,Ready to Move,,Lodha Developers Limited
Lodha Palava,6500000.0,432,2,2,Dombivli,Beyond Thane,19.2094006,73.0939483,Unfurnished,Apartment,0,56,8,Resale,Ready to Move,,Lodha Developers Limited
Lodha Palava,4850000.0,538,2,2,Dombivli,Beyond Thane,19.2094006,73.0939483,Unfurnished,Apartment,0,56,8,Resale,Ready to Move,,Lodha Developers Limited
Lodha Palava,6000000.0,756,2,2,Dombivli,Beyond Thane,19.2094006,73.0939483,Unfurnished,Apartment,0,56,8,Resale,Ready to Move,,Lodha Developers Limited
Lodha Palava,6000000.0,705,2,2,Dombivli,Beyond Thane,19.2094006,73.0939483,Unfurnished,Apartment,0,56,8,Resale,Under Construction,,Lodha Developers Limited
Lodha Palava,7200000.0,705,2,2,Dombivli,Beyond Thane,19.2094006,73.0939483,Unfurnished,Apartment,0,56,8,Resale,Ready to Move,,Lodha Developers Limited
Regency Anantam,10475000.0,844,2,2,Sonar Pada,Beyond Thane,19.1946777419263,73.1026729332756,Unfurnished,Apartment,1,29,1,New Property,Under Construction,"1 Covered, 1 Open",Regency Group
Vrundavan,2400000.0,396,1,1,Kalyan West,Beyond Thane,19.2442606681675,73.123906730695,Unfurnished,Apartment,0,23,5,Resale,Ready to Move,,Shree Vasturachna Developers
Siddharth Riverwood Park,3000000.0,468,1,1,Dombivli East,Beyond Thane,19.2049111648702,73.1069201060438,Unfurnished,Apartment,0,50,5,Resale,Ready to Move,,Siddharth Group
Unkown,800000.0,876,2,2,Ulhasnagar,Beyond Thane,19.2253646109387,73.1645678200285,Unfurnished,Apartment,0,0,7,Resale,Under Construction,,Unknown
Raj Vaibhav Park,2350000.0,443,1,1,Titwala,Beyond Thane,19.295217297811,73.2124239025258,Unfurnished,Apartment,0,12,4,Resale,Ready to Move,,Samartha Enterprises
Shahpur ShubhVastu ,2000000.0,623,2,2,Vasind,Beyond Thane,19.4059529362434,73.2634315742197,Unfurnished,Apartment,0,16,2,Resale,Ready to Move,,Shahpur Infrastructure
Regency Sarvam,2850000.0,518,1,1,Titwala,Beyond Thane,19.295217297811,73.2124239025258,Semi-Furnished,Apartment,0,21,4,Resale,Ready to Move,,Regency Group
Ramai Shree Hari CHS,3375000.0,374,1,1,Dombivli West,Beyond Thane,19.2174682509913,73.0750339345098,Semi-Furnished,Apartment,0,0,2,Resale,Ready to Move,,Amar Groups of Companies
Space World,1417500.0,324,1,1,Neral,Beyond Thane,19.0248210057881,73.3169473654086,Unfurnished,Apartment,0,24,0,Resale,Under Construction,,Space India
Ameya Park,6200000.0,561,2,2,Kalyan East,Beyond Thane,19.2280216158659,73.1334807284888,Semi-Furnished,Apartment,0,4,2,Resale,Ready to Move,,J and G Developers
Saushilya,2000000.0,418,1,1,Neral,Beyond Thane,19.0248210057881,73.3169473654086,Unfurnished,Apartment,0,26,0,Resale,Ready to Move,,Silverleaf Saushilya
Mohan Suburbia,4500000.0,,2,2,Ambernath,Beyond Thane,19.1986487504664,73.2004913077756,Furnished,Apartment,0,32,6,Resale,Ready to Move,,Mohan Group
Amber Star,5200000.0,,1,1,Dombivli East,Beyond Thane,19.2049111648702,73.1069201060438,Unfurnished,Apartment,0,0,5,Resale,Ready to Move,,Amber Builders and Developer
Regency Sarvam,5000000.0,735,2,2,Titwala,Beyond Thane,19.295217297811,73.2124239025258,Unfurnished,Apartment,0,21,4,Resale,Ready to Move,1 Covered,Regency Group
Growmore Unimax Life,4141000.0,487,1,1,Dombivli East,Beyond Thane,19.2049111648702,73.1069201060438,Unfurnished,Apartment,1,12,5,New Property,Dec '29,,Growmore Lifespaces Llp
Unkown,1400000.0,,,,Neral,Beyond Thane,19.0248210057881,73.3169473654086,,Residential Plot,0,0,0,Resale,,,Unknown
Olympeo Riverside,3200000.0,504,2,2,Neral,Beyond Thane,19.0248210057881,73.3169473654086,Unfurnished,Apartment,0,14,0,New Property,Ready to Move,1 Open,Olympeo Infrastructure Pvt. Ltd.
Balaji Aangan,4500000.0,480,1,1,Thakurli,Beyond Thane,19.2252747701219,73.1000690723917,Semi-Furnished,Apartment,0,16,1,Resale,Ready to Move,1 Open,SS Life Spaces
Unkown,4000000.0,510,1,1,Dombivli East,Beyond Thane,19.2049111648702,73.1069201060438,Semi-Furnished,Apartment,0,0,5,New Property,Ready to Move,,Unknown
Unkown,5000000.0,780,2,2,Ambernath,Beyond Thane,19.1986487504664,73.2004913077756,Unfurnished,Apartment,0,0,6,Resale,Ready to Move,,Unknown
Davakhar Elegance,9200000.0,,2,2,Kalyan East,Beyond Thane,19.2280216158659,73.1334807284888,Semi-Furnished,Apartment,0,27,2,Resale,Ready to Move,,Davakhar Infrastructure Pvt. Ltd.
Unkown,4500000.0,,1,2,Kalyan East,Beyond Thane,19.2280216158659,73.1334807284888,Furnished,Apartment,0,0,2,Resale,Ready to Move,,Unknown
Omkar Heights,2100000.0,436,1,1,Titwala,Beyond Thane,19.295217297811,73.2124239025258,Semi-Furnished,Apartment,0,7,4,Resale,Ready to Move,,JP Infra
Aashapura Crown City,5200000.0,691,2,2,Kalyan West,Beyond Thane,19.2442606681675,73.123906730695,Unfurnished,Apartment,0,10,5,Resale,Ready to Move,,Aashapura Builders and Developers
Labdhi Gardens,2000000.0,486,1,2,Neral,Beyond Thane,19.0248210057881,73.3169473654086,Semi-Furnished,Apartment,0,28,0,Resale,Ready to Move,,Labdhi Lifestyles Ltd.
NX Dhruv Residency Pashane,1400000.0,23,1,1,Vangani,Beyond Thane,19.0925602606021,73.2971135741545,Unfurnished,Apartment,0,0,4,Resale,Ready to Move,,Unknown
Tata Amantra,3900000.0,667,2,2,Kalyan,Beyond Thane,19.2449413625186,73.1331398884041,Furnished,Apartment,0,20,8,Resale,Ready to Move,,TATA Housing Development Company Ltd.
Panvelkar Green City,4200000.0,684,2,2,Ambernath,Beyond Thane,19.1986487504664,73.2004913077756,Unfurnished,Apartment,0,27,6,Resale,Ready to Move,,Panvelkar Group
Regency Estate,7500000.0,864,2,2,Dombivli,Beyond Thane,19.2094006,73.0939483,Semi-Furnished,Apartment,0,24,8,Resale,Ready to Move,,Regency Group
Shahpur ShubhVastu ,2200000.0,623,2,2,Vasind,Beyond Thane,19.4059529362434,73.2634315742197,Semi-Furnished,Apartment,0,16,2,Resale,Ready to Move,,Shahpur Infrastructure
Happy Sarvoday 1,76443000.0,755,,1,Kalyan,Beyond Thane,19.2449413625186,73.1331398884041,Unfurnished,Commercial Office Space,0,6,8,New Property,Dec '28,,Happy Home Group
Lodha Opulis B,38000000.0,2498,4,4,Kole,Beyond Thane,19.22816159,73.36323194,Unfurnished,Apartment,0,10,0,New Property,May '30,,Lodha Developers Limited
Godrej Nirvaan,4949000.0,424,1,1,Kalyan West,Beyond Thane,19.2442606681675,73.123906730695,Unfurnished,Apartment,0,45,5,New Property,Under Construction,,Godrej Properties
Kalpataru Aria ,11400000.0,2280,,,Karjat,Beyond Thane,18.9112989,73.328189,Unfurnished,Residential Plot,0,23,2,New Property,,,Kalpataru Ltd.
Dosti Greater Thane,5954000.0,535,2,2,Bhiwandi,Beyond Thane,19.2937911767008,73.0653582109139,Unfurnished,Apartment,0,14,6,New Property,Jun '28,,Dosti Realty 
Tharwani Ariana,5017000.0,846,3,3,Ambernath West,Beyond Thane,19.2107415190685,73.1908213734783,Unfurnished,Apartment,0,20,2,New Property,Ready to Move,,Tharwani Realty
Kalpataru Aria ,49345000.0,9000,,,Karjat,Beyond Thane,18.9112989,73.328189,Unfurnished,Residential Plot,0,23,2,New Property,,,Kalpataru Ltd.
Dosti Greater Thane,4129000.0,371,1,1,Bhiwandi,Beyond Thane,19.2937911767008,73.0653582109139,Unfurnished,Apartment,0,14,6,New Property,Jun '28,,Dosti Realty 
Rustomjee Urban Woods,12399000.0,1124,3,3,Kalyan East,Beyond Thane,19.2280216158659,73.1334807284888,Unfurnished,Apartment,0,25,2,New Property,May '29,,Rustomjee
Growmore Unimax Life,3838000.0,446,1,1,Dombivli East,Beyond Thane,19.2049111648702,73.1069201060438,Unfurnished,Apartment,1,12,5,New Property,Dec '29,1 Covered,Growmore Lifespaces Llp
Runwal Garden City,7200000.0,568,3,3,Dombivli,Beyond Thane,19.2094006,73.0939483,Unfurnished,Apartment,1,43,8,New Property,Sep '27,,Runwal Enterprises
Sunteck Crescent Park,7200000.0,656,2,2,Kalyan,Beyond Thane,19.2449413625186,73.1331398884041,Unfurnished,Apartment,1,35,8,New Property,Dec '29,1 Covered,Sunteck Realty Ltd.
Rustomjee Urban Woods,6148800.0,585,2,2,Kalyan East,Beyond Thane,19.2280216158659,73.1334807284888,Unfurnished,Apartment,1,25,2,New Property,Under Construction,1 Covered,Rustomjee
Rustomjee Urban Woods,7499000.0,682,2,2,Dombivli East,Beyond Thane,19.2049111648702,73.1069201060438,Unfurnished,Apartment,1,25,5,New Property,May '29,1 Covered,Rustomjee
Lodha Codename Premier,8999999.0,759,3,2,Dombivli East,Beyond Thane,19.2049111648702,73.1069201060438,Unfurnished,Apartment,1,28,5,New Property,Under Construction,1 Covered,Lodha Developers Limited
Unkown,2600000.0,334,1,2,Titwala Goveli Road,Beyond Thane,19.28147176,73.23442666,Unfurnished,Apartment,0,0,0,New Property,Ready to Move,1 Open,Unknown
Unkown,5160000.0,516,1,1,Khadakpada,Beyond Thane,19.2626421381468,73.131209510184,Unfurnished,Apartment,0,0,1,New Property,Under Construction,1 Covered,Unknown
Unkown,24800000.0,1963,3,4,Bhiwandi,Beyond Thane,19.2937911767008,73.0653582109139,Unfurnished,Villa,1,0,6,New Property,Under Construction,2 Covered,Unknown
Shahpur ShubhVastu ,1692000.0,389,1,1,Shivajinagar Vasind,Beyond Thane,19.40599112,73.26267306,Unfurnished,Apartment,0,16,0,Resale,Ready to Move,,Shahpur Infrastructure
Lodha Villa Royale,35000000.0,2000,3,4,Dombivli East,Beyond Thane,19.2049111648702,73.1069201060438,Semi-Furnished,Villa,1,10,5,Resale,Under Construction,"1 Covered, 2 Open",Lodha Developers Limited
Lodha Codename Premier,5927000.0,540,2,2,Dombivli East,Beyond Thane,19.2049111648702,73.1069201060438,Unfurnished,Apartment,0,28,5,New Property,Under Construction,,Lodha Developers Limited
Rustomjee Belle Vue,6200000.0,3200,3,3,Shahapur,Beyond Thane,19.453550664726,73.3247044251021,Unfurnished,Villa,1,10,2,New Property,Under Construction,1 Covered,Rustomjee
Unkown,5900000.0,850,2,2,Kasheli,Beyond Thane,19.2301651,73.0171568,Furnished,Apartment,0,0,2,Resale,Ready to Move,,Unknown
Panvelkar Aqua Marine,3000000.0,,,,Ambernath East,Beyond Thane,19.2075883274914,73.1854898657514,Unfurnished,Commercial Shop,0,21,1,Resale,Ready to Move,,Panvelkar Group
Runwal Garden City,3500000.0,355,1,1,Dombivli,Beyond Thane,19.2094006,73.0939483,Unfurnished,Apartment,1,43,8,Resale,Ready to Move,,Runwal Enterprises
Amber Enclave,5200000.0,460,1,1,Thakurli,Beyond Thane,19.2252747701219,73.1000690723917,Unfurnished,Apartment,0,19,1,Resale,Ready to Move,1 Open,AMBER GROUP
Shree Samarth Paradise ,2300000.0,420,1,2,Neral,Beyond Thane,19.0248210057881,73.3169473654086,Unfurnished,Apartment,1,7,0,New Property,Under Construction,,Shree Samarth Residency
Mohan Suburbia,4000000.0,,2,2,Ambernath,Beyond Thane,19.1986487504664,73.2004913077756,Unfurnished,Apartment,0,32,6,New Property,Ready to Move,,Mohan Group
Unkown,7300000.0,600,2,2,New Thakurli Road,Beyond Thane,19.22450879,73.10186665,Unfurnished,Apartment,0,0,0,Resale,Ready to Move,1 Covered,Unknown
Versatile Valley,5500000.0,700,2,2,Dombivli East,Beyond Thane,19.2049111648702,73.1069201060438,Unfurnished,Apartment,0,23,5,New Property,Ready to Move,1 Covered,Versatile Housing
Shiv Smruti CHS,5900000.0,695,2,2,Ambernath,Beyond Thane,19.1986487504664,73.2004913077756,Unfurnished,Apartment,0,0,6,Resale,Ready to Move,,Unknown
Unkown,8500000.0,216,,,,Beyond Thane,,,Furnished,Commercial Shop,0,0,0,Resale,Ready to Move,,Unknown
Unkown,12500000.0,850,2,2,Dombivli East,Beyond Thane,19.2049111648702,73.1069201060438,Unfurnished,Residential House,0,0,5,Resale,Ready to Move,15 Open,Unknown
Unkown,3000000.0,,1,1,Kalyan,Beyond Thane,19.2449413625186,73.1331398884041,Unfurnished,Apartment,0,0,8,Resale,Ready to Move,,Unknown
Vedi Residency,3000000.0,,1,1,Dombivli East,Beyond Thane,19.2049111648702,73.1069201060438,Semi-Furnished,Apartment,0,23,5,Resale,Ready to Move,,Shree Ganesh Builders & Developers
Unkown,900000.0,,1,1,Ulhasnagar,Beyond Thane,19.2253646109387,73.1645678200285,Unfurnished,Apartment,0,0,7,Resale,Ready to Move,,Unknown
Unkown,8000000.0,2300,5,6,Dalkhan,Beyond Thane,19.5687408636643,73.4056931296878,Unfurnished,Villa,0,0,0,Resale,Ready to Move,,Unknown
Unkown,3500000.0,333,1,1,Palava City,Beyond Thane,19.1680134933867,73.0730851842052,Unfurnished,Apartment,0,0,6,Resale,Ready to Move,,Unknown
Unkown,5500000.0,,2,2,Sonar Pada,Beyond Thane,19.1946777419263,73.1026729332756,Semi-Furnished,Apartment,0,0,1,Resale,Ready to Move,,Unknown
Unkown,2500000.0,,1,1,Dombivli East,Beyond Thane,19.2049111648702,73.1069201060438,Semi-Furnished,Apartment,0,0,5,Resale,Ready to Move,,Unknown
Panvelkar Heights,2700000.0,,1,1,Badlapur,Beyond Thane,19.1639249,73.2459247,Unfurnished,Apartment,0,13,8,Resale,Ready to Move,,Panvelkar Group
Unkown,19900000.0,,,,Ulhasnagar,Beyond Thane,19.2253646109387,73.1645678200285,Semi-Furnished,Commercial Office Space,0,0,7,Resale,Ready to Move,,Unknown
Unkown,2400000.0,,1,1,Dombivli West,Beyond Thane,19.2174682509913,73.0750339345098,Unfurnished,Builder Floor Apartment,0,0,2,Resale,Ready to Move,,Unknown
VBHC,1980000.0,457,1,1,Vasind,Beyond Thane,19.4059529362434,73.2634315742197,Unfurnished,Apartment,0,29,2,Resale,Ready to Move,,VBHC
Unkown,12000000.0,,3,3,Ambernath East,Beyond Thane,19.2075883274914,73.1854898657514,Unfurnished,Residential House,0,0,1,Resale,Ready to Move,,Unknown
Lodha Crown Dombivali,4000000.0,,1,2,Dombivli East,Beyond Thane,19.2049111648702,73.1069201060438,Unfurnished,Apartment,0,7,5,Resale,Ready to Move,,Lodha Developers Limited
Unkown,4000000.0,,2,2,Neral,Beyond Thane,19.0248210057881,73.3169473654086,Unfurnished,Apartment,0,0,0,Resale,Ready to Move,,Unknown
Godrej Vihaa,3400000.0,444,1,2,Badlapur,Beyond Thane,19.1639249,73.2459247,Unfurnished,Apartment,0,31,8,Resale,Ready to Move,,Godrej Properties
Panvelkar Homes,2200000.0,393,1,1,Ambernath,Beyond Thane,19.1986487504664,73.2004913077756,Unfurnished,Apartment,0,8,6,Resale,Ready to Move,,Panvelkar Group
Mohan Suburbia,4200000.0,510,1,2,Ambernath,Beyond Thane,19.1986487504664,73.2004913077756,Unfurnished,Apartment,0,32,6,Resale,Ready to Move,,Mohan Group
Om Sai Towers,5000000.0,,2,2,Ambernath East,Beyond Thane,19.2075883274914,73.1854898657514,Unfurnished,Apartment,0,10,1,Resale,Ready to Move,,Sai Construction
Unkown,6400000.0,595,2,2,Dombivli East,Beyond Thane,19.2049111648702,73.1069201060438,Semi-Furnished,Apartment,0,0,5,Resale,Ready to Move,1 Open,Unknown
Unkown,1800000.0,,1,2,Badlapur West,Beyond Thane,19.1760975692482,73.2401614495576,Unfurnished,Apartment,0,0,0,Resale,Ready to Move,,Unknown
Arihant City Phase 2,6800000.0,793,2,2,Bhiwandi,Beyond Thane,19.2937911767008,73.0653582109139,Unfurnished,Apartment,0,12,6,Resale,Ready to Move,1 Covered,Arihant Group
JP Harmony,3400000.0,,2,2,Ambernath East,Beyond Thane,19.2075883274914,73.1854898657514,Semi-Furnished,Apartment,0,17,1,Resale,Ready to Move,,JP Developers
Palava Downtown,3600000.0,420,1,1,Dombivli,Beyond Thane,19.2094006,73.0939483,Unfurnished,Apartment,0,37,8,Resale,Ready to Move,,Palava Downtown
Tata Amantra,7500000.0,612,2,3,Kalyan,Beyond Thane,19.2449413625186,73.1331398884041,Semi-Furnished,Apartment,0,20,8,Resale,Ready to Move,,TATA Housing Development Company Ltd.
VBHC Vaibhav Vasind Hills,2500000.0,,1,1,Vasind,Beyond Thane,19.4059529362434,73.2634315742197,Unfurnished,Residential House,0,7,2,Resale,Ready to Move,,VBHC
Royale City,2500000.0,,1,1,Asangaon,Beyond Thane,19.4390197,73.3030715,Unfurnished,Apartment,0,29,2,Resale,Ready to Move,,Royale Group
Unkown,1000000.0,,1,1,Ulhasnagar,Beyond Thane,19.2253646109387,73.1645678200285,Unfurnished,Builder Floor Apartment,0,0,7,Resale,Ready to Move,,Unknown
Unkown,1500000.0,500,1,1,Diva Nagar Road,Beyond Thane,19.14505646,72.98815095,Furnished,Residential House,0,0,0,Resale,Ready to Move,,Unknown
Mohan Suburbia,3600000.0,,1,,Ambernath,Beyond Thane,19.1986487504664,73.2004913077756,,Apartment,0,32,6,Resale,Ready to Move,,Mohan Group
Lodha Palava,8000000.0,665,2,2,Dombivli East,Beyond Thane,19.2049111648702,73.1069201060438,Unfurnished,Apartment,0,54,5,Resale,Ready to Move,,Lodha Developers Limited
Godrej Nirvaan,8200000.0,,2,2,Kalyan West,Beyond Thane,19.2442606681675,73.123906730695,Unfurnished,Apartment,0,45,5,Resale,Under Construction,1 Covered,Godrej Properties
Unkown,5500000.0,,2,2,Kopar Khairane,Beyond Thane,19.10277817,73.01125422,Unfurnished,Residential House,0,0,0,Resale,Ready to Move,,Unknown
Unkown,3500000.0,300,1,1,Dombivli West,Beyond Thane,19.2174682509913,73.0750339345098,Unfurnished,Apartment,0,0,2,Resale,Ready to Move,,Unknown
Runwal MyCity,9000000.0,,3,2,Dombivli,Beyond Thane,19.2094006,73.0939483,Semi-Furnished,Apartment,0,5,8,Resale,Ready to Move,,Runwal Group
Runwal Gardens,5500000.0,170,,,Dombivli,Beyond Thane,19.2094006,73.0939483,Unfurnished,Commercial Shop,0,15,8,Resale,Ready to Move,,Runwal Group
Dosti Greater Thane,3500000.0,284,1,1,Bhiwandi,Beyond Thane,19.2937911767008,73.0653582109139,Unfurnished,Apartment,0,14,6,Resale,Ready to Move,,Dosti Realty 
Marathon Nexworld,7600000.0,621,2,2,Dombivli East,Beyond Thane,19.2049111648702,73.1069201060438,Unfurnished,Apartment,0,12,5,Resale,Ready to Move,,Marathon Realty Pvt. Ltd.
Unkown,3000000.0,,1,1,Dombivli East,Beyond Thane,19.2049111648702,73.1069201060438,Semi-Furnished,Builder Floor Apartment,0,0,5,Resale,Ready to Move,,Unknown
Unkown,6500000.0,,1,1,Bhiwandi,Beyond Thane,19.2937911767008,73.0653582109139,Unfurnished,Apartment,0,0,6,Resale,Ready to Move,,Unknown
Unkown,4500000.0,,2,2,Badlapur East,Beyond Thane,19.1639249,73.2459247,Semi-Furnished,Apartment,0,0,6,Resale,Ready to Move,,Unknown
Runwal MyCity,5200000.0,608,2,2,Dombivli,Beyond Thane,19.2094006,73.0939483,Unfurnished,Apartment,0,5,8,Resale,Ready to Move,,Runwal Group
Royale City,2500000.0,,1,1,Asangaon,Beyond Thane,19.4390197,73.3030715,Semi-Furnished,Apartment,0,29,2,Resale,Ready to Move,,Royale Group
Labdhi Gardens,2400000.0,,1,,Neral,Beyond Thane,19.0248210057881,73.3169473654086,,Builder Floor Apartment,0,28,0,Resale,Ready to Move,,Labdhi Lifestyles Ltd.
Lodha Heaven,3000000.0,,1,1,Dombivli East,Beyond Thane,19.2049111648702,73.1069201060438,Semi-Furnished,Apartment,0,9,5,Resale,Ready to Move,,Lodha Developers Limited
Unkown,6000000.0,,1,1,Thakurli,Beyond Thane,19.2252747701219,73.1000690723917,Semi-Furnished,Builder Floor Apartment,0,0,1,Resale,Ready to Move,,Unknown
Jashnani Chintamani Habitat,2050000.0,,1,1,Shahapur,Beyond Thane,19.453550664726,73.3247044251021,Unfurnished,Apartment,0,26,2,Resale,Ready to Move,200 Open,Jashnani Construction Pvt. Ltd.
Arihant Aloki,2500000.0,449,1,1,Karjat,Beyond Thane,18.9112989,73.328189,Unfurnished,Apartment,0,18,2,Resale,Ready to Move,1 Open,Arihant Superstructures Ltd.
Saraswati Meera Park Royale,5500000.0,700,2,2,Ambernath,Beyond Thane,19.1986487504664,73.2004913077756,Semi-Furnished,Apartment,0,19,6,Resale,Ready to Move,,Saraswati Buildcon
Lodha Villa Royale,33100000.0,,3,4,Dombivli East,Beyond Thane,19.2049111648702,73.1069201060438,Unfurnished,Villa,0,10,5,Resale,Ready to Move,2 Open,Lodha Developers Limited
Tata Shubh Griha,1200000.0,,1,1,Vasind,Beyond Thane,19.4059529362434,73.2634315742197,Semi-Furnished,Apartment,0,13,2,Resale,Ready to Move,,TATA Housing Development Company Ltd.
Unkown,2500000.0,,2,2,Neral,Beyond Thane,19.0248210057881,73.3169473654086,Unfurnished,Apartment,0,0,0,Resale,Ready to Move,,Unknown
Unkown,3000000.0,540,1,1,Dombivli East,Beyond Thane,19.2049111648702,73.1069201060438,Unfurnished,Apartment,0,0,5,Resale,Ready to Move,,Unknown
Unkown,8500000.0,1000,3,3,Nandivali Gaon,Beyond Thane,19.2150138200026,73.1277104572393,Furnished,Apartment,0,0,1,Resale,Ready to Move,,Unknown
Runwal Mycity Phase 2,7300000.0,576,2,2,Sonar Pada,Beyond Thane,19.1946777419263,73.1026729332756,Unfurnished,Apartment,0,0,1,Resale,Ready to Move,,Unknown
Poddar Evergreens,2200000.0,349,1,1,Badlapur East,Beyond Thane,19.1639249,73.2459247,Unfurnished,Apartment,0,12,6,Resale,Ready to Move,,Poddar Housing
Global Park Housing Society,3900000.0,450,1,2,Dombivli,Beyond Thane,19.2094006,73.0939483,Unfurnished,Apartment,0,0,8,Resale,Ready to Move,,Unknown
Unkown,2600000.0,,1,1,,Beyond Thane,,,Semi-Furnished,Apartment,0,0,0,Resale,Ready to Move,,Unknown
Lodha Palava City,3500000.0,,1,1,Dombivli,Beyond Thane,19.2094006,73.0939483,Unfurnished,Apartment,0,56,8,Resale,Ready to Move,,Lodha Developers Limited
Parvati Angan,2300000.0,,1,1,Murbad,Beyond Thane,19.2663415745285,73.3933927481555,Unfurnished,Apartment,0,11,3,Resale,Ready to Move,1 Open,Sumitra Buildcons Pvt. Ltd.
HP Gaikar Residency,2900000.0,,1,2,Ambernath West,Beyond Thane,19.2107415190685,73.1908213734783,Furnished,Apartment,0,9,2,Resale,Ready to Move,,H P Developers
Unkown,8000000.0,,1,2,Anjur,Beyond Thane,19.2176833652305,73.0445635987658,Furnished,Apartment,0,0,0,Resale,Ready to Move,1 Covered,Unknown
Unkown,1700000.0,,1,1,Vasind,Beyond Thane,19.4059529362434,73.2634315742197,Unfurnished,Apartment,0,0,2,Resale,Ready to Move,,Unknown
Satyam Sheela,6500000.0,,3,2,Badlapur East,Beyond Thane,19.1639249,73.2459247,Furnished,Apartment,0,13,6,Resale,Ready to Move,,Satyam Group
Unkown,22500000.0,,,,Palava City,Beyond Thane,19.1680134933867,73.0730851842052,,Residential Plot,0,0,6,New Property,,,Unknown
Mohan Suburbia,8000000.0,,2,2,Ambernath West,Beyond Thane,19.2107415190685,73.1908213734783,Unfurnished,Apartment,0,32,2,Resale,Ready to Move,,Mohan Group
Unkown,4300000.0,,1,1,Dombivli East,Beyond Thane,19.2049111648702,73.1069201060438,Semi-Furnished,Apartment,0,0,5,Resale,Ready to Move,,Unknown
Lodha Casa sophistica,6000000.0,,2,2,Dombivli East,Beyond Thane,19.2049111648702,73.1069201060438,Unfurnished,Apartment,0,33,5,Resale,Ready to Move,,Lodha Developers Limited
Sai Pooja Residency,2500000.0,,1,1,Dombivli,Beyond Thane,19.2094006,73.0939483,Semi-Furnished,Apartment,0,12,8,Resale,Ready to Move,,Mrunal Enterprises
Prasadam,3000000.0,400,1,2,Ambernath East,Beyond Thane,19.2075883274914,73.1854898657514,Semi-Furnished,Apartment,0,13,1,Resale,Ready to Move,,Ahuja Group
Break The Routine,2000000.0,,,,Murbad,Beyond Thane,19.2663415745285,73.3933927481555,,Residential Plot,0,5,3,Resale,,,Nirvana Builders
Unkown,2900000.0,,2,2,Ambernath West,Beyond Thane,19.2107415190685,73.1908213734783,Unfurnished,Builder Floor Apartment,0,0,2,Resale,Ready to Move,,Unknown
Unkown,2000000.0,500,1,1,Kolegaon Dombivali Road,Beyond Thane,19.16453188,73.08796234,Unfurnished,Apartment,0,0,0,Resale,Ready to Move,,Unknown
Saket Harmony,5700000.0,600,2,2,Kalyan East,Beyond Thane,19.2280216158659,73.1334807284888,Semi-Furnished,Apartment,0,0,2,Resale,Ready to Move,,Saket Group
Triaxis Rose Garden,2500000.0,,1,1,Asangaon,Beyond Thane,19.4390197,73.3030715,Unfurnished,Apartment,0,11,2,Resale,Ready to Move,,Triaxis
Unkown,8000000.0,766,2,2,Dombivli,Beyond Thane,19.2094006,73.0939483,Semi-Furnished,Apartment,0,0,8,Resale,Ready to Move,10 Open,Unknown
Unkown,9000000.0,,2,2,Dombivli East,Beyond Thane,19.2049111648702,73.1069201060438,Semi-Furnished,Apartment,0,0,5,Resale,Ready to Move,,Unknown
Unkown,2200000.0,,1,1,Neral,Beyond Thane,19.0248210057881,73.3169473654086,Unfurnished,Builder Floor Apartment,0,0,0,Resale,Ready to Move,"1 Covered, 1 Open",Unknown
Khatri Grande,2300000.0,,1,1,Badlapur,Beyond Thane,19.1639249,73.2459247,Unfurnished,Apartment,0,15,8,Resale,Ready to Move,,Khatri Consructions
Unkown,6000000.0,474,2,2,,Beyond Thane,,,Unfurnished,Apartment,0,0,0,Resale,Ready to Move,,Unknown
Unkown,2250000.0,,2,2,Asangaon,Beyond Thane,19.4390197,73.3030715,Unfurnished,Apartment,0,0,2,Resale,Ready to Move,,Unknown
Unkown,4500000.0,545,1,1,Dombivli East,Beyond Thane,19.2049111648702,73.1069201060438,Unfurnished,Residential House,0,0,5,Resale,Ready to Move,,Unknown
Lodha Lakeshore Greens,5500000.0,585,2,2,Palava City,Beyond Thane,19.1680134933867,73.0730851842052,Unfurnished,Apartment,0,21,6,Resale,Ready to Move,,Lodha Developers Limited
Labdhi Gardens,2600000.0,450,1,2,Neral,Beyond Thane,19.0248210057881,73.3169473654086,Semi-Furnished,Apartment,0,28,0,Resale,Ready to Move,,Labdhi Lifestyles Ltd.
Tata Shubh Griha,1200000.0,389,1,1,Vasind,Beyond Thane,19.4059529362434,73.2634315742197,Unfurnished,Apartment,0,13,2,Resale,Ready to Move,,TATA Housing Development Company Ltd.
Unkown,5550000.0,950,2,2,Dombivli East,Beyond Thane,19.2049111648702,73.1069201060438,Semi-Furnished,Apartment,0,0,5,Resale,Ready to Move,,Unknown
Unkown,2300000.0,450,1,1,Titwala,Beyond Thane,19.295217297811,73.2124239025258,Unfurnished,Apartment,0,0,4,Resale,Ready to Move,,Unknown
Unkown,3000000.0,,1,2,Bhiwandi,Beyond Thane,19.2937911767008,73.0653582109139,Semi-Furnished,Apartment,0,0,6,Resale,Ready to Move,,Unknown
Unkown,3000000.0,,2,1,Ambernath,Beyond Thane,19.1986487504664,73.2004913077756,Semi-Furnished,Apartment,0,0,6,Resale,Ready to Move,,Unknown
Seema Banjara Hills,2500000.0,,,,Shahapur,Beyond Thane,19.453550664726,73.3247044251021,,Residential Plot,0,0,2,Resale,,,Unknown
Dipti Skycity,3200000.0,,1,2,Ambernath East,Beyond Thane,19.2075883274914,73.1854898657514,Semi-Furnished,Apartment,0,30,1,Resale,Ready to Move,,Dipti Builder
Heramb Park,2200000.0,,1,1,Badlapur,Beyond Thane,19.1639249,73.2459247,Semi-Furnished,Apartment,0,12,8,Resale,Ready to Move,,Deepali Group
Lodha Casa Rio Gold,4550000.0,,2,2,Dombivli East,Beyond Thane,19.2049111648702,73.1069201060438,Unfurnished,Apartment,0,26,5,Resale,Ready to Move,,Lodha Developers Limited
Sarvoday Square,3300000.0,,2,2,Ambernath,Beyond Thane,19.1986487504664,73.2004913077756,Semi-Furnished,Apartment,0,14,6,Resale,Ready to Move,,Squarefeet Group
Atlanta Edenworld,3600000.0,,2,2,Bhiwandi,Beyond Thane,19.2937911767008,73.0653582109139,Furnished,Apartment,0,32,6,Resale,Ready to Move,,Sai Balaji Developers
Sai Villa,4200000.0,,1,1,Kalyan East,Beyond Thane,19.2280216158659,73.1334807284888,Unfurnished,Apartment,0,18,2,Resale,Ready to Move,,Sai Developer
Unkown,7500000.0,,2,2,Ulhasnagar,Beyond Thane,19.2253646109387,73.1645678200285,Unfurnished,Apartment,0,0,7,Resale,Ready to Move,1 Covered,Unknown
Unkown,1845000.0,,,,Shahapur,Beyond Thane,19.453550664726,73.3247044251021,,Residential Plot,0,0,2,Resale,,,Unknown
Unkown,5000000.0,,2,2,Kalyan West,Beyond Thane,19.2442606681675,73.123906730695,Semi-Furnished,Builder Floor Apartment,0,0,5,Resale,Ready to Move,1 Open,Unknown
Lodha Golf Links,13500000.0,,2,2,Palava City,Beyond Thane,19.1680134933867,73.0730851842052,Furnished,Residential House,0,12,6,New Property,Ready to Move,1 Open,Lodha Developers Limited
Amber Enclave,9000000.0,728,2,2,Thakurli,Beyond Thane,19.2252747701219,73.1000690723917,Furnished,Apartment,0,19,1,Resale,Ready to Move,1 Covered,AMBER GROUP
Tulsi Sanidhya,4450000.0,750,2,1,Ambernath,Beyond Thane,19.1986487504664,73.2004913077756,Unfurnished,Apartment,0,0,6,Resale,Ready to Move,,Tulsi Estates
Marathon Nextown,4800000.0,456,1,2,Dombivli East,Beyond Thane,19.2049111648702,73.1069201060438,Unfurnished,Apartment,0,5,5,Resale,Ready to Move,,Marathon Realty Pvt. Ltd.
Unkown,2300000.0,,1,1,Kalyan East,Beyond Thane,19.2280216158659,73.1334807284888,Semi-Furnished,Apartment,0,0,2,Resale,Ready to Move,,Unknown
Godrej Nirvaan,5500000.0,,1,2,Kalyan West,Beyond Thane,19.2442606681675,73.123906730695,Unfurnished,Apartment,0,45,5,Resale,Ready to Move,,Godrej Properties
Unkown,2800000.0,,1,1,Badlapur,Beyond Thane,19.1639249,73.2459247,Unfurnished,Apartment,0,0,8,Resale,Ready to Move,,Unknown
Unkown,4500000.0,,1,1,Tilak Nagar Kalyan,Beyond Thane,19.2502288299618,73.1250049630577,Semi-Furnished,Apartment,0,0,0,Resale,Ready to Move,,Unknown
Tulsi Darshan,2200000.0,345,1,1,Neral,Beyond Thane,19.0248210057881,73.3169473654086,Unfurnished,Apartment,0,17,0,Resale,Ready to Move,,Tulsi Estates
Unkown,5000000.0,510,1,1,Dombivli East,Beyond Thane,19.2049111648702,73.1069201060438,Unfurnished,Apartment,0,0,5,Resale,Ready to Move,1 Covered,Unknown
Unkown,12500000.0,,3,4,Rambaug Lane Number 4,Beyond Thane,19.243846,73.136716,Furnished,Apartment,0,0,0,Resale,Ready to Move,1 Covered,Unknown
Unkown,8600000.0,,2,2,Kalyan East,Beyond Thane,19.2280216158659,73.1334807284888,Semi-Furnished,Apartment,0,0,2,Resale,Ready to Move,1 Covered,Unknown
Unkown,3600000.0,725,2,1,Ambernath,Beyond Thane,19.1986487504664,73.2004913077756,Unfurnished,Apartment,0,0,6,Resale,Ready to Move,,Unknown
Unkown,2900000.0,,1,1,Dombivli,Beyond Thane,19.2094006,73.0939483,Unfurnished,Apartment,0,0,8,Resale,Ready to Move,,Unknown
Shankeshwar Nagar,6500000.0,,2,2,Dombivli East,Beyond Thane,19.2049111648702,73.1069201060438,Semi-Furnished,Apartment,0,11,5,Resale,Ready to Move,,Sanghvi Builders
Unkown,900000.0,,1,1,Shelu,Beyond Thane,19.0640445,73.3163381,Furnished,Residential House,0,0,0,Resale,Ready to Move,,Unknown
Unkown,3000000.0,,1,1,Dombivli East,Beyond Thane,19.2049111648702,73.1069201060438,Unfurnished,Apartment,0,0,5,Resale,Ready to Move,2 Covered,Unknown
SHRUTI CHS LTD,3500000.0,455,1,1,Dombivli East,Beyond Thane,19.2049111648702,73.1069201060438,Furnished,Apartment,0,0,5,Resale,Ready to Move,,Unknown
TISAI PRASANNA,3000000.0,500,1,1,Kalyan East,Beyond Thane,19.2280216158659,73.1334807284888,Semi-Furnished,Apartment,0,6,2,Resale,Ready to Move,,Neelkanth Developers
Unkown,2500000.0,,1,1,Dombivli East,Beyond Thane,19.2049111648702,73.1069201060438,Furnished,Apartment,0,0,5,Resale,Ready to Move,,Unknown
Runwal Gardens,4000000.0,,1,1,Dombivli East,Beyond Thane,19.2049111648702,73.1069201060438,Unfurnished,Apartment,0,15,5,Resale,Ready to Move,,Runwal Group
Versatile Valley,4500000.0,400,1,1,Dombivli East,Beyond Thane,19.2049111648702,73.1069201060438,Unfurnished,Apartment,0,23,5,Resale,Ready to Move,1 Open,Versatile Housing
Unkown,2500000.0,,1,1,Badlapur East,Beyond Thane,19.1639249,73.2459247,Semi-Furnished,Apartment,0,0,6,Resale,Ready to Move,,Unknown
Unkown,700000.0,,,1,Karjat,Beyond Thane,18.9112989,73.328189,Unfurnished,Studio Apartment,0,0,2,Resale,Ready to Move,,Unknown
Unkown,800000.0,,1,1,Vasind,Beyond Thane,19.4059529362434,73.2634315742197,Unfurnished,Builder Floor Apartment,0,0,2,Resale,Ready to Move,,Unknown
Unkown,1200000.0,,1,1,Vasind,Beyond Thane,19.4059529362434,73.2634315742197,Unfurnished,Apartment,0,0,2,Resale,Ready to Move,,Unknown
Runwal MyCity,7745000.0,576,2,2,Dombivli,Beyond Thane,19.2094006,73.0939483,Unfurnished,Apartment,0,5,8,Resale,Ready to Move,1 Covered,Runwal Group
Unkown,31500000.0,,3,4,Dombivli,Beyond Thane,19.2094006,73.0939483,Unfurnished,Villa,0,0,8,Resale,Ready to Move,,Unknown
Unkown,1600000.0,450,1,1,Ulhasnagar,Beyond Thane,19.2253646109387,73.1645678200285,Unfurnished,Residential House,0,0,7,Resale,Ready to Move,,Unknown
NANDIVALI HILL VIEW,3100000.0,,1,1,Dombivli East,Beyond Thane,19.2049111648702,73.1069201060438,Unfurnished,Apartment,0,3,5,Resale,Ready to Move,,Unknown
Unkown,2400000.0,,,,Purna,Beyond Thane,19.259574,73.016759,Unfurnished,Commercial Shop,0,0,0,Resale,Ready to Move,,Unknown
Unkown,18500000.0,,2,2,Palava City,Beyond Thane,19.1680134933867,73.0730851842052,Unfurnished,Villa,0,0,6,Resale,Ready to Move,,Unknown
Unkown,5200000.0,,1,1,Dombivli East,Beyond Thane,19.2049111648702,73.1069201060438,Semi-Furnished,Apartment,0,0,5,Resale,Ready to Move,,Unknown
Unkown,2500000.0,,1,1,Kalyan East,Beyond Thane,19.2280216158659,73.1334807284888,Unfurnished,Builder Floor Apartment,0,0,2,Resale,Ready to Move,,Unknown
Tulsiram Niwas,4500000.0,450,1,2,Dombivli East,Beyond Thane,19.2049111648702,73.1069201060438,Unfurnished,Apartment,0,0,5,Resale,Ready to Move,,Unknown
Poddar Samruddhi Evergreen,2500000.0,498,1,1,Mankivali,Beyond Thane,19.1460102546754,73.2420919038657,Unfurnished,Apartment,0,0,0,Resale,Ready to Move,1 Open,Poddar Groups
Unkown,18500000.0,,,,Bhiwandi,Beyond Thane,19.2937911767008,73.0653582109139,,Industrial Building,0,0,6,Resale,Ready to Move,,Unknown
Unkown,2700000.0,,1,1,Bhiwandi,Beyond Thane,19.2937911767008,73.0653582109139,Unfurnished,Apartment,0,0,6,Resale,Ready to Move,,Unknown
Sarvoday Square,4500000.0,610,2,2,Ambernath,Beyond Thane,19.1986487504664,73.2004913077756,Furnished,Apartment,0,14,6,Resale,Ready to Move,,Squarefeet Group
Regency Sarvam,4200000.0,,1,1,Titwala,Beyond Thane,19.295217297811,73.2124239025258,Semi-Furnished,Apartment,0,21,4,Resale,Ready to Move,1 Open,Regency Group
Lodha Casa Bella Gold,4800000.0,,1,1,Dombivli East,Beyond Thane,19.2049111648702,73.1069201060438,Furnished,Apartment,0,20,5,Resale,Ready to Move,,Lodha Developers Limited
Lodha Lakeshore Greens,7000000.0,,2,2,Palava City,Beyond Thane,19.1680134933867,73.0730851842052,Semi-Furnished,Apartment,0,21,6,Resale,Ready to Move,,Lodha Developers Limited
Unkown,8500000.0,,,,Vangani,Beyond Thane,19.0925602606021,73.2971135741545,,Residential Plot,0,0,4,Resale,,,Unknown
Shree Divya Jyot Complex,2475000.0,486,1,1,Badlapur West,Beyond Thane,19.1760975692482,73.2401614495576,Semi-Furnished,Apartment,0,0,0,Resale,Ready to Move,,Unknown
Mangeshi Dazzle,10000000.0,,3,3,Thakurli,Beyond Thane,19.2252747701219,73.1000690723917,Unfurnished,Apartment,0,17,1,Resale,Ready to Move,,Mangeshi Construction
Unkown,4200000.0,654,2,2,Badlapur East,Beyond Thane,19.1639249,73.2459247,Unfurnished,Residential House,0,0,6,Resale,Ready to Move,9 Open,Unknown
Unkown,2700000.0,450,1,1,,Beyond Thane,,,Semi-Furnished,Apartment,0,0,0,Resale,Ready to Move,,Unknown
Xrbia Warai Apartments,2000000.0,320,1,1,Karjat,Beyond Thane,18.9112989,73.328189,Semi-Furnished,Apartment,0,0,2,Resale,Ready to Move,,Unknown
Unkown,2700000.0,,1,1,Dombivli East,Beyond Thane,19.2049111648702,73.1069201060438,Unfurnished,Apartment,0,0,5,Resale,Ready to Move,,Unknown
Unkown,2700000.0,,2,2,Khadipar Road,Beyond Thane,19.3081966706264,73.0480067311071,Unfurnished,Builder Floor Apartment,0,0,0,Resale,Ready to Move,1 Open,Unknown
Unimont Aurum,1200000.0,270,,1,Karjat,Beyond Thane,18.9112989,73.328189,Unfurnished,Studio Apartment,0,21,2,Resale,Ready to Move,,Unimont Realty
Runwal Garden City,7500000.0,,2,2,Dombivli,Beyond Thane,19.2094006,73.0939483,Semi-Furnished,Apartment,0,43,8,Resale,Ready to Move,,Runwal Enterprises
Tharwani Meghna Montana,3000000.0,,1,1,Ambernath,Beyond Thane,19.1986487504664,73.2004913077756,Semi-Furnished,Apartment,0,22,6,Resale,Ready to Move,,Tharwani Construction Pvt. Ltd.
Unkown,4000000.0,485,1,1,Ambernath East,Beyond Thane,19.2075883274914,73.1854898657514,Unfurnished,Apartment,0,0,1,Resale,Ready to Move,,Unknown
Unkown,10000000.0,780,2,2,Dombivli East,Beyond Thane,19.2049111648702,73.1069201060438,Furnished,Villa,0,0,5,Resale,Ready to Move,,Unknown
Unkown,3468800.0,,1,2,,Beyond Thane,,,Semi-Furnished,Apartment,0,0,0,Resale,Ready to Move,,Unknown
Tata Amantra,700000000.0,,2,2,Kalyan,Beyond Thane,19.2449413625186,73.1331398884041,Furnished,Apartment,0,20,8,Resale,Ready to Move,,TATA Housing Development Company Ltd.
Unkown,2300000.0,480,1,1,Mumbra Panvel Highway,Beyond Thane,19.12349875,73.05521011,Semi-Furnished,Apartment,0,0,0,Resale,Ready to Move,,Unknown
Versatile Valley,7500000.0,,2,2,Dombivli East,Beyond Thane,19.2049111648702,73.1069201060438,Unfurnished,Apartment,0,23,5,Resale,Ready to Move,,Versatile Housing
Gupta Sai Orchid,3500000.0,,1,1,Dombivli East,Beyond Thane,19.2049111648702,73.1069201060438,Unfurnished,Apartment,0,30,5,Resale,Ready to Move,,Gupta Builders And Developers
Jai Mata Di Complex,2300000.0,500,1,1,Kasheli,Beyond Thane,19.2301651,73.0171568,Furnished,Apartment,0,13,2,Resale,Ready to Move,,Jai Matadi Enterprises
Unkown,2700000.0,500,1,1,Karjat,Beyond Thane,18.9112989,73.328189,Unfurnished,Apartment,0,0,2,Resale,Ready to Move,1 Covered,Unknown
Unkown,3500000.0,500,2,1,Murbad,Beyond Thane,19.2663415745285,73.3933927481555,Furnished,Villa,0,0,3,Resale,Ready to Move,,Unknown
Ushakiran Residency,3800000.0,,2,3,Badlapur East,Beyond Thane,19.1639249,73.2459247,Unfurnished,Apartment,0,33,6,Resale,Ready to Move,,Usha Construction Co
Unkown,2400000.0,392,1,1,Neral,Beyond Thane,19.0248210057881,73.3169473654086,Unfurnished,Apartment,0,0,0,Resale,Ready to Move,,Unknown
Sapphire Villas,1100000.0,,,,Shahapur,Beyond Thane,19.453550664726,73.3247044251021,,Residential Plot,0,0,2,Resale,,,Unknown
Matoshree Nagar Phase 1,5500000.0,,2,2,Ambernath,Beyond Thane,19.1986487504664,73.2004913077756,Furnished,Apartment,0,5,6,Resale,Ready to Move,,Matoshree Infrastructure Pvt. Ltd.
Poddar Navjeevan,1400000.0,280,1,1,Atgaon,Beyond Thane,19.503957,73.3280377,Semi-Furnished,Apartment,0,43,0,Resale,Ready to Move,"2 Covered, 2 Open",Poddar Developers
Shree Balaji Seasons Park,2900000.0,595,1,1,Pale Gaon,Beyond Thane,19.1859403932088,73.1739341442538,Furnished,Apartment,0,8,1,Resale,Ready to Move,,Shree Balaji Homes
Lodha Palava,6500000.0,,2,2,Dombivli East,Beyond Thane,19.2049111648702,73.1069201060438,Semi-Furnished,Apartment,0,54,5,Resale,Ready to Move,,Lodha Developers Limited
Labdhi Gardens,2100000.0,450,1,2,Neral,Beyond Thane,19.0248210057881,73.3169473654086,Unfurnished,Apartment,0,28,0,Resale,Ready to Move,,Labdhi Lifestyles Ltd.
Unkown,2800000.0,390,,,Vangani,Beyond Thane,19.0925602606021,73.2971135741545,Unfurnished,Commercial Shop,0,0,4,Resale,Ready to Move,1 Open,Unknown
Unkown,5700000.0,,1,1,Dombivli East,Beyond Thane,19.2049111648702,73.1069201060438,Semi-Furnished,Apartment,0,0,5,Resale,Ready to Move,,Unknown
Unkown,3200000.0,,2,2,Badlapur,Beyond Thane,19.1639249,73.2459247,Unfurnished,Apartment,0,0,8,Resale,Ready to Move,,Unknown
Unkown,1150000.0,500,1,1,,Beyond Thane,,,Unfurnished,Apartment,0,0,0,Resale,Ready to Move,,Unknown
JP Regency,3500000.0,491,1,1,Ambernath East,Beyond Thane,19.2075883274914,73.1854898657514,Furnished,Apartment,0,10,1,Resale,Ready to Move,,JP Developers
Unkown,1000000.0,,1,1,Dombivli,Beyond Thane,19.2094006,73.0939483,Unfurnished,Builder Floor Apartment,0,0,8,Resale,Ready to Move,,Unknown
Nano City,1200000.0,,,1,Neral,Beyond Thane,19.0248210057881,73.3169473654086,Unfurnished,Studio Apartment,0,10,0,Resale,Ready to Move,,Nirman Realtors & Developers Ltd.
Unkown,120000000.0,,,,Shelu,Beyond Thane,19.0640445,73.3163381,,Agricultural Land,0,0,0,Resale,,,Unknown
Neral Courtyard Homes,1700000.0,,1,1,Neral,Beyond Thane,19.0248210057881,73.3169473654086,Unfurnished,Residential House,0,47,0,Resale,Ready to Move,,Xrbia Group
Unkown,2000000.0,,1,1,Vitthalwadi,Beyond Thane,19.2277167499915,73.1526066484418,Unfurnished,Builder Floor Apartment,0,0,0,Resale,Ready to Move,,Unknown
My Village,10000000.0,1200,2,3,Shahapur,Beyond Thane,19.453550664726,73.3247044251021,Furnished,Villa,0,13,2,Resale,Ready to Move,,2nd Home
Ushakiran Residency,5300000.0,,3,3,Badlapur East,Beyond Thane,19.1639249,73.2459247,Unfurnished,Apartment,0,33,6,Resale,Ready to Move,1 Open,Usha Construction Co
Unkown,2500000.0,,1,2,Kalyan,Beyond Thane,19.2449413625186,73.1331398884041,Unfurnished,Residential House,0,0,8,Resale,Ready to Move,,Unknown
Unkown,1370000.0,,1,1,Asangaon,Beyond Thane,19.4390197,73.3030715,Unfurnished,Apartment,0,0,2,Resale,Ready to Move,1 Open,Unknown
Mumbai Sister City By Lodha,9999999.0,750,3,2,Dombivli East,Beyond Thane,19.2049111648702,73.1069201060438,Unfurnished,Apartment,0,54,5,Resale,Ready to Move,"1 Covered, 1 Open",Lodha Developers Limited
Unkown,5500000.0,,,,Badlapur,Beyond Thane,19.1639249,73.2459247,Unfurnished,Commercial Shop,0,0,8,Resale,Ready to Move,,Unknown
Vardhman Vatika,1700000.0,,1,1,Vasind,Beyond Thane,19.4059529362434,73.2634315742197,Semi-Furnished,Builder Floor Apartment,0,25,2,Resale,Ready to Move,1 Open,Vardhaman Infrastructure
Rukmini Garden Building No 2,2500000.0,480,1,1,Titwala,Beyond Thane,19.295217297811,73.2124239025258,Unfurnished,Apartment,0,30,4,Resale,Ready to Move,,Rukmini Associates Builders and Developers
Gokool Residency,2200000.0,43,1,1,Tulsi Vihar,Beyond Thane,19.43733985,73.30894009,Unfurnished,Apartment,0,0,0,Resale,Ready to Move,1 Open,Unknown
Signature Aqua,1350000.0,300,1,1,Karjat,Beyond Thane,18.9112989,73.328189,Unfurnished,Apartment,0,19,2,Resale,Ready to Move,,Signature Group and Tulsi Infra
Mantri laxcon Godrej Park,6666000.0,1000,4,2,Kalyan,Beyond Thane,19.2449413625186,73.1331398884041,Semi-Furnished,Apartment,0,0,8,Resale,Ready to Move,,Mantri Realty Ltd.
Unkown,2100000.0,,1,1,Kalyan,Beyond Thane,19.2449413625186,73.1331398884041,Semi-Furnished,Builder Floor Apartment,0,0,8,Resale,Ready to Move,,Unknown
Unkown,3300000.0,,1,1,Ambernath,Beyond Thane,19.1986487504664,73.2004913077756,Furnished,Apartment,0,0,6,Resale,Ready to Move,,Unknown
Unkown,5000000.0,550,2,2,Khardi Shahapur,Beyond Thane,19.32126,72.96218,Unfurnished,Apartment,0,0,0,Resale,Ready to Move,,Unknown
Unkown,2400000.0,449,1,1,Badlapur West,Beyond Thane,19.1760975692482,73.2401614495576,Unfurnished,Apartment,0,0,0,New Property,Ready to Move,,Unknown
Vardhaman Park,4200000.0,450,1,1,Shahad,Beyond Thane,19.2471260600397,73.1614974632623,Unfurnished,Apartment,0,12,6,Resale,Ready to Move,,Vardhaman Property
Regency Anantam,5012000.0,600,2,2,Dombivli East,Beyond Thane,19.2049111648702,73.1069201060438,Unfurnished,Apartment,0,29,5,New Property,Dec '27,,Regency Group
Lodha Lakeshore Greens,7200000.0,830,3,2,Palava City,Beyond Thane,19.1680134933867,73.0730851842052,Unfurnished,Apartment,1,21,6,Resale,Ready to Move,1 Covered,Lodha Developers Limited
Bhumi World Sky,10000000.0,595,,,Bhiwandi,Beyond Thane,19.2937911767008,73.0653582109139,Unfurnished,Commercial Office Space,0,16,6,New Property,Under Construction,1 Covered,GEBI LLP
Unkown,7000000.0,701,2,2,Nilje Gaon,Beyond Thane,19.158064093334,73.0831413121874,Semi-Furnished,Apartment,0,0,0,Resale,Ready to Move,1 Covered,Unknown
Vasant Park,4700000.0,450,1,2,Kalyan West,Beyond Thane,19.2442606681675,73.123906730695,Semi-Furnished,Apartment,0,35,5,Resale,Ready to Move,2 Open,Vasant Builders
Unkown,1200000.0,,1,1,Kalyan East,Beyond Thane,19.2280216158659,73.1334807284888,Unfurnished,Apartment,0,0,2,Resale,Ready to Move,,Unknown
Tharwani Ritu World,2500000.0,,1,1,Badlapur,Beyond Thane,19.1639249,73.2459247,Unfurnished,Apartment,0,23,8,Resale,Ready to Move,,Tharwani Infrastructures
Vasant Elite,7800000.0,,2,2,Kalyan West,Beyond Thane,19.2442606681675,73.123906730695,Semi-Furnished,Apartment,0,4,5,Resale,Ready to Move,,Vasant Builders
Unkown,2200000.0,,1,1,Vasind,Beyond Thane,19.4059529362434,73.2634315742197,Unfurnished,Apartment,0,0,2,New Property,Ready to Move,,Unknown
Unkown,5170000.0,,2,2,Dombivli West,Beyond Thane,19.2174682509913,73.0750339345098,Furnished,Builder Floor Apartment,0,0,2,Resale,Ready to Move,"10 Covered, 15 Open",Unknown
Vision Aarambh,1500000.0,,,,Neral,Beyond Thane,19.0248210057881,73.3169473654086,,Residential Plot,0,8,0,Resale,,,Unknown
Panvelkar Vellozia,3900000.0,768,2,2,Badlapur,Beyond Thane,19.1639249,73.2459247,Unfurnished,Apartment,0,9,8,Resale,Ready to Move,,Panvelkar Group
Osho Dhara Residency,7000000.0,864,2,2,Kalyan West,Beyond Thane,19.2442606681675,73.123906730695,Furnished,Apartment,0,15,5,Resale,Ready to Move,,Osho Dhara Developers
Rais Valley,5200000.0,446,1,2,Kalyan East,Beyond Thane,19.2280216158659,73.1334807284888,Unfurnished,Apartment,0,19,2,Resale,Ready to Move,,Rai Residency Pvt. Ltd.
Kene Height,4000000.0,702,2,2,Ambernath,Beyond Thane,19.1986487504664,73.2004913077756,Semi-Furnished,Apartment,0,10,6,Resale,Ready to Move,,Y R Developers
Mohan Nano Estates,5300000.0,727,2,2,Ambernath West,Beyond Thane,19.2107415190685,73.1908213734783,Unfurnished,Apartment,0,14,2,Resale,Ready to Move,,Mohan Group
Riddhi Siddhi Complex,4900000.0,432,1,1,Bhiwandi,Beyond Thane,19.2937911767008,73.0653582109139,Semi-Furnished,Apartment,0,11,6,Resale,Ready to Move,,Sushmita Landmark
Shree Krishna Estate,4000000.0,749,2,2,Badlapur,Beyond Thane,19.1639249,73.2459247,Unfurnished,Apartment,0,14,8,Resale,Ready to Move,,Dheeraj Estates Pvt. Ltd.
Unkown,6000000.0,450,1,1,Dombivli West,Beyond Thane,19.2174682509913,73.0750339345098,Semi-Furnished,Apartment,0,0,2,Resale,Ready to Move,,Unknown
Ramchandra Park,2500000.0,346,1,1,Dombivli East,Beyond Thane,19.2049111648702,73.1069201060438,Semi-Furnished,Apartment,0,13,5,Resale,Ready to Move,,Sawant Enterprises
Ramchandra Park,5500000.0,648,2,1,Dombivli East,Beyond Thane,19.2049111648702,73.1069201060438,Semi-Furnished,Apartment,0,13,5,Resale,Ready to Move,,Sawant Enterprises
Ishwar Residency,2500000.0,482,1,1,Ambernath,Beyond Thane,19.1986487504664,73.2004913077756,Unfurnished,Apartment,0,10,6,Resale,Ready to Move,,Astha Group
Ishwar Residency,2550000.0,481,1,1,Ambernath,Beyond Thane,19.1986487504664,73.2004913077756,Unfurnished,Apartment,0,10,6,Resale,Ready to Move,,Astha Group
Siddhi City,2200009.0,425,1,1,Badlapur East,Beyond Thane,19.1639249,73.2459247,Unfurnished,Apartment,0,21,6,Resale,Ready to Move,,Siddhi Developers
Siddhi City,1775000.0,418,1,1,Badlapur East,Beyond Thane,19.1639249,73.2459247,Unfurnished,Apartment,0,21,6,Resale,Ready to Move,,Siddhi Developers
Siddhi City,1600000.0,360,1,1,Badlapur East,Beyond Thane,19.1639249,73.2459247,Unfurnished,Apartment,0,21,6,Resale,Ready to Move,,Siddhi Developers
Siddhi City,1850000.0,421,1,2,Badlapur East,Beyond Thane,19.1639249,73.2459247,Unfurnished,Apartment,0,21,6,Resale,Ready to Move,,Siddhi Developers
Siddhi City,1500000.0,421,1,1,Badlapur East,Beyond Thane,19.1639249,73.2459247,Unfurnished,Apartment,0,21,6,Resale,Ready to Move,,Siddhi Developers
Siddhi City,1900000.0,360,1,1,Badlapur East,Beyond Thane,19.1639249,73.2459247,Unfurnished,Apartment,0,21,6,Resale,Ready to Move,,Siddhi Developers
Siddhi City,1500000.0,310,1,1,Badlapur East,Beyond Thane,19.1639249,73.2459247,Unfurnished,Apartment,0,21,6,Resale,Ready to Move,,Siddhi Developers
Panvelkar Montana,2387000.0,471,1,1,Badlapur,Beyond Thane,19.1639249,73.2459247,Semi-Furnished,Apartment,0,12,8,Resale,Ready to Move,,Panvelkar Group
Trinity Galaxy,1800000.0,396,1,1,Badlapur,Beyond Thane,19.1639249,73.2459247,Unfurnished,Apartment,0,12,8,Resale,Ready to Move,,Trinity Developers
Shree Krishna Heavens,3600000.0,641,2,2,Badlapur West,Beyond Thane,19.1760975692482,73.2401614495576,Semi-Furnished,Apartment,0,11,0,Resale,Ready to Move,,Balaji Group
Chandresh Avenue,2700000.0,360,1,1,Dombivli East,Beyond Thane,19.2049111648702,73.1069201060438,Unfurnished,Apartment,0,12,5,Resale,Ready to Move,,MD Group
GBK Vishwajeet Paradise,3600000.0,469,1,2,Ambernath West,Beyond Thane,19.2107415190685,73.1908213734783,Furnished,Apartment,0,21,2,Resale,Ready to Move,,GBK Group
Shubh Residency,4200000.0,702,2,2,Ambernath East,Beyond Thane,19.2075883274914,73.1854898657514,Unfurnished,Apartment,0,8,1,Resale,Ready to Move,,Shubh Enterprises
Raunak City,6000000.0,783,2,2,Kalyan West,Beyond Thane,19.2442606681675,73.123906730695,Semi-Furnished,Apartment,0,13,5,Resale,Ready to Move,,Raunak Group
Raunak City,3600000.0,415,1,1,Kalyan West,Beyond Thane,19.2442606681675,73.123906730695,Semi-Furnished,Apartment,0,13,5,Resale,Ready to Move,,Raunak Group
Lodha Palava Codename Epic,2700000.0,220,1,1,Dombivli East,Beyond Thane,19.2049111648702,73.1069201060438,Unfurnished,Apartment,0,55,5,Resale,Ready to Move,,Lodha Developers Limited
Patels Homes,3500000.0,565,1,1,Ambernath East,Beyond Thane,19.2075883274914,73.1854898657514,Unfurnished,Apartment,0,13,1,Resale,Ready to Move,,Patel RPL Realty
Vasant Moti Arcade,2600000.0,482,1,1,Titwala,Beyond Thane,19.295217297811,73.2124239025258,Semi-Furnished,Apartment,0,19,4,Resale,Ready to Move,,Sai Ganesh Enterprises
Panvelkar Amrut Vishwa,2200000.0,371,1,1,Badlapur,Beyond Thane,19.1639249,73.2459247,Unfurnished,Apartment,0,11,8,Resale,Ready to Move,,Panvelkar Group
Lodha Thane Woodlands C And D,6300000.0,457,1,2,Bhiwandi,Beyond Thane,19.2937911767008,73.0653582109139,Furnished,Apartment,0,18,6,Resale,Ready to Move,,Lodha Group
Unkown,2334495.0,,1,1,Badlapur West,Beyond Thane,19.1760975692482,73.2401614495576,Furnished,Apartment,0,0,0,Resale,,,Unknown
Raj Tulsi City,2490000.0,410,1,1,Badlapur,Beyond Thane,19.1639249,73.2459247,Unfurnished,Apartment,0,14,8,New Property,Ready to Move,,Raj Group
Unkown,5000000.0,550,1,1,Kalyan,Beyond Thane,19.2449413625186,73.1331398884041,Semi-Furnished,Residential House,0,0,8,Resale,Ready to Move,,Unknown
Sadashiv Sai Imperia,3000000.0,575,1,1,Ambernath,Beyond Thane,19.1986487504664,73.2004913077756,Semi-Furnished,Apartment,0,4,6,Resale,Ready to Move,,Unknown
Unkown,2400000.0,380,2,1,,Beyond Thane,,,Unfurnished,Apartment,0,0,0,Resale,Ready to Move,,Unknown
Nirvana Enclave,1800000.0,395,1,1,Neral Badlapur Road,Beyond Thane,19.1562964761862,73.2449284773326,Unfurnished,Apartment,0,0,0,Resale,Ready to Move,,Unknown
Unkown,2000000.0,,1,1,Murbad,Beyond Thane,19.2663415745285,73.3933927481555,Unfurnished,Apartment,0,0,3,Resale,Ready to Move,,Unknown
Impressions Evaan,8300000.0,450,1,2,Dombivli,Beyond Thane,19.2094006,73.0939483,Semi-Furnished,Apartment,0,14,8,Resale,Ready to Move,1 Covered,Impressions Builders & Developers
Unkown,35000000.0,,,,Sajgaon,Beyond Thane,19.29515951,73.54443747,,Commercial Land,0,0,0,Resale,,,Unknown
Nisarg Park,3300000.0,,2,2,Badlapur,Beyond Thane,19.1639249,73.2459247,Unfurnished,Apartment,0,11,8,Resale,Ready to Move,,Karmakushalta Developer
Krishna Kunj Residency,3500000.0,,1,1,Badlapur,Beyond Thane,19.1639249,73.2459247,Unfurnished,Apartment,0,17,8,Resale,Ready to Move,,Ashoka Infrastructure
Vishnu Vatika,1700000.0,,1,1,Badlapur,Beyond Thane,19.1639249,73.2459247,Unfurnished,Apartment,0,18,8,Resale,Ready to Move,,Vishnu Group
Runwal Garden City,5400000.0,505,2,2,Dombivli,Beyond Thane,19.2094006,73.0939483,Unfurnished,Apartment,0,43,8,Resale,Ready to Move,,Runwal Enterprises
Altamonte ,3400000.0,556,2,2,Neral,Beyond Thane,19.0248210057881,73.3169473654086,Unfurnished,Apartment,0,24,0,Resale,Ready to Move,,Qualcon Properties LLP
Runwal Gardens Phase 4 Bldg No. 38,4500000.0,,1,1,,Beyond Thane,,,Unfurnished,Apartment,0,11,0,Resale,Ready to Move,,Runwal Group
Godrej Nirvaan,8500000.0,576,2,2,Kalyan West,Beyond Thane,19.2442606681675,73.123906730695,Semi-Furnished,Apartment,0,45,5,Resale,Ready to Move,1 Covered,Godrej Properties
Sai Plaza,3015420.0,550,1,1,Kalyan,Beyond Thane,19.2449413625186,73.1331398884041,Semi-Furnished,Apartment,0,3,8,Resale,Ready to Move,,Shree Krishna Developer
Jhalak Luxuria,3200000.0,,1,2,Ambernath East,Beyond Thane,19.2075883274914,73.1854898657514,Furnished,Apartment,0,5,1,Resale,Ready to Move,,Jhalak Constructions
Unkown,2500000.0,600,1,2,Shahad,Beyond Thane,19.2471260600397,73.1614974632623,Unfurnished,Apartment,0,0,6,Resale,Ready to Move,,Unknown
Xrbia Warai,2750000.0,493,2,2,Neral,Beyond Thane,19.0248210057881,73.3169473654086,Unfurnished,Apartment,0,34,0,Resale,Ready to Move,1 Open,XRBIA Developers
Unkown,6200000.0,,2,1,Dombivli West,Beyond Thane,19.2174682509913,73.0750339345098,Furnished,Apartment,0,0,2,Resale,Ready to Move,,Unknown
Amber Residency,9720000.0,880,2,2,Ambernath,Beyond Thane,19.1986487504664,73.2004913077756,Unfurnished,Builder Floor Apartment,0,14,6,Resale,Ready to Move,1 Open,Amber Group
Unkown,1400000.0,,,1,Asangaon,Beyond Thane,19.4390197,73.3030715,Unfurnished,Studio Apartment,0,0,2,Resale,Ready to Move,,Unknown
Jai Mata Di Complex,4500000.0,650,2,2,Kasheli,Beyond Thane,19.2301651,73.0171568,Furnished,Apartment,0,13,2,Resale,Ready to Move,,Jai Matadi Enterprises
Unkown,2800000.0,395,1,1,Ambernath East,Beyond Thane,19.2075883274914,73.1854898657514,Unfurnished,Apartment,0,0,1,Resale,Ready to Move,,Unknown
Unkown,5000000.0,406,,,Kalyan,Beyond Thane,19.2449413625186,73.1331398884041,Semi-Furnished,Commercial Shop,0,0,8,Resale,Ready to Move,,Unknown
Unkown,13500000.0,,2,2,Kalwa,Beyond Thane,19.19863,73.00244,Furnished,Apartment,0,0,0,Resale,Ready to Move,,Unknown
Olympeo Riverside,2200000.0,400,1,2,Neral,Beyond Thane,19.0248210057881,73.3169473654086,Unfurnished,Apartment,0,14,0,Resale,Ready to Move,1 Open,Olympeo Infrastructure Pvt. Ltd.
Poddar Navjeevan,1400000.0,360,1,1,Atgaon,Beyond Thane,19.503957,73.3280377,Unfurnished,Apartment,0,43,0,Resale,Ready to Move,,Poddar Developers
Lodha Palava,5950000.0,705,2,2,Dombivli,Beyond Thane,19.2094006,73.0939483,Semi-Furnished,Apartment,0,56,8,Resale,Ready to Move,,Lodha Developers Limited
Raj Vaibhav NX,6000000.0,569,2,1,Dombivli West,Beyond Thane,19.2174682509913,73.0750339345098,Furnished,Apartment,0,18,2,Resale,Ready to Move,,Relliance Construction Co.
Raj Vaibhav NX,7000000.0,727,2,2,Dombivli West,Beyond Thane,19.2174682509913,73.0750339345098,Semi-Furnished,Apartment,0,18,2,Resale,Ready to Move,,Relliance Construction Co.
JP Harmony,2700000.0,302,1,1,Ambernath East,Beyond Thane,19.2075883274914,73.1854898657514,Semi-Furnished,Apartment,0,17,1,Resale,Ready to Move,,JP Developers
JP Harmony,2800000.0,467,1,1,Ambernath East,Beyond Thane,19.2075883274914,73.1854898657514,Unfurnished,Apartment,0,17,1,Resale,Ready to Move,,JP Developers
Tharwani Ariana,4200000.0,706,2,2,Ambernath West,Beyond Thane,19.2107415190685,73.1908213734783,Semi-Furnished,Apartment,0,20,2,Resale,Ready to Move,,Tharwani Realty
Tharwani Ariana,4200000.0,706,2,2,Ambernath West,Beyond Thane,19.2107415190685,73.1908213734783,Semi-Furnished,Apartment,0,20,2,Resale,Ready to Move,,Tharwani Realty
Siddheshwar Complex,3900000.0,569,2,2,Titwala,Beyond Thane,19.295217297811,73.2124239025258,Unfurnished,Apartment,0,15,4,Resale,Ready to Move,,Siddheshwar Group
Regency Estate,15000000.0,1148,3,2,Dombivli,Beyond Thane,19.2094006,73.0939483,Unfurnished,Apartment,0,24,8,Resale,Ready to Move,,Regency Group
Regency Estate,11000000.0,1080,3,3,Dombivli,Beyond Thane,19.2094006,73.0939483,Semi-Furnished,Apartment,0,24,8,Resale,Ready to Move,,Regency Group
Regency Estate,19500000.0,1181,4,4,Dombivli,Beyond Thane,19.2094006,73.0939483,Furnished,Apartment,0,24,8,Resale,Ready to Move,,Regency Group
Panvelkar Classic,2450000.0,472,1,2,Ambernath East,Beyond Thane,19.2075883274914,73.1854898657514,Unfurnished,Apartment,0,13,1,Resale,Ready to Move,,Panvelkar Group
Panvelkar Classic,2300000.0,328,1,1,Ambernath East,Beyond Thane,19.2075883274914,73.1854898657514,Unfurnished,Apartment,0,13,1,Resale,Ready to Move,,Panvelkar Group
Panvelkar Classic,2700000.0,468,1,2,Ambernath East,Beyond Thane,19.2075883274914,73.1854898657514,Semi-Furnished,Apartment,0,13,1,Resale,Ready to Move,,Panvelkar Group
Panvelkar Classic,2500000.0,472,1,1,Ambernath East,Beyond Thane,19.2075883274914,73.1854898657514,Unfurnished,Apartment,0,13,1,Resale,Ready to Move,,Panvelkar Group
Panvelkar Classic,3000000.0,468,1,2,Ambernath East,Beyond Thane,19.2075883274914,73.1854898657514,Semi-Furnished,Apartment,0,13,1,Resale,Ready to Move,,Panvelkar Group
Panvelkar Regency,3650000.0,605,2,2,Ambernath West,Beyond Thane,19.2107415190685,73.1908213734783,Semi-Furnished,Apartment,0,18,2,Resale,Ready to Move,,Panvelkar Group
Vaishnavi Park,5200000.0,753,2,2,Kalyan,Beyond Thane,19.2449413625186,73.1331398884041,Semi-Furnished,Apartment,0,18,8,Resale,Ready to Move,,Tisai Krupa Construction
Jai Mata Di Complex,4400000.0,792,2,2,Kasheli,Beyond Thane,19.2301651,73.0171568,Semi-Furnished,Apartment,0,13,2,Resale,Ready to Move,,Jai Matadi Enterprises
Jai Mata Di Complex,6500000.0,684,2,2,Kasheli,Beyond Thane,19.2301651,73.0171568,Furnished,Apartment,0,13,2,Resale,Ready to Move,,Jai Matadi Enterprises
Lodha Heaven,2800000.0,356,1,1,Dombivli East,Beyond Thane,19.2049111648702,73.1069201060438,Unfurnished,Apartment,0,9,5,Resale,Ready to Move,,Lodha Developers Limited
Lodha Heaven,2950000.0,382,1,1,Dombivli East,Beyond Thane,19.2049111648702,73.1069201060438,Unfurnished,Apartment,0,9,5,Resale,Ready to Move,,Lodha Developers Limited
Lodha Heaven,2800000.0,374,1,1,Dombivli East,Beyond Thane,19.2049111648702,73.1069201060438,Unfurnished,Apartment,0,9,5,Resale,Ready to Move,,Lodha Developers Limited
Lodha Heaven,3000000.0,382,1,1,Dombivli East,Beyond Thane,19.2049111648702,73.1069201060438,Semi-Furnished,Apartment,0,9,5,Resale,Ready to Move,,Lodha Developers Limited
Ashtavinayak Residency,2900000.0,454,1,1,Ambernath,Beyond Thane,19.1986487504664,73.2004913077756,Unfurnished,Apartment,0,11,6,Resale,Ready to Move,,Ashtavinayak Enterprises
Ashtavinayak Residency,2800000.0,483,1,1,Ambernath,Beyond Thane,19.1986487504664,73.2004913077756,Unfurnished,Apartment,0,11,6,Resale,Ready to Move,,Ashtavinayak Enterprises
Lodha Palava,4500000.0,486,1,2,Dombivli East,Beyond Thane,19.2049111648702,73.1069201060438,Unfurnished,Apartment,0,54,5,Resale,Ready to Move,,Lodha Developers Limited
Lodha Palava,5000000.0,648,2,2,Dombivli East,Beyond Thane,19.2049111648702,73.1069201060438,Unfurnished,Apartment,0,54,5,Resale,Ready to Move,,Lodha Developers Limited
Lodha Palava,5600000.0,468,2,2,Dombivli East,Beyond Thane,19.2049111648702,73.1069201060438,Unfurnished,Apartment,0,54,5,Resale,Ready to Move,,Lodha Developers Limited
Lodha Palava,6800000.0,737,2,2,Dombivli East,Beyond Thane,19.2049111648702,73.1069201060438,Furnished,Apartment,0,54,5,Resale,Ready to Move,,Lodha Developers Limited
Mukul Palms,3800000.0,653,2,2,Ambernath,Beyond Thane,19.1986487504664,73.2004913077756,Unfurnished,Apartment,0,23,6,Resale,Ready to Move,,Mukul Developers
Shrutika Complex,2400000.0,474,1,1,Badlapur,Beyond Thane,19.1639249,73.2459247,Unfurnished,Apartment,0,16,8,Resale,Ready to Move,,Shrutika Construction
Vishwajeet Green,5500000.0,761,2,2,Ambernath,Beyond Thane,19.1986487504664,73.2004913077756,Unfurnished,Apartment,0,30,6,Resale,Ready to Move,,GBK Group
Vishwajeet Green,5000000.0,684,2,2,Ambernath,Beyond Thane,19.1986487504664,73.2004913077756,Semi-Furnished,Apartment,0,30,6,Resale,Ready to Move,,GBK Group
Vishwajeet Meadows,3150000.0,500,1,2,Ambernath,Beyond Thane,19.1986487504664,73.2004913077756,Unfurnished,Apartment,0,33,6,Resale,Ready to Move,,GBK Group
Ansals Suvarna Villas,5300000.0,378,2,1,Shahapur,Beyond Thane,19.453550664726,73.3247044251021,Semi-Furnished,Apartment,0,26,2,Resale,Ready to Move,,Ansals Buildwell Ltd.
Asha Paradise,5710000.0,709,2,1,Dombivli East,Beyond Thane,19.2049111648702,73.1069201060438,Unfurnished,Apartment,0,17,5,Resale,Ready to Move,,Ashapura Construction
5P Kalp City,4100000.0,666,2,2,Badlapur East,Beyond Thane,19.1639249,73.2459247,Unfurnished,Apartment,0,21,6,Resale,Ready to Move,,5P Group
Karrm Gardens,2950000.0,567,1,1,Ambernath,Beyond Thane,19.1986487504664,73.2004913077756,Unfurnished,Apartment,0,3,6,Resale,Ready to Move,,KARAM INFRASTRUCTURE Pvt. Ltd.
Tharwani Riverdale Vista,11000000.0,1080,3,3,Kalyan,Beyond Thane,19.2449413625186,73.1331398884041,Furnished,Apartment,0,20,8,Resale,Ready to Move,,Tharwani Realty
Rosalie,5500000.0,432,1,1,Kalyan West,Beyond Thane,19.2442606681675,73.123906730695,Unfurnished,Apartment,0,21,5,Resale,Ready to Move,,Tharwani Infrastructures
Ushakiran Residency,2500000.0,338,1,2,Badlapur East,Beyond Thane,19.1639249,73.2459247,Semi-Furnished,Apartment,0,33,6,Resale,Ready to Move,,Usha Construction Co
Ushakiran Residency,2600000.0,511,1,2,Badlapur East,Beyond Thane,19.1639249,73.2459247,Semi-Furnished,Apartment,0,33,6,Resale,Ready to Move,,Usha Construction Co
Ushakiran Residency,2700000.0,461,1,1,Badlapur East,Beyond Thane,19.1639249,73.2459247,Semi-Furnished,Apartment,0,33,6,Resale,Ready to Move,,Usha Construction Co
Lok Nagari Phase 3,4200000.0,731,2,2,Ambernath,Beyond Thane,19.1986487504664,73.2004913077756,Unfurnished,Apartment,0,25,6,Resale,Ready to Move,,Lok Housing Group
Lok Nagari Phase 3,2500000.0,396,1,1,Ambernath,Beyond Thane,19.1986487504664,73.2004913077756,Unfurnished,Apartment,0,25,6,Resale,Ready to Move,,Lok Housing Group
Lok Nagari Phase 3,2800000.0,396,1,1,Ambernath,Beyond Thane,19.1986487504664,73.2004913077756,Unfurnished,Apartment,0,25,6,Resale,Ready to Move,,Lok Housing Group
Lok Nagari Phase 3,2800000.0,490,1,2,Ambernath,Beyond Thane,19.1986487504664,73.2004913077756,Unfurnished,Apartment,0,25,6,Resale,Ready to Move,,Lok Housing Group
Crown City,6300000.0,576,2,2,Kalyan West,Beyond Thane,19.2442606681675,73.123906730695,Furnished,Apartment,0,11,5,Resale,Ready to Move,,Ashapura Builders and Developers
Safron Hills,3500000.0,504,1,1,Badlapur,Beyond Thane,19.1639249,73.2459247,Unfurnished,Apartment,0,15,8,Resale,Ready to Move,,Alpha Combines
Safron Hills,2500000.0,490,1,1,Badlapur,Beyond Thane,19.1639249,73.2459247,Unfurnished,Apartment,0,15,8,Resale,Ready to Move,,Alpha Combines
Royale City,1700000.0,450,1,1,Asangaon,Beyond Thane,19.4390197,73.3030715,Unfurnished,Apartment,0,29,2,Resale,Ready to Move,,Royale Group
Royale City,2000000.0,443,1,1,Asangaon,Beyond Thane,19.4390197,73.3030715,Unfurnished,Apartment,0,29,2,Resale,Ready to Move,,Royale Group
Royale City,2000000.0,450,1,1,Asangaon,Beyond Thane,19.4390197,73.3030715,Unfurnished,Apartment,0,29,2,Resale,Ready to Move,,Royale Group
Royale City,2200000.0,432,1,1,Asangaon,Beyond Thane,19.4390197,73.3030715,Unfurnished,Apartment,0,29,2,Resale,Ready to Move,,Royale Group
Royale City,1700000.0,468,1,1,Asangaon,Beyond Thane,19.4390197,73.3030715,Unfurnished,Apartment,0,29,2,Resale,Ready to Move,,Royale Group
Royale City,1400000.0,378,1,1,Asangaon,Beyond Thane,19.4390197,73.3030715,Unfurnished,Apartment,0,29,2,Resale,Ready to Move,,Royale Group
Royale City,1300000.0,295,1,1,Asangaon,Beyond Thane,19.4390197,73.3030715,Unfurnished,Apartment,0,29,2,Resale,Under Construction,,Royale Group
Xrbia Neral,3000000.0,504,2,2,Neral,Beyond Thane,19.0248210057881,73.3169473654086,Unfurnished,Apartment,0,13,0,Resale,Ready to Move,,Xrbia
Ashtvinayak Residency,1188000.0,158,1,1,Bhiwandi,Beyond Thane,19.2937911767008,73.0653582109139,Unfurnished,Apartment,0,10,6,Resale,Ready to Move,,Ghumman Constructions
Unkown,3000000.0,715,1,2,Titwala,Beyond Thane,19.295217297811,73.2124239025258,Unfurnished,Apartment,0,0,4,Resale,Ready to Move,,Unknown
Unkown,1600000.0,,1,2,Ulhasnagar,Beyond Thane,19.2253646109387,73.1645678200285,Unfurnished,Residential House,0,0,7,Resale,Ready to Move,,Unknown
Unkown,4330000.0,,1,1,Ambernath,Beyond Thane,19.1986487504664,73.2004913077756,Semi-Furnished,Apartment,0,0,6,Resale,Ready to Move,12 Open,Unknown
Unkown,7500000.0,,,,Ulhasnagar,Beyond Thane,19.2253646109387,73.1645678200285,Furnished,Commercial Shop,0,0,7,Resale,Ready to Move,,Unknown
Tata Shubh Griha,1395000.0,375,1,1,Vasind,Beyond Thane,19.4059529362434,73.2634315742197,Unfurnished,Apartment,0,13,2,Resale,Ready to Move,,TATA Housing Development Company Ltd.
Tata Shubh Griha,1450000.0,400,1,1,Vasind,Beyond Thane,19.4059529362434,73.2634315742197,Semi-Furnished,Apartment,0,13,2,Resale,Ready to Move,1 Open,TATA Housing Development Company Ltd.
Runwal Shopping Arcade,5900000.0,230,,,Dombivli East,Beyond Thane,19.2049111648702,73.1069201060438,Unfurnished,Commercial Shop,0,6,5,Resale,Ready to Move,,The Runwal Group
Kashish Galaxy,4950000.0,680,2,2,Thakurli,Beyond Thane,19.2252747701219,73.1000690723917,Unfurnished,Apartment,0,17,1,Resale,Ready to Move,,Gauri Vinayak Builders
Unkown,2700000.0,,1,1,Badlapur East,Beyond Thane,19.1639249,73.2459247,Unfurnished,Apartment,0,0,6,Resale,Ready to Move,,Unknown
Good Morning Society,2500000.0,515,1,2,Ambernath,Beyond Thane,19.1986487504664,73.2004913077756,Unfurnished,Apartment,0,0,6,Resale,Ready to Move,,Unknown
Matoshree Nagar Phase 1,2900000.0,,2,1,Ambernath,Beyond Thane,19.1986487504664,73.2004913077756,Unfurnished,Apartment,0,5,6,Resale,Ready to Move,,Matoshree Infrastructure Pvt. Ltd.
Unkown,1500000.0,,1,1,Neral,Beyond Thane,19.0248210057881,73.3169473654086,Semi-Furnished,Builder Floor Apartment,0,0,0,Resale,Ready to Move,,Unknown
Vishwajeet Green,4200000.0,,2,2,Ambernath,Beyond Thane,19.1986487504664,73.2004913077756,Semi-Furnished,Apartment,0,30,6,Resale,Ready to Move,,GBK Group
Unkown,8000000.0,,,,Ulhasnagar,Beyond Thane,19.2253646109387,73.1645678200285,Furnished,Commercial Shop,0,0,7,Resale,Ready to Move,,Unknown
Jeevan lifestyles,3600000.0,,2,2,Badlapur,Beyond Thane,19.1639249,73.2459247,Unfurnished,Apartment,0,23,8,Resale,Ready to Move,100 Open,Jeevan Enterprises
Unkown,1450000.0,,1,2,Neral,Beyond Thane,19.0248210057881,73.3169473654086,Unfurnished,Apartment,0,0,0,Resale,Ready to Move,4 Covered,Unknown
Poddar Samruddhi Evergreen,3200000.0,737,2,2,Badlapur,Beyond Thane,19.1639249,73.2459247,Semi-Furnished,Apartment,0,15,8,Resale,Ready to Move,2 Open,Poddar Housing
Unkown,1300000.0,,1,2,Ulhasnagar,Beyond Thane,19.2253646109387,73.1645678200285,Unfurnished,Residential House,0,0,7,Resale,Ready to Move,,Unknown
Unkown,2500000.0,,1,1,Ambernath,Beyond Thane,19.1986487504664,73.2004913077756,Unfurnished,Apartment,0,0,6,Resale,Ready to Move,,Unknown
Unkown,2600000.0,465,1,1,Dombivli East,Beyond Thane,19.2049111648702,73.1069201060438,Unfurnished,Apartment,0,0,5,Resale,Ready to Move,,Unknown
Lodha Palava Codename Epic,4600000.0,420,1,2,Dombivli East,Beyond Thane,19.2049111648702,73.1069201060438,Unfurnished,Apartment,0,55,5,Resale,Ready to Move,,Lodha Developers Limited
Labdhi Gardens,2750000.0,,1,1,Neral,Beyond Thane,19.0248210057881,73.3169473654086,Furnished,Apartment,0,28,0,Resale,Ready to Move,,Labdhi Lifestyles Ltd.
Unkown,4800000.0,,1,1,Amrai,Beyond Thane,19.21753621,73.13735862,Unfurnished,Apartment,0,0,0,Resale,Ready to Move,,Unknown
Sanghvi Paradise,2200000.0,,,1,Asangaon,Beyond Thane,19.4390197,73.3030715,Unfurnished,Studio Apartment,0,29,2,Resale,Ready to Move,,Sanghvi Group
Siddhi City Phase 4,2500000.0,,1,2,Badlapur East,Beyond Thane,19.1639249,73.2459247,Unfurnished,Apartment,0,0,6,Resale,Ready to Move,1 Open,Siddhitech Homes Pvt. Ltd.
Honest Kalyan Nagari,5000000.0,,1,1,Kalyan West,Beyond Thane,19.2442606681675,73.123906730695,Semi-Furnished,Apartment,0,22,5,Resale,,,Honest Developers
Amber Heights,3500000.0,,1,2,Ambernath,Beyond Thane,19.1986487504664,73.2004913077756,Unfurnished,Apartment,0,19,6,Resale,,,Shree Krishna Enterprises
Trilok Heights,4700000.0,656,1,1,Thakurli,Beyond Thane,19.2252747701219,73.1000690723917,Furnished,Apartment,0,7,1,Resale,Ready to Move,,Trilok Realty
Lodha Palava,8000000.0,618,2,2,Dombivli East,Beyond Thane,19.2049111648702,73.1069201060438,Unfurnished,Apartment,0,54,5,New Property,Ready to Move,,Lodha Developers Limited
Unkown,2250000.0,,1,1,Kalyan,Beyond Thane,19.2449413625186,73.1331398884041,Semi-Furnished,Apartment,0,0,8,Resale,Ready to Move,,Unknown
Unkown,8500000.0,875,3,2,Nandivli,Beyond Thane,19.1998737435079,73.0856103413878,Semi-Furnished,Apartment,0,0,0,Resale,Ready to Move,,Unknown
Trishul Golden Ville,1900000.0,,1,1,Badlapur West,Beyond Thane,19.1760975692482,73.2401614495576,Unfurnished,Apartment,0,14,0,Resale,Ready to Move,,A Plus Group
Unkown,8800000.0,,,,Padgha,Beyond Thane,19.3662582552053,73.1774825106993,,Agricultural Land,0,0,0,Resale,,,Unknown
Unkown,3800000.0,,1,1,Dombivli West,Beyond Thane,19.2174682509913,73.0750339345098,Unfurnished,Apartment,0,0,2,Resale,Ready to Move,1 Open,Unknown
Shivling Residency,1800000.0,450,1,1,Ambernath,Beyond Thane,19.1986487504664,73.2004913077756,Unfurnished,Apartment,0,0,6,Resale,Ready to Move,10 Open,Unknown
S K Galaxy Garden,1040000.0,259,1,2,Vangani,Beyond Thane,19.0925602606021,73.2971135741545,Unfurnished,Apartment,0,7,4,Resale,Ready to Move,,S K Developers
sankeshwar garden,6500000.0,490,2,3,Thakurli,Beyond Thane,19.2252747701219,73.1000690723917,Unfurnished,Apartment,0,0,1,Resale,Ready to Move,,Unknown
Tata Shubh Griha,1000000.0,261,1,1,Vasind,Beyond Thane,19.4059529362434,73.2634315742197,Unfurnished,Apartment,0,13,2,Resale,Ready to Move,,TATA Housing Development Company Ltd.
JP Harmony,2200000.0,442,1,1,Ambernath East,Beyond Thane,19.2075883274914,73.1854898657514,Semi-Furnished,Apartment,0,17,1,Resale,Ready to Move,,JP Developers
Lodha Casa Bella Gold,4750000.0,661,2,2,Dombivli East,Beyond Thane,19.2049111648702,73.1069201060438,Unfurnished,Apartment,0,20,5,Resale,Ready to Move,,Lodha Developers Limited
Lodha Palava City,3100000.0,396,1,1,Dombivli,Beyond Thane,19.2094006,73.0939483,Unfurnished,Apartment,0,56,8,Resale,Ready to Move,,Lodha Developers Limited
Lodha Palava City,4000000.0,698,3,3,Dombivli,Beyond Thane,19.2094006,73.0939483,Semi-Furnished,Apartment,0,56,8,Resale,Ready to Move,,Lodha Developers Limited
Sakharam Complex,5500000.0,612,2,1,Dombivli West,Beyond Thane,19.2174682509913,73.0750339345098,Furnished,Apartment,0,0,2,Resale,Ready to Move,,Unknown
JP Harmony,2400000.0,,1,1,Ambernath East,Beyond Thane,19.2075883274914,73.1854898657514,Semi-Furnished,Apartment,0,17,1,Resale,Ready to Move,,JP Developers
Sarvodaya Swaroop,4600000.0,443,1,1,Thakurli,Beyond Thane,19.2252747701219,73.1000690723917,Semi-Furnished,Apartment,0,0,1,Resale,Ready to Move,,Mangalmurti Developers
Roopchand Galaxy,2200000.0,418,1,1,Kasheli,Beyond Thane,19.2301651,73.0171568,Semi-Furnished,Apartment,0,0,2,Resale,Ready to Move,,Estate Oaks
Unkown,3600000.0,359,1,1,Bapgoan,Beyond Thane,19.27964734,73.14592235,Unfurnished,Apartment,0,0,0,Resale,Ready to Move,,Unknown
Unkown,1800000.0,520,1,1,Kongaon,Beyond Thane,19.2488820895278,73.1078341740368,Semi-Furnished,Apartment,0,0,0,New Property,Ready to Move,,Unknown
Unkown,1825000.0,,,,Atgaon,Beyond Thane,19.503957,73.3280377,,Residential Plot,0,0,0,Resale,,,Unknown
Unkown,3000000.0,,,,Murbad,Beyond Thane,19.2663415745285,73.3933927481555,,Residential Plot,0,0,3,Resale,,,Unknown
Shree Krishna Heights,2800000.0,,1,2,Badlapur,Beyond Thane,19.1639249,73.2459247,Unfurnished,Apartment,0,14,8,Resale,Ready to Move,,Dheeraj Estates Pvt. Ltd.
Unkown,50000000.0,,,,Murbad,Beyond Thane,19.2663415745285,73.3933927481555,,Residential Plot,0,0,3,Resale,,,Unknown
Rathi Osho Dhara Park,1750000.0,,1,1,Asangaon,Beyond Thane,19.4390197,73.3030715,Semi-Furnished,Residential House,0,17,2,Resale,Ready to Move,"5 Covered, 5 Open",Osho Dhara Realtors
Unkown,700000.0,300,1,1,Titwala,Beyond Thane,19.295217297811,73.2124239025258,Unfurnished,Apartment,0,0,4,Resale,Ready to Move,,Unknown
Laabh Enclave,3000000.0,398,1,2,Bhiwandi,Beyond Thane,19.2937911767008,73.0653582109139,Unfurnished,Apartment,0,9,6,Resale,Ready to Move,,Laabh Group
Olympeo Riverside,175000.0,380,1,2,Neral,Beyond Thane,19.0248210057881,73.3169473654086,Semi-Furnished,Apartment,0,14,0,New Property,Ready to Move,,Olympeo Infrastructure Pvt. Ltd.
Unkown,4800000.0,810,2,2,Ambernath East,Beyond Thane,19.2075883274914,73.1854898657514,Unfurnished,Apartment,0,0,1,Resale,Ready to Move,,Unknown
Unkown,750000.0,,1,1,Kalyan East,Beyond Thane,19.2280216158659,73.1334807284888,Unfurnished,Residential House,0,0,2,Resale,Ready to Move,,Unknown
Lodha Casa Bella Gold,8000000.0,,2,2,Dombivli East,Beyond Thane,19.2049111648702,73.1069201060438,Furnished,Apartment,0,20,5,Resale,Ready to Move,,Lodha Developers Limited
Unkown,3500000.0,,1,1,Kalyan,Beyond Thane,19.2449413625186,73.1331398884041,Semi-Furnished,Apartment,0,0,8,Resale,Ready to Move,,Unknown
Elixir Kerala Village,11000000.0,,2,2,Shahapur,Beyond Thane,19.453550664726,73.3247044251021,Furnished,Villa,0,2,2,Resale,Ready to Move,,Elixir Buildcon Pvt. Ltd.
Unkown,2150000.0,345,1,1,Dombivli East,Beyond Thane,19.2049111648702,73.1069201060438,Unfurnished,Apartment,0,0,5,Resale,Ready to Move,,Unknown
Mehta Amrut Siddhi,3600000.0,,1,2,Titwala,Beyond Thane,19.295217297811,73.2124239025258,Unfurnished,Apartment,0,16,4,Resale,Ready to Move,,Mehta Group
Unkown,3500000.0,,1,1,Dombivli East,Beyond Thane,19.2049111648702,73.1069201060438,Unfurnished,Apartment,0,0,5,Resale,Ready to Move,,Unknown
Fountain Plaza,3500000.0,,1,1,Dombivli East,Beyond Thane,19.2049111648702,73.1069201060438,Unfurnished,Apartment,0,8,5,Resale,Ready to Move,,Fine Group Builders And  Developers
Unkown,2500000.0,428,1,1,Bhiwandi,Beyond Thane,19.2937911767008,73.0653582109139,Semi-Furnished,Apartment,0,0,6,Resale,Ready to Move,1 Covered,Unknown
Ahuja Prasadam Township,3300000.0,,1,1,Ambernath,Beyond Thane,19.1986487504664,73.2004913077756,Unfurnished,Apartment,0,47,6,Resale,Ready to Move,,Ahuja Group
Marathon Nextown,4500000.0,,1,2,Dombivli East,Beyond Thane,19.2049111648702,73.1069201060438,Semi-Furnished,Apartment,0,5,5,Resale,Ready to Move,1 Open,Marathon Realty Pvt. Ltd.
Unkown,5500000.0,190,,,Badlapur,Beyond Thane,19.1639249,73.2459247,Unfurnished,Commercial Shop,0,0,8,Resale,Ready to Move,,Unknown
Mohan Suburbia,4100000.0,514,1,2,Ambernath,Beyond Thane,19.1986487504664,73.2004913077756,Semi-Furnished,Apartment,0,32,6,Resale,Ready to Move,,Mohan Group
Jewel Arista,2500000.0,489,1,1,Badlapur,Beyond Thane,19.1639249,73.2459247,Unfurnished,Apartment,0,16,8,Resale,Ready to Move,,Jewel Builders and Infraprojects Ltd.
Pandurang Tower,4200000.0,470,1,1,Dombivli West,Beyond Thane,19.2174682509913,73.0750339345098,Semi-Furnished,Apartment,0,0,2,Resale,Ready to Move,50 Open,Unknown
Palava Signet,8000000.0,350,,1,Dombivli East,Beyond Thane,19.2049111648702,73.1069201060438,Unfurnished,Commercial Office Space,0,0,5,Resale,Ready to Move,,Lodha Developers Limited
Charms Paradise,4200000.0,,2,2,Titwala,Beyond Thane,19.295217297811,73.2124239025258,Semi-Furnished,Apartment,0,12,4,Resale,Ready to Move,,Charms Group
JP Synergy,2500000.0,525,1,2,Ambernath East,Beyond Thane,19.2075883274914,73.1854898657514,Unfurnished,Apartment,0,18,1,Resale,Ready to Move,,JP Corp
Unkown,5000000.0,,1,1,Surai,Beyond Thane,19.22479435,73.05679429,Unfurnished,Apartment,0,0,0,Resale,Ready to Move,,Unknown
Unkown,45000000.0,,,,Bhiwandi,Beyond Thane,19.2937911767008,73.0653582109139,Unfurnished,Warehouse/ Godown,0,0,6,Resale,Ready to Move,,Unknown
Tulsi City Phase II,2795000.0,,2,1,Badlapur,Beyond Thane,19.1639249,73.2459247,Unfurnished,Apartment,0,0,8,Resale,Ready to Move,,Unknown
Unkown,15000000.0,,6,4,Ulhasnagar,Beyond Thane,19.2253646109387,73.1645678200285,Furnished,Apartment,0,0,7,Resale,Ready to Move,,Unknown
Unkown,1400000.0,,1,1,Kalyan West,Beyond Thane,19.2442606681675,73.123906730695,Unfurnished,Builder Floor Apartment,0,0,5,Resale,Ready to Move,2 Open,Unknown
Samarth Seasons Sahara,6400000.0,,2,2,Kalyan East,Beyond Thane,19.2280216158659,73.1334807284888,Unfurnished,Apartment,0,6,2,Resale,Ready to Move,,Samarth Sai Builders & Developers
Banjara Hills,1800000.0,,,,Shahapur,Beyond Thane,19.453550664726,73.3247044251021,,Residential Plot,0,8,2,Resale,,,Soft Corner
Unkown,4500000.0,,1,1,Dombivli East,Beyond Thane,19.2049111648702,73.1069201060438,Unfurnished,Apartment,0,0,5,Resale,Ready to Move,,Unknown
Tata Amantra,6500000.0,678,2,1,Kalyan,Beyond Thane,19.2449413625186,73.1331398884041,Unfurnished,Apartment,0,20,8,Resale,Ready to Move,,TATA Housing Development Company Ltd.
Unkown,4950000.0,,1,1,Dombivli East,Beyond Thane,19.2049111648702,73.1069201060438,Furnished,Apartment,0,0,5,Resale,Ready to Move,,Unknown
Unkown,2300000.0,,,,Shahapur,Beyond Thane,19.453550664726,73.3247044251021,,Residential Plot,0,0,2,Resale,,,Unknown
Haware Pinnacle,2800000.0,430,1,1,Kalyan West,Beyond Thane,19.2442606681675,73.123906730695,Furnished,Apartment,0,14,5,Resale,Ready to Move,1 Open,Haware Engineers & Builders Pvt Ltd
Siddharth Riverwood Park,1945000.0,350,1,,Dombivli East,Beyond Thane,19.2049111648702,73.1069201060438,Unfurnished,Apartment,0,50,5,Resale,Ready to Move,,Siddharth Group
Lodha Downtown Palava,7000000.0,636,2,2,Palava City,Beyond Thane,19.1680134933867,73.0730851842052,Semi-Furnished,Apartment,0,54,6,Resale,Ready to Move,1 Covered,Lodha Developers Limited
Unkown,11000000.0,919,3,3,Dombivli,Beyond Thane,19.2094006,73.0939483,Semi-Furnished,Apartment,0,0,8,Resale,Under Construction,1 Covered,Unknown
Indrapuri,2500000.0,462,1,1,Badlapur,Beyond Thane,19.1639249,73.2459247,Semi-Furnished,Apartment,0,14,8,Resale,Ready to Move,,Khatri Consructions
Vrundavan,3400000.0,562,2,2,Kalyan West,Beyond Thane,19.2442606681675,73.123906730695,Unfurnished,Apartment,0,23,5,Resale,Ready to Move,,Shree Vasturachna Developers
Patel Prayosha Pramukh Sadan,2300000.0,446,1,1,Ambernath,Beyond Thane,19.1986487504664,73.2004913077756,Unfurnished,Apartment,0,32,6,Resale,Ready to Move,,Patel RPL Realty
Patel Elysium,2379999.0,360,1,1,Ambernath,Beyond Thane,19.1986487504664,73.2004913077756,Unfurnished,Apartment,0,12,6,Resale,Ready to Move,,Patel RPL Realty
Eternal Avenue,2780000.0,492,1,1,Badlapur,Beyond Thane,19.1639249,73.2459247,Semi-Furnished,Apartment,0,10,8,Resale,Ready to Move,,Magnum Life Spaces
Neel Siddhi Balaji Garden,12000000.0,864,3,3,Dombivli East,Beyond Thane,19.2049111648702,73.1069201060438,Furnished,Apartment,0,17,5,Resale,Ready to Move,,Neel Siddhi developers
Green Park,4500000.0,392,1,1,Dombivli East,Beyond Thane,19.2049111648702,73.1069201060438,Furnished,Apartment,0,9,5,Resale,Under Construction,,KP Infra
Green Park,5250000.0,626,2,2,Dombivli East,Beyond Thane,19.2049111648702,73.1069201060438,Unfurnished,Apartment,0,9,5,Resale,Ready to Move,,KP Infra
Sundaram Plaza,3500000.0,432,1,1,Dombivli East,Beyond Thane,19.2049111648702,73.1069201060438,Unfurnished,Apartment,0,7,5,Resale,Ready to Move,,Shivam Buildcon
Mayfair Aasaan,1300000.0,230,1,1,Asangaon,Beyond Thane,19.4390197,73.3030715,Unfurnished,Apartment,0,1,2,Resale,Ready to Move,,Mayfair Housing
Aditya Villa,2400000.0,451,1,1,Ambernath,Beyond Thane,19.1986487504664,73.2004913077756,Semi-Furnished,Apartment,0,4,6,Resale,Ready to Move,,Anantnath Developers
Shubh Aangan,3500000.0,630,2,2,Badlapur,Beyond Thane,19.1639249,73.2459247,Semi-Furnished,Apartment,0,21,8,Resale,Ready to Move,,Shubh Group
Vishnu Vatika,1850000.0,396,1,1,Badlapur,Beyond Thane,19.1639249,73.2459247,Unfurnished,Apartment,0,18,8,Resale,Ready to Move,,Vishnu Group
Poddar Wondercity,2000000.0,,1,1,Badlapur East,Beyond Thane,19.1639249,73.2459247,Unfurnished,Apartment,0,14,6,New Property,Under Construction,,Poddar Housing
Poddar Wondercity,1965400.0,,2,1,Badlapur East,Beyond Thane,19.1639249,73.2459247,Unfurnished,Apartment,0,14,6,New Property,Under Construction,,Poddar Housing
Raj Tulsi City,3000000.0,472,1,1,Badlapur,Beyond Thane,19.1639249,73.2459247,Furnished,Apartment,0,14,8,Resale,Ready to Move,,Raj Group
Arihant City Phase 2,8000000.0,555,2,2,Bhiwandi,Beyond Thane,19.2937911767008,73.0653582109139,Unfurnished,Apartment,0,12,6,Resale,Ready to Move,,Arihant Group
Arihant City Phase 2,4500000.0,351,1,1,Bhiwandi,Beyond Thane,19.2937911767008,73.0653582109139,Unfurnished,Apartment,0,12,6,Resale,Ready to Move,,Arihant Group
Arihant City Phase 1,4400000.0,413,1,2,Bhiwandi,Beyond Thane,19.2937911767008,73.0653582109139,Unfurnished,Apartment,0,5,6,Resale,Ready to Move,,Arihant Group
Poddar Wondercity,2300000.0,,1,1,Badlapur East,Beyond Thane,19.1639249,73.2459247,Unfurnished,Apartment,0,14,6,New Property,Ready to Move,,Poddar Housing
Poddar Wondercity,2300000.0,,1,1,Badlapur East,Beyond Thane,19.1639249,73.2459247,Unfurnished,Apartment,0,14,6,New Property,Under Construction,,Poddar Housing
Poddar Wondercity,2000000.0,,1,1,Badlapur East,Beyond Thane,19.1639249,73.2459247,Unfurnished,Apartment,0,14,6,New Property,Under Construction,,Poddar Housing
Poddar Wondercity,2200000.0,,1,2,Badlapur East,Beyond Thane,19.1639249,73.2459247,Unfurnished,Apartment,0,14,6,New Property,Under Construction,,Poddar Housing
Neel Siddhi Balaji Garden,9900000.0,900,3,3,Dombivli East,Beyond Thane,19.2049111648702,73.1069201060438,Unfurnished,Apartment,0,17,5,Resale,Ready to Move,,Neel Siddhi developers
Neel Siddhi Balaji Garden,9800000.0,900,3,3,Dombivli East,Beyond Thane,19.2049111648702,73.1069201060438,Furnished,Apartment,0,17,5,Resale,Ready to Move,,Neel Siddhi developers
Neel Siddhi Balaji Garden,9500000.0,900,3,3,Dombivli East,Beyond Thane,19.2049111648702,73.1069201060438,Unfurnished,Apartment,0,17,5,Resale,Ready to Move,,Neel Siddhi developers
Shivom Galaxy,4400000.0,,1,1,Chakki Naka,Beyond Thane,19.2194377355058,73.1372713822547,Unfurnished,Apartment,0,8,0,New Property,Under Construction,,Shivom Developer
Shivom Galaxy,4399000.0,,1,1,Kalyan East,Beyond Thane,19.2280216158659,73.1334807284888,Unfurnished,Apartment,0,8,2,New Property,Ready to Move,,Shivom Developer
Shivom Galaxy,4300000.0,,1,1,Kalyan East,Beyond Thane,19.2280216158659,73.1334807284888,Unfurnished,Apartment,0,8,2,New Property,Under Construction,,Shivom Developer
Shivom Galaxy,4300000.0,,1,1,Kalyan East,Beyond Thane,19.2280216158659,73.1334807284888,Semi-Furnished,Apartment,0,8,2,New Property,Under Construction,,Shivom Developer
Unkown,19900000.0,,,,Ulhasnagar,Beyond Thane,19.2253646109387,73.1645678200285,Semi-Furnished,Commercial Shop,0,0,7,Resale,Ready to Move,,Unknown
Tata Shubh Griha,1600000.0,,1,1,Vasind,Beyond Thane,19.4059529362434,73.2634315742197,Unfurnished,Apartment,0,13,2,Resale,,,TATA Housing Development Company Ltd.
Royale Village,2300000.0,,,,Murbad,Beyond Thane,19.2663415745285,73.3933927481555,,Residential Plot,0,2,3,Resale,,,Mountain Range Properties & Resorts Pvt Ltd.
Panvelkar Aqua Marine,2500000.0,,1,2,Ambernath East,Beyond Thane,19.2075883274914,73.1854898657514,Semi-Furnished,Apartment,0,21,1,Resale,Ready to Move,,Panvelkar Group
Lodha Casa Rio,6000000.0,,2,2,Dombivli,Beyond Thane,19.2094006,73.0939483,Semi-Furnished,Apartment,0,33,8,Resale,Ready to Move,,Lodha Developers Limited
Unkown,2000000.0,,1,1,Asangaon,Beyond Thane,19.4390197,73.3030715,Semi-Furnished,Residential House,0,0,2,Resale,Ready to Move,,Unknown
Unkown,2600000.0,,1,1,Dombivli East,Beyond Thane,19.2049111648702,73.1069201060438,Unfurnished,Apartment,0,0,5,Resale,Ready to Move,,Unknown
Unkown,4500000.0,,,,Bhiwandi,Beyond Thane,19.2937911767008,73.0653582109139,,Warehouse/ Godown,0,0,6,Resale,Ready to Move,,Unknown
Unkown,3500000.0,,1,1,Palava City,Beyond Thane,19.1680134933867,73.0730851842052,Furnished,Apartment,0,0,6,Resale,Ready to Move,,Unknown
JP Harmony,3000000.0,,1,1,Ambernath,Beyond Thane,19.1986487504664,73.2004913077756,Unfurnished,Apartment,0,0,6,New Property,Ready to Move,,JP Developers
Unity Dream Home,3600000.0,418,1,1,Dombivli East,Beyond Thane,19.2049111648702,73.1069201060438,Unfurnished,Apartment,0,21,5,Resale,Ready to Move,,Unity Builders and Developers
Unkown,2300000.0,,1,1,Dombivli East,Beyond Thane,19.2049111648702,73.1069201060438,Unfurnished,Builder Floor Apartment,0,0,5,Resale,Ready to Move,,Unknown
Unkown,3000000.0,,1,1,Karjat,Beyond Thane,18.9112989,73.328189,Unfurnished,Apartment,0,0,2,Resale,Ready to Move,,Unknown
Godrej Nirvaan,9000000.0,,2,2,Kalyan West,Beyond Thane,19.2442606681675,73.123906730695,Unfurnished,Apartment,0,45,5,Resale,Ready to Move,,Godrej Properties
Labdhi Gardens,2500000.0,,1,2,Neral,Beyond Thane,19.0248210057881,73.3169473654086,Semi-Furnished,Apartment,0,28,0,Resale,Ready to Move,2 Open,Labdhi Lifestyles Ltd.
Jashnani Chintamani Habitat,2300000.0,,2,2,Shahapur,Beyond Thane,19.453550664726,73.3247044251021,Unfurnished,Apartment,0,26,2,Resale,Ready to Move,2 Open,Jashnani Construction Pvt. Ltd.
Unkown,4500000.0,536,2,2,Kongaon,Beyond Thane,19.2488820895278,73.1078341740368,Unfurnished,Apartment,0,0,0,Resale,Under Construction,1 Open,Unknown
Unkown,5500000.0,,1,1,Dombivli East,Beyond Thane,19.2049111648702,73.1069201060438,Semi-Furnished,Residential House,0,0,5,Resale,Ready to Move,,Unknown
Om Giridhar Society,5800000.0,,2,2,Kalyan West,Beyond Thane,19.2442606681675,73.123906730695,Semi-Furnished,Apartment,0,0,5,Resale,Ready to Move,,Unknown
Unkown,1300000.0,,,,Murbad,Beyond Thane,19.2663415745285,73.3933927481555,,Residential Plot,0,0,3,Resale,,,Unknown
Vedant Millenia,6000000.0,,3,3,Titwala,Beyond Thane,19.295217297811,73.2124239025258,Unfurnished,Apartment,0,27,4,Resale,Ready to Move,,Tharwani Infrastructures
Lodha Casa Rio Gold,4850000.0,700,2,2,Dombivli,Beyond Thane,19.2094006,73.0939483,Unfurnished,Apartment,0,44,8,Resale,Ready to Move,"1 Covered, 1 Open",Lodha Developers Limited
Sanghvi Paradise,2700000.0,650,2,2,Asangaon,Beyond Thane,19.4390197,73.3030715,Unfurnished,Apartment,0,29,2,New Property,Ready to Move,,Sanghvi Group
Unkown,2200000.0,,1,1,Karjat,Beyond Thane,18.9112989,73.328189,Unfurnished,Apartment,0,0,2,Resale,Ready to Move,,Unknown
Unkown,6000000.0,635,2,1,Ram Nagar Dombivli East,Beyond Thane,19.215646396774,73.0865415651692,Semi-Furnished,Apartment,0,0,0,Resale,Ready to Move,,Unknown
Unkown,5800000.0,,1,2,Dombivli East,Beyond Thane,19.2049111648702,73.1069201060438,Semi-Furnished,Residential House,0,0,5,Resale,Ready to Move,2 Covered,Unknown
Unkown,1200000.0,,1,1,Kalyan East,Beyond Thane,19.2280216158659,73.1334807284888,Unfurnished,Residential House,0,0,2,Resale,Ready to Move,,Unknown
Unkown,4500000.0,,3,2,Kalyan East,Beyond Thane,19.2280216158659,73.1334807284888,Semi-Furnished,Apartment,0,0,2,Resale,Ready to Move,,Unknown
Regency Anantam,5200000.0,,1,2,Dombivli East,Beyond Thane,19.2049111648702,73.1069201060438,Unfurnished,Apartment,0,29,5,Resale,Ready to Move,,Regency Group
Regency Anantam,7000000.0,,1,2,Dombivli East,Beyond Thane,19.2049111648702,73.1069201060438,Semi-Furnished,Apartment,0,29,5,Resale,Ready to Move,,Regency Group
GBK Vishwajeet Paradise,3000000.0,477,1,2,Ambernath West,Beyond Thane,19.2107415190685,73.1908213734783,Unfurnished,Apartment,0,21,2,Resale,Ready to Move,,GBK Group
Shanti Niketan,4700000.0,510,1,2,Dombivli East,Beyond Thane,19.2049111648702,73.1069201060438,Unfurnished,Apartment,0,11,5,Resale,Ready to Move,,Anmol Associate
Sini Enclave,3200000.0,472,1,1,Kasheli,Beyond Thane,19.2301651,73.0171568,Semi-Furnished,Apartment,0,5,2,Resale,Ready to Move,,vastu builders
Tharwani Meghna Montana,2900000.0,505,1,1,Ambernath,Beyond Thane,19.1986487504664,73.2004913077756,Semi-Furnished,Apartment,0,22,6,Resale,Ready to Move,,Tharwani Construction Pvt. Ltd.
Tharwani Meghna Montana,4500000.0,714,2,2,Ambernath,Beyond Thane,19.1986487504664,73.2004913077756,Unfurnished,Apartment,0,22,6,Resale,Ready to Move,,Tharwani Construction Pvt. Ltd.
Krishna Kunj,2500000.0,418,1,1,Badlapur East,Beyond Thane,19.1639249,73.2459247,Semi-Furnished,Apartment,0,14,6,Resale,Under Construction,,Sai Developers
Riddhi Siddhi Complex,2300000.0,490,1,1,Bhiwandi,Beyond Thane,19.2937911767008,73.0653582109139,Unfurnished,Apartment,0,11,6,Resale,Ready to Move,,Sushmita Landmark
Xrbia Aashiyana,1300000.0,414,1,2,Vangani,Beyond Thane,19.0925602606021,73.2971135741545,Unfurnished,Apartment,0,15,4,Resale,Under Construction,,XRBIA Developers
Deep Aashish,1950000.0,499,1,1,Badlapur,Beyond Thane,19.1639249,73.2459247,Semi-Furnished,Apartment,0,8,8,Resale,Ready to Move,,Deepali Construction
Deep Aashish,2000000.0,407,1,1,Badlapur,Beyond Thane,19.1639249,73.2459247,Unfurnished,Apartment,0,8,8,Resale,Ready to Move,,Deepali Construction
Deep Aashish,3740000.0,691,2,2,Badlapur,Beyond Thane,19.1639249,73.2459247,Unfurnished,Apartment,0,8,8,Resale,Ready to Move,,Deepali Construction
Deep Aashish,2100000.0,432,1,1,Badlapur East,Beyond Thane,19.1639249,73.2459247,Unfurnished,Apartment,0,8,6,Resale,Ready to Move,,Deepali Construction
Vidhi Complex,3300000.0,360,1,1,Kalyan West,Beyond Thane,19.2442606681675,73.123906730695,Semi-Furnished,Apartment,0,10,5,Resale,Ready to Move,,Vidhi Developers
Yogi Dham,5000000.0,460,1,2,Kalyan,Beyond Thane,19.2449413625186,73.1331398884041,Unfurnished,Apartment,0,6,8,Resale,Ready to Move,,Ajmera Realty
Mangal Murti Homes,4600000.0,482,1,2,Thakurli,Beyond Thane,19.2252747701219,73.1000690723917,Semi-Furnished,Apartment,0,0,1,Resale,Ready to Move,,Unknown
Madhav Sansar,4200000.0,425,1,1,Kalyan West,Beyond Thane,19.2442606681675,73.123906730695,Unfurnished,Apartment,0,17,5,Resale,Ready to Move,,Madhav Constructions
Madhav Sansar,4200000.0,301,1,1,Kalyan West,Beyond Thane,19.2442606681675,73.123906730695,Unfurnished,Apartment,0,17,5,Resale,Ready to Move,,Madhav Constructions
Ahuja Prasadam Township,4000000.0,745,2,2,Ambernath,Beyond Thane,19.1986487504664,73.2004913077756,Unfurnished,Apartment,0,47,6,Resale,Ready to Move,,Ahuja Group
Lodha Palava,4900000.0,482,1,1,Dombivli,Beyond Thane,19.2094006,73.0939483,Unfurnished,Apartment,0,56,8,Resale,Ready to Move,,Lodha Developers Limited
Vedant Millenia,2900000.0,484,1,1,Titwala,Beyond Thane,19.295217297811,73.2124239025258,Semi-Furnished,Apartment,0,27,4,Resale,Ready to Move,,Tharwani Infrastructures
Imperial,8100000.0,778,2,2,Dombivli East,Beyond Thane,19.2049111648702,73.1069201060438,Unfurnished,Apartment,0,19,5,Resale,Ready to Move,,Aristo Realty Developers Ltd.
Manjiri Heights,2400000.0,432,1,1,Badlapur,Beyond Thane,19.1639249,73.2459247,Unfurnished,Apartment,0,15,8,Resale,Ready to Move,,Yash Infrastructure
Manjiri Heights,2700000.0,467,1,1,Badlapur,Beyond Thane,19.1639249,73.2459247,Furnished,Apartment,0,15,8,Resale,Ready to Move,,Yash Infrastructure
Manjiri Heights,4500000.0,540,2,2,Badlapur,Beyond Thane,19.1639249,73.2459247,Unfurnished,Apartment,0,15,8,Resale,Ready to Move,,Yash Infrastructure
Galaxy,4000000.0,479,1,1,Badlapur,Beyond Thane,19.1639249,73.2459247,Unfurnished,Apartment,0,14,8,Resale,Ready to Move,,Deeplaxmi Developers
Poddar Samruddhi Evergreens,2000000.0,327,1,1,Badlapur,Beyond Thane,19.1639249,73.2459247,Unfurnished,Apartment,0,13,8,Resale,Ready to Move,,Poddar Housing
Poddar Samruddhi Evergreens,1700000.0,418,1,1,Badlapur,Beyond Thane,19.1639249,73.2459247,Unfurnished,Apartment,0,13,8,Resale,Ready to Move,,Poddar Housing
Mohan Greenwoods,2800000.0,508,1,1,Badlapur,Beyond Thane,19.1639249,73.2459247,Unfurnished,Apartment,0,16,8,Resale,Ready to Move,,Mohan Group
Mohan Suburbia,7000000.0,940,3,2,Ambernath,Beyond Thane,19.1986487504664,73.2004913077756,Unfurnished,Apartment,0,32,6,Resale,Ready to Move,,Mohan Group
Mohan Suburbia,6500000.0,940,3,3,Ambernath,Beyond Thane,19.1986487504664,73.2004913077756,Unfurnished,Apartment,0,32,6,Resale,Ready to Move,,Mohan Group
Unkown,2200000.0,,1,1,Ambernath West,Beyond Thane,19.2107415190685,73.1908213734783,Semi-Furnished,Apartment,0,0,2,Resale,Ready to Move,,Unknown
Unkown,5000000.0,585,2,1,Kalyan Shilphata Road,Beyond Thane,19.1935268122556,73.0967156475895,Unfurnished,Apartment,0,0,5,Resale,Ready to Move,1 Open,Unknown
Unkown,4500000.0,,1,1,Dombivli West,Beyond Thane,19.2174682509913,73.0750339345098,Semi-Furnished,Apartment,0,0,2,Resale,Ready to Move,,Unknown
Anuradha Darshan,6000000.0,517,1,1,Dombivli East,Beyond Thane,19.2049111648702,73.1069201060438,Unfurnished,Apartment,0,0,5,Resale,Ready to Move,1 Covered,Unknown
Unkown,2600000.0,,1,1,Bhiwandi,Beyond Thane,19.2937911767008,73.0653582109139,Unfurnished,Builder Floor Apartment,0,0,6,Resale,Ready to Move,,Unknown
Unkown,16000000.0,,,,Neral,Beyond Thane,19.0248210057881,73.3169473654086,,Farm House,0,0,0,Resale,,,Unknown
Tukaram plaza,5000000.0,,2,2,Kalyan,Beyond Thane,19.2449413625186,73.1331398884041,Unfurnished,Apartment,0,9,8,Resale,,,Arya Developers
Triaxis Rose Garden,2000000.0,375,1,1,Asangaon,Beyond Thane,19.4390197,73.3030715,Unfurnished,Apartment,0,11,2,Resale,Ready to Move,,Triaxis
Lodha Downtown Palava,4000000.0,426,1,2,Palava City,Beyond Thane,19.1680134933867,73.0730851842052,Semi-Furnished,Apartment,0,54,6,Resale,Ready to Move,,Lodha Developers Limited
Runwal Mycity Phase 2,8500000.0,549,2,2,Dombivli East,Beyond Thane,19.2049111648702,73.1069201060438,Furnished,Apartment,0,0,5,New Property,Ready to Move,,Unknown
Mohan Suburbia,4500000.0,850,2,2,Ambernath East,Beyond Thane,19.2075883274914,73.1854898657514,Unfurnished,Apartment,0,11,1,Resale,Ready to Move,,Mohan Group
Atlanta Edenworld,4200000.0,,2,2,Bhiwandi,Beyond Thane,19.2937911767008,73.0653582109139,Semi-Furnished,Apartment,0,32,6,Resale,Ready to Move,1 Open,Sai Balaji Developers
Unkown,4000000.0,,1,1,Dombivli West,Beyond Thane,19.2174682509913,73.0750339345098,Unfurnished,Apartment,0,0,2,Resale,Ready to Move,,Unknown
Amber Heights,2700000.0,481,1,1,Ambernath East,Beyond Thane,19.2075883274914,73.1854898657514,Unfurnished,Apartment,0,19,1,Resale,Ready to Move,,Shree Krishna Enterprises
Vikrant Emerald,2250000.0,,,,Neral,Beyond Thane,19.0248210057881,73.3169473654086,,Residential Plot,0,0,0,Resale,,,Unknown
Shashwat Park 2,2400000.0,420,1,1,Badlapur,Beyond Thane,19.1639249,73.2459247,Semi-Furnished,Apartment,0,6,8,Resale,Ready to Move,,Shashwat Group Builders
Ahuja Prasadam,4000000.0,,2,2,Ambernath East,Beyond Thane,19.2075883274914,73.1854898657514,Unfurnished,Apartment,0,25,1,Resale,Ready to Move,,Ahuja Group
Unkown,8500000.0,,3,3,Kalyan,Beyond Thane,19.2449413625186,73.1331398884041,Furnished,Apartment,0,0,8,Resale,Ready to Move,,Unknown
Unkown,5500000.0,,1,1,Dombivli East,Beyond Thane,19.2049111648702,73.1069201060438,Unfurnished,Apartment,0,0,5,Resale,Ready to Move,,Unknown
Sheltrex,1300000.0,,1,1,Karjat,Beyond Thane,18.9112989,73.328189,Unfurnished,Builder Floor Apartment,0,47,2,Resale,Ready to Move,1 Open,Sheltrex
Unkown,2500000.0,,1,1,Badlapur West,Beyond Thane,19.1760975692482,73.2401614495576,Unfurnished,Apartment,0,0,0,Resale,Ready to Move,,Unknown
Unkown,4000000.0,700,2,2,Ambernath East,Beyond Thane,19.2075883274914,73.1854898657514,Unfurnished,Apartment,0,0,1,Resale,Ready to Move,,Unknown
Unkown,750000.0,,1,1,Kalyan East,Beyond Thane,19.2280216158659,73.1334807284888,Unfurnished,Apartment,0,0,2,Resale,Ready to Move,,Unknown
Lodha Casa Bella Gold,2800000.0,442,1,1,Palava City,Beyond Thane,19.1680134933867,73.0730851842052,Semi-Furnished,Apartment,0,20,6,Resale,Ready to Move,,Lodha Developers Limited
Amrapali Amit Complex,2400000.0,,1,1,Badlapur East,Beyond Thane,19.1639249,73.2459247,Unfurnished,Apartment,0,19,6,Resale,Ready to Move,,Amrapali Group
Bhav Residency,2800000.0,375,1,2,Kasheli,Beyond Thane,19.2301651,73.0171568,Semi-Furnished,Apartment,0,4,2,Resale,Ready to Move,,Ramdev Developers
Elite Yogi Niwas,3000000.0,464,1,1,Ambernath,Beyond Thane,19.1986487504664,73.2004913077756,Unfurnished,Apartment,0,0,6,Resale,Ready to Move,,Elite Infrastructures
Valaram Ashish,8500000.0,1200,2,3,Titwala,Beyond Thane,19.295217297811,73.2124239025258,Semi-Furnished,Residential House,0,0,4,Resale,Ready to Move,,Unknown
Unkown,3300000.0,560,2,2,Badlapur,Beyond Thane,19.1639249,73.2459247,Unfurnished,Apartment,0,27,8,New Property,Ready to Move,,Unknown
Prakruti Vihar,2990000.0,,1,1,Badlapur,Beyond Thane,19.1639249,73.2459247,Semi-Furnished,Apartment,0,4,8,New Property,Ready to Move,,Prakruti Group
Lodha Palava City,4500000.0,525,1,1,Dombivli,Beyond Thane,19.2094006,73.0939483,Unfurnished,Apartment,0,56,8,Resale,Ready to Move,,Lodha Developers Limited
Pancharatna Mahal Chs,5200000.0,385,1,1,Dombivli East,Beyond Thane,19.2049111648702,73.1069201060438,Unfurnished,Apartment,0,0,5,Resale,Ready to Move,,Unknown
Sarvodaya Swaroop,4650000.0,504,1,1,Thakurli,Beyond Thane,19.2252747701219,73.1000690723917,Unfurnished,Apartment,0,0,1,Resale,Ready to Move,,Mangalmurti Developers
Regency Sarvam Phase 2,3300000.0,515,1,1,Titwala,Beyond Thane,19.295217297811,73.2124239025258,Unfurnished,Apartment,0,0,4,Resale,Ready to Move,,Regency Group
Mohan Tulsi Vihar,3750000.0,752,2,2,Badlapur,Beyond Thane,19.1639249,73.2459247,Unfurnished,Apartment,0,0,8,Resale,Ready to Move,,Tulsi Estates
Amar Deep Apartment,3500000.0,700,2,2,Ambernath,Beyond Thane,19.1986487504664,73.2004913077756,Semi-Furnished,Apartment,0,0,6,Resale,Ready to Move,,Unknown
Raj Tulsi V City,1350000.0,277,1,1,Vangani,Beyond Thane,19.0925602606021,73.2971135741545,Unfurnished,Apartment,0,15,4,Resale,Ready to Move,,Raj Group
Bhav Residency,2600000.0,409,1,2,Kasheli,Beyond Thane,19.2301651,73.0171568,Unfurnished,Apartment,0,4,2,Resale,Ready to Move,,Ramdev Developers
Sai Leela,1800000.0,216,1,1,Kalyan East,Beyond Thane,19.2280216158659,73.1334807284888,Semi-Furnished,Apartment,0,20,2,Resale,Ready to Move,,Famous Builders And Developers
Sadguru Residency,1700000.0,252,1,1,Dombivli East,Beyond Thane,19.2049111648702,73.1069201060438,Semi-Furnished,Apartment,0,8,5,Resale,Ready to Move,,R K Construction
Mahavir Heights,3000000.0,468,1,1,Kalyan West,Beyond Thane,19.2442606681675,73.123906730695,Semi-Furnished,Apartment,0,9,5,Resale,Under Construction,,Mahavir Builders
Sai Mauli,2200000.0,310,1,1,Dombivli East,Beyond Thane,19.2049111648702,73.1069201060438,Furnished,Apartment,0,0,5,Resale,Ready to Move,,Unknown
Royal park Ambernath East,5300000.0,828,3,2,Ambernath East,Beyond Thane,19.2075883274914,73.1854898657514,Semi-Furnished,Apartment,0,0,1,Resale,Ready to Move,,Unknown
Vaishnavi Pride,2100000.0,426,1,1,Kalyan East,Beyond Thane,19.2280216158659,73.1334807284888,Unfurnished,Apartment,0,5,2,Resale,Ready to Move,,Vaishnavi Developers
Seema Banjara Hills,960000.0,,,,Ambivali Shahapur,Beyond Thane,19.37655775,73.33946359,,Residential Plot,0,0,0,Resale,,,Unknown
Om Sai Apartments,2000000.0,424,1,1,Dombivli East,Beyond Thane,19.2049111648702,73.1069201060438,Unfurnished,Apartment,0,10,5,Resale,Ready to Move,,Om Sai Constructions
Om Chintamani Residency,1800000.0,,1,1,Titwala,Beyond Thane,19.295217297811,73.2124239025258,Unfurnished,Apartment,0,2,4,Resale,Ready to Move,,Unknown
Vaishnavi Apartment,1350000.0,338,1,1,Kalyan East,Beyond Thane,19.2280216158659,73.1334807284888,Unfurnished,Apartment,0,3,2,Resale,Ready to Move,,Tisai Builders and Developers
Godrej Nirvaan,4600000.0,419,1,2,Kalyan West,Beyond Thane,19.2442606681675,73.123906730695,Unfurnished,Apartment,0,45,5,Resale,Ready to Move,,Godrej Properties
Bliss,1900000.0,366,1,1,Ambernath East,Beyond Thane,19.2075883274914,73.1854898657514,Unfurnished,Apartment,0,21,1,Resale,Ready to Move,,Patel RPL Realty
Unkown,15000000.0,,3,2,Dombivli East,Beyond Thane,19.2049111648702,73.1069201060438,Unfurnished,Apartment,0,0,5,Resale,Ready to Move,,Unknown
Sunshine Elegance,5500000.0,,1,1,Thakurli,Beyond Thane,19.2252747701219,73.1000690723917,Unfurnished,Apartment,0,17,1,Resale,Ready to Move,,Sunshine Enterprises
HP Gaikar Residency,2500000.0,,1,2,Ambernath West,Beyond Thane,19.2107415190685,73.1908213734783,Unfurnished,Apartment,0,9,2,Resale,Ready to Move,,H P Developers
Unkown,2000000.0,650,1,1,Ulhasnagar,Beyond Thane,19.2253646109387,73.1645678200285,Unfurnished,Apartment,0,0,7,Resale,Ready to Move,,Unknown
Unkown,4500000.0,,2,1,Kalyan East,Beyond Thane,19.2280216158659,73.1334807284888,Semi-Furnished,Apartment,0,0,2,Resale,Ready to Move,,Unknown
Unkown,1000000.0,,1,1,Vasind,Beyond Thane,19.4059529362434,73.2634315742197,Unfurnished,Builder Floor Apartment,0,0,2,Resale,Ready to Move,,Unknown
Karrm Panchtatva Phase I,1600000.0,452,1,1,Shahapur,Beyond Thane,19.453550664726,73.3247044251021,Unfurnished,Apartment,0,0,2,Resale,Ready to Move,,Karrm Infrastructure Pvt. Ltd.
Satyam Oleander,2500000.0,545,1,1,Ambernath,Beyond Thane,19.1986487504664,73.2004913077756,Semi-Furnished,Apartment,0,0,6,Resale,Ready to Move,,Unknown
Panvelkar Classic,4000000.0,,2,2,Ambernath East,Beyond Thane,19.2075883274914,73.1854898657514,Semi-Furnished,Apartment,0,13,1,New Property,Ready to Move,,Panvelkar Group
Unkown,1200000.0,,,,Khardi,Beyond Thane,19.58376,73.39068,,Residential Plot,0,0,0,Resale,,,Unknown
Happy Sarvoday 1,76443000.0,755,,1,Kalyan,Beyond Thane,19.2449413625186,73.1331398884041,Unfurnished,Commercial Office Space,0,6,8,New Property,Dec '28,,Happy Home Group
Lodha Opulis B,38000000.0,2498,4,4,Kole,Beyond Thane,19.22816159,73.36323194,Unfurnished,Apartment,0,10,0,New Property,May '30,,Lodha Developers Limited
Godrej Nirvaan,4949000.0,424,1,1,Kalyan West,Beyond Thane,19.2442606681675,73.123906730695,Unfurnished,Apartment,0,45,5,New Property,Under Construction,,Godrej Properties
Kalpataru Aria ,11400000.0,2280,,,Karjat,Beyond Thane,18.9112989,73.328189,Unfurnished,Residential Plot,0,23,2,New Property,,,Kalpataru Ltd.
Dosti Greater Thane,5954000.0,535,2,2,Bhiwandi,Beyond Thane,19.2937911767008,73.0653582109139,Unfurnished,Apartment,0,14,6,New Property,Jun '28,,Dosti Realty 
Tharwani Ariana,5017000.0,846,3,3,Ambernath West,Beyond Thane,19.2107415190685,73.1908213734783,Unfurnished,Apartment,0,20,2,New Property,Ready to Move,,Tharwani Realty
Kalpataru Aria ,49345000.0,9000,,,Karjat,Beyond Thane,18.9112989,73.328189,Unfurnished,Residential Plot,0,23,2,New Property,,,Kalpataru Ltd.
Dosti Greater Thane,4129000.0,371,1,1,Bhiwandi,Beyond Thane,19.2937911767008,73.0653582109139,Unfurnished,Apartment,0,14,6,New Property,Jun '28,,Dosti Realty 
Rustomjee Urban Woods,12399000.0,1124,3,3,Kalyan East,Beyond Thane,19.2280216158659,73.1334807284888,Unfurnished,Apartment,0,25,2,New Property,May '29,,Rustomjee
Growmore Unimax Life,3838000.0,446,1,1,Dombivli East,Beyond Thane,19.2049111648702,73.1069201060438,Unfurnished,Apartment,1,12,5,New Property,Dec '29,1 Covered,Growmore Lifespaces Llp
Runwal Garden City,7200000.0,568,3,3,Dombivli,Beyond Thane,19.2094006,73.0939483,Unfurnished,Apartment,1,43,8,New Property,Sep '27,,Runwal Enterprises
Sunteck Crescent Park,7200000.0,656,2,2,Kalyan,Beyond Thane,19.2449413625186,73.1331398884041,Unfurnished,Apartment,1,35,8,New Property,Dec '29,1 Covered,Sunteck Realty Ltd.
Rustomjee Urban Woods,6148800.0,585,2,2,Kalyan East,Beyond Thane,19.2280216158659,73.1334807284888,Unfurnished,Apartment,1,25,2,New Property,Under Construction,1 Covered,Rustomjee
Rustomjee Urban Woods,7499000.0,682,2,2,Dombivli East,Beyond Thane,19.2049111648702,73.1069201060438,Unfurnished,Apartment,1,25,5,New Property,May '29,1 Covered,Rustomjee
Lodha Codename Premier,8999999.0,759,3,2,Dombivli East,Beyond Thane,19.2049111648702,73.1069201060438,Unfurnished,Apartment,1,28,5,New Property,Under Construction,1 Covered,Lodha Developers Limited
Unkown,2600000.0,334,1,2,Titwala Goveli Road,Beyond Thane,19.28147176,73.23442666,Unfurnished,Apartment,0,0,0,New Property,Ready to Move,1 Open,Unknown
Unkown,5160000.0,516,1,1,Khadakpada,Beyond Thane,19.2626421381468,73.131209510184,Unfurnished,Apartment,0,0,1,New Property,Under Construction,1 Covered,Unknown
Unkown,24800000.0,1963,3,4,Bhiwandi,Beyond Thane,19.2937911767008,73.0653582109139,Unfurnished,Villa,1,0,6,New Property,Under Construction,2 Covered,Unknown
Shahpur ShubhVastu ,1692000.0,389,1,1,Shivajinagar Vasind,Beyond Thane,19.40599112,73.26267306,Unfurnished,Apartment,0,16,0,Resale,Ready to Move,,Shahpur Infrastructure
Lodha Villa Royale,35000000.0,2000,3,4,Dombivli East,Beyond Thane,19.2049111648702,73.1069201060438,Semi-Furnished,Villa,1,10,5,Resale,Under Construction,"1 Covered, 2 Open",Lodha Developers Limited
Lodha Codename Premier,5927000.0,540,2,2,Dombivli East,Beyond Thane,19.2049111648702,73.1069201060438,Unfurnished,Apartment,0,28,5,New Property,Under Construction,,Lodha Developers Limited
Rustomjee Belle Vue,6200000.0,3200,3,3,Shahapur,Beyond Thane,19.453550664726,73.3247044251021,Unfurnished,Villa,1,10,2,New Property,Under Construction,1 Covered,Rustomjee
Unkown,5900000.0,850,2,2,Kasheli,Beyond Thane,19.2301651,73.0171568,Furnished,Apartment,0,0,2,Resale,Ready to Move,,Unknown
Panvelkar Aqua Marine,3000000.0,,,,Ambernath East,Beyond Thane,19.2075883274914,73.1854898657514,Unfurnished,Commercial Shop,0,21,1,Resale,Ready to Move,,Panvelkar Group
Runwal Garden City,3500000.0,355,1,1,Dombivli,Beyond Thane,19.2094006,73.0939483,Unfurnished,Apartment,1,43,8,Resale,Ready to Move,,Runwal Enterprises
Amber Enclave,5200000.0,460,1,1,Thakurli,Beyond Thane,19.2252747701219,73.1000690723917,Unfurnished,Apartment,0,19,1,Resale,Ready to Move,1 Open,AMBER GROUP
Shree Samarth Paradise ,2300000.0,420,1,2,Neral,Beyond Thane,19.0248210057881,73.3169473654086,Unfurnished,Apartment,1,7,0,New Property,Under Construction,,Shree Samarth Residency
Mohan Suburbia,4000000.0,,2,2,Ambernath,Beyond Thane,19.1986487504664,73.2004913077756,Unfurnished,Apartment,0,32,6,New Property,Ready to Move,,Mohan Group
Unkown,7300000.0,600,2,2,New Thakurli Road,Beyond Thane,19.22450879,73.10186665,Unfurnished,Apartment,0,0,0,Resale,Ready to Move,1 Covered,Unknown
Versatile Valley,5500000.0,700,2,2,Dombivli East,Beyond Thane,19.2049111648702,73.1069201060438,Unfurnished,Apartment,0,23,5,New Property,Ready to Move,1 Covered,Versatile Housing
Nirmal Lifestyle,5500000.0,583,2,2,Kalyan,Beyond Thane,19.2449413625186,73.1331398884041,Unfurnished,Apartment,0,40,8,Resale,Ready to Move,,Nirmal Builders
Trimurti Residency,4200000.0,691,2,2,Badlapur West,Beyond Thane,19.1760975692482,73.2401614495576,Semi-Furnished,Apartment,0,6,0,Resale,Ready to Move,,Trimurti Developers
Vastusankalp Punyodaya Rio,6500000.0,660,2,2,Kalyan West,Beyond Thane,19.2442606681675,73.123906730695,Unfurnished,Apartment,0,9,5,Resale,Ready to Move,,Vastusankalp Developers
Utkarsh Dreamland,4590000.0,675,2,2,Vasind,Beyond Thane,19.4059529362434,73.2634315742197,Semi-Furnished,Apartment,0,6,2,Resale,Ready to Move,,Utkarsh Developers
Vaishnavi Heights,4500000.0,396,1,2,Kalyan,Beyond Thane,19.2449413625186,73.1331398884041,Unfurnished,Apartment,0,29,8,Resale,Under Construction,,Vaishnavi Developer
Niraj City Phase 2,6500000.0,684,2,2,Kalyan,Beyond Thane,19.2449413625186,73.1331398884041,Unfurnished,Apartment,0,22,8,Resale,Ready to Move,,Shree Samarth Developers
Nisarg Park,3300000.0,630,2,2,Badlapur,Beyond Thane,19.1639249,73.2459247,Unfurnished,Apartment,0,11,8,Resale,Ready to Move,,Karmakushalta Developer
Mohan Willows,4400000.0,497,1,2,Badlapur East,Beyond Thane,19.1639249,73.2459247,Unfurnished,Apartment,0,16,6,Resale,Ready to Move,,Mohan Group
Sai Plaza,1800000.0,245,1,1,Ambivli,Beyond Thane,19.265744998267,73.1731540259384,Semi-Furnished,Apartment,0,10,4,Resale,Ready to Move,,Sai Construction
Triaxis Rose Garden,1800000.0,491,1,1,Asangaon,Beyond Thane,19.4390197,73.3030715,Unfurnished,Apartment,0,11,2,Resale,Ready to Move,,Triaxis
Triaxis Rose Garden,2000000.0,360,1,1,Asangaon,Beyond Thane,19.4390197,73.3030715,Unfurnished,Apartment,0,11,2,Resale,Ready to Move,,Triaxis
Shashwat Vaastu,2200000.0,464,1,2,Asangaon,Beyond Thane,19.4390197,73.3030715,Unfurnished,Apartment,0,11,2,Resale,Ready to Move,,Shashwat Group Builders
Hari Om Pooja,4800000.0,446,1,1,Dombivli West,Beyond Thane,19.2174682509913,73.0750339345098,Furnished,Apartment,0,10,2,Resale,Ready to Move,,Reputed Builder
Kubera Hills,2800000.0,569,2,1,Shahad,Beyond Thane,19.2471260600397,73.1614974632623,Unfurnished,Apartment,0,25,6,Resale,Ready to Move,,Kuber Constructions
Versatile Omkar Heights,4200000.0,500,1,1,Dombivli East,Beyond Thane,19.2049111648702,73.1069201060438,Furnished,Apartment,0,16,5,Resale,Ready to Move,,Ganga Estate Developers
Sarvodaya Trilok,4700000.0,432,1,1,Thakurli,Beyond Thane,19.2252747701219,73.1000690723917,Semi-Furnished,Apartment,0,12,1,Resale,Ready to Move,,Happy Home Projects
Sarvodaya Trilok,5200000.0,479,1,1,Thakurli,Beyond Thane,19.2252747701219,73.1000690723917,Unfurnished,Apartment,0,12,1,Resale,Ready to Move,,Happy Home Projects
Sarvodaya Trilok,6000000.0,569,2,2,Thakurli,Beyond Thane,19.2252747701219,73.1000690723917,Unfurnished,Apartment,0,12,1,Resale,Ready to Move,,Happy Home Projects
Shanti Niketan,5000000.0,510,1,2,Dombivli,Beyond Thane,19.2094006,73.0939483,Unfurnished,Apartment,0,11,8,Resale,Ready to Move,,Anmol Associate
Kashish Galaxy,6500000.0,612,2,2,Thakurli,Beyond Thane,19.2252747701219,73.1000690723917,Furnished,Apartment,0,17,1,Resale,Ready to Move,,Gauri Vinayak Builders
Lodha DownTown,4000000.0,307,1,2,Dombivli,Beyond Thane,19.2094006,73.0939483,Unfurnished,Apartment,0,55,8,Resale,Ready to Move,,Lodha Developers Limited
Lodha Downtown Palava,8400000.0,789,2,2,Palava City,Beyond Thane,19.1680134933867,73.0730851842052,Furnished,Apartment,0,54,6,Resale,Ready to Move,,Lodha Developers Limited
Lodha Downtown Palava,7500000.0,432,2,2,Palava City,Beyond Thane,19.1680134933867,73.0730851842052,Unfurnished,Apartment,0,54,6,Resale,Ready to Move,,Lodha Developers Limited
Lodha Downtown Palava,7000000.0,720,2,2,Palava City,Beyond Thane,19.1680134933867,73.0730851842052,Unfurnished,Apartment,0,54,6,Resale,Ready to Move,,Lodha Developers Limited
Lodha Downtown Palava,7000000.0,1044,2,2,Palava City,Beyond Thane,19.1680134933867,73.0730851842052,Furnished,Apartment,0,54,6,Resale,Ready to Move,,Lodha Developers Limited
Puranik Durgesh Park,15000000.0,1152,4,3,Bhiwandi,Beyond Thane,19.2937911767008,73.0653582109139,Semi-Furnished,Apartment,0,10,6,Resale,Ready to Move,,Puranik Builders ltd.
Eden Homes,1500000.0,187,1,1,Neral,Beyond Thane,19.0248210057881,73.3169473654086,Semi-Furnished,Apartment,0,15,0,Resale,Ready to Move,,Elements Group
Atharva Apartment,3200000.0,392,1,1,Bhiwandi,Beyond Thane,19.2937911767008,73.0653582109139,Semi-Furnished,Apartment,0,20,6,Resale,Ready to Move,,Lucky Group
Atharva Apartment,8500000.0,900,3,3,Bhiwandi,Beyond Thane,19.2937911767008,73.0653582109139,Semi-Furnished,Apartment,0,20,6,Resale,Ready to Move,,Lucky Group
Atharva Apartment,3599000.0,230,1,1,Bhiwandi,Beyond Thane,19.2937911767008,73.0653582109139,Unfurnished,Apartment,0,20,6,Resale,Ready to Move,,Lucky Group
Happy Sarvoday 1,76443000.0,755,,1,Kalyan,Beyond Thane,19.2449413625186,73.1331398884041,Unfurnished,Commercial Office Space,0,6,8,New Property,Dec '28,,Happy Home Group
Lodha Opulis B,38000000.0,2498,4,4,Kole,Beyond Thane,19.22816159,73.36323194,Unfurnished,Apartment,0,10,0,New Property,May '30,,Lodha Developers Limited
Godrej Nirvaan,4949000.0,424,1,1,Kalyan West,Beyond Thane,19.2442606681675,73.123906730695,Unfurnished,Apartment,0,45,5,New Property,Under Construction,,Godrej Properties
Kalpataru Aria ,11400000.0,2280,,,Karjat,Beyond Thane,18.9112989,73.328189,Unfurnished,Residential Plot,0,23,2,New Property,,,Kalpataru Ltd.
Dosti Greater Thane,5954000.0,535,2,2,Bhiwandi,Beyond Thane,19.2937911767008,73.0653582109139,Unfurnished,Apartment,0,14,6,New Property,Jun '28,,Dosti Realty 
Tharwani Ariana,5017000.0,846,3,3,Ambernath West,Beyond Thane,19.2107415190685,73.1908213734783,Unfurnished,Apartment,0,20,2,New Property,Ready to Move,,Tharwani Realty
Kalpataru Aria ,49345000.0,9000,,,Karjat,Beyond Thane,18.9112989,73.328189,Unfurnished,Residential Plot,0,23,2,New Property,,,Kalpataru Ltd.
Dosti Greater Thane,4129000.0,371,1,1,Bhiwandi,Beyond Thane,19.2937911767008,73.0653582109139,Unfurnished,Apartment,0,14,6,New Property,Jun '28,,Dosti Realty 
Rustomjee Urban Woods,12399000.0,1124,3,3,Kalyan East,Beyond Thane,19.2280216158659,73.1334807284888,Unfurnished,Apartment,0,25,2,New Property,May '29,,Rustomjee
Growmore Unimax Life,3838000.0,446,1,1,Dombivli East,Beyond Thane,19.2049111648702,73.1069201060438,Unfurnished,Apartment,1,12,5,New Property,Dec '29,1 Covered,Growmore Lifespaces Llp
Runwal Garden City,7200000.0,568,3,3,Dombivli,Beyond Thane,19.2094006,73.0939483,Unfurnished,Apartment,1,43,8,New Property,Sep '27,,Runwal Enterprises
Sunteck Crescent Park,7200000.0,656,2,2,Kalyan,Beyond Thane,19.2449413625186,73.1331398884041,Unfurnished,Apartment,1,35,8,New Property,Dec '29,1 Covered,Sunteck Realty Ltd.
Rustomjee Urban Woods,6148800.0,585,2,2,Kalyan East,Beyond Thane,19.2280216158659,73.1334807284888,Unfurnished,Apartment,1,25,2,New Property,Under Construction,1 Covered,Rustomjee
Rustomjee Urban Woods,7499000.0,682,2,2,Dombivli East,Beyond Thane,19.2049111648702,73.1069201060438,Unfurnished,Apartment,1,25,5,New Property,May '29,1 Covered,Rustomjee
Lodha Codename Premier,8999999.0,759,3,2,Dombivli East,Beyond Thane,19.2049111648702,73.1069201060438,Unfurnished,Apartment,1,28,5,New Property,Under Construction,1 Covered,Lodha Developers Limited
Unkown,2600000.0,334,1,2,Titwala Goveli Road,Beyond Thane,19.28147176,73.23442666,Unfurnished,Apartment,0,0,0,New Property,Ready to Move,1 Open,Unknown
Unkown,5160000.0,516,1,1,Khadakpada,Beyond Thane,19.2626421381468,73.131209510184,Unfurnished,Apartment,0,0,1,New Property,Under Construction,1 Covered,Unknown
Unkown,24800000.0,1963,3,4,Bhiwandi,Beyond Thane,19.2937911767008,73.0653582109139,Unfurnished,Villa,1,0,6,New Property,Under Construction,2 Covered,Unknown
Shahpur ShubhVastu ,1692000.0,389,1,1,Shivajinagar Vasind,Beyond Thane,19.40599112,73.26267306,Unfurnished,Apartment,0,16,0,Resale,Ready to Move,,Shahpur Infrastructure
Lodha Villa Royale,35000000.0,2000,3,4,Dombivli East,Beyond Thane,19.2049111648702,73.1069201060438,Semi-Furnished,Villa,1,10,5,Resale,Under Construction,"1 Covered, 2 Open",Lodha Developers Limited
Lodha Codename Premier,5927000.0,540,2,2,Dombivli East,Beyond Thane,19.2049111648702,73.1069201060438,Unfurnished,Apartment,0,28,5,New Property,Under Construction,,Lodha Developers Limited
Rustomjee Belle Vue,6200000.0,3200,3,3,Shahapur,Beyond Thane,19.453550664726,73.3247044251021,Unfurnished,Villa,1,10,2,New Property,Under Construction,1 Covered,Rustomjee
Unkown,5900000.0,850,2,2,Kasheli,Beyond Thane,19.2301651,73.0171568,Furnished,Apartment,0,0,2,Resale,Ready to Move,,Unknown
Panvelkar Aqua Marine,3000000.0,,,,Ambernath East,Beyond Thane,19.2075883274914,73.1854898657514,Unfurnished,Commercial Shop,0,21,1,Resale,Ready to Move,,Panvelkar Group
Runwal Garden City,3500000.0,355,1,1,Dombivli,Beyond Thane,19.2094006,73.0939483,Unfurnished,Apartment,1,43,8,Resale,Ready to Move,,Runwal Enterprises
Amber Enclave,5200000.0,460,1,1,Thakurli,Beyond Thane,19.2252747701219,73.1000690723917,Unfurnished,Apartment,0,19,1,Resale,Ready to Move,1 Open,AMBER GROUP
Shree Samarth Paradise ,2300000.0,420,1,2,Neral,Beyond Thane,19.0248210057881,73.3169473654086,Unfurnished,Apartment,1,7,0,New Property,Under Construction,,Shree Samarth Residency
Mohan Suburbia,4000000.0,,2,2,Ambernath,Beyond Thane,19.1986487504664,73.2004913077756,Unfurnished,Apartment,0,32,6,New Property,Ready to Move,,Mohan Group
Unkown,7300000.0,600,2,2,New Thakurli Road,Beyond Thane,19.22450879,73.10186665,Unfurnished,Apartment,0,0,0,Resale,Ready to Move,1 Covered,Unknown
Versatile Valley,5500000.0,700,2,2,Dombivli East,Beyond Thane,19.2049111648702,73.1069201060438,Unfurnished,Apartment,0,23,5,New Property,Ready to Move,1 Covered,Versatile Housing
Happy Sarvoday 1,76443000.0,755,,1,Kalyan,Beyond Thane,19.2449413625186,73.1331398884041,Unfurnished,Commercial Office Space,0,6,8,New Property,Dec '28,,Happy Home Group
Lodha Opulis B,38000000.0,2498,4,4,Kole,Beyond Thane,19.22816159,73.36323194,Unfurnished,Apartment,0,10,0,New Property,May '30,,Lodha Developers Limited
Godrej Nirvaan,4949000.0,424,1,1,Kalyan West,Beyond Thane,19.2442606681675,73.123906730695,Unfurnished,Apartment,0,45,5,New Property,Under Construction,,Godrej Properties
Kalpataru Aria ,11400000.0,2280,,,Karjat,Beyond Thane,18.9112989,73.328189,Unfurnished,Residential Plot,0,23,2,New Property,,,Kalpataru Ltd.
Dosti Greater Thane,5954000.0,535,2,2,Bhiwandi,Beyond Thane,19.2937911767008,73.0653582109139,Unfurnished,Apartment,0,14,6,New Property,Jun '28,,Dosti Realty 
Tharwani Ariana,5017000.0,846,3,3,Ambernath West,Beyond Thane,19.2107415190685,73.1908213734783,Unfurnished,Apartment,0,20,2,New Property,Ready to Move,,Tharwani Realty
Kalpataru Aria ,49345000.0,9000,,,Karjat,Beyond Thane,18.9112989,73.328189,Unfurnished,Residential Plot,0,23,2,New Property,,,Kalpataru Ltd.
Dosti Greater Thane,4129000.0,371,1,1,Bhiwandi,Beyond Thane,19.2937911767008,73.0653582109139,Unfurnished,Apartment,0,14,6,New Property,Jun '28,,Dosti Realty 
Rustomjee Urban Woods,12399000.0,1124,3,3,Kalyan East,Beyond Thane,19.2280216158659,73.1334807284888,Unfurnished,Apartment,0,25,2,New Property,May '29,,Rustomjee
Growmore Unimax Life,3838000.0,446,1,1,Dombivli East,Beyond Thane,19.2049111648702,73.1069201060438,Unfurnished,Apartment,1,12,5,New Property,Dec '29,1 Covered,Growmore Lifespaces Llp
Runwal Garden City,7200000.0,568,3,3,Dombivli,Beyond Thane,19.2094006,73.0939483,Unfurnished,Apartment,1,43,8,New Property,Sep '27,,Runwal Enterprises
Sunteck Crescent Park,7200000.0,656,2,2,Kalyan,Beyond Thane,19.2449413625186,73.1331398884041,Unfurnished,Apartment,1,35,8,New Property,Dec '29,1 Covered,Sunteck Realty Ltd.
Rustomjee Urban Woods,6148800.0,585,2,2,Kalyan East,Beyond Thane,19.2280216158659,73.1334807284888,Unfurnished,Apartment,1,25,2,New Property,Under Construction,1 Covered,Rustomjee
Rustomjee Urban Woods,7499000.0,682,2,2,Dombivli East,Beyond Thane,19.2049111648702,73.1069201060438,Unfurnished,Apartment,1,25,5,New Property,May '29,1 Covered,Rustomjee
Lodha Codename Premier,8999999.0,759,3,2,Dombivli East,Beyond Thane,19.2049111648702,73.1069201060438,Unfurnished,Apartment,1,28,5,New Property,Under Construction,1 Covered,Lodha Developers Limited
Unkown,2600000.0,334,1,2,Titwala Goveli Road,Beyond Thane,19.28147176,73.23442666,Unfurnished,Apartment,0,0,0,New Property,Ready to Move,1 Open,Unknown
Unkown,5160000.0,516,1,1,Khadakpada,Beyond Thane,19.2626421381468,73.131209510184,Unfurnished,Apartment,0,0,1,New Property,Under Construction,1 Covered,Unknown
Unkown,24800000.0,1963,3,4,Bhiwandi,Beyond Thane,19.2937911767008,73.0653582109139,Unfurnished,Villa,1,0,6,New Property,Under Construction,2 Covered,Unknown
Shahpur ShubhVastu ,1692000.0,389,1,1,Shivajinagar Vasind,Beyond Thane,19.40599112,73.26267306,Unfurnished,Apartment,0,16,0,Resale,Ready to Move,,Shahpur Infrastructure
Lodha Villa Royale,35000000.0,2000,3,4,Dombivli East,Beyond Thane,19.2049111648702,73.1069201060438,Semi-Furnished,Villa,1,10,5,Resale,Under Construction,"1 Covered, 2 Open",Lodha Developers Limited
Lodha Codename Premier,5927000.0,540,2,2,Dombivli East,Beyond Thane,19.2049111648702,73.1069201060438,Unfurnished,Apartment,0,28,5,New Property,Under Construction,,Lodha Developers Limited
Rustomjee Belle Vue,6200000.0,3200,3,3,Shahapur,Beyond Thane,19.453550664726,73.3247044251021,Unfurnished,Villa,1,10,2,New Property,Under Construction,1 Covered,Rustomjee
Unkown,5900000.0,850,2,2,Kasheli,Beyond Thane,19.2301651,73.0171568,Furnished,Apartment,0,0,2,Resale,Ready to Move,,Unknown
Panvelkar Aqua Marine,3000000.0,,,,Ambernath East,Beyond Thane,19.2075883274914,73.1854898657514,Unfurnished,Commercial Shop,0,21,1,Resale,Ready to Move,,Panvelkar Group
Runwal Garden City,3500000.0,355,1,1,Dombivli,Beyond Thane,19.2094006,73.0939483,Unfurnished,Apartment,1,43,8,Resale,Ready to Move,,Runwal Enterprises
Amber Enclave,5200000.0,460,1,1,Thakurli,Beyond Thane,19.2252747701219,73.1000690723917,Unfurnished,Apartment,0,19,1,Resale,Ready to Move,1 Open,AMBER GROUP
Shree Samarth Paradise ,2300000.0,420,1,2,Neral,Beyond Thane,19.0248210057881,73.3169473654086,Unfurnished,Apartment,1,7,0,New Property,Under Construction,,Shree Samarth Residency
Mohan Suburbia,4000000.0,,2,2,Ambernath,Beyond Thane,19.1986487504664,73.2004913077756,Unfurnished,Apartment,0,32,6,New Property,Ready to Move,,Mohan Group
Unkown,7300000.0,600,2,2,New Thakurli Road,Beyond Thane,19.22450879,73.10186665,Unfurnished,Apartment,0,0,0,Resale,Ready to Move,1 Covered,Unknown
Versatile Valley,5500000.0,700,2,2,Dombivli East,Beyond Thane,19.2049111648702,73.1069201060438,Unfurnished,Apartment,0,23,5,New Property,Ready to Move,1 Covered,Versatile Housing
Happy Sarvoday 1,94599000.0,1085,,1,Kalyan,Beyond Thane,19.2449413625186,73.1331398884041,Unfurnished,Commercial Office Space,0,6,8,New Property,Dec '28,,Happy Home Group
Lodha Opulis B,56000000.0,3300,4,4,Kole,Beyond Thane,19.22816159,73.36323194,Unfurnished,Apartment,0,10,0,New Property,May '30,,Lodha Developers Limited
Godrej Nirvaan,6956000.0,596,2,2,Kalyan West,Beyond Thane,19.2442606681675,73.123906730695,Unfurnished,Apartment,0,45,5,New Property,Under Construction,,Godrej Properties
Kalpataru Aria ,49345000.0,9000,,,Karjat,Beyond Thane,18.9112989,73.328189,Unfurnished,Residential Plot,0,23,2,New Property,,,Kalpataru Ltd.
Dosti Greater Thane,5031000.0,452,2,2,Bhiwandi,Beyond Thane,19.2937911767008,73.0653582109139,Unfurnished,Apartment,0,14,6,New Property,Jun '28,,Dosti Realty 
Tharwani Ariana,1999000.0,337,1,1,Ambernath West,Beyond Thane,19.2107415190685,73.1908213734783,Unfurnished,Apartment,0,20,2,New Property,Ready to Move,,Tharwani Realty
Kalpataru Aria ,11400000.0,2280,,,Karjat,Beyond Thane,18.9112989,73.328189,Unfurnished,Residential Plot,0,23,2,New Property,,,Kalpataru Ltd.
Dosti Greater Thane,3773000.0,339,1,1,Bhiwandi,Beyond Thane,19.2937911767008,73.0653582109139,Unfurnished,Apartment,0,14,6,New Property,Jun '28,,Dosti Realty 
Rustomjee Urban Woods,15000000.0,1384,4,4,Kalyan East,Beyond Thane,19.2280216158659,73.1334807284888,Unfurnished,Apartment,0,25,2,New Property,May '29,,Rustomjee
Growmore Unimax Life,4141000.0,487,1,1,Dombivli East,Beyond Thane,19.2049111648702,73.1069201060438,Unfurnished,Apartment,1,12,5,New Property,Dec '29,1 Covered,Growmore Lifespaces Llp
Runwal Garden City,6800000.0,534,2,2,Dombivli,Beyond Thane,19.2094006,73.0939483,Unfurnished,Apartment,1,43,8,New Property,Sep '27,,Runwal Enterprises
Sunteck Crescent Park,10800000.0,929,3,3,Kalyan,Beyond Thane,19.2449413625186,73.1331398884041,Unfurnished,Apartment,1,35,8,New Property,Dec '29,1 Covered,Sunteck Realty Ltd.
Lodha Opulis B,13998720.0,1103,3,3,Kole,Beyond Thane,19.22816159,73.36323194,Unfurnished,Apartment,1,10,0,New Property,Under Construction,1 Covered,Lodha Developers Limited
Rustomjee Urban Woods,12000000.0,896,3,3,Dombivli East,Beyond Thane,19.2049111648702,73.1069201060438,Unfurnished,Apartment,1,25,5,New Property,May '29,1 Covered,Rustomjee
Unkown,3968000.0,620,2,2,Titwala,Beyond Thane,19.295217297811,73.2124239025258,Unfurnished,Apartment,1,0,4,New Property,Under Construction,1 Covered,Unknown
Umiya Arcade,3600000.0,650,1,2,Titwala,Beyond Thane,19.295217297811,73.2124239025258,Unfurnished,Apartment,0,21,4,Resale,Ready to Move,1 Covered,Umiya Construction
Unkown,2460000.0,492,1,1,Titwala,Beyond Thane,19.295217297811,73.2124239025258,Unfurnished,Apartment,0,0,4,New Property,Under Construction,1 Open,Unknown
Unkown,52900000.0,4250,5,6,,Beyond Thane,,,Unfurnished,Villa,1,0,0,New Property,Under Construction,"2 Covered, 2 Open",Unknown
Panvelkar Amrut Vishwa,2075500.0,395,1,1,Badlapur West,Beyond Thane,19.1760975692482,73.2401614495576,Unfurnished,Apartment,0,11,0,Resale,Ready to Move,,Panvelkar Group
Dosti Greater Thane,6100000.0,535,2,2,Bhiwandi,Beyond Thane,19.2937911767008,73.0653582109139,Unfurnished,Apartment,1,14,6,New Property,Ready to Move,1 Covered,Dosti Realty 
Unkown,14000000.0,1113,3,3,Dombivli East,Beyond Thane,19.2049111648702,73.1069201060438,Semi-Furnished,Apartment,1,0,5,Resale,Under Construction,,Unknown
Lodha Codename Premier,5899000.0,479,1,2,Dombivli East,Beyond Thane,19.2049111648702,73.1069201060438,Unfurnished,Apartment,0,28,5,New Property,Under Construction,,Lodha Developers Limited
Unkown,4000000.0,,1,1,Dombivli East,Beyond Thane,19.2049111648702,73.1069201060438,Semi-Furnished,Apartment,0,0,5,Resale,Ready to Move,,Unknown
Poddar Navjeevan,1800000.0,390,1,1,Atgaon,Beyond Thane,19.503957,73.3280377,Unfurnished,Apartment,0,43,0,Resale,Ready to Move,,Poddar Developers
Lodha Elite,5200000.0,750,2,2,Dombivli East,Beyond Thane,19.2049111648702,73.1069201060438,Semi-Furnished,Apartment,0,28,5,Resale,Ready to Move,,Lodha Developers Limited
Unkown,12000000.0,1050,3,3,Kalyan West,Beyond Thane,19.2442606681675,73.123906730695,Unfurnished,Apartment,0,0,5,Resale,Ready to Move,1 Covered,Unknown
Lodha Crown Dombivali,5500000.0,458,2,2,Dombivli East,Beyond Thane,19.2049111648702,73.1069201060438,Unfurnished,Apartment,0,7,5,New Property,Under Construction,1 Covered,Lodha Developers Limited
Unkown,12500000.0,,,,Dohole,Beyond Thane,19.37995174,73.20828458,Unfurnished,Warehouse/ Godown,0,0,0,Resale,Ready to Move,,Unknown
Shree Complex,9900000.0,750,2,2,Dombivli,Beyond Thane,19.2094006,73.0939483,Semi-Furnished,Apartment,0,9,8,Resale,Ready to Move,,Shree Developers
Lodha Crown Dombivali,3300000.0,323,1,1,Dombivli East,Beyond Thane,19.2049111648702,73.1069201060438,Unfurnished,Apartment,0,7,5,Resale,Ready to Move,,Lodha Developers Limited
Rajaram Complex,4000000.0,378,1,1,Dombivli West,Beyond Thane,19.2174682509913,73.0750339345098,Unfurnished,Apartment,0,10,2,Resale,Ready to Move,,Vighnesh Enterprises
Ekveera Aai Residency,3000000.0,530,1,1,Ambernath,Beyond Thane,19.1986487504664,73.2004913077756,Unfurnished,Apartment,0,8,6,Resale,Ready to Move,,Patel RPL Realty
Sai Residency,3200000.0,403,1,1,Ambernath,Beyond Thane,19.1986487504664,73.2004913077756,Unfurnished,Apartment,0,16,6,Resale,Ready to Move,,Patel RPL Realty
Jainam Residency,3400000.0,733,2,2,Ambernath,Beyond Thane,19.1986487504664,73.2004913077756,Unfurnished,Apartment,0,24,6,Resale,Ready to Move,,Patel RPL Realty
Shashwat Park 3,3000000.0,454,1,1,Badlapur,Beyond Thane,19.1639249,73.2459247,Semi-Furnished,Apartment,0,30,8,Resale,Ready to Move,,Shashwat Group Builders
Pari Plaza,2600000.0,432,1,1,Dombivli East,Beyond Thane,19.2049111648702,73.1069201060438,Unfurnished,Apartment,0,9,5,Resale,Ready to Move,,Yug Developer
Pari Plaza,1900000.0,281,1,1,Dombivli East,Beyond Thane,19.2049111648702,73.1069201060438,Unfurnished,Apartment,0,9,5,Resale,Ready to Move,,Yug Developer
Krishna Highlands,3000000.0,414,1,1,Dombivli,Beyond Thane,19.2094006,73.0939483,Semi-Furnished,Apartment,0,7,8,Resale,Ready to Move,,Krishna Enterprise
Deep Laxmi Manohar Shreeji Nirvana,2200000.0,432,2,1,Badlapur,Beyond Thane,19.1639249,73.2459247,Unfurnished,Apartment,0,29,8,Resale,Ready to Move,,Deeplaxmi Developers
Deep Laxmi Manohar Shreeji Nirvana,2995000.0,511,1,2,Badlapur,Beyond Thane,19.1639249,73.2459247,Unfurnished,Apartment,0,29,8,Resale,Ready to Move,,Deeplaxmi Developers
Deep Laxmi Manohar Shreeji Nirvana,2750000.0,508,1,2,Badlapur,Beyond Thane,19.1639249,73.2459247,Unfurnished,Apartment,0,29,8,Resale,Ready to Move,,Deeplaxmi Developers
Karrm Residency,1150000.0,269,1,1,Shahapur,Beyond Thane,19.453550664726,73.3247044251021,Unfurnished,Apartment,0,16,2,Resale,Ready to Move,,Karrm Infrastructure Pvt. Ltd.
Karrm Residency,1800000.0,518,1,1,Shahapur,Beyond Thane,19.453550664726,73.3247044251021,Unfurnished,Apartment,0,16,2,Resale,Ready to Move,,Karrm Infrastructure Pvt. Ltd.
Karrm Residency,2500000.0,432,1,1,Shahapur,Beyond Thane,19.453550664726,73.3247044251021,Unfurnished,Apartment,0,16,2,Resale,Ready to Move,,Karrm Infrastructure Pvt. Ltd.
Karrm Residency,2500000.0,751,2,2,Shahapur,Beyond Thane,19.453550664726,73.3247044251021,Unfurnished,Apartment,0,16,2,Resale,Ready to Move,,Karrm Infrastructure Pvt. Ltd.
Karrm Residency,2500000.0,518,1,1,Shahapur,Beyond Thane,19.453550664726,73.3247044251021,Unfurnished,Apartment,0,16,2,Resale,Ready to Move,,Karrm Infrastructure Pvt. Ltd.
Karrm Residency,2500000.0,525,1,1,Shahapur,Beyond Thane,19.453550664726,73.3247044251021,Unfurnished,Apartment,0,16,2,Resale,Ready to Move,,Karrm Infrastructure Pvt. Ltd.
Sai Glory,3300000.0,454,1,2,Vasind,Beyond Thane,19.4059529362434,73.2634315742197,Furnished,Apartment,0,13,2,Resale,Ready to Move,,KD Vision Developers
Falco Hibiscus,2300000.0,367,1,1,Titwala,Beyond Thane,19.295217297811,73.2124239025258,Unfurnished,Apartment,0,19,4,Resale,Ready to Move,,Falco Developers
Karrm Residency,2000000.0,518,1,2,Shahapur,Beyond Thane,19.453550664726,73.3247044251021,Unfurnished,Apartment,0,16,2,Resale,Ready to Move,,Karrm Infrastructure Pvt. Ltd.
Karrm Residency,1050000.0,269,1,1,Shahapur,Beyond Thane,19.453550664726,73.3247044251021,Furnished,Apartment,0,16,2,Resale,Ready to Move,,Karrm Infrastructure Pvt. Ltd.
Amrut Pearl Building No 1,4500000.0,392,1,2,Kalyan West,Beyond Thane,19.2442606681675,73.123906730695,Semi-Furnished,Apartment,0,16,5,Resale,Ready to Move,,Mehta Group
Amrut Pearl Building No 1,4500000.0,551,1,2,Kalyan West,Beyond Thane,19.2442606681675,73.123906730695,Semi-Furnished,Apartment,0,16,5,Resale,Ready to Move,,Mehta Group
Matoshree Nagar Phase 1,3200000.0,543,2,2,Ambernath,Beyond Thane,19.1986487504664,73.2004913077756,Unfurnished,Apartment,0,5,6,Resale,Ready to Move,,Matoshree Infrastructure Pvt. Ltd.
Siddhi City,3000000.0,,1,1,Badlapur East,Beyond Thane,19.1639249,73.2459247,Unfurnished,Apartment,0,0,6,Resale,Ready to Move,5 Open,Siddhitech Homes
Karrm Residency,2000000.0,,2,2,Shahapur,Beyond Thane,19.453550664726,73.3247044251021,Semi-Furnished,Apartment,0,16,2,Resale,Ready to Move,,Karrm Infrastructure Pvt. Ltd.
Lodha Casa sophistica,6000000.0,706,2,2,Dombivli East,Beyond Thane,19.2049111648702,73.1069201060438,Unfurnished,Apartment,0,33,5,Resale,Ready to Move,,Lodha Developers Limited
Elixir Kerala Village,2200000.0,,,1,Shahapur,Beyond Thane,19.453550664726,73.3247044251021,Furnished,Studio Apartment,0,2,2,Resale,Ready to Move,,Elixir Buildcon Pvt. Ltd.
Godrej Vihaa,3500000.0,396,1,2,Badlapur,Beyond Thane,19.1639249,73.2459247,Unfurnished,Apartment,0,31,8,Resale,Under Construction,,Godrej Properties
Vikrant Emerald,15000000.0,700,3,3,Neral,Beyond Thane,19.0248210057881,73.3169473654086,Unfurnished,Residential House,0,0,0,Resale,Ready to Move,,Unknown
Unkown,13200000.0,480,,,Ambernath,Beyond Thane,19.1986487504664,73.2004913077756,Unfurnished,Commercial Shop,0,0,6,New Property,Ready to Move,,Unknown
Shankheshwar Presidency,6000000.0,610,2,1,Kalyan West,Beyond Thane,19.2442606681675,73.123906730695,Semi-Furnished,Apartment,0,26,5,Resale,Ready to Move,1 Open,Shankheshwar Group of Companies
Unkown,3300000.0,,1,1,Kalyan East,Beyond Thane,19.2280216158659,73.1334807284888,Unfurnished,Apartment,0,0,2,Resale,Ready to Move,,Unknown
Unkown,1500000.0,,1,1,Sonivali,Beyond Thane,19.1763215244773,73.2586598421459,Semi-Furnished,Apartment,0,0,0,Resale,Ready to Move,,Unknown
Bhimashankar Hills,2200000.0,,,,Karjat,Beyond Thane,18.9112989,73.328189,,Residential Plot,0,4,2,Resale,,,Soft Corner
Mahindra Happinest Kalyan,4500000.0,,1,2,Kalyan,Beyond Thane,19.2449413625186,73.1331398884041,Unfurnished,Apartment,0,0,8,Resale,Ready to Move,,Mahindra Lifespace Developers Ltd.
Godrej Nirvaan,5500000.0,419,1,2,Kalyan West,Beyond Thane,19.2442606681675,73.123906730695,Furnished,Apartment,0,45,5,Resale,Ready to Move,,Godrej Properties
Sankalp Apartment Dombivli East,3000000.0,,1,1,Dombivli East,Beyond Thane,19.2049111648702,73.1069201060438,Unfurnished,Apartment,0,0,5,Resale,Ready to Move,,Unknown
Vrundavan,2350000.0,398,1,1,Kalyan West,Beyond Thane,19.2442606681675,73.123906730695,Unfurnished,Apartment,0,23,5,Resale,Ready to Move,,Shree Vasturachna Developers
Unkown,8450000.0,,2,2,Dombivli,Beyond Thane,19.2094006,73.0939483,Semi-Furnished,Apartment,0,0,8,Resale,Ready to Move,,Unknown
Lodha Lakeshore Greens,4600000.0,706,2,2,Palava City,Beyond Thane,19.1680134933867,73.0730851842052,Unfurnished,Apartment,0,21,6,Resale,Ready to Move,,Lodha Developers Limited
Siddharth Riverwood Park,4000000.0,554,2,2,Dombivli East,Beyond Thane,19.2049111648702,73.1069201060438,Unfurnished,Apartment,0,50,5,Resale,Ready to Move,,Siddharth Group
Lodha Panacea,6400000.0,500,2,2,Dombivli East,Beyond Thane,19.2049111648702,73.1069201060438,Unfurnished,Apartment,0,43,5,Resale,Ready to Move,,Lodha Developers Limited
Thanekar Hillcrest,2200000.0,457,1,1,Badlapur East,Beyond Thane,19.1639249,73.2459247,Furnished,Apartment,0,12,6,Resale,Ready to Move,,Thanekar Group
Mohan Suburbia,4500000.0,732,2,2,Ambernath,Beyond Thane,19.1986487504664,73.2004913077756,Unfurnished,Apartment,0,32,6,Resale,Ready to Move,,Mohan Group
Runwal MyCity,4500000.0,706,2,2,Dombivli,Beyond Thane,19.2094006,73.0939483,Unfurnished,Apartment,0,5,8,Resale,Ready to Move,,Runwal Group
Shubham Apartment,2500000.0,432,1,1,Dombivli East,Beyond Thane,19.2049111648702,73.1069201060438,Unfurnished,Apartment,0,8,5,Resale,Ready to Move,,Bajrang Infrastructure
Unkown,1980000.0,,1,1,Katemanivali,Beyond Thane,19.2252311803232,73.1453759439391,Semi-Furnished,Apartment,0,0,0,Resale,,,Unknown
Shree Ganesh Park,2400000.0,475,1,2,Titwala,Beyond Thane,19.295217297811,73.2124239025258,Semi-Furnished,Apartment,0,17,4,Resale,Ready to Move,,Nidhi Developers
Swastik Apartment,2400000.0,421,1,1,Kalyan East,Beyond Thane,19.2280216158659,73.1334807284888,Unfurnished,Apartment,0,12,2,Resale,Ready to Move,,Hindustan Enterprise
Ramchandra Park,2000000.0,382,1,1,Dombivli East,Beyond Thane,19.2049111648702,73.1069201060438,Unfurnished,Apartment,0,13,5,Resale,Ready to Move,,Sawant Enterprises
Shiv Shambho Apartment,1700000.0,324,1,1,Kalyan East,Beyond Thane,19.2280216158659,73.1334807284888,Unfurnished,Apartment,0,7,2,Resale,Ready to Move,,Shiv Shambho Construction
Lodha Heaven,3000000.0,569,2,1,Dombivli East,Beyond Thane,19.2049111648702,73.1069201060438,Unfurnished,Apartment,0,9,5,Resale,Ready to Move,,Lodha Developers Limited
Lok Nagari Phase 3,1900000.0,324,1,1,Ambernath,Beyond Thane,19.1986487504664,73.2004913077756,Unfurnished,Apartment,0,25,6,Resale,Ready to Move,,Lok Housing Group
Lodha Regency Complex,2800000.0,313,1,1,Dombivli East,Beyond Thane,19.2049111648702,73.1069201060438,Unfurnished,Apartment,0,0,5,Resale,Ready to Move,,Unknown
Lodha Palava,22000000.0,,,,Dombivli,Beyond Thane,19.2094006,73.0939483,,Residential Plot,0,56,8,Resale,,,Lodha Developers Limited
Unkown,4200000.0,,1,1,Dombivli,Beyond Thane,19.2094006,73.0939483,Semi-Furnished,Apartment,0,0,8,Resale,Ready to Move,,Unknown
S K Galaxy Garden,1350000.0,383,1,1,Vangani,Beyond Thane,19.0925602606021,73.2971135741545,Furnished,Apartment,0,7,4,Resale,Ready to Move,,S K Developers
Unkown,3500000.0,,1,1,Dombivli West,Beyond Thane,19.2174682509913,73.0750339345098,Unfurnished,Apartment,0,0,2,Resale,Ready to Move,,Unknown
Unkown,2300000.0,,1,1,Ambernath East,Beyond Thane,19.2075883274914,73.1854898657514,Furnished,Apartment,0,0,1,Resale,,,Unknown
Unkown,,1679,3,3,,Beyond Thane,,,Furnished,Villa,0,0,0,Resale,Ready to Move,,Unknown
Unkown,4000000.0,,7,2,Kasara,Beyond Thane,19.6439736803258,73.4746818708467,Unfurnished,Villa,0,0,0,Resale,Ready to Move,,Unknown
Hari Om Swapna Nagari,2800000.0,330,1,2,Kasheli,Beyond Thane,19.2301651,73.0171568,Semi-Furnished,Apartment,0,0,2,Resale,Ready to Move,6 Open,Unknown
Lok Nagari Phase 3,2500000.0,440,1,1,Ambernath,Beyond Thane,19.1986487504664,73.2004913077756,Unfurnished,Apartment,0,25,6,Resale,Ready to Move,1 Open,Lok Housing Group
Royale City,3000000.0,615,1,1,Asangaon,Beyond Thane,19.4390197,73.3030715,Unfurnished,Apartment,0,29,2,Resale,Ready to Move,,Royale Group
Unkown,6000000.0,850,2,2,Karjat Murbad Road,Beyond Thane,19.2020729139811,73.431654521508,Furnished,Villa,0,0,0,Resale,Ready to Move,2 Open,Unknown
Tata Amantra,,925,2,2,Kalyan West,Beyond Thane,19.2442606681675,73.123906730695,Unfurnished,Apartment,0,20,5,Resale,Under Construction,,TATA Housing Development Company Ltd.
Mohan Suburbia,,360,1,2,Ambernath East,Beyond Thane,19.2075883274914,73.1854898657514,Semi-Furnished,Apartment,0,32,1,Resale,Ready to Move,,Mohan Group
Runwal MyCity,,619,2,2,Dombivli,Beyond Thane,19.2094006,73.0939483,Unfurnished,Apartment,0,5,8,Resale,Ready to Move,,Runwal Group
Lodha Palava City,,654,2,2,Dombivli,Beyond Thane,19.2094006,73.0939483,Unfurnished,Apartment,0,56,8,Resale,Ready to Move,,Lodha Developers Limited
Lodha Casa Rio,,693,2,2,Dombivli,Beyond Thane,19.2094006,73.0939483,Unfurnished,Apartment,0,33,8,Resale,Ready to Move,,Lodha Developers Limited
Lodha Casa Bella Gold,,864,2,2,Dombivli East,Beyond Thane,19.2049111648702,73.1069201060438,Unfurnished,Apartment,0,20,5,Resale,Ready to Move,,Lodha Developers Limited
Nirmal Lifestyle,,,2,,Kalyan,Beyond Thane,19.2449413625186,73.1331398884041,,Apartment,0,40,8,,,,Nirmal Builders
Eternal Avenue,,492,1,1,Badlapur,Beyond Thane,19.1639249,73.2459247,Furnished,Apartment,0,10,8,Resale,Ready to Move,,Magnum Life Spaces
Akshar Atmiya Heights,,376,1,1,Badlapur West,Beyond Thane,19.1760975692482,73.2401614495576,,Apartment,0,12,0,Resale,Ready to Move,,Akshar Group
Sai Samarth,,432,1,1,Kalyan East,Beyond Thane,19.2280216158659,73.1334807284888,Unfurnished,Apartment,0,2,2,Resale,Ready to Move,,Madan Chikankar
Versatile Valley,,469,1,1,Dombivli East,Beyond Thane,19.2049111648702,73.1069201060438,Unfurnished,Apartment,0,23,5,Resale,Under Construction,,Versatile Housing
Godrej Vihaa,,,2,2,Badlapur East,Beyond Thane,19.1639249,73.2459247,Unfurnished,Apartment,0,31,6,Resale,Ready to Move,,Godrej Properties
Mohan Suburbia,,,1,2,Ambernath East,Beyond Thane,19.2075883274914,73.1854898657514,Semi-Furnished,Apartment,0,32,1,Resale,Ready to Move,,Mohan Group
Tata Amantra,,,2,2,Kalyan,Beyond Thane,19.2449413625186,73.1331398884041,Unfurnished,Apartment,0,20,8,Rent,Immediately,,TATA Housing Development Company Ltd.
Rinkal Park,,,1,,Badlapur,Beyond Thane,19.1639249,73.2459247,,Apartment,0,7,8,,,,Sai baba builder & developer
Versatile Valley,,,1,1,Dombivli East,Beyond Thane,19.2049111648702,73.1069201060438,Unfurnished,Apartment,0,23,5,Resale,Under Construction,,Versatile Housing
Laxmi Park,,,2,,Dombivli,Beyond Thane,19.2094006,73.0939483,,Apartment,0,0,8,,,,Unknown
Unkown,,,,,Murbad,Beyond Thane,19.2663415745285,73.3933927481555,,Residential Plot,0,0,3,Resale,,,Unknown
Lodha Casa Rio,,,,,Dombivli,Beyond Thane,19.2094006,73.0939483,,Apartment,0,33,8,Resale,,,Lodha Developers Limited
Marvels Kshipra Residency,,,,,Karjat,Beyond Thane,18.9112989,73.328189,,Apartment,0,12,2,Resale,,5 Open,Marvel Realtors
Runwal Garden City,,,2,,Dombivli,Beyond Thane,19.2094006,73.0939483,,Apartment,0,43,8,,,,Runwal Enterprises
Lodha Downtown Palava,,,3,,Palava City,Beyond Thane,19.1680134933867,73.0730851842052,,Apartment,0,54,6,,,,Lodha Developers Limited
Karrm Residency,,,1,1,Shahapur,Beyond Thane,19.453550664726,73.3247044251021,Semi-Furnished,Apartment,0,16,2,Resale,,,Karrm Infrastructure Pvt. Ltd.
Unkown,,,1,1,Badlapur East,Beyond Thane,19.1639249,73.2459247,Furnished,Apartment,0,0,6,Resale,Ready to Move,,Unknown
Unkown,10000000.0,1050,4,3,Ulhasnagar,Beyond Thane,19.2253646109387,73.1645678200285,Unfurnished,Apartment,0,0,7,Resale,Ready to Move,,Unknown
Kalpataru Aria ,22000000.0,,,,Karjat,Beyond Thane,18.9112989,73.328189,,Residential Plot,0,23,2,Resale,,,Kalpataru Ltd.
Unkown,9800000.0,910,3,3,Sonar Pada,Beyond Thane,19.1946777419263,73.1026729332756,Unfurnished,Apartment,0,0,1,Resale,Ready to Move,,Unknown
Rahul Excellence,2500000.0,640,2,1,Ambernath East,Beyond Thane,19.2075883274914,73.1854898657514,Semi-Furnished,Apartment,0,5,1,Resale,Ready to Move,,Bagaria Builders and Developers
Unkown,5200000.0,525,2,1,Tilak Nagar Dombivli East,Beyond Thane,19.21404744,73.09338143,Semi-Furnished,Apartment,0,0,0,Resale,Ready to Move,,Unknown
Unkown,9000000.0,775,2,2,Vishnu Nagar Dombivli West,Beyond Thane,19.22060779,73.08730798,Furnished,Apartment,0,0,0,Resale,Ready to Move,"1 Covered, 1 Open",Unknown
Gaondevi Apartment,1450000.0,,,1,Dombivli East,Beyond Thane,19.2049111648702,73.1069201060438,Semi-Furnished,Studio Apartment,0,11,5,Resale,Ready to Move,1 Open,W & M Group
Unkown,4000000.0,,1,2,Dombivli East,Beyond Thane,19.2049111648702,73.1069201060438,Unfurnished,Apartment,0,0,5,Resale,Ready to Move,,Unknown
Dhruv Residency Platinum,2600000.0,,1,1,Vangani,Beyond Thane,19.0925602606021,73.2971135741545,Unfurnished,Apartment,0,2,4,Resale,Ready to Move,1 Covered,Dhruv Realty
Unkown,18000000.0,850,,,Diva Nagar Road,Beyond Thane,19.14505646,72.98815095,Semi-Furnished,Commercial Shop,0,0,0,Resale,Ready to Move,,Unknown
Prakhhyat Yellow Tree,2000000.0,320,1,1,Asangaon,Beyond Thane,19.4390197,73.3030715,Unfurnished,Apartment,0,14,2,New Property,Ready to Move,,Prakhhyat Residency LLP
Royale City,2400000.0,,1,1,Asangaon,Beyond Thane,19.4390197,73.3030715,Unfurnished,Apartment,0,29,2,Resale,Ready to Move,,Royale Group
Unkown,1200000.0,260,1,,,Beyond Thane,,,Unfurnished,Apartment,0,0,0,Resale,Ready to Move,,Unknown
Unkown,2700000.0,479,1,2,,Beyond Thane,,,Unfurnished,Apartment,0,0,0,Resale,Ready to Move,,Unknown
Lok Nagari Phase 3,2200000.0,,1,2,Ambernath,Beyond Thane,19.1986487504664,73.2004913077756,Semi-Furnished,Apartment,0,25,6,Resale,Ready to Move,,Lok Housing Group
Palava Downtown,4725000.0,426,1,2,Dombivli East,Beyond Thane,19.2049111648702,73.1069201060438,Furnished,Apartment,0,37,5,Resale,Ready to Move,,Palava Downtown
Unkown,5200000.0,,2,2,Sonar Pada,Beyond Thane,19.1946777419263,73.1026729332756,Semi-Furnished,Apartment,0,0,1,Resale,Ready to Move,5 Open,Unknown
Saraswati Meera Park Royale,3800000.0,475,1,2,Ambernath,Beyond Thane,19.1986487504664,73.2004913077756,Furnished,Apartment,0,19,6,Resale,Ready to Move,,Saraswati Buildcon
Mohan Regency,8000000.0,,2,2,,Beyond Thane,,,Semi-Furnished,Apartment,0,9,0,Resale,Ready to Move,,Mohan Group
Mohan Suburbia,4100000.0,,1,1,Ambernath,Beyond Thane,19.1986487504664,73.2004913077756,Unfurnished,Apartment,0,32,6,Resale,Ready to Move,,Mohan Group
Unkown,5000000.0,424,1,1,Gandhi Nagar Dombivli,Beyond Thane,19.2049343852816,73.0941841824746,Semi-Furnished,Apartment,0,0,0,Resale,Ready to Move,,Unknown
Unkown,3000030.0,,1,2,Ambernath East,Beyond Thane,19.2075883274914,73.1854898657514,Semi-Furnished,Apartment,0,0,1,Resale,Ready to Move,,Unknown
Sarvoday Greens,3500000.0,436,1,2,Bhiwandi,Beyond Thane,19.2937911767008,73.0653582109139,Unfurnished,Apartment,0,0,6,Resale,Ready to Move,,Happy Home Group
Unkown,2600000.0,,1,1,Karjat,Beyond Thane,18.9112989,73.328189,Unfurnished,Apartment,0,0,2,Resale,Ready to Move,,Unknown
Shiv Vatika,2500000.0,,1,1,Ambernath,Beyond Thane,19.1986487504664,73.2004913077756,Semi-Furnished,Apartment,0,11,6,Resale,Ready to Move,,Aalok Developers
Unkown,2379000.0,,1,1,Titwala,Beyond Thane,19.295217297811,73.2124239025258,Unfurnished,Apartment,0,0,4,Resale,Ready to Move,,Unknown
Runwal Gardens,6749764.0,,2,,Dombivli East,Beyond Thane,19.2049111648702,73.1069201060438,,Apartment,0,15,5,,,,Runwal Group
Unkown,6200000.0,,2,2,,Beyond Thane,,,Unfurnished,Apartment,0,0,0,Resale,Ready to Move,,Unknown
Unkown,8100000.0,,,3,Ambernath,Beyond Thane,19.1986487504664,73.2004913077756,Furnished,Commercial Office Space,0,0,6,Resale,Ready to Move,,Unknown
Unkown,5000000.0,,2,2,Dombivli East,Beyond Thane,19.2049111648702,73.1069201060438,Unfurnished,Apartment,0,0,5,Resale,Ready to Move,,Unknown
Unkown,6150000.0,,2,2,Dombivli,Beyond Thane,19.2094006,73.0939483,Semi-Furnished,Apartment,0,0,8,Resale,Ready to Move,5 Open,Unknown
Jai Malhar Society,2253000.0,450,1,1,Dombivli East,Beyond Thane,19.2049111648702,73.1069201060438,Semi-Furnished,Apartment,0,0,5,Resale,Ready to Move,,Unknown
Square Height,2600000.0,,1,2,Ambernath East,Beyond Thane,19.2075883274914,73.1854898657514,Unfurnished,Apartment,0,19,1,Resale,Ready to Move,,Shivvishwa Realtors Pvt Ltd.
Prasadam,4000000.0,,2,2,Ambernath East,Beyond Thane,19.2075883274914,73.1854898657514,Unfurnished,Apartment,0,13,1,Resale,Ready to Move,,Ahuja Group
Xrbia Warai,2000000.0,,1,1,Neral,Beyond Thane,19.0248210057881,73.3169473654086,Unfurnished,Apartment,0,34,0,Resale,Ready to Move,1 Covered,XRBIA Developers
Lodha Casa Urbano ,11000000.0,762,2,2,Dombivli East,Beyond Thane,19.2049111648702,73.1069201060438,Semi-Furnished,Apartment,0,0,5,Resale,Ready to Move,,Unknown
Regency Anantam,5200000.0,527,1,2,Dombivli East,Beyond Thane,19.2049111648702,73.1069201060438,Unfurnished,Apartment,0,29,5,Resale,Ready to Move,,Regency Group
Lodha Codename Premier,5500000.0,,1,2,Dombivli East,Beyond Thane,19.2049111648702,73.1069201060438,Unfurnished,Apartment,0,28,5,Resale,Under Construction,"1 Covered, 1 Open",Lodha Developers Limited
Unkown,7200000.0,600,1,1,Kalwa,Beyond Thane,19.19863,73.00244,Unfurnished,Apartment,0,0,0,Resale,Ready to Move,,Unknown
Tata Shubh Griha,1700000.0,489,1,1,Vasind,Beyond Thane,19.4059529362434,73.2634315742197,Unfurnished,Apartment,0,13,2,New Property,Ready to Move,,TATA Housing Development Company Ltd.
Unkown,4300000.0,414,1,2,Kalyan,Beyond Thane,19.2449413625186,73.1331398884041,Unfurnished,Apartment,0,0,8,Resale,Ready to Move,1 Covered,Unknown
Unkown,900000.0,,,1,Vangani,Beyond Thane,19.0925602606021,73.2971135741545,Unfurnished,Studio Apartment,0,0,4,Resale,Ready to Move,,Unknown
Unkown,5200000.0,226,,1,Kalyan Shilphata Road,Beyond Thane,19.1935268122556,73.0967156475895,Unfurnished,Commercial Office Space,0,0,5,Resale,Ready to Move,,Unknown
Unkown,1980000.0,,,,Karjat,Beyond Thane,18.9112989,73.328189,,Residential Plot,0,0,2,Resale,,,Unknown
Arihant City,4500000.0,,1,1,Bhiwandi,Beyond Thane,19.2937911767008,73.0653582109139,Unfurnished,Apartment,0,22,6,Resale,Ready to Move,,Arihant Group
Unkown,4600000.0,800,2,1,Ambernath East,Beyond Thane,19.2075883274914,73.1854898657514,Semi-Furnished,Apartment,0,0,1,Resale,Ready to Move,,Unknown
Unkown,21800000.0,1800,4,3,Ambernath,Beyond Thane,19.1986487504664,73.2004913077756,Semi-Furnished,Villa,0,0,6,Resale,Ready to Move,2 Open,Unknown
Squarefeet Regal Square,5270650.0,,2,2,Bhiwandi,Beyond Thane,19.2937911767008,73.0653582109139,Semi-Furnished,Apartment,0,31,6,Resale,,,Squarefeet Group
Unkown,3500000.0,678,3,3,Dombivli East,Beyond Thane,19.2049111648702,73.1069201060438,Unfurnished,Builder Floor Apartment,0,0,5,Resale,Ready to Move,,Unknown
Shreeji Garden,3350000.0,,1,2,Badlapur,Beyond Thane,19.1639249,73.2459247,Furnished,Apartment,0,25,8,Resale,Ready to Move,,Shubh Enterprises
Unkown,5500000.0,600,2,2,Kasheli,Beyond Thane,19.2301651,73.0171568,Furnished,Apartment,0,0,2,Resale,Ready to Move,,Unknown
Galaxy Apartments I,3900000.0,1000,2,2,Ambernath,Beyond Thane,19.1986487504664,73.2004913077756,Unfurnished,Apartment,0,14,6,Resale,Ready to Move,,Galaxy Developers
Mandakini Residency,2250000.0,,1,1,,Beyond Thane,,,Semi-Furnished,Apartment,0,22,0,Resale,Ready to Move,,Mandakini Realtors
Unkown,6700000.0,,3,3,Ulhasnagar,Beyond Thane,19.2253646109387,73.1645678200285,Semi-Furnished,Apartment,0,0,7,Resale,Ready to Move,,Unknown
Unkown,1400000.0,,,1,Dombivli East,Beyond Thane,19.2049111648702,73.1069201060438,Unfurnished,Studio Apartment,0,0,5,Resale,Ready to Move,,Unknown
Unkown,2800000.0,,1,1,Ambernath West,Beyond Thane,19.2107415190685,73.1908213734783,Semi-Furnished,Apartment,0,0,2,Resale,Ready to Move,,Unknown
Swaminarayan City,6500000.0,,1,2,Dombivli West,Beyond Thane,19.2174682509913,73.0750339345098,Furnished,Apartment,0,6,2,Resale,Ready to Move,,Swaminarayan Life Space LLP
Unkown,5400000.0,639,2,2,Kalyan East,Beyond Thane,19.2280216158659,73.1334807284888,Unfurnished,Apartment,0,0,2,Resale,Ready to Move,,Unknown
Siddharth Riverwood Park,5000000.0,420,1,2,Dombivli East,Beyond Thane,19.2049111648702,73.1069201060438,Unfurnished,Apartment,0,50,5,Resale,Ready to Move,,Siddharth Group
Lodha Palava,9500000.0,,3,2,Dombivli,Beyond Thane,19.2094006,73.0939483,Semi-Furnished,Apartment,0,56,8,Resale,Ready to Move,,Lodha Developers Limited
Amber Paradise,3800000.0,800,2,2,Ambernath East,Beyond Thane,19.2075883274914,73.1854898657514,Unfurnished,Apartment,0,15,1,Resale,Ready to Move,1 Covered,Amber Developers
Samuraddhi Evergreen,2500000.0,550,1,1,Badlapur,Beyond Thane,19.1639249,73.2459247,Furnished,Apartment,0,15,8,Resale,Ready to Move,,Poddar Developers
Aryan One,3000000.0,400,1,1,Badlapur,Beyond Thane,19.1639249,73.2459247,Semi-Furnished,Apartment,0,10,8,Resale,Ready to Move,,Aryan Housing Corporation
Regency Anantam,10000000.0,,2,2,Dombivli East,Beyond Thane,19.2049111648702,73.1069201060438,Furnished,Apartment,0,29,5,Resale,Ready to Move,,Regency Group
Unkown,5200000.0,590,2,1,Dombivli East,Beyond Thane,19.2049111648702,73.1069201060438,Semi-Furnished,Apartment,0,0,5,Resale,Ready to Move,,Unknown
Runwal Gardens,3700000.0,370,1,1,Dombivli East,Beyond Thane,19.2049111648702,73.1069201060438,Unfurnished,Apartment,0,15,5,New Property,Ready to Move,,Runwal Group
Patel Prestige,3700000.0,519,2,2,Ambernath West,Beyond Thane,19.2107415190685,73.1908213734783,Semi-Furnished,Apartment,0,0,2,Resale,Ready to Move,,Patel RPL Realty
Kohinoor Castles,3475000.0,636,2,2,Ambernath,Beyond Thane,19.1986487504664,73.2004913077756,Unfurnished,Apartment,0,34,6,Resale,Ready to Move,,Kohinoor Group
Unkown,3300000.0,,1,1,Dombivli East,Beyond Thane,19.2049111648702,73.1069201060438,Unfurnished,Apartment,0,0,5,Resale,Ready to Move,1 Open,Unknown
Unkown,3000000.0,,2,1,Badlapur East,Beyond Thane,19.1639249,73.2459247,Unfurnished,Apartment,0,0,6,Resale,Ready to Move,,Unknown
Mohan Suburbia,4500000.0,882,2,2,Ambernath East,Beyond Thane,19.2075883274914,73.1854898657514,Unfurnished,Apartment,0,11,1,Resale,Ready to Move,,Mohan Group
Unkown,750000.0,,1,1,Asangaon,Beyond Thane,19.4390197,73.3030715,Unfurnished,Builder Floor Apartment,0,0,2,Resale,Ready to Move,,Unknown
Unkown,3500000.0,,1,1,Dombivli,Beyond Thane,19.2094006,73.0939483,Unfurnished,Apartment,0,0,8,Resale,Ready to Move,,Unknown
Unkown,3400000.0,,1,1,Dombivli West,Beyond Thane,19.2174682509913,73.0750339345098,Unfurnished,Apartment,0,0,2,Resale,Ready to Move,,Unknown
Lodha Casa Rio,3000000.0,,1,1,Dombivli,Beyond Thane,19.2094006,73.0939483,Unfurnished,Apartment,0,33,8,Resale,Ready to Move,,Lodha Developers Limited
Unkown,3000000.0,,1,1,Kalyan,Beyond Thane,19.2449413625186,73.1331398884041,Unfurnished,Apartment,0,0,8,Resale,Ready to Move,,Unknown
Hari Vijay Lawns,3600000.0,370,1,1,Thakurli,Beyond Thane,19.2252747701219,73.1000690723917,Semi-Furnished,Apartment,0,0,1,Resale,Ready to Move,,Creative Constructions
Panvelkar Bhoomi,3000000.0,,2,1,Badlapur East,Beyond Thane,19.1639249,73.2459247,Semi-Furnished,Apartment,0,27,6,Resale,Ready to Move,,Panvelkar Group
Ashirwad Exotica,11500000.0,,2,2,Dombivli,Beyond Thane,19.2094006,73.0939483,Unfurnished,Apartment,0,16,8,Resale,Ready to Move,,Divya Developers
Bhagirathi Vishwa,3200000.0,,2,2,Badlapur,Beyond Thane,19.1639249,73.2459247,Unfurnished,Apartment,0,13,8,Resale,Ready to Move,,Thanekar Group
Haware Pinnacle,1900000.0,,,,Kalyan West,Beyond Thane,19.2442606681675,73.123906730695,Unfurnished,Commercial Shop,0,14,5,Resale,Ready to Move,,Haware Engineers & Builders Pvt Ltd
Nisarg Greens,4200000.0,,2,2,Ambernath East,Beyond Thane,19.2075883274914,73.1854898657514,Unfurnished,Apartment,0,11,1,Resale,Ready to Move,,Nisarg Group 
Unkown,1600000.0,,1,1,Titwala,Beyond Thane,19.295217297811,73.2124239025258,Semi-Furnished,Apartment,0,0,4,Resale,Ready to Move,,Unknown
KGI Kohinoor Eden,4913574.0,,2,2,Kalyan East,Beyond Thane,19.2280216158659,73.1334807284888,Unfurnished,Apartment,0,38,2,Resale,,,KGI Realty Private Limited
Arihant Aksh,4000000.0,,2,2,Badlapur East,Beyond Thane,19.1639249,73.2459247,Unfurnished,Apartment,0,17,6,Resale,Ready to Move,,Arihant Superstructures Ltd.
Unkown,1700000.0,,,,Karjat,Beyond Thane,18.9112989,73.328189,,Residential Plot,0,0,2,Resale,,,Unknown
Lodha Codename Premier,7100000.0,540,2,2,Dombivli East,Beyond Thane,19.2049111648702,73.1069201060438,Unfurnished,Apartment,0,28,5,Resale,Ready to Move,1 Covered,Lodha Developers Limited
Unkown,1800000.0,3015,1,1,Ambernath,Beyond Thane,19.1986487504664,73.2004913077756,Semi-Furnished,Apartment,0,0,6,Resale,Ready to Move,,Unknown
Unkown,4350000.0,,1,1,Dombivli West,Beyond Thane,19.2174682509913,73.0750339345098,Semi-Furnished,Apartment,0,0,2,Resale,Ready to Move,,Unknown
Kashish Galaxy,3975000.0,,1,1,Thakurli,Beyond Thane,19.2252747701219,73.1000690723917,Unfurnished,Apartment,0,17,1,Resale,Ready to Move,,Gauri Vinayak Builders
Happy Sarvoday 1,76443000.0,755,,1,Kalyan,Beyond Thane,19.2449413625186,73.1331398884041,Unfurnished,Commercial Office Space,0,6,8,New Property,Dec '28,,Happy Home Group
Lodha Opulis B,38000000.0,2498,4,4,Kole,Beyond Thane,19.22816159,73.36323194,Unfurnished,Apartment,0,10,0,New Property,May '30,,Lodha Developers Limited
Godrej Nirvaan,4949000.0,424,1,1,Kalyan West,Beyond Thane,19.2442606681675,73.123906730695,Unfurnished,Apartment,0,45,5,New Property,Under Construction,,Godrej Properties
Kalpataru Aria ,11400000.0,2280,,,Karjat,Beyond Thane,18.9112989,73.328189,Unfurnished,Residential Plot,0,23,2,New Property,,,Kalpataru Ltd.
Dosti Greater Thane,5954000.0,535,2,2,Bhiwandi,Beyond Thane,19.2937911767008,73.0653582109139,Unfurnished,Apartment,0,14,6,New Property,Jun '28,,Dosti Realty 
Tharwani Ariana,5017000.0,846,3,3,Ambernath West,Beyond Thane,19.2107415190685,73.1908213734783,Unfurnished,Apartment,0,20,2,New Property,Ready to Move,,Tharwani Realty
Kalpataru Aria ,49345000.0,9000,,,Karjat,Beyond Thane,18.9112989,73.328189,Unfurnished,Residential Plot,0,23,2,New Property,,,Kalpataru Ltd.
Dosti Greater Thane,4129000.0,371,1,1,Bhiwandi,Beyond Thane,19.2937911767008,73.0653582109139,Unfurnished,Apartment,0,14,6,New Property,Jun '28,,Dosti Realty 
Rustomjee Urban Woods,12399000.0,1124,3,3,Kalyan East,Beyond Thane,19.2280216158659,73.1334807284888,Unfurnished,Apartment,0,25,2,New Property,May '29,,Rustomjee
Growmore Unimax Life,3838000.0,446,1,1,Dombivli East,Beyond Thane,19.2049111648702,73.1069201060438,Unfurnished,Apartment,1,12,5,New Property,Dec '29,1 Covered,Growmore Lifespaces Llp
Runwal Garden City,7200000.0,568,3,3,Dombivli,Beyond Thane,19.2094006,73.0939483,Unfurnished,Apartment,1,43,8,New Property,Sep '27,,Runwal Enterprises
Sunteck Crescent Park,7200000.0,656,2,2,Kalyan,Beyond Thane,19.2449413625186,73.1331398884041,Unfurnished,Apartment,1,35,8,New Property,Dec '29,1 Covered,Sunteck Realty Ltd.
Rustomjee Urban Woods,6148800.0,585,2,2,Kalyan East,Beyond Thane,19.2280216158659,73.1334807284888,Unfurnished,Apartment,1,25,2,New Property,Under Construction,1 Covered,Rustomjee
Rustomjee Urban Woods,7499000.0,682,2,2,Dombivli East,Beyond Thane,19.2049111648702,73.1069201060438,Unfurnished,Apartment,1,25,5,New Property,May '29,1 Covered,Rustomjee
Lodha Codename Premier,8999999.0,759,3,2,Dombivli East,Beyond Thane,19.2049111648702,73.1069201060438,Unfurnished,Apartment,1,28,5,New Property,Under Construction,1 Covered,Lodha Developers Limited
Unkown,2600000.0,334,1,2,Titwala Goveli Road,Beyond Thane,19.28147176,73.23442666,Unfurnished,Apartment,0,0,0,New Property,Ready to Move,1 Open,Unknown
Unkown,5160000.0,516,1,1,Khadakpada,Beyond Thane,19.2626421381468,73.131209510184,Unfurnished,Apartment,0,0,1,New Property,Under Construction,1 Covered,Unknown
Unkown,24800000.0,1963,3,4,Bhiwandi,Beyond Thane,19.2937911767008,73.0653582109139,Unfurnished,Villa,1,0,6,New Property,Under Construction,2 Covered,Unknown
Shahpur ShubhVastu ,1692000.0,389,1,1,Shivajinagar Vasind,Beyond Thane,19.40599112,73.26267306,Unfurnished,Apartment,0,16,0,Resale,Ready to Move,,Shahpur Infrastructure
Lodha Villa Royale,35000000.0,2000,3,4,Dombivli East,Beyond Thane,19.2049111648702,73.1069201060438,Semi-Furnished,Villa,1,10,5,Resale,Under Construction,"1 Covered, 2 Open",Lodha Developers Limited
Lodha Codename Premier,5927000.0,540,2,2,Dombivli East,Beyond Thane,19.2049111648702,73.1069201060438,Unfurnished,Apartment,0,28,5,New Property,Under Construction,,Lodha Developers Limited
Rustomjee Belle Vue,6200000.0,3200,3,3,Shahapur,Beyond Thane,19.453550664726,73.3247044251021,Unfurnished,Villa,1,10,2,New Property,Under Construction,1 Covered,Rustomjee
Unkown,5900000.0,850,2,2,Kasheli,Beyond Thane,19.2301651,73.0171568,Furnished,Apartment,0,0,2,Resale,Ready to Move,,Unknown
Panvelkar Aqua Marine,3000000.0,,,,Ambernath East,Beyond Thane,19.2075883274914,73.1854898657514,Unfurnished,Commercial Shop,0,21,1,Resale,Ready to Move,,Panvelkar Group
Runwal Garden City,3500000.0,355,1,1,Dombivli,Beyond Thane,19.2094006,73.0939483,Unfurnished,Apartment,1,43,8,Resale,Ready to Move,,Runwal Enterprises
Amber Enclave,5200000.0,460,1,1,Thakurli,Beyond Thane,19.2252747701219,73.1000690723917,Unfurnished,Apartment,0,19,1,Resale,Ready to Move,1 Open,AMBER GROUP
Shree Samarth Paradise ,2300000.0,420,1,2,Neral,Beyond Thane,19.0248210057881,73.3169473654086,Unfurnished,Apartment,1,7,0,New Property,Under Construction,,Shree Samarth Residency
Mohan Suburbia,4000000.0,,2,2,Ambernath,Beyond Thane,19.1986487504664,73.2004913077756,Unfurnished,Apartment,0,32,6,New Property,Ready to Move,,Mohan Group
Unkown,7300000.0,600,2,2,New Thakurli Road,Beyond Thane,19.22450879,73.10186665,Unfurnished,Apartment,0,0,0,Resale,Ready to Move,1 Covered,Unknown
Versatile Valley,5500000.0,700,2,2,Dombivli East,Beyond Thane,19.2049111648702,73.1069201060438,Unfurnished,Apartment,0,23,5,New Property,Ready to Move,1 Covered,Versatile Housing
Unkown,1600000.0,,1,1,Asangaon,Beyond Thane,19.4390197,73.3030715,Semi-Furnished,Apartment,0,0,2,Resale,Ready to Move,,Unknown
Unkown,10500000.0,,,,Shahapur,Beyond Thane,19.453550664726,73.3247044251021,,Agricultural Land,0,0,2,New Property,,,Unknown
Siddharth Riverwood Park,4500000.0,430,1,2,Dombivli East,Beyond Thane,19.2049111648702,73.1069201060438,Unfurnished,Apartment,0,50,5,Resale,Ready to Move,,Siddharth Group
Akshar Atmiya Heights,2750000.0,595,1,2,Badlapur West,Beyond Thane,19.1760975692482,73.2401614495576,Unfurnished,Apartment,0,12,0,Resale,Ready to Move,,Akshar Group
Patels Homes,4150000.0,,2,2,Ambernath East,Beyond Thane,19.2075883274914,73.1854898657514,Unfurnished,Apartment,0,13,1,Resale,Ready to Move,1 Open,Patel RPL Realty
Unkown,2100000.0,450,1,1,Kalyan Shilphata Road,Beyond Thane,19.1935268122556,73.0967156475895,Unfurnished,Apartment,0,0,5,Resale,Ready to Move,,Unknown
Gopi Mall,3600000.0,505,1,1,Dombivli West,Beyond Thane,19.2174682509913,73.0750339345098,Semi-Furnished,Apartment,0,0,2,Resale,Ready to Move,,Unknown
Bella Vista,900000.0,,,,Shahapur,Beyond Thane,19.453550664726,73.3247044251021,,Residential Plot,0,16,2,Resale,,,Oswal Group
Runwal Garden City,7000000.0,,1,2,Dombivli,Beyond Thane,19.2094006,73.0939483,Unfurnished,Apartment,0,43,8,Resale,Ready to Move,,Runwal Enterprises
Unkown,5500000.0,620,2,1,Dombivli West,Beyond Thane,19.2174682509913,73.0750339345098,Furnished,Apartment,0,0,2,Resale,Ready to Move,,Unknown
Regency Anantam,2500000.0,,1,1,Dombivli East,Beyond Thane,19.2049111648702,73.1069201060438,Unfurnished,Apartment,0,29,5,Resale,Ready to Move,,Regency Group
Unkown,4200000.0,,1,1,Kalyan West,Beyond Thane,19.2442606681675,73.123906730695,Semi-Furnished,Builder Floor Apartment,0,0,5,Resale,Ready to Move,1 Covered,Unknown
Regency Estate,19000000.0,,3,3,Dombivli,Beyond Thane,19.2094006,73.0939483,Semi-Furnished,Apartment,0,24,8,Resale,Ready to Move,,Regency Group
Rajwada Heritage,1300000.0,,,,Murbad,Beyond Thane,19.2663415745285,73.3933927481555,,Residential Plot,0,2,3,Resale,,,Midas Touch Realty
Unkown,5200000.0,,2,1,Sagarli Gaon Dombivli East,Beyond Thane,19.21112486,73.10220178,Semi-Furnished,Apartment,0,0,0,Resale,Ready to Move,,Unknown
Yash Enclave,4200000.0,610,1,1,Dombivli West,Beyond Thane,19.2174682509913,73.0750339345098,Unfurnished,Apartment,0,0,2,Resale,Ready to Move,,Unknown
Unkown,2800000.0,,1,1,Badlapur East,Beyond Thane,19.1639249,73.2459247,Unfurnished,Apartment,0,0,6,Resale,Ready to Move,1 Covered,Unknown
Mohan Nano Estates,1600000.0,,1,1,Ambernath West,Beyond Thane,19.2107415190685,73.1908213734783,Semi-Furnished,Apartment,0,14,2,Resale,Ready to Move,,Mohan Group
Unkown,3226000.0,,1,1,Dombivli East,Beyond Thane,19.2049111648702,73.1069201060438,Unfurnished,Builder Floor Apartment,0,0,5,Resale,Ready to Move,,Unknown
Unkown,2100000.0,,1,1,Kasheli,Beyond Thane,19.2301651,73.0171568,Semi-Furnished,Builder Floor Apartment,0,0,2,Resale,Ready to Move,,Unknown
Karaam Residency,2200000.0,,1,1,Asangaon,Beyond Thane,19.4390197,73.3030715,Unfurnished,Apartment,0,7,2,Resale,Ready to Move,,Unknown
Umiya Complex,2600000.0,615,1,2,Badlapur West,Beyond Thane,19.1760975692482,73.2401614495576,Unfurnished,Apartment,0,0,0,Resale,Ready to Move,,Unknown
Godrej Nirvaan,8060773.0,,2,2,Kalyan West,Beyond Thane,19.2442606681675,73.123906730695,Semi-Furnished,Apartment,0,45,5,Resale,,,Godrej Properties
Unkown,1600000.0,500,1,2,Diva Manpada Road,Beyond Thane,19.18568576,73.07786367,Semi-Furnished,Apartment,0,0,0,Resale,Ready to Move,,Unknown
Godrej Riverside,8300000.0,865,2,2,Kalyan,Beyond Thane,19.2449413625186,73.1331398884041,Semi-Furnished,Apartment,0,27,8,Resale,Ready to Move,,Godrej Properties
Mahalaxmi Heights,7200000.0,,2,2,Dombivli East,Beyond Thane,19.2049111648702,73.1069201060438,Furnished,Apartment,0,9,5,Resale,Ready to Move,,EKVEERA GROUPS
Unkown,8500000.0,,2,2,,Beyond Thane,,,Semi-Furnished,Apartment,0,0,0,Resale,Ready to Move,,Unknown
Landscape Heritage,5500000.0,750,2,2,Ambernath,Beyond Thane,19.1986487504664,73.2004913077756,Unfurnished,Apartment,0,13,6,Resale,Ready to Move,,Landscape Infrastructure
Mohan Highlands,3500000.0,450,1,2,Badlapur,Beyond Thane,19.1639249,73.2459247,Semi-Furnished,Apartment,0,26,8,Resale,Ready to Move,1 Covered,Mohan Group
Omkar Residency,4250000.0,,2,2,Titwala,Beyond Thane,19.295217297811,73.2124239025258,Unfurnished,Apartment,0,0,4,Resale,Ready to Move,,OSSK CORP
Mohan Suburbia,7000000.0,940,3,2,Ambernath West,Beyond Thane,19.2107415190685,73.1908213734783,Furnished,Apartment,0,32,2,Resale,Ready to Move,,Mohan Group
Mohan Palms,3200000.0,511,1,2,Badlapur,Beyond Thane,19.1639249,73.2459247,Unfurnished,Apartment,0,44,8,Resale,Ready to Move,,Mohan Group
Mohan Palms,3175000.0,500,1,1,Badlapur,Beyond Thane,19.1639249,73.2459247,Semi-Furnished,Apartment,0,44,8,Resale,Ready to Move,,Mohan Group
Aspire Complex,2400000.0,,1,1,Dombivli East,Beyond Thane,19.2049111648702,73.1069201060438,Semi-Furnished,Apartment,0,10,5,Resale,Ready to Move,,Aspire Builders
Regency Anantam,5500000.0,527,1,2,Dombivli East,Beyond Thane,19.2049111648702,73.1069201060438,Unfurnished,Apartment,0,29,5,Resale,Ready to Move,,Regency Group
Mantri laxcon Godrej Park,5500000.0,720,2,2,Kalyan,Beyond Thane,19.2449413625186,73.1331398884041,Semi-Furnished,Apartment,0,0,8,Resale,Ready to Move,,Mantri Realty Ltd.
Om Sai Sankul,3500000.0,411,1,1,Titwala,Beyond Thane,19.295217297811,73.2124239025258,Unfurnished,Apartment,0,21,4,Resale,Ready to Move,,Om Sai Constructions
Elite Landmark,2500000.0,475,1,1,Badlapur East,Beyond Thane,19.1639249,73.2459247,Semi-Furnished,Apartment,0,56,6,Resale,Ready to Move,,Elite Eco Homes
Elite Landmark,2300000.0,504,1,1,Badlapur East,Beyond Thane,19.1639249,73.2459247,Furnished,Apartment,0,56,6,Resale,Ready to Move,,Elite Eco Homes
Elite Landmark,2600000.0,490,1,1,Badlapur East,Beyond Thane,19.1639249,73.2459247,Furnished,Apartment,0,56,6,Resale,Ready to Move,,Elite Eco Homes
Mangalmurti Dham,2500000.0,403,1,2,Badlapur,Beyond Thane,19.1639249,73.2459247,Unfurnished,Apartment,0,8,8,Resale,Ready to Move,,Mangal Group
Mangeshi Dazzel,13000000.0,972,3,3,Thakurli,Beyond Thane,19.2252747701219,73.1000690723917,Furnished,Apartment,0,14,1,Resale,Ready to Move,,TANNA ASSOCIATES
Laabh Enclave,3300000.0,396,2,2,Bhiwandi,Beyond Thane,19.2937911767008,73.0653582109139,Unfurnished,Apartment,0,9,6,Resale,Ready to Move,,Laabh Group
Panvelkar Green City,2800000.0,455,1,1,Ambernath,Beyond Thane,19.1986487504664,73.2004913077756,Unfurnished,Apartment,0,27,6,Resale,Ready to Move,,Panvelkar Group
Panvelkar Green City,2800000.0,446,1,1,Ambernath,Beyond Thane,19.1986487504664,73.2004913077756,Unfurnished,Apartment,0,27,6,Resale,Ready to Move,,Panvelkar Group
Parshuram Malhar,3200000.0,516,1,1,Ambernath,Beyond Thane,19.1986487504664,73.2004913077756,Unfurnished,Apartment,0,16,6,Resale,Ready to Move,,Dalal Group
Parvati Angan,2300000.0,432,1,1,Murbad,Beyond Thane,19.2663415745285,73.3933927481555,Unfurnished,Apartment,0,11,3,Resale,Ready to Move,,Sumitra Buildcons Pvt. Ltd.
Happy Home Sarvodaya Nagar,3950000.0,673,2,2,Ambernath,Beyond Thane,19.1986487504664,73.2004913077756,Unfurnished,Apartment,0,17,6,Resale,Ready to Move,,Happy Home Group
Happy Home Sarvodaya Nagar,4450000.0,673,2,2,Ambernath,Beyond Thane,19.1986487504664,73.2004913077756,Unfurnished,Apartment,0,17,6,Resale,Ready to Move,,Happy Home Group
Happy Home Sarvodaya Nagar,4200000.0,648,2,2,Ambernath,Beyond Thane,19.1986487504664,73.2004913077756,Unfurnished,Apartment,0,17,6,Resale,Ready to Move,,Happy Home Group
Laxmi kamal  Shankar Heights,2650000.0,450,1,1,Ambernath,Beyond Thane,19.1986487504664,73.2004913077756,Unfurnished,Apartment,0,4,6,Resale,Ready to Move,,Laxmi kamal Associates
ZP Hills,2000000.0,441,1,1,Ambernath West,Beyond Thane,19.2107415190685,73.1908213734783,Unfurnished,Apartment,0,23,2,Resale,Ready to Move,,Rohan Constructions
Ajmera New Era,5000000.0,512,1,2,Kalyan West,Beyond Thane,19.2442606681675,73.123906730695,Semi-Furnished,Apartment,0,33,5,Resale,Ready to Move,,Ajmera Realty & Infra India Ltd.
Arihant Akriti,2500000.0,457,1,1,Badlapur,Beyond Thane,19.1639249,73.2459247,Unfurnished,Apartment,0,18,8,Resale,Ready to Move,,Arihant Superstructures Ltd
Arihant Akriti,3100000.0,457,1,2,Badlapur,Beyond Thane,19.1639249,73.2459247,Unfurnished,Apartment,0,18,8,Resale,Ready to Move,,Arihant Superstructures Ltd
Arihant Aksh,3600000.0,619,2,2,Badlapur,Beyond Thane,19.1639249,73.2459247,Semi-Furnished,Apartment,0,17,8,Resale,Ready to Move,,Arihant Superstructures Ltd.
Arihant Aksh,3000000.0,442,1,1,Badlapur,Beyond Thane,19.1639249,73.2459247,Unfurnished,Apartment,0,17,8,Resale,Ready to Move,,Arihant Superstructures Ltd.
Arihant Aksh,4000000.0,590,2,4,Badlapur,Beyond Thane,19.1639249,73.2459247,Unfurnished,Apartment,0,17,8,Resale,Ready to Move,,Arihant Superstructures Ltd.
Sanghvi Golden City,3000000.0,583,2,2,Atgaon,Beyond Thane,19.503957,73.3280377,Unfurnished,Apartment,0,22,0,Resale,Ready to Move,,Sanghvi Group Of Companies
Sanghvi Golden City,1950000.0,425,1,2,Atgaon,Beyond Thane,19.503957,73.3280377,Unfurnished,Apartment,0,22,0,Resale,Ready to Move,,Sanghvi Group Of Companies
Sai Landmark,1500000.0,431,1,2,Shahapur,Beyond Thane,19.453550664726,73.3247044251021,Unfurnished,Apartment,0,10,2,Resale,Ready to Move,,Sri Developer
Bhagirathi Vishwa,2700000.0,540,1,1,Badlapur,Beyond Thane,19.1639249,73.2459247,Unfurnished,Apartment,0,13,8,Resale,Ready to Move,,Thanekar Group
Vedi Residency,3000000.0,342,1,1,Dombivli East,Beyond Thane,19.2049111648702,73.1069201060438,Semi-Furnished,Apartment,0,23,5,Resale,Ready to Move,,Shree Ganesh Builders & Developers
Mehta Amrut Siddhi,3400000.0,486,1,1,Titwala,Beyond Thane,19.295217297811,73.2124239025258,Unfurnished,Apartment,0,16,4,Resale,Ready to Move,,Mehta Group
Virat Heritage,3000000.0,650,1,1,Titwala,Beyond Thane,19.295217297811,73.2124239025258,Semi-Furnished,Apartment,0,10,4,Resale,Ready to Move,,Virat Group
Rapid Residency,850000.0,263,1,1,Neral,Beyond Thane,19.0248210057881,73.3169473654086,Unfurnished,Apartment,0,7,0,Resale,Ready to Move,,Atlas Housing
Galaxy Apartments I,5000000.0,900,2,3,Ambernath,Beyond Thane,19.1986487504664,73.2004913077756,Unfurnished,Apartment,0,14,6,Resale,Ready to Move,,Galaxy Developers
Best Complex,1890000.0,367,1,1,Neral,Beyond Thane,19.0248210057881,73.3169473654086,Unfurnished,Apartment,0,0,0,Resale,Ready to Move,,Unknown
Bhagirathi Vishwa,3200000.0,587,2,2,Badlapur,Beyond Thane,19.1639249,73.2459247,Unfurnished,Apartment,0,13,8,Resale,Ready to Move,,Thanekar Group
Virat Vastu,6000000.0,666,2,2,Ambivli,Beyond Thane,19.265744998267,73.1731540259384,Unfurnished,Apartment,0,31,4,Resale,Ready to Move,,Virat Construction
Ganesh Krupa,2400000.0,526,2,1,Hendre Pada,Beyond Thane,19.1698517532363,73.2474271980168,Unfurnished,Apartment,0,8,0,Resale,Ready to Move,,Pratham Developers
Mehta Amrut Siddhi,4000000.0,373,1,2,Titwala,Beyond Thane,19.295217297811,73.2124239025258,Unfurnished,Apartment,0,16,4,Resale,Ready to Move,,Mehta Group
Konark Nirman Garden,2600000.0,486,1,2,Badlapur,Beyond Thane,19.1639249,73.2459247,Unfurnished,Apartment,0,27,8,Resale,Ready to Move,,Konark Nirman Pvt. Ltd.
Square Height,2900000.0,486,1,1,Ambernath East,Beyond Thane,19.2075883274914,73.1854898657514,Unfurnished,Apartment,0,19,1,Resale,Ready to Move,,Shivvishwa Realtors Pvt Ltd.
Mumbai Sister City By Lodha,3800000.0,311,1,1,Dombivli East,Beyond Thane,19.2049111648702,73.1069201060438,Unfurnished,Apartment,0,54,5,Resale,Under Construction,,Lodha Developers Limited
Shankheshwar Presidency,5500000.0,684,2,1,Kalyan West,Beyond Thane,19.2442606681675,73.123906730695,Semi-Furnished,Apartment,0,15,5,Resale,Ready to Move,,Shankheshwar Group of Companies
Shankheshwar Presidency,3300000.0,389,1,1,Kalyan West,Beyond Thane,19.2442606681675,73.123906730695,Unfurnished,Apartment,0,15,5,Resale,Ready to Move,,Shankheshwar Group of Companies
Marathon Next town,3500000.0,486,1,2,Dombivli East,Beyond Thane,19.2049111648702,73.1069201060438,Semi-Furnished,Apartment,0,41,5,Resale,Ready to Move,,Marathon Realty Pvt. Ltd.
Kalp Nisarg,3150000.0,605,2,2,Badlapur,Beyond Thane,19.1639249,73.2459247,Unfurnished,Apartment,0,24,8,Resale,Ready to Move,,Kalp Group
Kalp Nisarg,3350000.0,634,2,2,Badlapur,Beyond Thane,19.1639249,73.2459247,Semi-Furnished,Apartment,0,24,8,Resale,Ready to Move,,Kalp Group
VBHC,2700000.0,636,2,2,Vasind,Beyond Thane,19.4059529362434,73.2634315742197,Unfurnished,Apartment,0,29,2,Resale,Ready to Move,,VBHC
Sai Leela,4000000.0,685,2,2,Kalyan East,Beyond Thane,19.2280216158659,73.1334807284888,Unfurnished,Apartment,0,20,2,Resale,Ready to Move,,Famous Builders And Developers
Sadguru Residency,1700000.0,256,1,1,Dombivli East,Beyond Thane,19.2049111648702,73.1069201060438,Semi-Furnished,Apartment,0,8,5,Resale,Ready to Move,,R K Construction
Sai Vision Residency,1990000.0,450,1,1,Asangaon,Beyond Thane,19.4390197,73.3030715,Unfurnished,Apartment,0,24,2,Resale,Ready to Move,,Vision Realtors
Abhidarshan Homes,2700000.0,299,1,1,Titwala,Beyond Thane,19.295217297811,73.2124239025258,Unfurnished,Apartment,0,16,4,Resale,Ready to Move,,Abhidarshan Combines
Harmony Enclave,2200000.0,464,1,1,Badlapur East,Beyond Thane,19.1639249,73.2459247,Semi-Furnished,Apartment,0,27,6,Resale,Ready to Move,,Shree Ganesh Creations
Aashapura Crown City,4200000.0,436,1,2,Kalyan West,Beyond Thane,19.2442606681675,73.123906730695,Furnished,Apartment,0,10,5,Resale,Ready to Move,,Aashapura Builders and Developers
Empire Centrum,7500000.0,828,2,2,Ambernath,Beyond Thane,19.1986487504664,73.2004913077756,Furnished,Apartment,0,42,6,Resale,Ready to Move,,Empire Industries Pvt. Ltd.
Shiv Residency,3000000.0,479,1,1,Badlapur East,Beyond Thane,19.1639249,73.2459247,Semi-Furnished,Apartment,0,13,6,Resale,Ready to Move,,Shiv Group
Haware Pinnacle,2700000.0,434,1,1,Kalyan West,Beyond Thane,19.2442606681675,73.123906730695,Unfurnished,Apartment,0,14,5,Resale,Ready to Move,,Haware Engineers & Builders Pvt Ltd
Haware Pinnacle,5500000.0,641,2,2,Kalyan West,Beyond Thane,19.2442606681675,73.123906730695,Unfurnished,Apartment,0,14,5,Resale,Ready to Move,,Haware Engineers & Builders Pvt Ltd
Haware Pinnacle,5000000.0,613,2,2,Kalyan West,Beyond Thane,19.2442606681675,73.123906730695,Semi-Furnished,Apartment,0,14,5,Resale,Ready to Move,,Haware Engineers & Builders Pvt Ltd
Haware Pinnacle,2800000.0,434,1,1,Kalyan West,Beyond Thane,19.2442606681675,73.123906730695,Unfurnished,Apartment,0,14,5,Resale,Ready to Move,,Haware Engineers & Builders Pvt Ltd
Shree Tisai Residency,2000000.0,374,1,1,Kalyan,Beyond Thane,19.2449413625186,73.1331398884041,Unfurnished,Apartment,0,12,8,Resale,Ready to Move,,Tisai Construction
Sai Aashray,2200000.0,389,1,1,Kalyan East,Beyond Thane,19.2280216158659,73.1334807284888,Semi-Furnished,Apartment,0,23,2,Resale,Ready to Move,,Neelkanth Constructions
Aryan Apartment,1300000.0,504,1,1,Kalyan,Beyond Thane,19.2449413625186,73.1331398884041,Unfurnished,Apartment,0,8,8,Resale,Ready to Move,,Arya Developers
Om sai Homes,4300000.0,562,1,2,Bhiwandi,Beyond Thane,19.2937911767008,73.0653582109139,Unfurnished,Apartment,0,38,6,Resale,Ready to Move,,Infinity Buildcon
Vinayak Complex,4800000.0,576,2,2,Neral,Beyond Thane,19.0248210057881,73.3169473654086,Unfurnished,Apartment,0,5,0,Resale,Ready to Move,,Sadguru Sheltor
Parshuram Plaza,2200000.0,446,1,2,Dombivli,Beyond Thane,19.2094006,73.0939483,Semi-Furnished,Apartment,0,10,8,Resale,Ready to Move,,Shree Sadguru Krupa Developers
Parshuram Plaza,1800000.0,266,1,1,Dombivli,Beyond Thane,19.2094006,73.0939483,Unfurnished,Apartment,0,10,8,Resale,Ready to Move,,Shree Sadguru Krupa Developers
Himalaya Complex,1700000.0,382,1,1,Vangani,Beyond Thane,19.0925602606021,73.2971135741545,Unfurnished,Apartment,0,10,4,Resale,Ready to Move,,Himalaya Builders And Developers
Satyam Sheela,6500000.0,936,3,2,Badlapur East,Beyond Thane,19.1639249,73.2459247,Furnished,Apartment,0,13,6,Resale,Ready to Move,,Satyam Group
Shankheshwar Crystal,2200000.0,410,1,1,Titwala,Beyond Thane,19.295217297811,73.2124239025258,Semi-Furnished,Apartment,0,15,4,Resale,Ready to Move,,Shankheshwar Group of Companies
Rathi Osho Dhara Park,1650000.0,310,1,2,Asangaon,Beyond Thane,19.4390197,73.3030715,Unfurnished,Apartment,0,17,2,Resale,Ready to Move,,Osho Dhara Realtors
Rathi Osho Dhara Park,2000000.0,454,1,1,Asangaon,Beyond Thane,19.4390197,73.3030715,Unfurnished,Apartment,0,17,2,Resale,Ready to Move,,Osho Dhara Realtors
Haware Pinnacle,2400000.0,434,1,1,Kalyan West,Beyond Thane,19.2442606681675,73.123906730695,Unfurnished,Apartment,0,14,5,Resale,Ready to Move,,Haware Engineers & Builders Pvt Ltd
Haware Pinnacle,3600000.0,438,1,1,Kalyan West,Beyond Thane,19.2442606681675,73.123906730695,Unfurnished,Apartment,0,14,5,Resale,Ready to Move,,Haware Engineers & Builders Pvt Ltd
Yogeshwar Park,2100000.0,432,1,1,Kalyan,Beyond Thane,19.2449413625186,73.1331398884041,Unfurnished,Apartment,0,9,8,Resale,Ready to Move,,Shree Yogeshwar Builders And Developers
Mahakavi Kalidas Heights,2900000.0,594,2,1,Badlapur,Beyond Thane,19.1639249,73.2459247,Unfurnished,Apartment,0,7,8,Resale,Ready to Move,,Vaidya Group of Company
Shaswat Park,2350000.0,464,1,1,Badlapur East,Beyond Thane,19.1639249,73.2459247,Semi-Furnished,Apartment,0,10,6,Resale,Ready to Move,,Shashwat Group Builders
Shaswat Park,2400000.0,454,1,1,Badlapur East,Beyond Thane,19.1639249,73.2459247,Unfurnished,Apartment,0,10,6,Resale,Ready to Move,,Shashwat Group Builders
Krishna Paradise,3000000.0,436,1,1,Kalyan,Beyond Thane,19.2449413625186,73.1331398884041,Semi-Furnished,Apartment,0,9,8,Resale,Ready to Move,,Gopal Krishna Developers
Palava Downtown,8500000.0,1076,3,3,Dombivli,Beyond Thane,19.2094006,73.0939483,Semi-Furnished,Apartment,0,37,8,Resale,Ready to Move,,Palava Downtown
Palava Downtown,5900000.0,792,2,2,Dombivli,Beyond Thane,19.2094006,73.0939483,Unfurnished,Apartment,0,37,8,Resale,Ready to Move,,Palava Downtown
Vasant Park,4300000.0,468,1,1,Kalyan West,Beyond Thane,19.2442606681675,73.123906730695,Unfurnished,Apartment,0,35,5,Resale,Ready to Move,,Vasant Builders
Vasant Park,4400000.0,461,1,1,Kalyan West,Beyond Thane,19.2442606681675,73.123906730695,Semi-Furnished,Apartment,0,35,5,Resale,Ready to Move,,Vasant Builders
Vasant Park,4300000.0,464,1,1,Kalyan West,Beyond Thane,19.2442606681675,73.123906730695,Semi-Furnished,Apartment,0,35,5,Resale,Ready to Move,,Vasant Builders
Raunak City,3600000.0,396,1,1,Kalyan,Beyond Thane,19.2449413625186,73.1331398884041,Unfurnished,Apartment,0,13,8,Resale,Ready to Move,,Raunak Group
Raunak City,3700000.0,433,1,1,Kalyan,Beyond Thane,19.2449413625186,73.1331398884041,Semi-Furnished,Apartment,0,13,8,Resale,Ready to Move,,Raunak Group
Raunak City,3500000.0,439,1,1,Kalyan,Beyond Thane,19.2449413625186,73.1331398884041,Semi-Furnished,Apartment,0,13,8,Resale,Ready to Move,,Raunak Group
Unkown,2350000.0,623,2,2,Dahivali,Beyond Thane,19.1303459699129,73.2441715490011,Semi-Furnished,Apartment,0,0,0,Resale,Ready to Move,,Unknown
Unkown,4000000.0,423,1,1,Kalyan West,Beyond Thane,19.2442606681675,73.123906730695,Semi-Furnished,Apartment,0,0,5,Resale,Ready to Move,,Unknown
Unkown,3200000.0,540,1,1,Karjat,Beyond Thane,18.9112989,73.328189,Unfurnished,Apartment,0,0,2,Resale,Ready to Move,,Unknown
Unkown,1775000.0,373,1,1,Karjat,Beyond Thane,18.9112989,73.328189,Unfurnished,Apartment,0,0,2,Resale,Ready to Move,,Unknown
Unkown,2600000.0,389,1,1,Badlapur,Beyond Thane,19.1639249,73.2459247,Unfurnished,Apartment,0,0,8,Resale,Ready to Move,,Unknown
Unkown,2500000.0,612,2,2,Dahivali,Beyond Thane,19.1303459699129,73.2441715490011,Unfurnished,Apartment,0,0,0,Resale,Ready to Move,,Unknown
Unkown,3500000.0,486,1,1,Karjat,Beyond Thane,18.9112989,73.328189,Unfurnished,Apartment,0,0,2,Resale,Ready to Move,,Unknown
Unkown,4500000.0,464,1,2,Usarghar Gaon,Beyond Thane,19.1817402468934,73.0728836456032,Unfurnished,Apartment,0,0,2,Resale,Ready to Move,,Unknown
Unkown,7800000.0,410,2,2,Usarghar Gaon,Beyond Thane,19.1817402468934,73.0728836456032,Unfurnished,Apartment,0,0,2,Resale,Ready to Move,,Unknown
Unkown,3000000.0,436,1,1,Karjat,Beyond Thane,18.9112989,73.328189,Unfurnished,Apartment,0,0,2,Resale,Ready to Move,,Unknown
Unkown,2300000.0,429,1,1,Badlapur,Beyond Thane,19.1639249,73.2459247,Unfurnished,Apartment,0,0,8,Resale,Ready to Move,,Unknown
Unkown,5475000.0,654,2,2,Dombivli East,Beyond Thane,19.2049111648702,73.1069201060438,Semi-Furnished,Apartment,0,0,5,Resale,Ready to Move,,Unknown
Unkown,4500000.0,557,2,2,Dombivli East,Beyond Thane,19.2049111648702,73.1069201060438,Unfurnished,Apartment,0,0,5,Resale,Ready to Move,,Unknown
Unkown,5800000.0,691,2,2,Dombivli East,Beyond Thane,19.2049111648702,73.1069201060438,Unfurnished,Apartment,0,0,5,Resale,Ready to Move,,Unknown
Unkown,5600000.0,693,2,2,Dombivli East,Beyond Thane,19.2049111648702,73.1069201060438,Semi-Furnished,Apartment,0,0,5,Resale,Ready to Move,,Unknown
Unkown,5600000.0,654,2,2,Dombivli East,Beyond Thane,19.2049111648702,73.1069201060438,Unfurnished,Apartment,0,0,5,Resale,Ready to Move,,Unknown
Unkown,6300000.0,557,2,2,Dombivli East,Beyond Thane,19.2049111648702,73.1069201060438,Furnished,Apartment,0,0,5,Resale,Ready to Move,,Unknown
Unkown,5700000.0,654,2,2,Dombivli East,Beyond Thane,19.2049111648702,73.1069201060438,Semi-Furnished,Apartment,0,0,5,Resale,Ready to Move,,Unknown
Unkown,3500000.0,428,1,2,Dombivli East,Beyond Thane,19.2049111648702,73.1069201060438,Unfurnished,Apartment,0,0,5,Resale,Ready to Move,,Unknown
Unkown,5000000.0,611,2,2,Dombivli East,Beyond Thane,19.2049111648702,73.1069201060438,Semi-Furnished,Apartment,0,0,5,Resale,Ready to Move,,Unknown
Unkown,6500000.0,641,2,2,Dombivli East,Beyond Thane,19.2049111648702,73.1069201060438,Semi-Furnished,Apartment,0,0,5,Resale,Ready to Move,,Unknown
Unkown,5700000.0,710,2,2,Dombivli East,Beyond Thane,19.2049111648702,73.1069201060438,Semi-Furnished,Apartment,0,0,5,Resale,Ready to Move,,Unknown
Unkown,22500000.0,832,2,2,Karjat,Beyond Thane,18.9112989,73.328189,Unfurnished,Apartment,0,0,2,Resale,Ready to Move,,Unknown
Unkown,7000000.0,216,1,1,Dombivli,Beyond Thane,19.2094006,73.0939483,Furnished,Apartment,0,0,8,Resale,Ready to Move,,Unknown
Unkown,1950000.0,443,1,2,Karjat,Beyond Thane,18.9112989,73.328189,Furnished,Apartment,0,0,2,Resale,Ready to Move,,Unknown
Unkown,3200000.0,353,1,1,Thakurli,Beyond Thane,19.2252747701219,73.1000690723917,Unfurnished,Apartment,0,0,1,Resale,Ready to Move,,Unknown
Unkown,6500000.0,529,2,2,Tilak Nagar Kalyan,Beyond Thane,19.2502288299618,73.1250049630577,Semi-Furnished,Apartment,0,0,0,Resale,Ready to Move,,Unknown
Unkown,5500000.0,385,1,2,Kalyan West,Beyond Thane,19.2442606681675,73.123906730695,Semi-Furnished,Apartment,0,0,5,Resale,Ready to Move,,Unknown
Unkown,2100000.0,324,1,1,Bhiwandi,Beyond Thane,19.2937911767008,73.0653582109139,Semi-Furnished,Apartment,0,0,6,Resale,Ready to Move,,Unknown
Unkown,3500000.0,382,1,1,Karjat,Beyond Thane,18.9112989,73.328189,Unfurnished,Apartment,0,0,2,Resale,Ready to Move,,Unknown
Shivom Galaxy,4261000.0,,1,1,Kalyan East,Beyond Thane,19.2280216158659,73.1334807284888,Unfurnished,Apartment,0,8,2,New Property,Under Construction,,Shivom Developer
Shivom Galaxy,4150000.0,,1,1,Kalyan East,Beyond Thane,19.2280216158659,73.1334807284888,Unfurnished,Apartment,0,8,2,New Property,Under Construction,,Shivom Developer
Shri Siddhi Rajeshwari Residency,2400000.0,396,1,1,Titwala,Beyond Thane,19.295217297811,73.2124239025258,Furnished,Apartment,0,4,4,Resale,Ready to Move,,Unknown
Globe Paradise,12200000.0,576,2,2,Dombivli East,Beyond Thane,19.2049111648702,73.1069201060438,Unfurnished,Apartment,0,3,5,Resale,Ready to Move,,Unknown
Amar Galaxy,4750000.0,,1,2,Dombivli West,Beyond Thane,19.2174682509913,73.0750339345098,Unfurnished,Apartment,0,22,2,New Property,Under Construction,,Amar Groups of Companies
Saraswati Meera Park Royale,3600000.0,468,1,1,Ambernath,Beyond Thane,19.1986487504664,73.2004913077756,Semi-Furnished,Apartment,0,19,6,Resale,Ready to Move,,Saraswati Buildcon
Shree Krishna Gokuldham Society,2700000.0,504,1,1,Dombivli East,Beyond Thane,19.2049111648702,73.1069201060438,Unfurnished,Apartment,0,7,5,Resale,Ready to Move,,Shree Krishna Group
Samarth Seasons Sahara,6400000.0,648,2,2,Kalyan East,Beyond Thane,19.2280216158659,73.1334807284888,Unfurnished,Apartment,0,6,2,Resale,Ready to Move,,Samarth Sai Builders & Developers
Prathmesh Anandi Heights,8000000.0,576,2,2,Dombivli West,Beyond Thane,19.2174682509913,73.0750339345098,Unfurnished,Apartment,0,5,2,Resale,Under Construction,,Prathmesh Developers
Umbrella Ravi Residency,3000000.0,410,1,1,Dombivli East,Beyond Thane,19.2049111648702,73.1069201060438,Unfurnished,Apartment,0,10,5,Resale,Ready to Move,,Umbrella Group
Panvelkar Rockford Estate,3300000.0,554,2,1,Badlapur,Beyond Thane,19.1639249,73.2459247,Semi-Furnished,Apartment,0,0,8,Resale,Ready to Move,,Panvelkar Group
Sanghvi Shankheshwar ,4500000.0,468,1,1,Dombivli East,Beyond Thane,19.2049111648702,73.1069201060438,Semi-Furnished,Apartment,0,0,5,Resale,Ready to Move,,Sanghvi Group
Sanghvi Shankheshwar ,3260000.0,432,1,1,Dombivli East,Beyond Thane,19.2049111648702,73.1069201060438,Unfurnished,Apartment,0,0,5,Resale,Ready to Move,,Sanghvi Group
Aditya Apartments,2500000.0,432,2,1,Kalyan,Beyond Thane,19.2449413625186,73.1331398884041,Unfurnished,Apartment,0,3,8,Resale,Ready to Move,,Aditya Developers
Bhav Residency,2800000.0,407,1,2,Kasheli,Beyond Thane,19.2301651,73.0171568,Semi-Furnished,Apartment,0,4,2,Resale,Ready to Move,,Ramdev Developers
Tharwani Meghna Montana,3000000.0,248,1,2,Kamlakar Nagar,Beyond Thane,19.221013391677,73.1979031225356,Unfurnished,Apartment,0,22,0,Resale,Ready to Move,,Tharwani Construction Pvt. Ltd.
Amrut Laxmi Raj Regalia,2730000.0,464,1,2,Ambernath,Beyond Thane,19.1986487504664,73.2004913077756,Unfurnished,Apartment,0,15,6,Resale,Under Construction,,Amrut Laxmi Developers
Krishna Kutir,4000000.0,318,1,1,Dombivli East,Beyond Thane,19.2049111648702,73.1069201060438,Furnished,Apartment,0,23,5,Resale,Ready to Move,,Shree Krishna Developers
Mukul Palms,4800000.0,656,2,2,Ambernath,Beyond Thane,19.1986487504664,73.2004913077756,Furnished,Apartment,0,23,6,Resale,Ready to Move,,Mukul Developers
Panvelkar Aqua Marine,2800000.0,508,1,2,Ambernath East,Beyond Thane,19.2075883274914,73.1854898657514,Unfurnished,Apartment,0,21,1,Resale,Ready to Move,,Panvelkar Group
Panvelkar Vellozia,2500000.0,519,7,2,Badlapur East,Beyond Thane,19.1639249,73.2459247,Unfurnished,Apartment,0,9,6,Resale,Ready to Move,,Panvelkar Group
Sai Residency,5500000.0,576,2,2,Ambernath,Beyond Thane,19.1986487504664,73.2004913077756,Unfurnished,Apartment,0,16,6,Resale,Ready to Move,,Patel RPL Realty
Patels Pride,7600000.0,214,1,2,Ambernath,Beyond Thane,19.1986487504664,73.2004913077756,Unfurnished,Apartment,0,20,6,Resale,Ready to Move,,Patel RPL Realty
Flower Valley,12700000.0,619,2,2,Asangaon,Beyond Thane,19.4390197,73.3030715,Semi-Furnished,Apartment,0,13,2,Resale,Ready to Move,,Siddhivinayak Enterprises And Tirupati Developers
Flower Valley,13300000.0,623,2,2,Asangaon,Beyond Thane,19.4390197,73.3030715,Semi-Furnished,Apartment,0,13,2,Resale,Ready to Move,,Siddhivinayak Enterprises And Tirupati Developers
Laxmi Park,7500000.0,569,2,2,Thakurli,Beyond Thane,19.2252747701219,73.1000690723917,Unfurnished,Apartment,0,16,1,Resale,Ready to Move,,Laxmi Builders and Developers
Laxmi Park,9800000.0,468,2,2,Thakurli,Beyond Thane,19.2252747701219,73.1000690723917,Semi-Furnished,Apartment,0,16,1,Resale,Ready to Move,,Laxmi Builders and Developers
Siddheshwar Palms,4000000.0,454,1,1,Dombivli,Beyond Thane,19.2094006,73.0939483,Semi-Furnished,Apartment,0,15,8,Resale,Ready to Move,,Siddheshwar Group
Panvelkar Estate Kingston Mankivali,3750000.0,422,2,2,Badlapur,Beyond Thane,19.1639249,73.2459247,Unfurnished,Apartment,0,0,8,Resale,Under Construction,,Panvelkar Group
Chintamani Maple City,2195000.0,468,1,1,Badlapur,Beyond Thane,19.1639249,73.2459247,Unfurnished,Apartment,0,7,8,Resale,Ready to Move,,Chintamani Developer
Happy Sarvoday 1,76443000.0,755,,1,Kalyan,Beyond Thane,19.2449413625186,73.1331398884041,Unfurnished,Commercial Office Space,0,6,8,New Property,Dec '28,,Happy Home Group
Lodha Opulis B,38000000.0,2498,4,4,Kole,Beyond Thane,19.22816159,73.36323194,Unfurnished,Apartment,0,10,0,New Property,May '30,,Lodha Developers Limited
Godrej Nirvaan,4949000.0,424,1,1,Kalyan West,Beyond Thane,19.2442606681675,73.123906730695,Unfurnished,Apartment,0,45,5,New Property,Under Construction,,Godrej Properties
Kalpataru Aria ,11400000.0,2280,,,Karjat,Beyond Thane,18.9112989,73.328189,Unfurnished,Residential Plot,0,23,2,New Property,,,Kalpataru Ltd.
Dosti Greater Thane,5954000.0,535,2,2,Bhiwandi,Beyond Thane,19.2937911767008,73.0653582109139,Unfurnished,Apartment,0,14,6,New Property,Jun '28,,Dosti Realty 
Tharwani Ariana,5017000.0,846,3,3,Ambernath West,Beyond Thane,19.2107415190685,73.1908213734783,Unfurnished,Apartment,0,20,2,New Property,Ready to Move,,Tharwani Realty
Kalpataru Aria ,49345000.0,9000,,,Karjat,Beyond Thane,18.9112989,73.328189,Unfurnished,Residential Plot,0,23,2,New Property,,,Kalpataru Ltd.
Dosti Greater Thane,4129000.0,371,1,1,Bhiwandi,Beyond Thane,19.2937911767008,73.0653582109139,Unfurnished,Apartment,0,14,6,New Property,Jun '28,,Dosti Realty 
Rustomjee Urban Woods,12399000.0,1124,3,3,Kalyan East,Beyond Thane,19.2280216158659,73.1334807284888,Unfurnished,Apartment,0,25,2,New Property,May '29,,Rustomjee
Growmore Unimax Life,3838000.0,446,1,1,Dombivli East,Beyond Thane,19.2049111648702,73.1069201060438,Unfurnished,Apartment,1,12,5,New Property,Dec '29,1 Covered,Growmore Lifespaces Llp
Runwal Garden City,7200000.0,568,3,3,Dombivli,Beyond Thane,19.2094006,73.0939483,Unfurnished,Apartment,1,43,8,New Property,Sep '27,,Runwal Enterprises
Sunteck Crescent Park,7200000.0,656,2,2,Kalyan,Beyond Thane,19.2449413625186,73.1331398884041,Unfurnished,Apartment,1,35,8,New Property,Dec '29,1 Covered,Sunteck Realty Ltd.
Rustomjee Urban Woods,6148800.0,585,2,2,Kalyan East,Beyond Thane,19.2280216158659,73.1334807284888,Unfurnished,Apartment,1,25,2,New Property,Under Construction,1 Covered,Rustomjee
Rustomjee Urban Woods,7499000.0,682,2,2,Dombivli East,Beyond Thane,19.2049111648702,73.1069201060438,Unfurnished,Apartment,1,25,5,New Property,May '29,1 Covered,Rustomjee
Lodha Codename Premier,8999999.0,759,3,2,Dombivli East,Beyond Thane,19.2049111648702,73.1069201060438,Unfurnished,Apartment,1,28,5,New Property,Under Construction,1 Covered,Lodha Developers Limited
Unkown,2600000.0,334,1,2,Titwala Goveli Road,Beyond Thane,19.28147176,73.23442666,Unfurnished,Apartment,0,0,0,New Property,Ready to Move,1 Open,Unknown
Unkown,5160000.0,516,1,1,Khadakpada,Beyond Thane,19.2626421381468,73.131209510184,Unfurnished,Apartment,0,0,1,New Property,Under Construction,1 Covered,Unknown
Unkown,24800000.0,1963,3,4,Bhiwandi,Beyond Thane,19.2937911767008,73.0653582109139,Unfurnished,Villa,1,0,6,New Property,Under Construction,2 Covered,Unknown
Shahpur ShubhVastu ,1692000.0,389,1,1,Shivajinagar Vasind,Beyond Thane,19.40599112,73.26267306,Unfurnished,Apartment,0,16,0,Resale,Ready to Move,,Shahpur Infrastructure
Lodha Villa Royale,35000000.0,2000,3,4,Dombivli East,Beyond Thane,19.2049111648702,73.1069201060438,Semi-Furnished,Villa,1,10,5,Resale,Under Construction,"1 Covered, 2 Open",Lodha Developers Limited
Lodha Codename Premier,5927000.0,540,2,2,Dombivli East,Beyond Thane,19.2049111648702,73.1069201060438,Unfurnished,Apartment,0,28,5,New Property,Under Construction,,Lodha Developers Limited
Rustomjee Belle Vue,6200000.0,3200,3,3,Shahapur,Beyond Thane,19.453550664726,73.3247044251021,Unfurnished,Villa,1,10,2,New Property,Under Construction,1 Covered,Rustomjee
Unkown,5900000.0,850,2,2,Kasheli,Beyond Thane,19.2301651,73.0171568,Furnished,Apartment,0,0,2,Resale,Ready to Move,,Unknown
Panvelkar Aqua Marine,3000000.0,,,,Ambernath East,Beyond Thane,19.2075883274914,73.1854898657514,Unfurnished,Commercial Shop,0,21,1,Resale,Ready to Move,,Panvelkar Group
Runwal Garden City,3500000.0,355,1,1,Dombivli,Beyond Thane,19.2094006,73.0939483,Unfurnished,Apartment,1,43,8,Resale,Ready to Move,,Runwal Enterprises
Amber Enclave,5200000.0,460,1,1,Thakurli,Beyond Thane,19.2252747701219,73.1000690723917,Unfurnished,Apartment,0,19,1,Resale,Ready to Move,1 Open,AMBER GROUP
Shree Samarth Paradise ,2300000.0,420,1,2,Neral,Beyond Thane,19.0248210057881,73.3169473654086,Unfurnished,Apartment,1,7,0,New Property,Under Construction,,Shree Samarth Residency
Mohan Suburbia,4000000.0,,2,2,Ambernath,Beyond Thane,19.1986487504664,73.2004913077756,Unfurnished,Apartment,0,32,6,New Property,Ready to Move,,Mohan Group
Unkown,7300000.0,600,2,2,New Thakurli Road,Beyond Thane,19.22450879,73.10186665,Unfurnished,Apartment,0,0,0,Resale,Ready to Move,1 Covered,Unknown
Versatile Valley,5500000.0,700,2,2,Dombivli East,Beyond Thane,19.2049111648702,73.1069201060438,Unfurnished,Apartment,0,23,5,New Property,Ready to Move,1 Covered,Versatile Housing
Unkown,3300000.0,,,,Kasara,Beyond Thane,19.6439736803258,73.4746818708467,,Residential Plot,0,0,0,Resale,,,Unknown
Unkown,46000000.0,3375,5,5,Ambernath East,Beyond Thane,19.2075883274914,73.1854898657514,Furnished,Villa,0,0,1,Resale,Ready to Move,,Unknown
Unkown,7200000.0,,3,2,Dombivli,Beyond Thane,19.2094006,73.0939483,Unfurnished,Apartment,0,0,8,Resale,Ready to Move,,Unknown
Unkown,11000000.0,876,3,2,Gopalnagar Dombivli East,Beyond Thane,19.21427464,73.09604509,Furnished,Apartment,0,0,0,Resale,Ready to Move,,Unknown
Unkown,125000000.0,,,,Padgha,Beyond Thane,19.3662582552053,73.1774825106993,,Commercial Land,0,0,0,Resale,,,Unknown
Unkown,103000000.0,,,,Asangaon,Beyond Thane,19.4390197,73.3030715,,Industrial Building,0,0,2,Resale,Ready to Move,,Unknown
Unkown,2300000.0,,,1,Chakki Naka,Beyond Thane,19.2194377355058,73.1372713822547,Unfurnished,Studio Apartment,0,0,0,Resale,Ready to Move,,Unknown
Sarvodaya Galaxy,7000000.0,538,1,2,Dombivli,Beyond Thane,19.2094006,73.0939483,Semi-Furnished,Apartment,0,11,8,Resale,Ready to Move,,Happy Home Group
Ashtavinayak Residency,3600000.0,612,2,2,Ambernath,Beyond Thane,19.1986487504664,73.2004913077756,Unfurnished,Apartment,0,11,6,Resale,Ready to Move,,Ashtavinayak Enterprises
Unkown,7200000.0,480,1,2,Kopar Road,Beyond Thane,19.2156286295815,73.0821560017199,Semi-Furnished,Apartment,0,0,0,Resale,Ready to Move,,Unknown
Lodha Casa Bella Gold,4400000.0,,1,1,Dombivli East,Beyond Thane,19.2049111648702,73.1069201060438,Semi-Furnished,Apartment,0,20,5,Resale,Ready to Move,,Lodha Developers Limited
Unkown,2800000.0,430,1,1,Kalyan East,Beyond Thane,19.2280216158659,73.1334807284888,Semi-Furnished,Apartment,0,0,2,Resale,Ready to Move,,Unknown
Jai Mata Di Complex,5900000.0,850,2,2,Kasheli,Beyond Thane,19.2301651,73.0171568,Furnished,Apartment,0,13,2,Resale,Ready to Move,,Jai Matadi Enterprises
Dattusai Complex,4200000.0,,1,1,Dombivli West,Beyond Thane,19.2174682509913,73.0750339345098,Semi-Furnished,Apartment,0,0,2,Resale,Ready to Move,,Unknown
Runwal MyCity,4500000.0,542,2,2,Dombivli,Beyond Thane,19.2094006,73.0939483,Semi-Furnished,Apartment,0,5,8,Resale,Ready to Move,,Runwal Group
Unkown,3000000.0,,,,Ambernath East,Beyond Thane,19.2075883274914,73.1854898657514,Unfurnished,Commercial Shop,0,0,1,Resale,Ready to Move,,Unknown
Unkown,5700000.0,640,2,2,Dombivli,Beyond Thane,19.2094006,73.0939483,Unfurnished,Apartment,0,0,8,Resale,Ready to Move,,Unknown
Unkown,4600000.0,,1,2,New Thakurli Road,Beyond Thane,19.22450879,73.10186665,Unfurnished,Apartment,0,0,0,New Property,Ready to Move,,Unknown
Unkown,2700000.0,,,,Ambernath East,Beyond Thane,19.2075883274914,73.1854898657514,Unfurnished,Commercial Shop,0,0,1,Resale,Ready to Move,,Unknown
Yuvraj Residency,2250000.0,446,1,1,Karjat,Beyond Thane,18.9112989,73.328189,Unfurnished,Apartment,0,9,2,Resale,Ready to Move,,Yuvraj Builders
Unkown,11000000.0,418,,,Palava City,Beyond Thane,19.1680134933867,73.0730851842052,Unfurnished,Commercial Showroom,0,0,6,Resale,Ready to Move,5 Open,Unknown
Trilok Heights,4500000.0,,1,1,Thakurli,Beyond Thane,19.2252747701219,73.1000690723917,Furnished,Apartment,0,7,1,Resale,Ready to Move,,Trilok Realty
Orchid Woods,3700000.0,709,2,2,Ambernath,Beyond Thane,19.1986487504664,73.2004913077756,Semi-Furnished,Apartment,0,15,6,Resale,Ready to Move,,Ropit Infratech
SARVODAY MANGAL,5000000.0,500,2,2,Thakurli,Beyond Thane,19.2252747701219,73.1000690723917,Unfurnished,Apartment,0,0,1,Resale,Ready to Move,1 Open,LAXMI COMBINES
Unkown,28000000.0,1200,3,4,Vashi,Beyond Thane,19.0795366,73.0004472,Unfurnished,Residential House,0,0,0,Resale,Ready to Move,1 Open,Unknown
Pranjee Garden City Phase II,4700000.0,,2,2,Badlapur,Beyond Thane,19.1639249,73.2459247,Unfurnished,Apartment,0,28,8,Resale,Ready to Move,,Pranjee Properties Pvt. Ltd.
Sunita Shree Vijay CHS,3200000.0,462,1,1,Ambernath,Beyond Thane,19.1986487504664,73.2004913077756,Unfurnished,Apartment,0,3,6,Resale,Ready to Move,,Sunita Enterprises
Nehal Dhara Raj Baug,2300000.0,,1,2,Neral,Beyond Thane,19.0248210057881,73.3169473654086,Unfurnished,Apartment,1,4,0,New Property,Ready to Move,,Nehal Dhara Realtors
Unkown,125000000.0,,,,Bhiwandi Wada Road,Beyond Thane,19.3521332047808,73.0720181309728,,Industrial Land,0,0,0,Resale,,,Unknown
Kashish Galaxy,4100000.0,550,1,1,Thakurli,Beyond Thane,19.2252747701219,73.1000690723917,Unfurnished,Apartment,0,17,1,Resale,Ready to Move,,Gauri Vinayak Builders
Poddar Evergreens,2000000.0,414,1,1,Badlapur East,Beyond Thane,19.1639249,73.2459247,Unfurnished,Apartment,0,12,6,Resale,Ready to Move,,Poddar Housing
Poddar Evergreens,2400000.0,364,1,1,Badlapur East,Beyond Thane,19.1639249,73.2459247,,Apartment,0,12,6,Resale,Ready to Move,,Poddar Housing
Poddar Evergreens,1600000.0,307,1,1,Badlapur East,Beyond Thane,19.1639249,73.2459247,Semi-Furnished,Apartment,0,12,6,Resale,Ready to Move,,Poddar Housing
Om Residency,7200000.0,630,2,2,Dombivli East,Beyond Thane,19.2049111648702,73.1069201060438,Unfurnished,Apartment,0,9,5,Resale,Ready to Move,,Om Realty
Thanekar Hillcrest,2500000.0,439,1,1,Badlapur East,Beyond Thane,19.1639249,73.2459247,Semi-Furnished,Apartment,0,12,6,Resale,Ready to Move,,Thanekar Group
Thanekar Hillcrest,2650000.0,486,1,2,Badlapur,Beyond Thane,19.1639249,73.2459247,Unfurnished,Apartment,0,12,8,Resale,Ready to Move,,Thanekar Group
Sarvodaya Bali,7500000.0,634,2,2,Dombivli West,Beyond Thane,19.2174682509913,73.0750339345098,Furnished,Apartment,0,18,2,Resale,Ready to Move,,Happy Home Group
Kene Height,2700000.0,511,1,1,Ambernath,Beyond Thane,19.1986487504664,73.2004913077756,Unfurnished,Apartment,0,10,6,Resale,Ready to Move,,Y R Developers
Mohan Nano Estates,3100000.0,472,1,1,Ambernath West,Beyond Thane,19.2107415190685,73.1908213734783,Unfurnished,Apartment,0,14,2,Resale,Ready to Move,,Mohan Group
Mohan Nano Estates,2500000.0,324,1,1,Ambernath West,Beyond Thane,19.2107415190685,73.1908213734783,Unfurnished,Apartment,0,14,2,Resale,Ready to Move,,Mohan Group
Mohan Nano Estates,2400000.0,299,1,1,Ambernath West,Beyond Thane,19.2107415190685,73.1908213734783,Unfurnished,Apartment,0,14,2,Resale,Ready to Move,,Mohan Group
Mohan Nano Estates,2400000.0,317,1,1,Ambernath West,Beyond Thane,19.2107415190685,73.1908213734783,Unfurnished,Apartment,0,14,2,Resale,Ready to Move,,Mohan Group
Om Heights,2900000.0,320,1,1,Kalyan West,Beyond Thane,19.2442606681675,73.123906730695,Semi-Furnished,Apartment,0,1,5,Resale,Ready to Move,,Kashish Park Realtors
Nana Patil Pride,4200000.0,533,1,1,Ambernath,Beyond Thane,19.1986487504664,73.2004913077756,Unfurnished,Apartment,0,17,6,Resale,Ready to Move,,NDK Group
Royal Park,2500000.0,324,1,1,Dombivli East,Beyond Thane,19.2049111648702,73.1069201060438,Unfurnished,Apartment,0,23,5,Resale,Ready to Move,,Royal Builders and Developers
Royal Park,2700000.0,461,1,2,Dombivli East,Beyond Thane,19.2049111648702,73.1069201060438,Unfurnished,Apartment,0,23,5,Resale,Ready to Move,,Royal Builders and Developers
Shree Ganesh Apartment,2300000.0,252,1,1,Kalyan East,Beyond Thane,19.2280216158659,73.1334807284888,Unfurnished,Apartment,0,3,2,Resale,Ready to Move,,Shree Ganesh Builders & Developers
Mohan Nano Estates,2200000.0,241,1,1,Ambernath West,Beyond Thane,19.2107415190685,73.1908213734783,Unfurnished,Apartment,0,14,2,Resale,Ready to Move,,Mohan Group
Mohan Nano Estates,3400000.0,490,1,1,Ambernath West,Beyond Thane,19.2107415190685,73.1908213734783,Unfurnished,Apartment,0,14,2,Resale,Ready to Move,,Mohan Group
Mohan Nano Estates,2300000.0,288,1,1,Ambernath West,Beyond Thane,19.2107415190685,73.1908213734783,Unfurnished,Apartment,0,14,2,Resale,Ready to Move,,Mohan Group
Raj Shree CHS,3500000.0,425,1,1,Dombivli East,Beyond Thane,19.2049111648702,73.1069201060438,Unfurnished,Apartment,0,0,5,Resale,Ready to Move,,Unknown
Patels Signature,2200000.0,216,1,1,Ambernath East,Beyond Thane,19.2075883274914,73.1854898657514,Unfurnished,Apartment,0,15,1,Resale,Ready to Move,,Patel RPL Realty
Lodha Palava,6000000.0,648,2,2,Dombivli,Beyond Thane,19.2094006,73.0939483,Semi-Furnished,Apartment,0,56,8,Resale,Ready to Move,,Lodha Developers Limited
Lodha Palava,3700000.0,538,2,2,Dombivli,Beyond Thane,19.2094006,73.0939483,Semi-Furnished,Apartment,0,56,8,Resale,Ready to Move,,Lodha Developers Limited
Lodha Lakeshore Greens,4800000.0,363,1,1,Palava City,Beyond Thane,19.1680134933867,73.0730851842052,Unfurnished,Apartment,0,21,6,Resale,Ready to Move,,Lodha Developers Limited
Xrbia Warai,2750000.0,498,2,2,Neral,Beyond Thane,19.0248210057881,73.3169473654086,Unfurnished,Apartment,0,34,0,Resale,Under Construction,,XRBIA Developers
Xrbia Warai,2000000.0,260,1,1,Neral,Beyond Thane,19.0248210057881,73.3169473654086,Unfurnished,Apartment,0,34,0,Resale,Under Construction,,XRBIA Developers
Xrbia Warai,2400000.0,260,1,1,Neral,Beyond Thane,19.0248210057881,73.3169473654086,Unfurnished,Apartment,0,34,0,Resale,Under Construction,,XRBIA Developers
Xrbia Warai,2600000.0,343,1,1,Neral,Beyond Thane,19.0248210057881,73.3169473654086,Unfurnished,Apartment,0,34,0,Resale,Ready to Move,,XRBIA Developers
Xrbia Warai,2000000.0,260,1,1,Neral,Beyond Thane,19.0248210057881,73.3169473654086,Unfurnished,Apartment,0,34,0,Resale,Ready to Move,,XRBIA Developers
Lodha Palava City,6500000.0,605,2,2,Dombivli,Beyond Thane,19.2094006,73.0939483,Unfurnished,Apartment,0,56,8,Resale,Ready to Move,,Lodha Developers Limited
Lodha Palava City,4000000.0,386,1,1,Dombivli,Beyond Thane,19.2094006,73.0939483,Unfurnished,Apartment,0,56,8,Resale,Ready to Move,,Lodha Developers Limited
Lok Nagari Phase III,2500000.0,486,1,2,Ambernath East,Beyond Thane,19.2075883274914,73.1854898657514,Unfurnished,Apartment,0,3,1,Resale,Ready to Move,,Lok Nagari Developers
Lok Nagari Phase III,2800000.0,486,1,2,Ambernath East,Beyond Thane,19.2075883274914,73.1854898657514,Unfurnished,Apartment,0,3,1,Resale,Ready to Move,,Lok Nagari Developers
Lodha Casa Rio,3600000.0,428,1,1,Dombivli,Beyond Thane,19.2094006,73.0939483,Unfurnished,Apartment,0,33,8,Resale,Ready to Move,,Lodha Developers Limited
Lodha Casa Rio,4600000.0,559,2,2,Dombivli,Beyond Thane,19.2094006,73.0939483,Semi-Furnished,Apartment,0,33,8,Resale,Ready to Move,,Lodha Developers Limited
Lodha Casa Rio,5500000.0,654,2,2,Dombivli,Beyond Thane,19.2094006,73.0939483,Unfurnished,Apartment,0,33,8,Resale,Ready to Move,,Lodha Developers Limited
Lodha Casa Rio,7000000.0,605,2,2,Dombivli,Beyond Thane,19.2094006,73.0939483,Unfurnished,Apartment,0,33,8,Resale,Ready to Move,,Lodha Developers Limited
Lodha Casa Rio,5000000.0,629,1,2,Dombivli,Beyond Thane,19.2094006,73.0939483,Semi-Furnished,Apartment,0,33,8,Resale,Ready to Move,,Lodha Developers Limited
Lodha Palava Casa Bella,5400000.0,726,2,2,Dombivli East,Beyond Thane,19.2049111648702,73.1069201060438,Unfurnished,Apartment,0,56,5,Resale,Ready to Move,,Lodha Developers Limited
Lodha Palava Casa Bella,4800000.0,538,2,2,Dombivli East,Beyond Thane,19.2049111648702,73.1069201060438,Unfurnished,Apartment,0,56,5,Resale,Ready to Move,,Lodha Developers Limited
Lodha Palava Casa Bella,4000000.0,461,2,2,Dombivli East,Beyond Thane,19.2049111648702,73.1069201060438,Unfurnished,Apartment,0,56,5,Resale,Ready to Move,,Lodha Developers Limited
Lodha Palava Casa Bella,6800000.0,450,2,2,Dombivli East,Beyond Thane,19.2049111648702,73.1069201060438,Semi-Furnished,Apartment,0,56,5,Resale,Ready to Move,,Lodha Developers Limited
Lodha Palava Casa Bella,4280000.0,538,2,2,Dombivli East,Beyond Thane,19.2049111648702,73.1069201060438,Unfurnished,Apartment,0,56,5,Resale,Ready to Move,,Lodha Developers Limited
Runwal Garden City,10800000.0,724,2,2,Dombivli,Beyond Thane,19.2094006,73.0939483,Unfurnished,Apartment,0,43,8,Resale,Ready to Move,,Runwal Enterprises
Runwal Garden City,7995000.0,385,2,2,Dombivli,Beyond Thane,19.2094006,73.0939483,Furnished,Apartment,0,43,8,Resale,Ready to Move,,Runwal Enterprises
Runwal Garden City,11500000.0,720,2,2,Dombivli,Beyond Thane,19.2094006,73.0939483,Unfurnished,Apartment,0,43,8,Resale,Ready to Move,,Runwal Enterprises
Runwal Garden City,9500000.0,554,2,2,Dombivli,Beyond Thane,19.2094006,73.0939483,Semi-Furnished,Apartment,0,43,8,Resale,Ready to Move,,Runwal Enterprises
Runwal Garden City,8400000.0,554,2,2,Dombivli,Beyond Thane,19.2094006,73.0939483,Semi-Furnished,Apartment,0,43,8,Resale,Ready to Move,,Runwal Enterprises
Rukmini Garden Building No 2,3000000.0,623,2,2,Titwala,Beyond Thane,19.295217297811,73.2124239025258,Unfurnished,Apartment,0,30,4,Resale,Ready to Move,,Rukmini Associates Builders and Developers
Royal Flora,3500000.0,583,2,2,Ambernath,Beyond Thane,19.1986487504664,73.2004913077756,Semi-Furnished,Apartment,0,12,6,Resale,Ready to Move,,Royal Galaxy Developers
Arihant Anmol,2000000.0,457,1,1,Badlapur East,Beyond Thane,19.1639249,73.2459247,Unfurnished,Apartment,0,7,6,Resale,Ready to Move,,Arihant Superstructures Ltd
Arihant Anmol,2700000.0,475,1,1,Badlapur East,Beyond Thane,19.1639249,73.2459247,Unfurnished,Apartment,0,7,6,Resale,Under Construction,,Arihant Superstructures Ltd
Wadhwa Daisy Gardens,4000000.0,644,2,2,Ambernath,Beyond Thane,19.1986487504664,73.2004913077756,Semi-Furnished,Apartment,0,31,6,Resale,Ready to Move,,Wadhwa & Sons
Wadhwa Daisy Gardens,3300000.0,630,2,2,Ambernath,Beyond Thane,19.1986487504664,73.2004913077756,Unfurnished,Apartment,0,31,6,Resale,Ready to Move,,Wadhwa & Sons
Wadhwa Daisy Gardens,3200000.0,637,2,2,Ambernath,Beyond Thane,19.1986487504664,73.2004913077756,Unfurnished,Apartment,0,31,6,Resale,Ready to Move,,Wadhwa & Sons
Dynamic Ultima,4000000.0,551,1,1,Kalyan,Beyond Thane,19.2449413625186,73.1331398884041,Unfurnished,Apartment,0,0,8,Resale,Ready to Move,,Dynamic Buildtech
5P Kalp City,2400000.0,475,1,1,Badlapur East,Beyond Thane,19.1639249,73.2459247,Unfurnished,Apartment,0,21,6,Resale,Ready to Move,,5P Group
5P Kalp City,2500000.0,443,1,1,Badlapur East,Beyond Thane,19.1639249,73.2459247,Furnished,Apartment,0,21,6,Resale,Ready to Move,,5P Group
5P Kalp City,2500000.0,454,1,1,Badlapur East,Beyond Thane,19.1639249,73.2459247,Unfurnished,Apartment,0,21,6,Resale,Ready to Move,,5P Group
Risali JP Symphony,3300000.0,,1,2,Ambernath East,Beyond Thane,19.2075883274914,73.1854898657514,Semi-Furnished,Apartment,0,32,1,Resale,Ready to Move,,Risali Developers
Unkown,1900000.0,485,1,2,Badlapur West,Beyond Thane,19.1760975692482,73.2401614495576,Unfurnished,Apartment,0,0,0,Resale,Ready to Move,,Unknown
Unkown,2700000.0,,1,1,Sudama Nagar Dombivli East,Beyond Thane,19.20627248,73.10501752,Unfurnished,Apartment,0,0,0,Resale,Ready to Move,"1 Covered, 1 Open",Unknown
Raj Vaibhav NX,4200000.0,450,1,1,Dombivli West,Beyond Thane,19.2174682509913,73.0750339345098,Unfurnished,Apartment,0,18,2,Resale,Ready to Move,,Relliance Construction Co.
Unkown,1200000.0,,,,Nandivli,Beyond Thane,19.1998737435079,73.0856103413878,Unfurnished,Commercial Shop,0,0,0,Resale,Ready to Move,,Unknown
Unkown,5600000.0,,2,1,Dombivli West,Beyond Thane,19.2174682509913,73.0750339345098,Semi-Furnished,Apartment,0,0,2,Resale,Ready to Move,,Unknown
Runwal Gardens,4800000.0,,1,2,Dombivli East,Beyond Thane,19.2049111648702,73.1069201060438,Unfurnished,Apartment,0,15,5,Resale,Ready to Move,,Runwal Group
Pandurang Tower,1900000.0,,1,1,Dombivli East,Beyond Thane,19.2049111648702,73.1069201060438,Unfurnished,Apartment,0,0,5,Resale,Ready to Move,,Unknown
Hari Om Pooja,4600000.0,,1,1,Dombivli West,Beyond Thane,19.2174682509913,73.0750339345098,Unfurnished,Apartment,0,10,2,Resale,Ready to Move,,Reputed Builder
Shiv Vatika,2400000.0,,1,1,Ambernath,Beyond Thane,19.1986487504664,73.2004913077756,Semi-Furnished,Apartment,0,11,6,Resale,Ready to Move,,Aalok Developers
Unkown,5800000.0,,2,2,Kalyan East,Beyond Thane,19.2280216158659,73.1334807284888,Unfurnished,Apartment,0,0,2,Resale,Ready to Move,,Unknown
Kailash Nagar,3500000.0,,2,2,Ambernath,Beyond Thane,19.1986487504664,73.2004913077756,Unfurnished,Apartment,0,0,6,Resale,Ready to Move,,Unknown
Shankheshwar Pearls,4500000.0,,2,1,Kalyan West,Beyond Thane,19.2442606681675,73.123906730695,Unfurnished,Apartment,0,14,5,Resale,Ready to Move,,Shankheshwar Group of Companies
Unkown,2500000.0,510,1,1,Sagaon,Beyond Thane,19.1966228557735,73.0960229044129,Unfurnished,Apartment,0,0,0,Resale,Ready to Move,,Unknown
Karrm Gardens,2000000.0,,1,1,Ambernath,Beyond Thane,19.1986487504664,73.2004913077756,Unfurnished,Apartment,0,3,6,Resale,Ready to Move,,KARAM INFRASTRUCTURE Pvt. Ltd.
Tharwani Ariana,4500000.0,784,2,2,Ambernath West,Beyond Thane,19.2107415190685,73.1908213734783,Semi-Furnished,Apartment,0,20,2,Resale,Ready to Move,"1 Covered, 1 Open",Tharwani Realty
Mandakini Residency,2800000.0,600,2,1,Titwala,Beyond Thane,19.295217297811,73.2124239025258,Unfurnished,Apartment,0,22,4,Resale,Ready to Move,,Mandakini Realtors
Siddhi City,2200000.0,,1,1,Badlapur East,Beyond Thane,19.1639249,73.2459247,Unfurnished,Apartment,0,0,6,Resale,Ready to Move,1 Open,Siddhitech Homes
Lodha Codename Golden Tomorrow,2500000.0,305,1,1,Dombivli East,Beyond Thane,19.2049111648702,73.1069201060438,Unfurnished,Apartment,0,41,5,Resale,Ready to Move,,Lodha Developers Limited
Unkown,2200000.0,642,1,1,Ambernath,Beyond Thane,19.1986487504664,73.2004913077756,Unfurnished,Apartment,0,0,6,Resale,Ready to Move,,Unknown
Lodha Palava,5500000.0,582,2,2,Dombivli East,Beyond Thane,19.2049111648702,73.1069201060438,Unfurnished,Apartment,0,54,5,Resale,Ready to Move,,Lodha Developers Limited
Valaram Ashish,2550000.0,550,1,1,Titwala,Beyond Thane,19.295217297811,73.2124239025258,Unfurnished,Apartment,0,0,4,Resale,Ready to Move,,Unknown
Abhidarshan Homes,2500000.0,,1,1,Titwala,Beyond Thane,19.295217297811,73.2124239025258,Semi-Furnished,Apartment,0,16,4,Resale,Ready to Move,,Abhidarshan Combines
Reliance Residency,4100000.0,650,2,2,Ambernath,Beyond Thane,19.1986487504664,73.2004913077756,Furnished,Apartment,0,18,6,Resale,Ready to Move,,Reliance Enterprises
Vishwajeet Green,4350000.0,624,2,2,Ambernath,Beyond Thane,19.1986487504664,73.2004913077756,Unfurnished,Apartment,0,30,6,Resale,Ready to Move,,GBK Group
Mohan Suburbia,4000000.0,,2,2,Ambernath,Beyond Thane,19.1986487504664,73.2004913077756,Unfurnished,Apartment,0,32,6,Resale,Ready to Move,,Mohan Group
Runwal Gardens,7000000.0,,2,2,Dombivli East,Beyond Thane,19.2049111648702,73.1069201060438,Semi-Furnished,Apartment,0,15,5,Resale,Ready to Move,,Runwal Group
Runwal MyCity,3600000.0,450,1,2,Dombivli,Beyond Thane,19.2094006,73.0939483,Semi-Furnished,Apartment,0,5,8,Resale,Ready to Move,,Runwal Group
Wadhwa Daisy Gardens,3800000.0,577,2,2,Ambernath,Beyond Thane,19.1986487504664,73.2004913077756,Semi-Furnished,Apartment,0,31,6,Resale,Ready to Move,,Wadhwa & Sons
Unkown,6700000.0,748,2,1,MIDC Dombivli East,Beyond Thane,19.20284403,73.10057565,Furnished,Builder Floor Apartment,0,0,0,Resale,Ready to Move,,Unknown
Godrej Nirvaan,5700000.0,461,1,2,Kalyan West,Beyond Thane,19.2442606681675,73.123906730695,Unfurnished,Apartment,0,45,5,Resale,Ready to Move,,Godrej Properties
Nisarg Greens,4200000.0,369,1,2,Ambernath East,Beyond Thane,19.2075883274914,73.1854898657514,Furnished,Apartment,0,11,1,Resale,Ready to Move,,Nisarg Group 
Unkown,4800000.0,,1,1,Dombivli East,Beyond Thane,19.2049111648702,73.1069201060438,Unfurnished,Apartment,0,0,5,Resale,Ready to Move,,Unknown
La Promenade,3240000.0,,1,1,Ambivli,Beyond Thane,19.265744998267,73.1731540259384,Unfurnished,Apartment,0,24,4,Resale,Ready to Move,,Axis Spaces Pvt. Ltd.
Unkown,15000000.0,,,,Khardi,Beyond Thane,19.58376,73.39068,,Residential Plot,0,0,0,Resale,,,Unknown
Goldie Row Houses,2600000.0,,,,Karjat,Beyond Thane,18.9112989,73.328189,,Apartment,0,0,2,,,,Unknown
Unkown,1900000.0,,1,1,Kalyan East,Beyond Thane,19.2280216158659,73.1334807284888,Unfurnished,Apartment,0,0,2,Resale,Ready to Move,,Unknown
Unkown,1350000.0,225,1,2,Kalwa,Beyond Thane,19.19863,73.00244,Unfurnished,Apartment,0,0,0,Resale,Ready to Move,,Unknown
Karrm Residency,1200000.0,,,1,Shahapur,Beyond Thane,19.453550664726,73.3247044251021,Unfurnished,Studio Apartment,0,16,2,Resale,Ready to Move,,Karrm Infrastructure Pvt. Ltd.
Unkown,1100000.0,265,1,1,Neral,Beyond Thane,19.0248210057881,73.3169473654086,Semi-Furnished,Apartment,0,0,0,Resale,Ready to Move,1 Open,Unknown
Singh Heights,3900000.0,850,2,2,Ambernath,Beyond Thane,19.1986487504664,73.2004913077756,Unfurnished,Apartment,0,7,6,Resale,Ready to Move,,Singh Construction
Unkown,4200000.0,238,,,Shahad,Beyond Thane,19.2471260600397,73.1614974632623,Unfurnished,Commercial Shop,0,0,6,Resale,Ready to Move,,Unknown
Unkown,2200000.0,,1,2,Badlapur East,Beyond Thane,19.1639249,73.2459247,Unfurnished,Apartment,0,0,6,Resale,Ready to Move,,Unknown
Panvelkar Green City,1800000.0,300,,2,Ambernath,Beyond Thane,19.1986487504664,73.2004913077756,Furnished,Studio Apartment,0,27,6,Resale,Ready to Move,,Panvelkar Group
Mohan Highlands,1950000.0,525,1,2,Badlapur,Beyond Thane,19.1639249,73.2459247,Furnished,Apartment,0,26,8,Resale,Ready to Move,,Mohan Group
Olympeo Riverside,2600000.0,529,2,2,Neral,Beyond Thane,19.0248210057881,73.3169473654086,Unfurnished,Apartment,0,14,0,Resale,Ready to Move,,Olympeo Infrastructure Pvt. Ltd.
Unkown,2200000.0,,1,1,Vasind,Beyond Thane,19.4059529362434,73.2634315742197,Semi-Furnished,Apartment,0,0,2,Resale,Ready to Move,,Unknown
Unkown,2000000.0,,,,Neral,Beyond Thane,19.0248210057881,73.3169473654086,,Residential Plot,0,0,0,Resale,,,Unknown
Shreeji Garden,3000000.0,,1,2,Badlapur,Beyond Thane,19.1639249,73.2459247,Semi-Furnished,Apartment,0,25,8,Resale,Ready to Move,,Shubh Enterprises
Unkown,3500000.0,,,,Dombivli West,Beyond Thane,19.2174682509913,73.0750339345098,Unfurnished,Commercial Shop,0,0,2,Resale,Ready to Move,,Unknown
Unkown,1000000.0,,,,Shahapur,Beyond Thane,19.453550664726,73.3247044251021,,Residential Plot,0,0,2,Resale,,,Unknown
Unkown,1200000.0,300,1,1,Titwala,Beyond Thane,19.295217297811,73.2124239025258,Unfurnished,Apartment,0,0,4,Resale,Ready to Move,,Unknown
Ram Chandra Complex,7400000.0,770,2,2,Dombivli West,Beyond Thane,19.2174682509913,73.0750339345098,Semi-Furnished,Apartment,0,0,2,Resale,Ready to Move,,Unknown
Unkown,7200000.0,,2,2,Kalyan West,Beyond Thane,19.2442606681675,73.123906730695,Semi-Furnished,Apartment,0,0,5,Resale,Ready to Move,,Unknown
Unkown,1600000.0,,,,Asangaon,Beyond Thane,19.4390197,73.3030715,,Industrial Shed,0,0,2,Resale,Ready to Move,,Unknown
Lodha Heaven,3000000.0,,1,2,Dombivli East,Beyond Thane,19.2049111648702,73.1069201060438,Unfurnished,Apartment,0,9,5,Resale,Ready to Move,,Lodha Developers Limited
Unkown,1350000.0,,,1,Dombivli East,Beyond Thane,19.2049111648702,73.1069201060438,Unfurnished,Studio Apartment,0,0,5,Resale,Ready to Move,,Unknown
Unkown,6000000.0,1286,3,2,Ambernath,Beyond Thane,19.1986487504664,73.2004913077756,Furnished,Apartment,0,0,6,Resale,Ready to Move,,Unknown
Panvelkar Heights,4000000.0,,2,2,Badlapur,Beyond Thane,19.1639249,73.2459247,Unfurnished,Apartment,0,13,8,Resale,Ready to Move,1 Open,Panvelkar Group
Kuber Samruddhi,4500000.0,,1,1,Dombivli West,Beyond Thane,19.2174682509913,73.0750339345098,Furnished,Apartment,0,9,2,Resale,Ready to Move,,Kuber Group
Lodha Palava,5800000.0,540,2,2,Dombivli East,Beyond Thane,19.2049111648702,73.1069201060438,Unfurnished,Apartment,0,54,5,Resale,Ready to Move,,Lodha Developers Limited
Lodha Palava,5600000.0,490,2,2,Dombivli East,Beyond Thane,19.2049111648702,73.1069201060438,Unfurnished,Apartment,0,54,5,Resale,Ready to Move,,Lodha Developers Limited
Lodha Palava,4400000.0,562,1,2,Dombivli East,Beyond Thane,19.2049111648702,73.1069201060438,Unfurnished,Apartment,0,54,5,Resale,Ready to Move,,Lodha Developers Limited
Lodha Palava,3900000.0,505,1,1,Dombivli East,Beyond Thane,19.2049111648702,73.1069201060438,Semi-Furnished,Apartment,0,54,5,Resale,Ready to Move,,Lodha Developers Limited
Lodha Palava,4500000.0,562,2,2,Dombivli East,Beyond Thane,19.2049111648702,73.1069201060438,Semi-Furnished,Apartment,0,54,5,Resale,Ready to Move,,Lodha Developers Limited
Lodha Palava,5800000.0,351,1,1,Dombivli East,Beyond Thane,19.2049111648702,73.1069201060438,Unfurnished,Apartment,0,54,5,Resale,Ready to Move,,Lodha Developers Limited
Lodha Palava,6000000.0,764,2,2,Dombivli East,Beyond Thane,19.2049111648702,73.1069201060438,Unfurnished,Apartment,0,54,5,Resale,Ready to Move,,Lodha Developers Limited
Lodha Palava,3600000.0,468,1,2,Dombivli East,Beyond Thane,19.2049111648702,73.1069201060438,Semi-Furnished,Apartment,0,54,5,Resale,Ready to Move,,Lodha Developers Limited
Runwal MyCity,5500000.0,414,2,2,Dombivli,Beyond Thane,19.2094006,73.0939483,Unfurnished,Apartment,0,5,8,Resale,Ready to Move,,Runwal Group
Runwal MyCity,5500000.0,554,2,2,Dombivli,Beyond Thane,19.2094006,73.0939483,Unfurnished,Apartment,0,5,8,Resale,Ready to Move,,Runwal Group
Runwal MyCity,4700000.0,598,2,2,Dombivli,Beyond Thane,19.2094006,73.0939483,Unfurnished,Apartment,0,5,8,Resale,Ready to Move,,Runwal Group
Runwal MyCity,5500000.0,554,2,2,Dombivli East,Beyond Thane,19.2049111648702,73.1069201060438,Semi-Furnished,Apartment,0,5,5,Resale,Ready to Move,,Runwal Group
Runwal MyCity,6500000.0,626,2,2,Dombivli,Beyond Thane,19.2094006,73.0939483,Unfurnished,Apartment,0,5,8,Resale,Ready to Move,,Runwal Group
Runwal MyCity,4500000.0,554,2,2,Dombivli,Beyond Thane,19.2094006,73.0939483,Unfurnished,Apartment,0,5,8,Resale,Ready to Move,,Runwal Group
Runwal MyCity,6500000.0,341,2,2,Dombivli East,Beyond Thane,19.2049111648702,73.1069201060438,Furnished,Apartment,0,5,5,Resale,Ready to Move,,Runwal Group
Runwal MyCity,5900000.0,626,2,2,Dombivli,Beyond Thane,19.2094006,73.0939483,Unfurnished,Apartment,0,5,8,Resale,Ready to Move,,Runwal Group
Runwal MyCity,6600000.0,626,2,2,Dombivli,Beyond Thane,19.2094006,73.0939483,Unfurnished,Apartment,0,5,8,Resale,Ready to Move,,Runwal Group
Runwal MyCity,6500000.0,605,2,2,Dombivli,Beyond Thane,19.2094006,73.0939483,Unfurnished,Apartment,0,5,8,Resale,Ready to Move,,Runwal Group
Shree Chamunda Garden,7200000.0,630,2,2,Dombivli East,Beyond Thane,19.2049111648702,73.1069201060438,Furnished,Apartment,0,23,5,Resale,Ready to Move,,Shree Chamunda Enterprises
Shree Chamunda Garden,7500000.0,720,2,2,Dombivli East,Beyond Thane,19.2049111648702,73.1069201060438,Semi-Furnished,Apartment,0,23,5,Resale,Ready to Move,,Shree Chamunda Enterprises
Shahpur ShubhVastu ,2300000.0,547,2,2,Vasind,Beyond Thane,19.4059529362434,73.2634315742197,Unfurnished,Apartment,0,16,2,Resale,Ready to Move,,Shahpur Infrastructure
Shahpur ShubhVastu ,2500000.0,515,2,1,Vasind,Beyond Thane,19.4059529362434,73.2634315742197,Unfurnished,Apartment,0,16,2,Resale,Ready to Move,,Shahpur Infrastructure
Shahpur ShubhVastu ,2400000.0,547,2,2,Vasind,Beyond Thane,19.4059529362434,73.2634315742197,Unfurnished,Apartment,0,16,2,Resale,Ready to Move,,Shahpur Infrastructure
Poddar Samruddhi Evergreen,3200000.0,617,2,2,Badlapur,Beyond Thane,19.1639249,73.2459247,Semi-Furnished,Apartment,0,15,8,Resale,Ready to Move,,Poddar Housing
Nirmal Lifestyle City,4000000.0,295,1,2,Kalyan,Beyond Thane,19.2449413625186,73.1331398884041,Unfurnished,Apartment,0,19,8,Resale,Ready to Move,,Nirmal Lifestyle
Jewel Arista,2500000.0,493,1,1,Badlapur,Beyond Thane,19.1639249,73.2459247,Unfurnished,Apartment,0,16,8,Resale,Ready to Move,,Jewel Builders and Infraprojects Ltd.
Jewel Arista,2430000.0,486,1,1,Badlapur,Beyond Thane,19.1639249,73.2459247,Furnished,Apartment,0,16,8,Resale,Ready to Move,,Jewel Builders and Infraprojects Ltd.
Jewel Arista,2300000.0,493,1,1,Badlapur,Beyond Thane,19.1639249,73.2459247,Semi-Furnished,Apartment,0,16,8,Resale,Ready to Move,,Jewel Builders and Infraprojects Ltd.
Jewel Arista,2200000.0,352,1,1,Badlapur,Beyond Thane,19.1639249,73.2459247,Unfurnished,Apartment,0,16,8,Resale,Ready to Move,,Jewel Builders and Infraprojects Ltd.
Nirmal Lifestyle City,3400000.0,403,1,2,Kalyan,Beyond Thane,19.2449413625186,73.1331398884041,Unfurnished,Apartment,0,19,8,Resale,Ready to Move,,Nirmal Lifestyle
Vaibhav Hillview,2600000.0,594,2,2,Vasind,Beyond Thane,19.4059529362434,73.2634315742197,Unfurnished,Apartment,0,23,2,Resale,Ready to Move,,VBHC Group
Motiram Greens,2500000.0,439,1,1,Badlapur,Beyond Thane,19.1639249,73.2459247,Unfurnished,Apartment,0,11,8,Resale,Ready to Move,,Motiram Dalal Group
Metro Residency,8500000.0,763,2,2,Kalyan,Beyond Thane,19.2449413625186,73.1331398884041,Semi-Furnished,Apartment,0,28,8,Resale,Ready to Move,,West Pioneer Properties
Charms City,3150000.0,500,1,1,Titwala,Beyond Thane,19.295217297811,73.2124239025258,Unfurnished,Apartment,0,27,4,Resale,Ready to Move,,Charms Group
Charms City,3400000.0,500,1,1,Titwala,Beyond Thane,19.295217297811,73.2124239025258,Semi-Furnished,Apartment,0,27,4,Resale,Ready to Move,,Charms Group
Charms City,3000000.0,454,1,1,Titwala,Beyond Thane,19.295217297811,73.2124239025258,Semi-Furnished,Apartment,0,27,4,Resale,Ready to Move,,Charms Group
Jeevan lifestyles,2500000.0,482,1,1,Badlapur,Beyond Thane,19.1639249,73.2459247,Furnished,Apartment,0,23,8,Resale,Ready to Move,,Jeevan Enterprises
Jeevan lifestyles,3500000.0,482,1,1,Badlapur,Beyond Thane,19.1639249,73.2459247,Furnished,Apartment,0,23,8,Resale,Ready to Move,,Jeevan Enterprises
Mohan Highlands,4000000.0,515,1,2,Badlapur,Beyond Thane,19.1639249,73.2459247,Unfurnished,Apartment,0,26,8,Resale,Ready to Move,,Mohan Group
Mohan Highlands,3500000.0,515,1,2,Badlapur,Beyond Thane,19.1639249,73.2459247,Semi-Furnished,Apartment,0,26,8,Resale,Ready to Move,,Mohan Group
Tulsi Darshan,2200000.0,396,1,1,Neral,Beyond Thane,19.0248210057881,73.3169473654086,Unfurnished,Apartment,0,17,0,Resale,Ready to Move,,Tulsi Estates
Sai Raksha,3600000.0,706,2,2,Ambernath,Beyond Thane,19.1986487504664,73.2004913077756,Semi-Furnished,Apartment,0,16,6,Resale,Ready to Move,,D A Constructions
Tharwani Vedant Nakshatra,3000000.0,318,1,1,Badlapur,Beyond Thane,19.1639249,73.2459247,Semi-Furnished,Apartment,0,21,8,Resale,Ready to Move,,Tharwani Group
Tharwani Vedant Nakshatra,2900000.0,418,1,1,Badlapur West,Beyond Thane,19.1760975692482,73.2401614495576,Semi-Furnished,Apartment,0,21,0,Resale,Ready to Move,,Tharwani Group
Charms Paradise,3100000.0,337,1,1,Titwala,Beyond Thane,19.295217297811,73.2124239025258,Unfurnished,Apartment,0,12,4,Resale,Ready to Move,,Charms Group
Charms Paradise,2900000.0,472,1,1,Titwala,Beyond Thane,19.295217297811,73.2124239025258,Furnished,Apartment,0,12,4,Resale,Ready to Move,,Charms Group
Marathon Nextown,9500000.0,792,3,2,Dombivli East,Beyond Thane,19.2049111648702,73.1069201060438,Furnished,Apartment,0,5,5,Resale,Ready to Move,,Marathon Realty Pvt. Ltd.
Marathon Nextown,4700000.0,505,1,2,Dombivli East,Beyond Thane,19.2049111648702,73.1069201060438,Unfurnished,Apartment,0,5,5,Resale,Under Construction,,Marathon Realty Pvt. Ltd.
Marathon Nextown,4000000.0,330,1,2,Dombivli East,Beyond Thane,19.2049111648702,73.1069201060438,Unfurnished,Apartment,0,5,5,Resale,Ready to Move,,Marathon Realty Pvt. Ltd.
Marathon Nextown,8000000.0,842,3,2,Dombivli East,Beyond Thane,19.2049111648702,73.1069201060438,Semi-Furnished,Apartment,0,5,5,Resale,Ready to Move,,Marathon Realty Pvt. Ltd.
Jai Mata Di Complex,3600000.0,443,1,1,Kasheli,Beyond Thane,19.2301651,73.0171568,Semi-Furnished,Apartment,0,13,2,Resale,Ready to Move,,Jai Matadi Enterprises
Jai Mata Di Complex,3100000.0,418,1,2,Kasheli,Beyond Thane,19.2301651,73.0171568,Unfurnished,Apartment,0,13,2,Resale,Ready to Move,,Jai Matadi Enterprises
Jai Mata Di Complex,2600000.0,400,1,1,Kasheli,Beyond Thane,19.2301651,73.0171568,Semi-Furnished,Apartment,0,13,2,Resale,Ready to Move,,Jai Matadi Enterprises
Jai Mata Di Complex,3000000.0,468,1,2,Kasheli,Beyond Thane,19.2301651,73.0171568,Unfurnished,Apartment,0,13,2,Resale,Ready to Move,,Jai Matadi Enterprises
Jai Mata Di Complex,2500000.0,439,1,2,Kasheli,Beyond Thane,19.2301651,73.0171568,Semi-Furnished,Apartment,0,13,2,Resale,Ready to Move,,Jai Matadi Enterprises
Lodha Heaven,5000000.0,720,2,2,Dombivli East,Beyond Thane,19.2049111648702,73.1069201060438,Unfurnished,Apartment,0,9,5,Resale,Ready to Move,,Lodha Developers Limited
Lodha Heaven,5000000.0,828,2,2,Dombivli East,Beyond Thane,19.2049111648702,73.1069201060438,Unfurnished,Apartment,0,9,5,Resale,Ready to Move,,Lodha Developers Limited
Sai Nirvana,9000000.0,781,2,2,Kalyan West,Beyond Thane,19.2442606681675,73.123906730695,Unfurnished,Apartment,0,27,5,Resale,Under Construction,,Mutha Construction
Sai Pooja Residency,2300000.0,385,1,1,Dombivli,Beyond Thane,19.2094006,73.0939483,Unfurnished,Apartment,0,12,8,Resale,Ready to Move,,Mrunal Enterprises
Vardhaman Park,5000000.0,540,1,1,Shahad,Beyond Thane,19.2471260600397,73.1614974632623,Semi-Furnished,Apartment,0,12,6,Resale,Ready to Move,,Vardhaman Property
Landmarc Hills,3500000.0,,,,Shahapur,Beyond Thane,19.453550664726,73.3247044251021,,Residential Plot,0,0,2,Resale,,,Disha Direct Marketing Services Pvt. Ltd.
Kashish Galaxy,4500000.0,,1,1,Thakurli,Beyond Thane,19.2252747701219,73.1000690723917,Semi-Furnished,Apartment,0,17,1,Resale,Ready to Move,,Gauri Vinayak Builders
Satyam Elegenza,7000000.0,,2,2,Ambernath West,Beyond Thane,19.2107415190685,73.1908213734783,Unfurnished,Apartment,0,25,2,Resale,Ready to Move,,Satyam Group
Unkown,1900000.0,,1,1,Asangaon,Beyond Thane,19.4390197,73.3030715,Unfurnished,Apartment,0,0,2,Resale,Ready to Move,,Unknown
Unkown,6700000.0,560,2,2,Dombivli,Beyond Thane,19.2094006,73.0939483,Semi-Furnished,Apartment,0,0,8,Resale,Ready to Move,,Unknown
Lok Nagari Phase 3,2600000.0,680,1,2,Ambernath,Beyond Thane,19.1986487504664,73.2004913077756,Unfurnished,Apartment,0,25,6,Resale,Ready to Move,,Lok Housing Group
Bonzer Avenue,6000000.0,,2,2,,Beyond Thane,,,Semi-Furnished,Apartment,0,22,0,Resale,Ready to Move,,Bonzer Infra
Panvelkar Classic,2700000.0,450,1,2,Ambernath East,Beyond Thane,19.2075883274914,73.1854898657514,Semi-Furnished,Apartment,0,13,1,Resale,Ready to Move,,Panvelkar Group
Unkown,2500000.0,,,,Murbad,Beyond Thane,19.2663415745285,73.3933927481555,,Agricultural Land,0,0,3,Resale,,,Unknown
Unkown,4000000.0,,3,2,Kanvinde,Beyond Thane,19.52484807,73.32904885,Unfurnished,Residential House,0,0,0,Resale,Ready to Move,,Unknown
Lodha Palava,4500000.0,729,1,1,Dombivli East,Beyond Thane,19.2049111648702,73.1069201060438,Semi-Furnished,Apartment,0,54,5,New Property,Ready to Move,,Lodha Developers Limited
Unkown,8000000.0,,2,2,Dombivli East,Beyond Thane,19.2049111648702,73.1069201060438,Unfurnished,Apartment,0,0,5,Resale,Ready to Move,,Unknown
Eco Greens Phase II,2700000.0,620,1,2,Karjat,Beyond Thane,18.9112989,73.328189,Unfurnished,Apartment,0,27,2,New Property,Ready to Move,,Ecohomes Construction Pvt. Ltd.
Unkown,1400000.0,180,,,Ulhasnagar,Beyond Thane,19.2253646109387,73.1645678200285,Furnished,Commercial Shop,0,0,7,New Property,Ready to Move,1 Open,Unknown
Panvelkar Nisarg,7500000.0,1100,2,2,Badlapur,Beyond Thane,19.1639249,73.2459247,Furnished,Apartment,0,4,8,Resale,Ready to Move,,Panvelkar Group
Unkown,2500000.0,520,1,2,Kalyan Shilphata Road,Beyond Thane,19.1935268122556,73.0967156475895,Unfurnished,Apartment,0,0,5,New Property,Ready to Move,,Unknown
Unkown,2500000.0,,1,1,Ambernath,Beyond Thane,19.1986487504664,73.2004913077756,Semi-Furnished,Apartment,0,0,6,Resale,Ready to Move,,Unknown
Tulsi Vrindavan Appartment,1500001.0,490,1,1,Shahapur,Beyond Thane,19.453550664726,73.3247044251021,Unfurnished,Apartment,0,8,2,Resale,Ready to Move,,Ashish Ajinkya Developers
Sri Morya Complex,6500000.0,,1,2,Thakurli,Beyond Thane,19.2252747701219,73.1000690723917,Semi-Furnished,Apartment,0,11,1,Resale,Ready to Move,,Shree Morya Developer
Neral Matheran Residency,2000000.0,370,1,2,Neral,Beyond Thane,19.0248210057881,73.3169473654086,Unfurnished,Apartment,0,19,0,Resale,Ready to Move,2 Open,Rajwada Corporation
Prasadam,3300000.0,450,1,2,Ambernath East,Beyond Thane,19.2075883274914,73.1854898657514,Semi-Furnished,Apartment,0,13,1,Resale,Ready to Move,,Ahuja Group
Montag Greens,15100000.0,,3,3,Karjat,Beyond Thane,18.9112989,73.328189,Furnished,Villa,0,15,2,Resale,Ready to Move,,Montag Infrastructure Pvt. Ltd.
Rashi 27 East,7400000.0,691,2,2,Dombivli East,Beyond Thane,19.2049111648702,73.1069201060438,Unfurnished,Apartment,0,6,5,New Property,Ready to Move,1 Covered,Rashi Developers
Unkown,4300000.0,626,2,2,Ambernath West,Beyond Thane,19.2107415190685,73.1908213734783,Semi-Furnished,Apartment,0,0,2,Resale,Ready to Move,,Unknown
Unkown,2500000.0,,1,1,Kalyan East,Beyond Thane,19.2280216158659,73.1334807284888,Unfurnished,Apartment,0,0,2,Resale,Ready to Move,,Unknown
Unkown,3230000.0,,1,1,Kalyan East,Beyond Thane,19.2280216158659,73.1334807284888,Unfurnished,Apartment,0,0,2,Resale,Ready to Move,,Unknown
Tharwani Ariana,5200000.0,,3,3,Ambernath West,Beyond Thane,19.2107415190685,73.1908213734783,Semi-Furnished,Apartment,0,20,2,Resale,Ready to Move,,Tharwani Realty
JP Synergy,2400000.0,,1,1,Ambernath East,Beyond Thane,19.2075883274914,73.1854898657514,Unfurnished,Apartment,0,18,1,Resale,Ready to Move,,JP Corp
Tulsi Aashray,1600000.0,370,1,1,Vangani,Beyond Thane,19.0925602606021,73.2971135741545,Unfurnished,Apartment,0,5,4,Resale,Ready to Move,,Shubh Enterprises
Unkown,1800000.0,,1,1,Kongaon,Beyond Thane,19.2488820895278,73.1078341740368,Unfurnished,Apartment,0,0,0,Resale,Ready to Move,,Unknown
Unkown,3000000.0,,1,1,Badlapur,Beyond Thane,19.1639249,73.2459247,Unfurnished,Apartment,0,0,8,Resale,Ready to Move,,Unknown
Unkown,8000000.0,750,2,2,Dombivli West,Beyond Thane,19.2174682509913,73.0750339345098,Semi-Furnished,Apartment,0,0,2,Resale,Ready to Move,,Unknown
Sankalp Royal Villas,5100000.0,,,,Shahapur,Beyond Thane,19.453550664726,73.3247044251021,,Residential Plot,0,20,2,Resale,,,Sankalp Developers
Runwal MyCity,6500000.0,,2,2,Dombivli,Beyond Thane,19.2094006,73.0939483,Unfurnished,Apartment,0,5,8,Resale,Ready to Move,88 Covered,Runwal Group
Unkown,3800000.0,,1,1,Dombivli East,Beyond Thane,19.2049111648702,73.1069201060438,Unfurnished,Apartment,0,0,5,Resale,Ready to Move,,Unknown
Harishree Residency I,3800000.0,650,2,2,Ambernath West,Beyond Thane,19.2107415190685,73.1908213734783,Unfurnished,Apartment,0,0,2,Resale,Ready to Move,,Unknown
Unkown,2500000.0,500,2,2,Ulhasnagar,Beyond Thane,19.2253646109387,73.1645678200285,Semi-Furnished,Apartment,0,0,7,Resale,Ready to Move,,Unknown
Unkown,20000000.0,,,,Murbad,Beyond Thane,19.2663415745285,73.3933927481555,,Agricultural Land,0,0,3,Resale,,,Unknown
Unkown,3200000.0,402,1,1,,Beyond Thane,,,Semi-Furnished,Apartment,0,0,0,Resale,Ready to Move,,Unknown
Unkown,3400000.0,,1,1,Dombivli West,Beyond Thane,19.2174682509913,73.0750339345098,Unfurnished,Apartment,0,0,2,Resale,Ready to Move,,Unknown
Jai Mata Di Complex,5000000.0,860,2,2,Kasheli,Beyond Thane,19.2301651,73.0171568,Semi-Furnished,Apartment,0,13,2,Resale,Ready to Move,,Jai Matadi Enterprises
Lodha Casa Rio Gold,5900000.0,600,2,2,Palava City,Beyond Thane,19.1680134933867,73.0730851842052,Unfurnished,Apartment,0,10,6,Resale,Ready to Move,,Lodha Developers Limited
Lodha Casa Rio,4000000.0,386,1,2,Dombivli,Beyond Thane,19.2094006,73.0939483,Semi-Furnished,Apartment,0,33,8,Resale,Ready to Move,,Lodha Developers Limited
Lodha Casa Rio,4500000.0,441,1,2,Dombivli,Beyond Thane,19.2094006,73.0939483,Furnished,Apartment,0,33,8,Resale,Ready to Move,,Lodha Developers Limited
Wadhwa Daisy Gardens,5100000.0,635,2,2,Ambernath,Beyond Thane,19.1986487504664,73.2004913077756,Furnished,Apartment,0,31,6,Resale,Ready to Move,"1 Covered, 1 Open",Wadhwa & Sons
Unkown,2200000.0,450,2,2,Vitthalwadi,Beyond Thane,19.2277167499915,73.1526066484418,Unfurnished,Apartment,0,0,0,Resale,Ready to Move,,Unknown
Charms Paradise,2900000.0,,1,1,Titwala,Beyond Thane,19.295217297811,73.2124239025258,Furnished,Apartment,0,12,4,New Property,Ready to Move,,Charms Group
Dosti Greater Thane,12600000.0,213,,,Bhiwandi,Beyond Thane,19.2937911767008,73.0653582109139,Semi-Furnished,Commercial Shop,0,14,6,Resale,Ready to Move,,Dosti Realty 
Unkown,2900000.0,,1,1,Dombivli East,Beyond Thane,19.2049111648702,73.1069201060438,Unfurnished,Apartment,0,0,5,Resale,Ready to Move,,Unknown
Unkown,4400000.0,470,2,2,Khoni Pagadyacha Pada,Beyond Thane,19.1704429442942,73.1182542338078,Unfurnished,Apartment,0,0,0,Resale,Ready to Move,,Unknown
Royal Park,2300000.0,,,1,Dombivli East,Beyond Thane,19.2049111648702,73.1069201060438,Unfurnished,Studio Apartment,0,23,5,Resale,Ready to Move,,Royal Builders and Developers
Unkown,3200000.0,,,,Vangani,Beyond Thane,19.0925602606021,73.2971135741545,,Residential Plot,0,0,4,Resale,,,Unknown
Unkown,8500000.0,,2,1,Dombivli West,Beyond Thane,19.2174682509913,73.0750339345098,Furnished,Builder Floor Apartment,0,0,2,Resale,Ready to Move,,Unknown
Unkown,4000000.0,,2,2,Badlapur,Beyond Thane,19.1639249,73.2459247,Unfurnished,Villa,0,0,8,Resale,Ready to Move,,Unknown
Unkown,5400000.0,351,1,1,Dombivli West,Beyond Thane,19.2174682509913,73.0750339345098,Unfurnished,Apartment,0,0,2,Resale,Ready to Move,,Unknown
Unkown,60900000.0,625,2,2,Palava City,Beyond Thane,19.1680134933867,73.0730851842052,Unfurnished,Apartment,0,0,6,Resale,Ready to Move,,Unknown
Vighnaharta Park,6500000.0,730,2,1,Dombivli West,Beyond Thane,19.2174682509913,73.0750339345098,Unfurnished,Apartment,0,0,2,Resale,Ready to Move,,Unknown
Jainam Residency,5300000.0,695,2,2,Ambernath,Beyond Thane,19.1986487504664,73.2004913077756,Semi-Furnished,Apartment,0,24,6,Resale,Ready to Move,,Patel RPL Realty
Shubh Residency,4200000.0,,2,2,Ambernath East,Beyond Thane,19.2075883274914,73.1854898657514,Unfurnished,Apartment,0,8,1,Resale,Ready to Move,1 Open,Shubh Enterprises
Unkown,1000000.0,,,1,Asangaon,Beyond Thane,19.4390197,73.3030715,Unfurnished,Studio Apartment,0,0,2,Resale,Ready to Move,,Unknown
Shankeshwar Palms,6800000.0,641,2,2,Dombivli West,Beyond Thane,19.2174682509913,73.0750339345098,Semi-Furnished,Apartment,0,0,2,Resale,Ready to Move,,Unknown
Shankeshwar Palms,4500000.0,396,2,1,Dombivli West,Beyond Thane,19.2174682509913,73.0750339345098,Unfurnished,Apartment,0,0,2,Resale,Ready to Move,,Unknown
Pandurang Tower,4300000.0,446,1,1,Dombivli West,Beyond Thane,19.2174682509913,73.0750339345098,Semi-Furnished,Apartment,0,0,2,Resale,Ready to Move,,Unknown
Sai Orchid Residency,3675000.0,630,2,2,Dombivli East,Beyond Thane,19.2049111648702,73.1069201060438,Unfurnished,Apartment,0,11,5,Resale,Ready to Move,,Sai Developers
Madhukar Galaxy ,3300000.0,302,1,1,Dombivli East,Beyond Thane,19.2049111648702,73.1069201060438,Unfurnished,Apartment,0,19,5,Resale,Ready to Move,,RR Enterprise
Madhukar Galaxy ,5000000.0,605,2,2,Dombivli East,Beyond Thane,19.2049111648702,73.1069201060438,Unfurnished,Apartment,0,19,5,Resale,Ready to Move,,RR Enterprise
Madhukar Galaxy ,4700000.0,608,2,2,Dombivli East,Beyond Thane,19.2049111648702,73.1069201060438,Unfurnished,Apartment,0,19,5,Resale,Ready to Move,,RR Enterprise
Panvelkar Prestige,2500000.0,378,1,1,Ambernath,Beyond Thane,19.1986487504664,73.2004913077756,Unfurnished,Apartment,0,2,6,Resale,Ready to Move,,Panvelkar Group
Panvelkar Prestige,2544000.0,458,1,1,Ambernath East,Beyond Thane,19.2075883274914,73.1854898657514,Semi-Furnished,Apartment,0,2,1,Resale,Ready to Move,,Panvelkar Group
Tulsi Kalash,1200000.0,277,1,1,Neral,Beyond Thane,19.0248210057881,73.3169473654086,Semi-Furnished,Apartment,0,32,0,Resale,Ready to Move,,Tulsi Developers
Lok Dhara Phase III,4500000.0,407,2,1,Kalyan East,Beyond Thane,19.2280216158659,73.1334807284888,Unfurnished,Apartment,0,13,2,Resale,Ready to Move,,Lok Group
Kalp Nisarg,2200000.0,464,1,1,Badlapur,Beyond Thane,19.1639249,73.2459247,Semi-Furnished,Apartment,0,24,8,Resale,Ready to Move,,Kalp Group
Vishwajeet Edge,3300000.0,539,1,1,Ambernath East,Beyond Thane,19.2075883274914,73.1854898657514,Unfurnished,Apartment,0,25,1,Resale,Ready to Move,,GBK Group
Raunak City Sector 4,4300000.0,461,1,1,Kalyan West,Beyond Thane,19.2442606681675,73.123906730695,Semi-Furnished,Apartment,0,16,5,Resale,Ready to Move,,Raunak Group
Satyam Oleander,2700000.0,576,2,2,Ambernath,Beyond Thane,19.1986487504664,73.2004913077756,Unfurnished,Apartment,0,11,6,Resale,Ready to Move,,Satyam Group
Satyam Oleander,3600000.0,576,2,2,Ambernath,Beyond Thane,19.1986487504664,73.2004913077756,Unfurnished,Apartment,0,11,6,Resale,Ready to Move,,Satyam Group
Satyam Oleander,3500000.0,583,2,2,Ambernath,Beyond Thane,19.1986487504664,73.2004913077756,Unfurnished,Apartment,0,11,6,Resale,Ready to Move,,Satyam Group
Vishwajeet Edge,3400000.0,591,1,1,Ambernath East,Beyond Thane,19.2075883274914,73.1854898657514,Unfurnished,Apartment,0,25,1,Resale,Ready to Move,,GBK Group
Vishwajeet Edge,3300000.0,591,1,1,Ambernath East,Beyond Thane,19.2075883274914,73.1854898657514,Unfurnished,Apartment,0,25,1,Resale,Ready to Move,,GBK Group
Vishwajeet Edge,3200000.0,521,1,2,Ambernath East,Beyond Thane,19.2075883274914,73.1854898657514,Unfurnished,Apartment,0,25,1,Resale,Ready to Move,,GBK Group
Vishwajeet Edge,2800000.0,505,1,1,Ambernath East,Beyond Thane,19.2075883274914,73.1854898657514,Unfurnished,Apartment,0,25,1,Resale,Ready to Move,,GBK Group
Vishwajeet Edge,3500000.0,595,1,2,Ambernath East,Beyond Thane,19.2075883274914,73.1854898657514,Unfurnished,Apartment,0,25,1,Resale,Ready to Move,,GBK Group
Khatri Grande,2650000.0,482,1,1,Badlapur,Beyond Thane,19.1639249,73.2459247,Unfurnished,Apartment,0,15,8,Resale,Ready to Move,,Khatri Consructions
Khatri Grande,2650000.0,482,1,1,Badlapur,Beyond Thane,19.1639249,73.2459247,Unfurnished,Apartment,0,15,8,Resale,Ready to Move,,Khatri Consructions
Pranjee Garden City Phase II,3500000.0,684,2,2,Badlapur,Beyond Thane,19.1639249,73.2459247,Unfurnished,Apartment,0,28,8,Resale,Ready to Move,,Pranjee Properties Pvt. Ltd.
Shree Heights,3600000.0,705,1,1,Ambernath,Beyond Thane,19.1986487504664,73.2004913077756,Unfurnished,Apartment,0,8,6,Resale,Ready to Move,,N R Developers Pvt. Ltd.
Risali JP Symphony,2700000.0,490,1,2,Ambernath East,Beyond Thane,19.2075883274914,73.1854898657514,Unfurnished,Apartment,0,32,1,Resale,Ready to Move,,Risali Developers
Risali JP Symphony,2550000.0,310,1,2,Ambernath East,Beyond Thane,19.2075883274914,73.1854898657514,Unfurnished,Apartment,0,32,1,Resale,Ready to Move,,Risali Developers
Shree Heights,2750000.0,432,1,1,Ambernath,Beyond Thane,19.1986487504664,73.2004913077756,Unfurnished,Apartment,0,8,6,Resale,Ready to Move,,N R Developers Pvt. Ltd.
Shree Heights,2700000.0,511,1,1,Ambernath,Beyond Thane,19.1986487504664,73.2004913077756,Unfurnished,Apartment,0,8,6,Resale,Ready to Move,,N R Developers Pvt. Ltd.
Shankeshwar Nagar,5500000.0,550,2,2,Dombivli East,Beyond Thane,19.2049111648702,73.1069201060438,Unfurnished,Apartment,0,11,5,Resale,Ready to Move,,Sanghvi Builders
Unkown,2500000.0,,2,1,Kher Section,Beyond Thane,19.2044630292364,73.1833715786512,Unfurnished,Apartment,0,0,0,Resale,Ready to Move,1 Open,Unknown
Unkown,4500000.0,,1,2,Kalyan West,Beyond Thane,19.2442606681675,73.123906730695,Semi-Furnished,Apartment,0,0,5,Resale,Ready to Move,1 Open,Unknown
Unkown,1800000.0,,1,1,Ambernath West,Beyond Thane,19.2107415190685,73.1908213734783,Unfurnished,Apartment,0,0,2,Resale,Ready to Move,,Unknown
Om Residency,3500000.0,,2,1,Dombivli East,Beyond Thane,19.2049111648702,73.1069201060438,Semi-Furnished,Apartment,0,9,5,Resale,Ready to Move,1 Open,Om Realty
Raunak City 3,3800000.0,,1,1,Kalyan West,Beyond Thane,19.2442606681675,73.123906730695,Unfurnished,Apartment,0,22,5,Resale,Ready to Move,,Raunak Group
Amrut Pearl Building No 1,4400000.0,419,1,2,Kalyan West,Beyond Thane,19.2442606681675,73.123906730695,Semi-Furnished,Apartment,0,16,5,Resale,Ready to Move,,Mehta Group
Sai Ram Residency,2800000.0,550,2,1,Kalyan West,Beyond Thane,19.2442606681675,73.123906730695,Unfurnished,Apartment,0,0,5,Resale,Ready to Move,,Unknown
Unkown,4750000.0,570,2,2,Reti Bunder Dombivli West,Beyond Thane,19.21924872,73.08097003,Semi-Furnished,Apartment,0,0,0,Resale,Ready to Move,1 Open,Unknown
Unkown,7000000.0,,4,2,Kalyan West,Beyond Thane,19.2442606681675,73.123906730695,Semi-Furnished,Apartment,0,0,5,Resale,Ready to Move,,Unknown
Unkown,850000.0,,1,1,Titwala,Beyond Thane,19.295217297811,73.2124239025258,Unfurnished,Residential House,0,0,4,Resale,Ready to Move,,Unknown
Unkown,4500000.0,,2,2,Kolsewadi,Beyond Thane,19.2313723711748,73.1376683167711,Semi-Furnished,Apartment,0,0,1,Resale,Ready to Move,,Unknown
Unkown,6000000.0,,2,2,Dombivli East,Beyond Thane,19.2049111648702,73.1069201060438,Unfurnished,Apartment,0,0,5,Resale,Ready to Move,,Unknown
Siddhi City,1800000.0,380,1,1,Badlapur,Beyond Thane,19.1639249,73.2459247,Unfurnished,Apartment,0,21,8,Resale,Ready to Move,,Siddhi Developers
Lodha Crown Dombivali,3600000.0,380,1,1,Dombivli East,Beyond Thane,19.2049111648702,73.1069201060438,Unfurnished,Apartment,0,7,5,Resale,Ready to Move,,Lodha Developers Limited
Unkown,4875000.0,,1,1,Kalyan West,Beyond Thane,19.2442606681675,73.123906730695,Unfurnished,Apartment,0,0,5,Resale,Ready to Move,,Unknown
Unkown,1000000.0,,,,Badlapur West,Beyond Thane,19.1760975692482,73.2401614495576,,Residential Plot,0,0,0,Resale,,,Unknown
Lodha Palava,7800000.0,,2,2,Dombivli,Beyond Thane,19.2094006,73.0939483,Semi-Furnished,Apartment,0,56,8,Resale,Ready to Move,,Lodha Developers Limited
Unkown,2500000.0,,1,1,Dombivli East,Beyond Thane,19.2049111648702,73.1069201060438,Unfurnished,Apartment,0,0,5,Resale,Ready to Move,,Unknown
Siddharth Riverwood Park,6000000.0,700,2,2,Dombivli East,Beyond Thane,19.2049111648702,73.1069201060438,Unfurnished,Apartment,0,50,5,Resale,Ready to Move,,Siddharth Group
Ishwar Residency,2800000.0,450,1,1,Ambernath,Beyond Thane,19.1986487504664,73.2004913077756,Semi-Furnished,Apartment,0,10,6,Resale,Ready to Move,,Astha Group
Rai Residency,1400000.0,292,1,1,Kalyan East,Beyond Thane,19.2280216158659,73.1334807284888,Unfurnished,Apartment,0,14,2,Resale,Ready to Move,,Rai Developer
Deep Jyoti City,1300000.0,360,1,1,Vangani,Beyond Thane,19.0925602606021,73.2971135741545,Unfurnished,Apartment,0,9,4,Resale,Ready to Move,,Deepjyoti infra
Sai Orchid Residency,2000000.0,288,1,2,Dombivli East,Beyond Thane,19.2049111648702,73.1069201060438,Unfurnished,Apartment,0,11,5,Resale,Ready to Move,,Sai Developers
Patel Residency,1800000.0,468,1,1,Ambernath West,Beyond Thane,19.2107415190685,73.1908213734783,Semi-Furnished,Apartment,0,9,2,Resale,Ready to Move,,Patel RPL Realty
Mangal Kalash Complex,6200000.0,523,2,2,Thakurli,Beyond Thane,19.2252747701219,73.1000690723917,Semi-Furnished,Apartment,0,0,1,Resale,Ready to Move,,Unknown
Regency Estate,2238500.0,436,1,1,Dombivli,Beyond Thane,19.2094006,73.0939483,Unfurnished,Apartment,0,24,8,Resale,Under Construction,,Regency Group
Squarefeet Orchid Square,1800000.0,432,1,1,Ambernath,Beyond Thane,19.1986487504664,73.2004913077756,Unfurnished,Apartment,0,14,6,Resale,Ready to Move,,Squarefeet Group
Lodha Serenity,12500000.0,1188,3,3,Dombivli East,Beyond Thane,19.2049111648702,73.1069201060438,Unfurnished,Apartment,0,17,5,Resale,Ready to Move,,Lodha Developers Limited
Unkown,4300000.0,,1,1,Dombivli East,Beyond Thane,19.2049111648702,73.1069201060438,Unfurnished,Apartment,0,0,5,Resale,Ready to Move,,Unknown
Rai S Heaven,4500000.0,,1,1,Tisgao Naka,Beyond Thane,19.2237283803279,73.133270621538,Semi-Furnished,Apartment,0,19,0,Resale,Ready to Move,,Rai Residency Pvt. Ltd.
Mohan Suburbia,6000000.0,,3,3,Ambernath,Beyond Thane,19.1986487504664,73.2004913077756,Unfurnished,Apartment,0,32,6,New Property,Ready to Move,1 Covered,Mohan Group
Happy Home Sarvodaya Leela,7800000.0,650,2,2,Thakurli,Beyond Thane,19.2252747701219,73.1000690723917,Unfurnished,Apartment,0,14,1,Resale,Ready to Move,1 Open,Happy Home Group Builders
Rosalie,11000000.0,,3,3,Kalyan,Beyond Thane,19.2449413625186,73.1331398884041,Semi-Furnished,Apartment,0,0,8,Resale,Ready to Move,1 Covered,Unknown
Unkown,16000000.0,1250,3,2,Dombivli,Beyond Thane,19.2094006,73.0939483,Unfurnished,Apartment,0,0,8,Resale,Ready to Move,,Unknown
Lodha Lakeshore Greens,6500000.0,910,3,3,Palava City,Beyond Thane,19.1680134933867,73.0730851842052,Semi-Furnished,Apartment,0,21,6,Resale,Ready to Move,,Lodha Developers Limited
Unkown,6000000.0,,,,Atgaon,Beyond Thane,19.503957,73.3280377,,Industrial Building,0,0,0,Resale,Ready to Move,,Unknown
Versatile Valley,3400000.0,450,,1,Dombivli East,Beyond Thane,19.2049111648702,73.1069201060438,Unfurnished,Studio Apartment,0,23,5,New Property,Ready to Move,,Versatile Housing
Arihant Aarohi,7500000.0,,2,2,Dombivli,Beyond Thane,19.2094006,73.0939483,Semi-Furnished,Apartment,0,43,8,Resale,Ready to Move,,Arihant Superstructures Ltd.
Unkown,6500000.0,631,2,2,Kalyan East,Beyond Thane,19.2280216158659,73.1334807284888,Unfurnished,Apartment,0,0,2,Resale,Under Construction,1 Open,Unknown
Regency Sarvam,3600000.0,445,1,1,Titwala,Beyond Thane,19.295217297811,73.2124239025258,Unfurnished,Apartment,0,21,4,Resale,Ready to Move,,Regency Group
Unkown,8000000.0,,,,Murbad,Beyond Thane,19.2663415745285,73.3933927481555,,Residential Plot,0,0,3,Resale,,,Unknown
Unkown,1700000.0,,,,Karjat,Beyond Thane,18.9112989,73.328189,,Residential Plot,0,0,2,Resale,,,Unknown
Unkown,1800000.0,,,,Shahapur,Beyond Thane,19.453550664726,73.3247044251021,,Residential Plot,0,0,2,Resale,,,Unknown
Marathe Heights,5200000.0,,2,2,Titwala,Beyond Thane,19.295217297811,73.2124239025258,Unfurnished,Apartment,0,16,4,Resale,Ready to Move,,Marathe Group
Sky Touch Tisai Residency,6270000.0,689,2,2,Kalyan East,Beyond Thane,19.2280216158659,73.1334807284888,Unfurnished,Apartment,1,28,2,New Property,Jun '27,"1 Covered, 1 Open",Sky Touch Builders & Developers
Lodha Palava,8030000.0,,2,2,Dombivli East,Beyond Thane,19.2049111648702,73.1069201060438,Unfurnished,Apartment,0,54,5,Resale,Ready to Move,1 Covered,Lodha Developers Limited
Mahindra Happinest Kalyan,3900000.0,,1,2,Kalyan,Beyond Thane,19.2449413625186,73.1331398884041,Unfurnished,Apartment,0,0,8,Resale,Ready to Move,,Mahindra Lifespace Developers Ltd.
Unkown,1470000.0,,,,Shahapur,Beyond Thane,19.453550664726,73.3247044251021,,Residential Plot,1,0,2,Resale,,,Unknown
Bella Vista,5500000.0,,,,Shahapur,Beyond Thane,19.453550664726,73.3247044251021,,Residential Plot,0,16,2,Resale,,,Oswal Group
Mangeshi Sohan,4800000.0,512,1,2,Kalyan West,Beyond Thane,19.2442606681675,73.123906730695,Unfurnished,Apartment,1,5,5,New Property,Ready to Move,1 Open,Mangeshi and Deveshwar Developers
Casa Adriana,3700000.0,,1,2,Dombivli East,Beyond Thane,19.2049111648702,73.1069201060438,Unfurnished,Apartment,0,0,5,Resale,Ready to Move,,Unknown
Nisarg Greens,3400000.0,550,1,2,Ambernath East,Beyond Thane,19.2075883274914,73.1854898657514,Unfurnished,Apartment,0,11,1,Resale,Ready to Move,,Nisarg Group 
Panvelkar Prestige,3400000.0,504,2,1,Ambernath,Beyond Thane,19.1986487504664,73.2004913077756,Semi-Furnished,Apartment,0,2,6,Resale,Ready to Move,,Panvelkar Group
Davakhar Sereno,3037500.0,454,1,2,Chakki Naka,Beyond Thane,19.2194377355058,73.1372713822547,Unfurnished,Apartment,1,0,0,New Property,Under Construction,,Davakhar Infrastructure Pvt. Ltd.
Sunraj Supreme,4100000.0,468,1,2,Dombivli East,Beyond Thane,19.2049111648702,73.1069201060438,Unfurnished,Apartment,0,0,5,Resale,Ready to Move,,Sunraj Group
Tulsi Sanidhya,2500000.0,418,1,1,Ambernath,Beyond Thane,19.1986487504664,73.2004913077756,Unfurnished,Apartment,0,0,6,Resale,Ready to Move,,Tulsi Estates
Godrej Upavan,4900000.0,,1,1,Kalyan Badlapur Road,Beyond Thane,19.21106893,73.1900425,Semi-Furnished,Apartment,0,12,0,New Property,Under Construction,,Godrej Properties
Amber Vista,7200000.0,591,2,2,Thakurli,Beyond Thane,19.2252747701219,73.1000690723917,Unfurnished,Apartment,1,13,1,Resale,Ready to Move,1 Covered,Gurukrupa Group
Lodha Casa Rio,5500000.0,686,2,2,Dombivli,Beyond Thane,19.2094006,73.0939483,Unfurnished,Apartment,1,33,8,Resale,Ready to Move,1 Covered,Lodha Developers Limited
Squarefeet Orchid Square,2700000.0,540,2,1,Ambernath,Beyond Thane,19.1986487504664,73.2004913077756,Unfurnished,Apartment,0,14,6,Resale,Ready to Move,,Squarefeet Group
Squarefeet Orchid Square,2500000.0,439,1,1,Ambernath,Beyond Thane,19.1986487504664,73.2004913077756,Unfurnished,Apartment,0,14,6,Resale,Ready to Move,,Squarefeet Group
Squarefeet Orchid Square,3500000.0,583,2,2,Ambernath,Beyond Thane,19.1986487504664,73.2004913077756,Unfurnished,Apartment,0,14,6,Resale,Ready to Move,,Squarefeet Group
Poddar Samruddhi Evergreen,2000000.0,334,1,1,Badlapur East,Beyond Thane,19.1639249,73.2459247,Unfurnished,Apartment,0,15,6,Resale,Ready to Move,,Poddar Housing
Poddar Samruddhi Evergreen,1800000.0,351,1,1,Badlapur,Beyond Thane,19.1639249,73.2459247,Unfurnished,Apartment,0,15,8,Resale,Ready to Move,,Poddar Housing
Poddar Navjeevan,2080000.0,403,1,1,Atgaon,Beyond Thane,19.503957,73.3280377,Unfurnished,Apartment,0,43,0,Resale,Ready to Move,,Poddar Developers
Poddar Navjeevan,1400000.0,198,1,1,Atgaon,Beyond Thane,19.503957,73.3280377,Semi-Furnished,Apartment,0,43,0,Resale,Ready to Move,,Poddar Developers
Poddar Navjeevan,1300000.0,274,1,1,Atgaon,Beyond Thane,19.503957,73.3280377,Unfurnished,Apartment,0,43,0,Resale,Ready to Move,,Poddar Developers
Landscape Heights,2700000.0,539,1,2,Ambernath East,Beyond Thane,19.2075883274914,73.1854898657514,Unfurnished,Apartment,0,11,1,Resale,Ready to Move,,Landstar Realty
Nirman Nagari,1700000.0,382,1,1,Neral,Beyond Thane,19.0248210057881,73.3169473654086,Unfurnished,Apartment,0,5,0,Resale,Ready to Move,,Unknown
Nirmal Lifestyle City,4400000.0,467,2,2,Kalyan,Beyond Thane,19.2449413625186,73.1331398884041,Unfurnished,Apartment,0,19,8,Resale,Ready to Move,,Nirmal Lifestyle
Nirmal Lifestyle City,5000000.0,583,2,2,Kalyan,Beyond Thane,19.2449413625186,73.1331398884041,Unfurnished,Apartment,0,19,8,Resale,Under Construction,,Nirmal Lifestyle
Jewel Arista,3250000.0,594,2,1,Badlapur,Beyond Thane,19.1639249,73.2459247,Unfurnished,Apartment,0,16,8,Resale,Ready to Move,,Jewel Builders and Infraprojects Ltd.
Jewel Arista,4800000.0,463,2,2,Badlapur,Beyond Thane,19.1639249,73.2459247,Unfurnished,Apartment,0,16,8,Resale,Ready to Move,,Jewel Builders and Infraprojects Ltd.
Mukul Plams,3100000.0,683,2,2,Ambernath,Beyond Thane,19.1986487504664,73.2004913077756,Unfurnished,Apartment,0,5,6,Resale,Ready to Move,,Mukul Developers
Mukul Plams,3800000.0,683,2,2,Ambernath,Beyond Thane,19.1986487504664,73.2004913077756,Unfurnished,Apartment,0,5,6,Resale,Ready to Move,,Mukul Developers
Mohan Suburbia,5800000.0,804,3,2,Ambernath East,Beyond Thane,19.2075883274914,73.1854898657514,Furnished,Apartment,0,32,1,Resale,Ready to Move,,Mohan Group
Lodha Elite,5800000.0,622,2,2,Dombivli East,Beyond Thane,19.2049111648702,73.1069201060438,Semi-Furnished,Apartment,0,28,5,Resale,Ready to Move,,Lodha Developers Limited
Lodha Elite,3500000.0,378,1,2,Dombivli East,Beyond Thane,19.2049111648702,73.1069201060438,Semi-Furnished,Apartment,0,28,5,Resale,Ready to Move,,Lodha Developers Limited
Lodha Elite,3300000.0,378,1,2,Dombivli East,Beyond Thane,19.2049111648702,73.1069201060438,Unfurnished,Apartment,0,28,5,Resale,Ready to Move,,Lodha Developers Limited
Lodha Elite,6800000.0,622,2,2,Dombivli East,Beyond Thane,19.2049111648702,73.1069201060438,Semi-Furnished,Apartment,0,28,5,Resale,Ready to Move,,Lodha Developers Limited
Lodha Casa Rio Gold,4000000.0,499,1,1,Dombivli,Beyond Thane,19.2094006,73.0939483,Unfurnished,Apartment,0,44,8,Resale,Ready to Move,,Lodha Developers Limited
Lodha Casa Rio Gold,4500000.0,499,1,1,Dombivli East,Beyond Thane,19.2049111648702,73.1069201060438,Unfurnished,Apartment,0,44,5,Resale,Ready to Move,,Lodha Developers Limited
Lodha Casa Rio Gold,5200000.0,666,1,1,Dombivli,Beyond Thane,19.2094006,73.0939483,Unfurnished,Apartment,0,44,8,Resale,Ready to Move,,Lodha Developers Limited
Lodha Casa Rio Gold,3400000.0,499,1,1,Dombivli,Beyond Thane,19.2094006,73.0939483,Unfurnished,Apartment,0,44,8,Resale,Ready to Move,,Lodha Developers Limited
Lodha Casa Rio Gold,5000000.0,324,1,1,Dombivli,Beyond Thane,19.2094006,73.0939483,Furnished,Apartment,0,44,8,Resale,Ready to Move,,Lodha Developers Limited
Lodha Palava City,15000000.0,2304,4,3,Dombivli,Beyond Thane,19.2094006,73.0939483,Furnished,Apartment,0,56,8,Resale,Ready to Move,,Lodha Developers Limited
Lodha CasaRio Gold,5800000.0,642,2,2,Dombivli,Beyond Thane,19.2094006,73.0939483,Unfurnished,Apartment,0,14,8,Resale,Ready to Move,,Lodha Developers Limited
Lodha CasaRio Gold,3870000.0,428,1,1,Dombivli,Beyond Thane,19.2094006,73.0939483,Unfurnished,Apartment,0,14,8,Resale,Ready to Move,,Lodha Developers Limited
Neel Siddhi Balaji Garden,10000000.0,864,3,3,Dombivli East,Beyond Thane,19.2049111648702,73.1069201060438,Furnished,Apartment,0,17,5,Resale,Ready to Move,,Neel Siddhi developers
Runwal Mycity Phase 2,5100000.0,576,2,2,Dombivli East,Beyond Thane,19.2049111648702,73.1069201060438,Unfurnished,Apartment,0,0,5,Resale,Ready to Move,,Unknown
Regency Sarvam Phase 2,3250000.0,518,1,1,Titwala,Beyond Thane,19.295217297811,73.2124239025258,Unfurnished,Apartment,0,0,4,Resale,Ready to Move,,Regency Group
Ridhi Sidhi Saket Utpal,2500000.0,526,1,1,Titwala,Beyond Thane,19.295217297811,73.2124239025258,Unfurnished,Apartment,0,0,4,Resale,Ready to Move,,Ridhi Sidhi Enterprises
Runwal My City Codename Walk,4100000.0,464,1,2,Dombivli East,Beyond Thane,19.2049111648702,73.1069201060438,Unfurnished,Apartment,0,0,5,Resale,Ready to Move,,The Runwal Group
Runwal My City Codename Walk,4000000.0,461,1,2,Dombivli East,Beyond Thane,19.2049111648702,73.1069201060438,Semi-Furnished,Apartment,0,0,5,Resale,Ready to Move,,The Runwal Group
Suryakund Apartment,5500000.0,346,1,1,Kalyan West,Beyond Thane,19.2442606681675,73.123906730695,Furnished,Apartment,0,0,5,Resale,Ready to Move,,Unknown
Sai Mahima Apartment,3500000.0,529,2,1,Dombivli East,Beyond Thane,19.2049111648702,73.1069201060438,Unfurnished,Apartment,0,0,5,Resale,Ready to Move,,Unknown
Yogi Dham Phase III,5600000.0,500,1,2,Kalyan West,Beyond Thane,19.2442606681675,73.123906730695,Furnished,Apartment,0,0,5,Resale,Ready to Move,,Unknown
Kashmira Galaxy,3550000.0,443,1,1,Dombivli East,Beyond Thane,19.2049111648702,73.1069201060438,Unfurnished,Apartment,0,0,5,Resale,Ready to Move,,Unknown
Maple City,2200000.0,446,1,1,Badlapur West,Beyond Thane,19.1760975692482,73.2401614495576,Unfurnished,Apartment,0,0,0,Resale,Ready to Move,,ABHISHEK SHELTERS LTD.
Runwal Mycity Phase 2,8400000.0,546,3,2,Dombivli East,Beyond Thane,19.2049111648702,73.1069201060438,Unfurnished,Apartment,0,0,5,Resale,Ready to Move,,Unknown
Regency Sarvam Phase 2,3550000.0,515,1,1,Titwala,Beyond Thane,19.295217297811,73.2124239025258,Furnished,Apartment,0,0,4,Resale,Ready to Move,,Regency Group
Rajhans CHS,17000000.0,720,2,1,Dombivli East,Beyond Thane,19.2049111648702,73.1069201060438,Furnished,Apartment,0,0,5,Resale,Ready to Move,,Unknown
Mohan Tulsi Vihar,4000000.0,752,2,2,Badlapur,Beyond Thane,19.1639249,73.2459247,Unfurnished,Apartment,0,0,8,Resale,Ready to Move,,Tulsi Estates
Mohan Tulsi Vihar,5200000.0,773,2,2,Badlapur,Beyond Thane,19.1639249,73.2459247,Semi-Furnished,Apartment,0,0,8,Resale,Ready to Move,,Tulsi Estates
Roopchand Galaxy,4000000.0,641,1,2,Kasheli,Beyond Thane,19.2301651,73.0171568,Semi-Furnished,Apartment,0,0,2,Resale,Ready to Move,,Estate Oaks
Ramai Shree Hari CHS,4100000.0,461,1,1,Dombivli,Beyond Thane,19.2094006,73.0939483,Unfurnished,Apartment,0,0,8,Resale,Ready to Move,,Amar Groups of Companies
Charms Global City,3300000.0,440,1,2,Ambernath East,Beyond Thane,19.2075883274914,73.1854898657514,Unfurnished,Apartment,0,25,1,Resale,Under Construction,,Charms Group and RRC 
Hari Om Swapna Nagari,2900000.0,468,1,1,Kasheli,Beyond Thane,19.2301651,73.0171568,Unfurnished,Apartment,0,0,2,Resale,Under Construction,,Unknown
Ramai Shree Hari CHS,4200000.0,461,1,1,Dombivli,Beyond Thane,19.2094006,73.0939483,Furnished,Apartment,0,0,8,Resale,Ready to Move,,Amar Groups of Companies
Ramai Shree Hari CHS,4160000.0,461,1,1,Dombivli,Beyond Thane,19.2094006,73.0939483,Unfurnished,Apartment,0,0,8,Resale,Ready to Move,,Amar Groups of Companies
Unkown,9600000.0,2000,3,3,Ulhasnagar,Beyond Thane,19.2253646109387,73.1645678200285,Furnished,Apartment,0,0,7,Resale,Ready to Move,,Unknown
Marathon Nextown,4200000.0,456,1,2,Dombivli East,Beyond Thane,19.2049111648702,73.1069201060438,Unfurnished,Apartment,0,5,5,Resale,Ready to Move,,Marathon Realty Pvt. Ltd.
Space World,1250730.0,263,1,1,Neral,Beyond Thane,19.0248210057881,73.3169473654086,Unfurnished,Apartment,0,24,0,Resale,Under Construction,,Space India
Shankeshwar Palms,6500000.0,468,1,1,Dombivli West,Beyond Thane,19.2174682509913,73.0750339345098,Furnished,Apartment,0,0,2,Resale,Ready to Move,,Unknown
Shankeshwar Palms,3900000.0,432,1,1,Dombivli West,Beyond Thane,19.2174682509913,73.0750339345098,Unfurnished,Apartment,0,0,2,Resale,Ready to Move,,Unknown
Shankeshwar Palms,5200000.0,677,2,2,Dombivli West,Beyond Thane,19.2174682509913,73.0750339345098,Unfurnished,Apartment,0,0,2,Resale,Ready to Move,,Unknown
Pandurang Tower,4500000.0,468,1,1,Dombivli West,Beyond Thane,19.2174682509913,73.0750339345098,Semi-Furnished,Apartment,0,0,2,Resale,Ready to Move,,Unknown
Pranjee Garden City,4500000.0,412,2,2,Badlapur East,Beyond Thane,19.1639249,73.2459247,Semi-Furnished,Apartment,0,29,6,Resale,Ready to Move,,Pranjee Properties Pvt. Ltd.
Pranjee Garden City,4500000.0,677,2,2,Badlapur East,Beyond Thane,19.1639249,73.2459247,Semi-Furnished,Apartment,0,29,6,Resale,Ready to Move,,Pranjee Properties Pvt. Ltd.
Mohan Highlands,7500000.0,,3,3,Badlapur East,Beyond Thane,19.1639249,73.2459247,Unfurnished,Apartment,0,26,6,Resale,Ready to Move,10 Open,Mohan Group
Vikrant Emerald,2200000.0,,,,Neral,Beyond Thane,19.0248210057881,73.3169473654086,,Residential Plot,0,0,0,Resale,,,Unknown
Unkown,2000000.0,,1,1,Bhiwandi Wada Road,Beyond Thane,19.3521332047808,73.0720181309728,Unfurnished,Apartment,0,0,0,Resale,Ready to Move,,Unknown
Lodha Downtown Palava,4500000.0,428,1,1,Palava City,Beyond Thane,19.1680134933867,73.0730851842052,Unfurnished,Apartment,0,54,6,Resale,Ready to Move,,Lodha Developers Limited
Jagdish Patil Jai Mata Di Complex,5500000.0,,2,2,Bhiwandi,Beyond Thane,19.2937911767008,73.0653582109139,Furnished,Apartment,0,0,6,Resale,Ready to Move,2 Open,Unknown
Tata Amantra,8600000.0,876,3,2,Kalyan,Beyond Thane,19.2449413625186,73.1331398884041,Semi-Furnished,Apartment,0,20,8,Resale,Ready to Move,,TATA Housing Development Company Ltd.
Panvelkar Green City,1900000.0,300,,2,Ambernath,Beyond Thane,19.1986487504664,73.2004913077756,Unfurnished,Studio Apartment,0,27,6,Resale,Ready to Move,,Panvelkar Group
Unkown,1500000.0,,,,Atgaon,Beyond Thane,19.503957,73.3280377,,Residential Plot,0,0,0,Resale,,,Unknown
Unkown,4500000.0,652,1,1,Dombivli,Beyond Thane,19.2094006,73.0939483,Semi-Furnished,Apartment,0,0,8,Resale,Ready to Move,,Unknown
Siddhi City,2000000.0,,1,1,Badlapur East,Beyond Thane,19.1639249,73.2459247,Unfurnished,Apartment,0,0,6,Resale,Ready to Move,,Siddhitech Homes
Laxmi Castello,2000000.0,,1,1,Neral,Beyond Thane,19.0248210057881,73.3169473654086,Unfurnished,Apartment,0,13,0,Resale,Ready to Move,,Laxmi Group
Unkown,1800000.0,,1,1,Kalyan,Beyond Thane,19.2449413625186,73.1331398884041,Semi-Furnished,Apartment,0,0,8,Resale,Ready to Move,,Unknown
Unkown,80000000.0,,,,Ulhasnagar,Beyond Thane,19.2253646109387,73.1645678200285,Furnished,Commercial Office Space,0,0,7,Resale,Ready to Move,,Unknown
Siddharth Riverwood Park,3000000.0,,1,1,Dombivli East,Beyond Thane,19.2049111648702,73.1069201060438,Unfurnished,Apartment,0,50,5,Resale,Ready to Move,,Siddharth Group
Raunak City 3,3500000.0,,1,1,Kalyan West,Beyond Thane,19.2442606681675,73.123906730695,Unfurnished,Apartment,0,22,5,Resale,Ready to Move,,Raunak Group
Mahalaxmi Heights,8000000.0,,1,2,Nandivali Panchanand,Beyond Thane,19.19876487,73.09137595,Semi-Furnished,Apartment,0,9,0,Resale,Ready to Move,,EKVEERA GROUPS
Unkown,2500000.0,270,1,1,Shree Ram Nagar,Beyond Thane,19.22871347,73.04312824,Unfurnished,Residential House,0,0,0,Resale,Ready to Move,,Unknown
Unkown,20000000.0,,5,4,Dombivli East,Beyond Thane,19.2049111648702,73.1069201060438,Unfurnished,Villa,0,0,5,Resale,Ready to Move,,Unknown
Unkown,7200000.0,775,2,2,Kalyan East,Beyond Thane,19.2280216158659,73.1334807284888,Furnished,Apartment,0,0,2,Resale,Ready to Move,1 Covered,Unknown
Tata Shubh Griha,1850000.0,350,1,1,Vasind,Beyond Thane,19.4059529362434,73.2634315742197,Semi-Furnished,Apartment,0,13,2,Resale,Ready to Move,1 Open,TATA Housing Development Company Ltd.
Labdhi Gardens,2800000.0,,1,2,Neral,Beyond Thane,19.0248210057881,73.3169473654086,Furnished,Apartment,0,28,0,Resale,Ready to Move,,Labdhi Lifestyles Ltd.
Laxmi Castello,2100000.0,,1,1,Neral,Beyond Thane,19.0248210057881,73.3169473654086,Unfurnished,Apartment,0,13,0,Resale,Ready to Move,,Laxmi Group
Shrutika Complex,1900000.0,460,1,2,Badlapur,Beyond Thane,19.1639249,73.2459247,Unfurnished,Apartment,0,16,8,Resale,Ready to Move,1 Open,Shrutika Construction
Unkown,2400000.0,,1,1,Badlapur West,Beyond Thane,19.1760975692482,73.2401614495576,Unfurnished,Apartment,0,0,0,Resale,Ready to Move,,Unknown
Unkown,9500000.0,,,,Badlapur,Beyond Thane,19.1639249,73.2459247,Unfurnished,Commercial Shop,0,0,8,Resale,Ready to Move,,Unknown
Unkown,3400000.0,625,2,2,Badlapur East,Beyond Thane,19.1639249,73.2459247,Unfurnished,Apartment,0,0,6,Resale,Ready to Move,,Unknown
Deep Laxmi Manohar Shreeji Nirvana,5800000.0,1100,3,2,Badlapur,Beyond Thane,19.1639249,73.2459247,Furnished,Apartment,0,29,8,Resale,Ready to Move,,Deeplaxmi Developers
Tata Amantra,6250000.0,,2,,Kalyan,Beyond Thane,19.2449413625186,73.1331398884041,,Apartment,0,20,8,Resale,Ready to Move,,TATA Housing Development Company Ltd.
Unkown,2900000.0,,1,1,Kasheli,Beyond Thane,19.2301651,73.0171568,Semi-Furnished,Apartment,0,0,2,Resale,Ready to Move,,Unknown
Unkown,2500000.0,280,1,1,Dombivli West,Beyond Thane,19.2174682509913,73.0750339345098,Unfurnished,Apartment,0,0,2,Resale,Ready to Move,,Unknown
