project_name,price,area,bedrooms,bathrooms,locality,city,lat,long,furnished,type,rera,amenities,landmarks,transaction,possesion_by,parking,developers
Shahpur ShubhVastu ,2300000,547,2,2,Vasind,Beyond Thane,19.4059529362434,73.2634315742197,Unfurnished,Apartment,0,16,2,Resale,Ready to Move,,Shahpur Infrastructure
Shahpur ShubhVastu ,2500000,515,2,1,Vasind,Beyond Thane,19.4059529362434,73.2634315742197,Unfurnished,Apartment,0,16,2,Resale,Ready to Move,,Shahpur Infrastructure
Shahpur ShubhVastu ,2400000,547,2,2,Vasind,Beyond Thane,19.4059529362434,73.2634315742197,Unfurnished,Apartment,0,16,2,Resale,Ready to Move,,Shahpur Infrastructure
Saptashree Galaxy,3800000,432,1,1,Shilphata,Thane,19.1465685568349,73.0399463501033,Unfurnished,Apartment,0,21,0,Resale,Ready to Move,,Sapta Shree Builders & Developers
Lalani Residency,10500000,634,2,2,Ghodbunder Road,Thane,19.2516923732421,72.9728195264109,Semi-Furnished,Apartment,0,29,4,Resale,Ready to Move,,Lalani Group
Lalani Residency,9500000,629,2,2,Ghodbunder Road,Thane,19.2516923732421,72.9728195264109,Unfurnished,Apartment,0,29,4,Resale,Ready to Move,,Lalani Group
Lalani Residency,9900000,634,2,2,Ghodbunder Road,Thane,19.2516923732421,72.9728195264109,Semi-Furnished,Apartment,0,29,4,Resale,Ready to Move,,Lalani Group
Poddar Samruddhi Evergreen,3200000,617,2,2,Badlapur,Beyond Thane,19.1639249,73.2459247,Semi-Furnished,Apartment,0,15,8,Resale,Ready to Move,,Poddar Housing
Nirmal Lifestyle City,4000000,295,1,2,Kalyan,Beyond Thane,19.2449413625186,73.1331398884041,Unfurnished,Apartment,0,19,8,Resale,Ready to Move,,Nirmal Lifestyle
Jewel Arista,2500000,493,1,1,Badlapur,Beyond Thane,19.1639249,73.2459247,Unfurnished,Apartment,0,16,8,Resale,Ready to Move,,Jewel Builders and Infraprojects Ltd.
Jewel Arista,2430000,486,1,1,Badlapur,Beyond Thane,19.1639249,73.2459247,Furnished,Apartment,0,16,8,Resale,Ready to Move,,Jewel Builders and Infraprojects Ltd.
Jewel Arista,2300000,493,1,1,Badlapur,Beyond Thane,19.1639249,73.2459247,Semi-Furnished,Apartment,0,16,8,Resale,Ready to Move,,Jewel Builders and Infraprojects Ltd.
Jewel Arista,2200000,352,1,1,Badlapur,Beyond Thane,19.1639249,73.2459247,Unfurnished,Apartment,0,16,8,Resale,Ready to Move,,Jewel Builders and Infraprojects Ltd.
Nirmal Lifestyle City,3400000,403,1,2,Kalyan,Beyond Thane,19.2449413625186,73.1331398884041,Unfurnished,Apartment,0,19,8,Resale,Ready to Move,,Nirmal Lifestyle
Mohan Suburbia,5300000,749,2,2,Ambernath East,Beyond Thane,19.2075883274914,73.1854898657514,Semi-Furnished,Apartment,0,32,1,Resale,Ready to Move,,Mohan Group
Mohan Suburbia,4000000,518,1,2,Ambernath East,Beyond Thane,19.2075883274914,73.1854898657514,Unfurnished,Apartment,0,32,1,Resale,Ready to Move,,Mohan Group
Lodha Casa Bella Gold,6900000,661,2,2,Dombivli East,Beyond Thane,19.2049111648702,73.1069201060438,Semi-Furnished,Apartment,0,20,5,Resale,Ready to Move,,Lodha Developers Limited
Lodha Casa Bella Gold,4200000,421,1,1,Dombivli East,Beyond Thane,19.2049111648702,73.1069201060438,Unfurnished,Apartment,0,20,5,Resale,Ready to Move,,Lodha Developers Limited
Lodha Casa Bella Gold,8000000,661,2,2,Dombivli East,Beyond Thane,19.2049111648702,73.1069201060438,Furnished,Apartment,0,20,5,Resale,Ready to Move,,Lodha Developers Limited
Lodha Casa Bella Gold,4200000,421,1,1,Dombivli East,Beyond Thane,19.2049111648702,73.1069201060438,Unfurnished,Apartment,0,20,5,Resale,Ready to Move,,Lodha Developers Limited
Lodha Casa Bella Gold,7800000,661,2,2,Dombivli East,Beyond Thane,19.2049111648702,73.1069201060438,Semi-Furnished,Apartment,0,20,5,Resale,Ready to Move,,Lodha Developers Limited
Lodha Casa Bella Gold,4500000,494,1,1,Dombivli East,Beyond Thane,19.2049111648702,73.1069201060438,Furnished,Apartment,0,20,5,Resale,Ready to Move,,Lodha Developers Limited
Lodha Casa Bella Gold,4800000,414,1,2,Dombivli East,Beyond Thane,19.2049111648702,73.1069201060438,Unfurnished,Apartment,0,20,5,Resale,Ready to Move,,Lodha Developers Limited
Lodha Casa Bella Gold,9000000,661,2,2,Dombivli East,Beyond Thane,19.2049111648702,73.1069201060438,Furnished,Apartment,0,20,5,Resale,Ready to Move,,Lodha Developers Limited
Unkown,7800000,836,3,2,Dombivli East,Beyond Thane,19.2049111648702,73.1069201060438,Unfurnished,Apartment,0,0,5,Resale,Ready to Move,,Unknown
Lodha Splendora,15000000,715,3,3,Ghodbunder Road,Thane,19.2516923732421,72.9728195264109,Semi-Furnished,Apartment,0,48,4,Resale,Ready to Move,,Lodha Developers Limited
Lodha Splendora,14000000,1141,3,3,Ghodbunder Road,Thane,19.2516923732421,72.9728195264109,Semi-Furnished,Apartment,0,48,4,Resale,Ready to Move,,Lodha Developers Limited
Lodha Splendora,15500000,940,2,2,Ghodbunder Road,Thane,19.2516923732421,72.9728195264109,Furnished,Apartment,0,48,4,Resale,Ready to Move,,Lodha Developers Limited
Lodha Splendora,13000000,940,2,2,Ghodbunder Road,Thane,19.2516923732421,72.9728195264109,Furnished,Apartment,0,48,4,Resale,Ready to Move,,Lodha Developers Limited
Lodha Splendora,13000000,509,2,2,Ghodbunder Road,Thane,19.2516923732421,72.9728195264109,Unfurnished,Apartment,0,48,4,Resale,Under Construction,,Lodha Developers Limited
RNA NG Regency,5200000,484,1,1,Balkum Pada,Thane,19.218154,72.993664,Unfurnished,Apartment,0,14,3,Resale,Ready to Move,,RNA NG Builders
RNA NG Regency,9500000,433,2,2,Balkum Pada,Thane,19.218154,72.993664,Semi-Furnished,Apartment,0,14,3,Resale,Ready to Move,,RNA NG Builders
RNA NG Regency,5500000,450,1,1,Balkum Pada,Thane,19.218154,72.993664,Semi-Furnished,Apartment,0,14,3,Resale,Ready to Move,,RNA NG Builders
RNA NG Regency,6000000,421,1,1,Balkum Pada,Thane,19.218154,72.993664,Unfurnished,Apartment,0,14,3,Resale,Ready to Move,,RNA NG Builders
Runwal MyCity,4500000,464,1,2,Dombivli,Beyond Thane,19.2094006,73.0939483,Unfurnished,Apartment,0,5,8,Resale,Ready to Move,,Runwal Group
Dedhia Elita,6100000,454,1,2,Ghodbunder Road,Thane,19.2516923732421,72.9728195264109,Unfurnished,Apartment,0,30,4,Resale,Ready to Move,,Dedhia Group
Panvelkar Sankul NX,1900000,331,1,1,Badlapur,Beyond Thane,19.1639249,73.2459247,Unfurnished,Apartment,0,16,8,Resale,Ready to Move,,Panvelkar Group
Panvelkar Sankul NX,2100000,410,1,1,Badlapur,Beyond Thane,19.1639249,73.2459247,Semi-Furnished,Apartment,0,16,8,Resale,Ready to Move,,Panvelkar Group
Neel Siddhi Balaji Garden,4400000,432,1,1,Dombivli,Beyond Thane,19.2094006,73.0939483,Unfurnished,Apartment,0,17,8,Resale,Ready to Move,,Neel Siddhi developers
Lodha Palava Casa Bella,3700000,421,1,1,Dombivli East,Beyond Thane,19.2049111648702,73.1069201060438,Semi-Furnished,Apartment,0,56,5,Resale,Ready to Move,,Lodha Developers Limited
Saisatyam Residency,4100000,483,1,1,Kalyan West,Beyond Thane,19.2442606681675,73.123906730695,Furnished,Apartment,0,12,5,Resale,Ready to Move,,Saisatyam Group
Sai Atlanta Eden World,2500000,457,1,1,Bhiwandi,Beyond Thane,19.2937911767008,73.0653582109139,Unfurnished,Apartment,0,21,6,Resale,Ready to Move,,Sai Balaji Developers
Atlanta Edenworld,2800000,457,1,1,Bhiwandi,Beyond Thane,19.2937911767008,73.0653582109139,Unfurnished,Apartment,0,32,6,Resale,Ready to Move,,Sai Balaji Developers
Atlanta Edenworld,2400000,457,1,2,Bhiwandi,Beyond Thane,19.2937911767008,73.0653582109139,Unfurnished,Apartment,0,32,6,Resale,Ready to Move,,Sai Balaji Developers
Unkown,5500000,300,1,1,,Thane,,,Semi-Furnished,Apartment,0,0,0,Resale,Ready to Move,,Unknown
Manex Height,3900000,515,2,1,Dombivli East,Beyond Thane,19.2049111648702,73.1069201060438,Unfurnished,Apartment,0,0,5,Resale,Ready to Move,,Unknown
Akash Ganga CHS,11500000,576,2,2,Thane West,Thane,19.2083097363891,72.9724465271482,Unfurnished,Apartment,0,0,10,Resale,Ready to Move,,Unknown
NX Dhruv Residency Pashane,3200000,491,2,2,Vangani,Beyond Thane,19.0925602606021,73.2971135741545,Unfurnished,Apartment,0,0,4,Resale,Ready to Move,,Unknown
Pride Larkins Nest,10000000,640,2,2,Ghodbunder Road,Thane,19.2516923732421,72.9728195264109,Unfurnished,Apartment,0,5,4,Resale,Ready to Move,,Pride Properties
Ace Courtyard,6000000,318,1,1,Kasarvadavali,Thane,19.2692017640962,72.9703926869083,Furnished,Apartment,0,7,3,Resale,Ready to Move,,ACE Realty
Runwal Codename Enchanted,7000000,301,1,2,Kolshet,Thane,19.2392002271759,72.997235034948,Unfurnished,Apartment,0,17,0,Resale,Under Construction,,Runwal Group
Advance Legacy,3200000,274,1,1,Sonar Pada,Beyond Thane,19.1946777419263,73.1026729332756,Unfurnished,Apartment,0,9,1,Resale,Under Construction,,Advance Home Makers Private Limited 
Dosti West County,5900000,283,1,1,Balkum Pada,Thane,19.218154,72.993664,Unfurnished,Apartment,0,9,3,Resale,Under Construction,,Dosti Realty 
Dosti West County,6900000,331,1,1,Balkum Pada,Thane,19.218154,72.993664,Unfurnished,Apartment,0,9,3,Resale,Under Construction,,Dosti Realty 
Dosti Tulip,11500000,542,2,2,Balkum Pada,Thane,19.218154,72.993664,Unfurnished,Apartment,0,11,3,Resale,Under Construction,,Dosti Realty 
Dosti Tulip,14000000,680,3,3,Balkum Pada,Thane,19.218154,72.993664,Unfurnished,Apartment,0,11,3,Resale,Under Construction,,Dosti Realty 
Dosti Tulip,5800000,283,1,2,Balkum Pada,Thane,19.218154,72.993664,Unfurnished,Apartment,0,11,3,Resale,Under Construction,,Dosti Realty 
Dosti Tulip,9800000,476,2,2,Balkum Pada,Thane,19.218154,72.993664,Unfurnished,Apartment,0,11,3,Resale,Under Construction,,Dosti Realty 
Dosti Tulip,8700000,418,2,2,Balkum Pada,Thane,19.218154,72.993664,Unfurnished,Apartment,0,11,3,Resale,Under Construction,,Dosti Realty 
Dosti Tulip,6800000,330,1,2,Balkum Pada,Thane,19.218154,72.993664,Unfurnished,Apartment,0,11,3,Resale,Under Construction,,Dosti Realty 
Everest World,10000000,564,2,2,Kolshet Road,Thane,19.2321621,72.9873688,Furnished,Apartment,0,23,1,Resale,Ready to Move,,Terraform Realty
Everest World,15000000,840,3,3,Kolshet Road,Thane,19.2321621,72.9873688,Semi-Furnished,Apartment,0,23,1,Resale,Ready to Move,,Terraform Realty
Vardhman Vatika,3100000,763,2,2,Vasind,Beyond Thane,19.4059529362434,73.2634315742197,Unfurnished,Apartment,0,25,2,Resale,Ready to Move,,Vardhaman Infrastructure
Puranik City,10600000,846,2,2,Ghodbunder Road,Thane,19.2516923732421,72.9728195264109,Semi-Furnished,Apartment,0,22,4,Resale,Ready to Move,,Puranik Builders ltd.
Puranik City,7950000,733,2,2,Ghodbunder Road,Thane,19.2516923732421,72.9728195264109,Unfurnished,Apartment,0,22,4,Resale,Ready to Move,,Puranik Builders ltd.
Puranik City,9800000,756,3,2,Ghodbunder Road,Thane,19.2516923732421,72.9728195264109,Semi-Furnished,Apartment,0,22,4,Resale,Ready to Move,,Puranik Builders ltd.
Puranik City,10700000,864,3,2,Ghodbunder Road,Thane,19.2516923732421,72.9728195264109,Unfurnished,Apartment,0,22,4,Resale,Ready to Move,,Puranik Builders ltd.
Tata Amantra,5500000,667,2,1,Kalyan West,Beyond Thane,19.2442606681675,73.123906730695,Unfurnished,Apartment,0,20,5,Resale,Ready to Move,,TATA Housing Development Company Ltd.
Tata Amantra,6500000,778,2,2,Kalyan,Beyond Thane,19.2449413625186,73.1331398884041,Furnished,Apartment,0,20,8,Resale,Ready to Move,,TATA Housing Development Company Ltd.
Vasant Leela Apartment,8800000,630,2,2,Ghodbunder Road,Thane,19.2516923732421,72.9728195264109,Unfurnished,Apartment,0,18,4,Resale,Ready to Move,,Sheth Creators Pvt. Ltd.
Grand Square,7800000,576,2,2,Ghodbunder Road,Thane,19.2516923732421,72.9728195264109,Furnished,Apartment,0,17,4,Resale,Ready to Move,,Squarefeet Group
Lodha Casa Ultima,17000000,936,3,2,Majiwada,Thane,19.215865938964,72.9914374146644,Furnished,Apartment,0,28,6,Resale,Ready to Move,,Lodha Developers Limited
Lodha Luxuria,16500000,797,2,2,Majiwada,Thane,19.215865938964,72.9914374146644,Furnished,Apartment,0,35,6,Resale,Ready to Move,,Lodha Developers Limited
Unnathi Greens,6600000,518,2,2,Ghodbunder Road,Thane,19.2516923732421,72.9728195264109,Unfurnished,Apartment,0,18,4,Resale,Ready to Move,,Raunak Group
Unnathi Greens,6800000,518,2,2,Ghodbunder Road,Thane,19.2516923732421,72.9728195264109,Unfurnished,Apartment,0,18,4,Resale,Ready to Move,,Raunak Group
Unnathi Greens,5800000,423,1,2,Ghodbunder Road,Thane,19.2516923732421,72.9728195264109,Unfurnished,Apartment,0,18,4,Resale,Ready to Move,,Raunak Group
Raunak Heights,5500000,464,1,2,Ghodbunder Road,Thane,19.2516923732421,72.9728195264109,Semi-Furnished,Apartment,0,39,4,Resale,Ready to Move,,Raunak Group
Raunak Heights,5400000,469,1,2,Ghodbunder Road,Thane,19.2516923732421,72.9728195264109,Unfurnished,Apartment,0,39,4,Resale,Ready to Move,,Raunak Group
Regency Heights,23000000,766,3,3,Kolshet Road,Thane,19.2321621,72.9873688,Furnished,Apartment,0,31,1,Resale,Ready to Move,,Regency Group
Regency Heights,15500000,839,2,2,Kolshet Road,Thane,19.2321621,72.9873688,Furnished,Apartment,0,31,1,Resale,Ready to Move,,Regency Group
Regency Sarvam,5600000,785,2,2,Titwala,Beyond Thane,19.295217297811,73.2124239025258,Semi-Furnished,Apartment,0,21,4,Resale,Ready to Move,,Regency Group
Regency Sarvam,5000000,814,2,2,Titwala,Beyond Thane,19.295217297811,73.2124239025258,Unfurnished,Apartment,0,21,4,Resale,Ready to Move,,Regency Group
Regency Sarvam,4250000,763,2,2,Titwala,Beyond Thane,19.295217297811,73.2124239025258,Unfurnished,Apartment,0,21,4,Resale,Ready to Move,,Regency Group
Regency Sarvam,3300000,346,1,1,Titwala,Beyond Thane,19.295217297811,73.2124239025258,Semi-Furnished,Apartment,0,21,4,Resale,Ready to Move,,Regency Group
Regency Sarvam,3800000,518,1,1,Titwala,Beyond Thane,19.295217297811,73.2124239025258,Unfurnished,Apartment,0,21,4,Resale,Ready to Move,,Regency Group
Regency Sarvam,3700000,511,1,1,Titwala,Beyond Thane,19.295217297811,73.2124239025258,Semi-Furnished,Apartment,0,21,4,Resale,Ready to Move,,Regency Group
Regency Sarvam,6000000,858,2,2,Titwala,Beyond Thane,19.295217297811,73.2124239025258,Unfurnished,Apartment,0,21,4,Resale,Ready to Move,,Regency Group
Regency Sarvam,4200000,529,1,1,Titwala,Beyond Thane,19.295217297811,73.2124239025258,Semi-Furnished,Apartment,0,21,4,Resale,Ready to Move,,Regency Group
Regency Sarvam,3800000,305,1,1,Titwala,Beyond Thane,19.295217297811,73.2124239025258,Semi-Furnished,Apartment,0,21,4,Resale,Ready to Move,,Regency Group
Regency Sarvam,4000000,511,1,1,Titwala,Beyond Thane,19.295217297811,73.2124239025258,Unfurnished,Apartment,0,21,4,Resale,Ready to Move,,Regency Group
Dosti Planet North,4800000,484,1,2,Shilphata,Thane,19.1465685568349,73.0399463501033,Unfurnished,Apartment,0,5,0,Resale,Ready to Move,,Dosti Realty
Rustomjee Azziano,18800000,826,3,3,Majiwada,Thane,19.215865938964,72.9914374146644,Furnished,Apartment,0,21,6,Resale,Ready to Move,,Rustomjee
Thanekar Hillcrest,2200000,457,1,1,Badlapur East,Beyond Thane,19.1639249,73.2459247,Furnished,Apartment,0,12,6,Resale,Ready to Move,,Thanekar Group
Lodha Paradise,7700000,432,1,2,Majiwada,Thane,19.215865938964,72.9914374146644,Semi-Furnished,Apartment,0,51,6,Resale,Ready to Move,,Lodha Developers Limited
Lok Upvan,14000000,720,2,2,Vasant Vihar,Thane,19.2239106440589,72.9678909294473,Semi-Furnished,Apartment,0,12,1,Resale,Ready to Move,,Jaiveer Group
Lok Upvan,8000000,396,1,1,Vasant Vihar,Thane,19.2239106440589,72.9678909294473,Furnished,Apartment,0,12,1,Resale,Ready to Move,,Jaiveer Group
Mohan Suburbia,4500000,732,2,2,Ambernath,Beyond Thane,19.1986487504664,73.2004913077756,Unfurnished,Apartment,0,32,6,Resale,Ready to Move,,Mohan Group
Swastik Regalia,15000000,1008,3,3,Waghbil,Thane,19.266575,72.983724,Furnished,Apartment,0,18,1,Resale,Ready to Move,,Regaliaa Realty
Runwal Eirene,7600000,446,1,1,Balkum Pada,Thane,19.218154,72.993664,Semi-Furnished,Apartment,0,24,3,Resale,Ready to Move,,Runwal Group
Runwal Eirene,9800000,598,2,2,Balkum Pada,Thane,19.218154,72.993664,Semi-Furnished,Apartment,0,24,3,Resale,Ready to Move,,Runwal Group
Vantage Green Woods,3700000,464,1,1,Shilphata,Thane,19.1465685568349,73.0399463501033,Unfurnished,Apartment,0,18,0,Resale,Ready to Move,,Vantage Land Developers
Highland Park,7500000,435,1,2,Kolshet Road,Thane,19.2321621,72.9873688,Unfurnished,Apartment,0,48,1,Resale,Ready to Move,,Siddhi Group
Runwal MyCity,4500000,706,2,2,Dombivli,Beyond Thane,19.2094006,73.0939483,Unfurnished,Apartment,0,5,8,Resale,Ready to Move,,Runwal Group
Rustomjee Urbania,12500000,693,2,2,Majiwada,Thane,19.215865938964,72.9914374146644,Furnished,Apartment,0,21,6,Resale,Ready to Move,,Rustomjee
Haware Citi,4500000,396,1,1,Ghodbunder Road,Thane,19.2516923732421,72.9728195264109,Semi-Furnished,Apartment,0,32,4,Resale,Ready to Move,,Haware Group
Haware Citi,3000000,263,1,1,Ghodbunder Road,Thane,19.2516923732421,72.9728195264109,Furnished,Apartment,0,32,4,Resale,Ready to Move,,Haware Group
Grand Square,7800000,547,2,2,Ghodbunder Road,Thane,19.2516923732421,72.9728195264109,Furnished,Apartment,0,17,4,Resale,Ready to Move,,Squarefeet Group
Madhav Palacia,9000000,468,2,2,Hiranandani Estate,Thane,19.2577957544321,72.9839623718896,Semi-Furnished,Apartment,0,50,4,Resale,Ready to Move,,Unknown
Highland Park CHS,12500000,688,2,2,Dhokali,Thane,19.2258189984106,72.9837277968585,Semi-Furnished,Apartment,0,0,7,Resale,Ready to Move,,Unknown
JAGANI Flower Valley,22500000,1080,3,1,Khopat,Thane,19.2014277501771,72.972637756513,Semi-Furnished,Apartment,0,28,4,Resale,Ready to Move,,JAGANI DEVELOPERS
Hubtown Greenwood,9000000,526,2,2,Vartak Nagar,Thane,19.2123022683298,72.9624750800907,Unfurnished,Apartment,0,25,4,Resale,Ready to Move,,Hubtown Ltd.
Hubtown Greenwood,9800000,564,2,2,Vartak Nagar,Thane,19.2123022683298,72.9624750800907,Unfurnished,Apartment,0,25,4,Resale,Ready to Move,,Hubtown Ltd.
Dosti Vijeta,12400000,619,2,2,Vartak Nagar,Thane,19.2123022683298,72.9624750800907,Semi-Furnished,Apartment,0,0,4,Resale,Ready to Move,,Unknown
Brightland,6500000,385,1,1,Dhokali,Thane,19.2258189984106,72.9837277968585,Semi-Furnished,Apartment,0,0,7,Resale,Ready to Move,,Unknown
Happy Valley ,10000000,569,2,2,Manpada Thane West,Thane,19.2307690829993,72.973592548318,Semi-Furnished,Apartment,0,11,3,Resale,Ready to Move,,Unknown
Mukta Residency,4000000,468,1,1,Shilphata,Thane,19.1465685568349,73.0399463501033,Unfurnished,Apartment,0,9,0,Resale,Ready to Move,,Mukta Developers
Shubham Apartment,2500000,432,1,1,Dombivli East,Beyond Thane,19.2049111648702,73.1069201060438,Unfurnished,Apartment,0,8,5,Resale,Ready to Move,,Bajrang Infrastructure
Unkown,1980000,,1,1,Katemanivali,Beyond Thane,19.2252311803232,73.1453759439391,Semi-Furnished,Apartment,0,0,0,Resale,,,Unknown
Shree Ganesh Park,2400000,475,1,2,Titwala,Beyond Thane,19.295217297811,73.2124239025258,Semi-Furnished,Apartment,0,17,4,Resale,Ready to Move,,Nidhi Developers
Runwal Plaza,7100000,407,1,1,Vartak Nagar,Thane,19.2123022683298,72.9624750800907,Semi-Furnished,Apartment,0,0,4,Resale,Ready to Move,,Runwal Group
Lodha Casa Rio Gold,4000000,499,1,1,Dombivli,Beyond Thane,19.2094006,73.0939483,Unfurnished,Apartment,0,44,8,Resale,Ready to Move,,Lodha Developers Limited
Lodha Casa Rio Gold,4500000,499,1,1,Dombivli East,Beyond Thane,19.2049111648702,73.1069201060438,Unfurnished,Apartment,0,44,5,Resale,Ready to Move,,Lodha Developers Limited
Lodha Casa Rio Gold,5200000,666,1,1,Dombivli,Beyond Thane,19.2094006,73.0939483,Unfurnished,Apartment,0,44,8,Resale,Ready to Move,,Lodha Developers Limited
Lodha Casa Rio Gold,3400000,499,1,1,Dombivli,Beyond Thane,19.2094006,73.0939483,Unfurnished,Apartment,0,44,8,Resale,Ready to Move,,Lodha Developers Limited
Lodha Casa Rio Gold,5000000,324,1,1,Dombivli,Beyond Thane,19.2094006,73.0939483,Furnished,Apartment,0,44,8,Resale,Ready to Move,,Lodha Developers Limited
Lodha Palava City,15000000,2304,4,3,Dombivli,Beyond Thane,19.2094006,73.0939483,Furnished,Apartment,0,56,8,Resale,Ready to Move,,Lodha Developers Limited
Lodha CasaRio Gold,5800000,642,2,2,Dombivli,Beyond Thane,19.2094006,73.0939483,Unfurnished,Apartment,0,14,8,Resale,Ready to Move,,Lodha Developers Limited
Lodha CasaRio Gold,3870000,428,1,1,Dombivli,Beyond Thane,19.2094006,73.0939483,Unfurnished,Apartment,0,14,8,Resale,Ready to Move,,Lodha Developers Limited
Neel Siddhi Balaji Garden,10000000,864,3,3,Dombivli East,Beyond Thane,19.2049111648702,73.1069201060438,Furnished,Apartment,0,17,5,Resale,Ready to Move,,Neel Siddhi developers
Neel Siddhi Balaji Garden,11000000,673,3,3,Dombivli East,Beyond Thane,19.2049111648702,73.1069201060438,Furnished,Apartment,0,17,5,Resale,Ready to Move,,Neel Siddhi developers
Neel Siddhi Balaji Garden,10900000,900,3,3,Dombivli,Beyond Thane,19.2094006,73.0939483,Unfurnished,Apartment,0,17,8,Resale,Ready to Move,,Neel Siddhi developers
Madhav Shreeji Palacia,9000000,557,2,2,Waghbil,Thane,19.266575,72.983724,Unfurnished,Apartment,0,28,1,Resale,Ready to Move,,Madhav Shreeji Group
Madhav Shreeji Palacia,6700000,473,1,2,Waghbil,Thane,19.266575,72.983724,Semi-Furnished,Apartment,0,28,1,Resale,Ready to Move,,Madhav Shreeji Group
Madhav Shreeji Palacia,7500000,504,1,2,Waghbil,Thane,19.266575,72.983724,Furnished,Apartment,0,28,1,Resale,Ready to Move,,Madhav Shreeji Group
Madhav Shreeji Palacia,9000000,557,2,2,Waghbil,Thane,19.266575,72.983724,Unfurnished,Apartment,0,28,1,Resale,Ready to Move,,Madhav Shreeji Group
Vrindavan Shrushti,3700000,540,1,1,Kalyan West,Beyond Thane,19.2442606681675,73.123906730695,Semi-Furnished,Apartment,0,17,5,Resale,Ready to Move,,M. S. Developers
Lodha Casa Rio,7500000,791,3,2,Dombivli,Beyond Thane,19.2094006,73.0939483,Semi-Furnished,Apartment,0,33,8,Resale,Ready to Move,,Lodha Developers Limited
Lodha Casa Rio Gold,5500000,356,1,1,Dombivli East,Beyond Thane,19.2049111648702,73.1069201060438,Unfurnished,Apartment,0,26,5,Resale,Ready to Move,,Lodha Developers Limited
Lodha Casa Rio Gold,5400000,642,2,2,Dombivli East,Beyond Thane,19.2049111648702,73.1069201060438,Furnished,Apartment,0,26,5,Resale,Ready to Move,,Lodha Developers Limited
Lodha Palava Casa Bella,3800000,567,1,1,Dombivli East,Beyond Thane,19.2049111648702,73.1069201060438,Unfurnished,Apartment,0,56,5,Resale,Ready to Move,,Lodha Developers Limited
Lodha Palava Casa Bella,7600000,791,3,3,Dombivli East,Beyond Thane,19.2049111648702,73.1069201060438,Semi-Furnished,Apartment,0,56,5,Resale,Ready to Move,,Lodha Developers Limited
Lodha Palava Casa Bella,4500000,494,1,1,Dombivli East,Beyond Thane,19.2049111648702,73.1069201060438,Furnished,Apartment,0,56,5,Resale,Ready to Move,,Lodha Developers Limited
Runwal Garden City,6800000,310,1,2,Balkum Naka,Thane,19.2207044893566,72.9884938975506,Unfurnished,Apartment,0,0,0,Resale,Ready to Move,,The Runwal Group
Runwal Garden City,14500000,961,3,3,Dombivli,Beyond Thane,19.2094006,73.0939483,Unfurnished,Apartment,0,43,8,Resale,Ready to Move,,Runwal Enterprises
Runwal Garden City,21800000,1206,3,3,Dombivli,Beyond Thane,19.2094006,73.0939483,Unfurnished,Apartment,0,43,8,Resale,Ready to Move,,Runwal Enterprises
Runwal Garden City,17000000,864,3,3,Dombivli,Beyond Thane,19.2094006,73.0939483,Furnished,Apartment,0,43,8,Resale,Ready to Move,,Runwal Enterprises
Rukmini Garden Building No 2,2700000,486,1,1,Titwala,Beyond Thane,19.295217297811,73.2124239025258,Unfurnished,Apartment,0,30,4,Resale,Ready to Move,,Rukmini Associates Builders and Developers
Royale City,2500000,450,1,1,Asangaon,Beyond Thane,19.4390197,73.3030715,Unfurnished,Apartment,0,29,2,Resale,Ready to Move,,Royale Group
Royal Flora,2800000,468,1,1,Ambernath,Beyond Thane,19.1986487504664,73.2004913077756,Unfurnished,Apartment,0,12,6,Resale,Ready to Move,,Royal Galaxy Developers
Rosa Gardenia,8000000,554,2,2,Ghodbunder Road,Thane,19.2516923732421,72.9728195264109,Unfurnished,Apartment,0,18,4,Resale,Ready to Move,,Rosa Group
Amber Heights,2900000,511,1,2,Ambernath,Beyond Thane,19.1986487504664,73.2004913077756,Semi-Furnished,Apartment,0,19,6,Resale,Ready to Move,,Shree Krishna Enterprises
Amrut Paradise,9600000,619,2,2,Kalwa West,Thane,19.1934770219273,72.9884750137769,Furnished,Apartment,0,13,2,Resale,Ready to Move,,Mehata Builders
Lodha Supremus 2,40000000,1363,,1,Kolshet,Thane,19.2392002271759,72.997235034948,Furnished,Office in IT Park/ SEZ,0,0,0,Resale,Ready to Move,2 Covered,Unknown
Fiama Residency,9500000,495,1,2,Ghodbunder Road,Thane,19.2516923732421,72.9728195264109,Unfurnished,Apartment,0,15,4,Resale,Ready to Move,,Fiama Construction Company
Fiama Residency,4500000,454,1,1,Ghodbunder Road,Thane,19.2516923732421,72.9728195264109,Semi-Furnished,Apartment,0,15,4,Resale,Ready to Move,,Fiama Construction Company
Ram Pushpanjali Residency,8900000,540,2,2,Ghodbunder Road,Thane,19.2516923732421,72.9728195264109,Furnished,Apartment,0,36,4,Resale,Ready to Move,,Ram Developers
Ram Pushpanjali Residency,6500000,331,1,2,Ghodbunder Road,Thane,19.2516923732421,72.9728195264109,Unfurnished,Apartment,0,36,4,Resale,Under Construction,,Ram Developers
Arihant City,4200000,468,1,2,Bhiwandi,Beyond Thane,19.2937911767008,73.0653582109139,Unfurnished,Apartment,0,22,6,Resale,Ready to Move,,Arihant Group
Royal Residency,20000000,803,4,3,Kalyan West,Beyond Thane,19.2442606681675,73.123906730695,Semi-Furnished,Apartment,0,12,5,Resale,Ready to Move,,Royal Builders and Developers
Unique Nirmal Nagari ,3500000,415,1,1,Diva,Thane,19.1915751433493,73.0430090272966,Unfurnished,Apartment,0,25,5,Resale,Ready to Move,,Unique Buildcorn Builders & Developers
Olympeo Riverside,1400000,354,1,2,Neral,Beyond Thane,19.0248210057881,73.3169473654086,Unfurnished,Apartment,0,14,0,Resale,Ready to Move,,Olympeo Infrastructure Pvt. Ltd.
Olympeo Riverside,2200000,482,1,2,Neral,Beyond Thane,19.0248210057881,73.3169473654086,Semi-Furnished,Apartment,0,14,0,Resale,Ready to Move,,Olympeo Infrastructure Pvt. Ltd.
Rai Residency,4800000,461,1,1,Kalyan,Beyond Thane,19.2449413625186,73.1331398884041,Furnished,Apartment,0,14,8,Resale,Ready to Move,,Rai Developer
Singh Heights,3000000,655,2,2,Ambernath,Beyond Thane,19.1986487504664,73.2004913077756,Unfurnished,Apartment,0,7,6,Resale,Ready to Move,,Singh Construction
Orchid Woods,2400000,544,1,1,Ambernath,Beyond Thane,19.1986487504664,73.2004913077756,Unfurnished,Apartment,0,15,6,Resale,Ready to Move,,Ropit Infratech
Panvelkar Bhoomi,1950000,305,1,1,Badlapur,Beyond Thane,19.1639249,73.2459247,Unfurnished,Apartment,0,27,8,Resale,Ready to Move,,Panvelkar Group
Panvelkar Bhoomi,2400000,432,1,1,Badlapur East,Beyond Thane,19.1639249,73.2459247,Semi-Furnished,Apartment,0,27,6,Resale,Ready to Move,,Panvelkar Group
Panvelkar Bhoomi,2500000,437,1,1,Badlapur,Beyond Thane,19.1639249,73.2459247,Unfurnished,Apartment,0,27,8,Resale,Ready to Move,,Panvelkar Group
Panvelkar Bhoomi,2700000,452,1,1,Badlapur,Beyond Thane,19.1639249,73.2459247,Unfurnished,Apartment,0,27,8,Resale,Ready to Move,,Panvelkar Group
Panvelkar Bhoomi,2000000,452,1,1,Badlapur,Beyond Thane,19.1639249,73.2459247,Unfurnished,Apartment,0,27,8,Resale,Ready to Move,,Panvelkar Group
Panvelkar Bhoomi,2941200,588,2,1,Badlapur,Beyond Thane,19.1639249,73.2459247,Unfurnished,Apartment,0,27,8,Resale,Ready to Move,,Panvelkar Group
Raunak City 3,4000000,432,1,1,Kalyan West,Beyond Thane,19.2442606681675,73.123906730695,Semi-Furnished,Apartment,0,22,5,Resale,Ready to Move,,Raunak Group
Unkown,5700000,,2,2,Shilphata,Thane,19.1465685568349,73.0399463501033,Unfurnished,Apartment,0,0,0,New Property,Ready to Move,"1 Covered, 1 Open",Unknown
Shree Ganesh Park,2865625,472,1,1,Titwala,Beyond Thane,19.295217297811,73.2124239025258,Furnished,Apartment,0,17,4,Resale,Ready to Move,,Nidhi Developers
Shivshakti,2500000,475,1,1,Ambernath,Beyond Thane,19.1986487504664,73.2004913077756,Unfurnished,Apartment,0,15,6,Resale,Ready to Move,,Shivshakti Corporation
Atlas Tower,8660000,601,2,2,Ghodbunder Road,Thane,19.2516923732421,72.9728195264109,Furnished,Apartment,0,13,4,Resale,Ready to Move,,Kavya Buildcon Pvt. Ltd.
Bhoomi Acres,5100000,382,1,1,Thane West,Thane,19.2083097363891,72.9724465271482,Unfurnished,Apartment,0,39,10,Resale,Ready to Move,,Bhoomi
Dosti Centerio,6500000,647,2,2,Shilphata,Thane,19.1465685568349,73.0399463501033,Unfurnished,Apartment,0,37,0,Resale,Ready to Move,,DOSTI REALTY
Platinum Heritage,11000000,540,2,2,Hiranandani Estate,Thane,19.2577957544321,72.9839623718896,Semi-Furnished,Apartment,0,15,4,Resale,Ready to Move,,Platinum Ventures & JVM Spaces
Raunak City 3,4100000,449,1,1,Kalyan West,Beyond Thane,19.2442606681675,73.123906730695,Semi-Furnished,Apartment,0,22,5,Resale,Ready to Move,,Raunak Group
Lodha Palava Casa Bella,5400000,726,2,2,Dombivli East,Beyond Thane,19.2049111648702,73.1069201060438,Unfurnished,Apartment,0,56,5,Resale,Ready to Move,,Lodha Developers Limited
Lodha Palava Casa Bella,4800000,538,2,2,Dombivli East,Beyond Thane,19.2049111648702,73.1069201060438,Unfurnished,Apartment,0,56,5,Resale,Ready to Move,,Lodha Developers Limited
Lodha Palava Casa Bella,4000000,461,2,2,Dombivli East,Beyond Thane,19.2049111648702,73.1069201060438,Unfurnished,Apartment,0,56,5,Resale,Ready to Move,,Lodha Developers Limited
Lodha Palava Casa Bella,6800000,450,2,2,Dombivli East,Beyond Thane,19.2049111648702,73.1069201060438,Semi-Furnished,Apartment,0,56,5,Resale,Ready to Move,,Lodha Developers Limited
Lodha Palava Casa Bella,4280000,538,2,2,Dombivli East,Beyond Thane,19.2049111648702,73.1069201060438,Unfurnished,Apartment,0,56,5,Resale,Ready to Move,,Lodha Developers Limited
Rustomjee Urbania,22500000,1084,3,3,Majiwada,Thane,19.215865938964,72.9914374146644,Furnished,Apartment,0,21,6,Resale,Ready to Move,,Rustomjee
Rustomjee Urbania,13500000,504,2,2,Majiwada,Thane,19.215865938964,72.9914374146644,Furnished,Apartment,0,21,6,Resale,Ready to Move,,Rustomjee
Runwal Garden City,10800000,724,2,2,Dombivli,Beyond Thane,19.2094006,73.0939483,Unfurnished,Apartment,0,43,8,Resale,Ready to Move,,Runwal Enterprises
Runwal Garden City,7995000,385,2,2,Dombivli,Beyond Thane,19.2094006,73.0939483,Furnished,Apartment,0,43,8,Resale,Ready to Move,,Runwal Enterprises
Runwal Garden City,11500000,720,2,2,Dombivli,Beyond Thane,19.2094006,73.0939483,Unfurnished,Apartment,0,43,8,Resale,Ready to Move,,Runwal Enterprises
Runwal Garden City,9500000,554,2,2,Dombivli,Beyond Thane,19.2094006,73.0939483,Semi-Furnished,Apartment,0,43,8,Resale,Ready to Move,,Runwal Enterprises
Runwal Garden City,8400000,554,2,2,Dombivli,Beyond Thane,19.2094006,73.0939483,Semi-Furnished,Apartment,0,43,8,Resale,Ready to Move,,Runwal Enterprises
Rukmini Garden Building No 2,3000000,623,2,2,Titwala,Beyond Thane,19.295217297811,73.2124239025258,Unfurnished,Apartment,0,30,4,Resale,Ready to Move,,Rukmini Associates Builders and Developers
Royal Flora,3500000,583,2,2,Ambernath,Beyond Thane,19.1986487504664,73.2004913077756,Semi-Furnished,Apartment,0,12,6,Resale,Ready to Move,,Royal Galaxy Developers
Rosa Royale,12000000,670,2,2,Hiranandani Estate,Thane,19.2577957544321,72.9839623718896,Furnished,Apartment,0,24,4,Resale,Ready to Move,,Rosa Group
Rosa Oasis,7300000,396,1,1,Hiranandani Estate,Thane,19.2577957544321,72.9839623718896,Semi-Furnished,Apartment,0,14,4,Resale,Ready to Move,,Rosa Group
Rosa Oasis,13500000,709,2,2,Hiranandani Estate,Thane,19.2577957544321,72.9839623718896,Semi-Furnished,Apartment,0,14,4,Resale,Ready to Move,,Rosa Group
Rosa Oasis,12500000,504,2,2,Hiranandani Estate,Thane,19.2577957544321,72.9839623718896,Semi-Furnished,Apartment,0,14,4,Resale,Ready to Move,,Rosa Group
Haware Citi,5500000,468,1,1,Ghodbunder Road,Thane,19.2516923732421,72.9728195264109,Semi-Furnished,Apartment,0,32,4,Resale,Ready to Move,,Haware Group
Haware Citi,4500000,302,1,1,Ghodbunder Road,Thane,19.2516923732421,72.9728195264109,Semi-Furnished,Apartment,0,32,4,Resale,Ready to Move,,Haware Group
Arihant Anmol,2000000,457,1,1,Badlapur East,Beyond Thane,19.1639249,73.2459247,Unfurnished,Apartment,0,7,6,Resale,Ready to Move,,Arihant Superstructures Ltd
Arihant Anmol,2700000,475,1,1,Badlapur East,Beyond Thane,19.1639249,73.2459247,Unfurnished,Apartment,0,7,6,Resale,Under Construction,,Arihant Superstructures Ltd
Wadhwa Daisy Gardens,4000000,644,2,2,Ambernath,Beyond Thane,19.1986487504664,73.2004913077756,Semi-Furnished,Apartment,0,31,6,Resale,Ready to Move,,Wadhwa & Sons
Wadhwa Daisy Gardens,3300000,630,2,2,Ambernath,Beyond Thane,19.1986487504664,73.2004913077756,Unfurnished,Apartment,0,31,6,Resale,Ready to Move,,Wadhwa & Sons
Wadhwa Daisy Gardens,3200000,637,2,2,Ambernath,Beyond Thane,19.1986487504664,73.2004913077756,Unfurnished,Apartment,0,31,6,Resale,Ready to Move,,Wadhwa & Sons
Vijay Annex,5500000,403,1,1,Ghodbunder Road,Thane,19.2516923732421,72.9728195264109,Unfurnished,Apartment,0,13,4,Resale,Ready to Move,,Vijay Group
Vijay Annex,5500000,403,1,1,Ghodbunder Road,Thane,19.2516923732421,72.9728195264109,Semi-Furnished,Apartment,0,13,4,Resale,Ready to Move,,Vijay Group
Neelkanth Palms,20500000,910,3,3,Thane West,Thane,19.2083097363891,72.9724465271482,Furnished,Apartment,0,19,10,Resale,Ready to Move,,Neelkanth Group
Puraniks City,5300000,368,1,1,Ghodbunder Road,Thane,19.2516923732421,72.9728195264109,Semi-Furnished,Apartment,0,13,4,Resale,Ready to Move,,Puranik Group
Puraniks City,7500000,343,1,1,Ghodbunder Road,Thane,19.2516923732421,72.9728195264109,Unfurnished,Apartment,0,13,4,Resale,Under Construction,,Puranik Group
Unkown,3000000,,,,Ambernath East,Beyond Thane,19.2075883274914,73.1854898657514,Unfurnished,Commercial Shop,0,0,1,Resale,Ready to Move,,Unknown
Unkown,2800000,,,,,Thane,,,,Residential Plot,0,0,0,Resale,,,Unknown
Unkown,32500000,2500,,4,Dombivli East,Thane,19.2049111648702,73.1069201060438,Unfurnished,Commercial Office Space,0,0,5,Resale,Ready to Move,,Unknown
Vantage Green Woods,3200000,385,1,1,Shilphata,Thane,19.1465685568349,73.0399463501033,Unfurnished,Apartment,0,18,0,Resale,Ready to Move,,Vantage Land Developers
Unkown,50000000,1700,,2,Ghodbunder Road,Thane,19.2516923732421,72.9728195264109,Furnished,Commercial Office Space,0,0,4,Resale,Ready to Move,,Unknown
Unkown,1800000,,,1,Neral,Thane,19.0248974,73.3076691,Unfurnished,Studio Apartment,0,0,0,Resale,Ready to Move,,Unknown
Unkown,5700000,640,2,2,Dombivli,Beyond Thane,19.2094006,73.0939483,Unfurnished,Apartment,0,0,8,Resale,Ready to Move,,Unknown
Unkown,4600000,,1,2,New Thakurli Road,Beyond Thane,19.22450879,73.10186665,Unfurnished,Apartment,0,0,0,New Property,Ready to Move,,Unknown
Unkown,2700000,,,,Ambernath East,Beyond Thane,19.2075883274914,73.1854898657514,Unfurnished,Commercial Shop,0,0,1,Resale,Ready to Move,,Unknown
Puraniks Tokyo Bay,3800000,235,1,1,Kasarvadavali,Thane,19.2692017640962,72.9703926869083,Semi-Furnished,Apartment,0,12,3,Resale,Ready to Move,,Puranik Builders ltd.
Yuvraj Residency,2250000,446,1,1,Karjat,Beyond Thane,18.9112989,73.328189,Unfurnished,Apartment,0,9,2,Resale,Ready to Move,,Yuvraj Builders
Kalpataru Siddhachal,18000000,542,,1,Thane West,Thane,19.2083097363891,72.9724465271482,Semi-Furnished,Commercial Office Space,0,19,10,Resale,Ready to Move,,Kalpataru Ltd.
Unkown,11000000,418,,,Palava City,Beyond Thane,19.1680134933867,73.0730851842052,Unfurnished,Commercial Showroom,0,0,6,Resale,Ready to Move,5 Open,Unknown
Lodha Sterling,21000000,820,2,2,Kolshet,Thane,19.2392002271759,72.997235034948,Unfurnished,Apartment,0,36,0,Resale,Ready to Move,,Lodha Developers Limited
Unkown,160000,147,,,Vishnu Nagar Thane West,Thane,19.1894055591023,72.9676185904275,Unfurnished,Commercial Shop,0,0,3,New Property,Ready to Move,,Unknown
Trilok Heights,4500000,,1,1,Thakurli,Beyond Thane,19.2252747701219,73.1000690723917,Furnished,Apartment,0,7,1,Resale,Ready to Move,,Trilok Realty
Wadhwa Elite Solitaire,16500000,,3,2,Kolshet Road,Thane,19.2321621,72.9873688,Semi-Furnished,Apartment,0,0,1,Resale,Ready to Move,,The Wadhwa Group
One Hiranandani Park,55000000,1400,3,3,Ghodbunder Road,Thane,19.2516923732421,72.9728195264109,Furnished,Apartment,0,45,4,Resale,Ready to Move,,Hiranandani Group
Lakhani Empire Towers,27800000,798,2,3,Teen Hath Naka Area,Thane,19.1888629332732,72.9629527577008,Unfurnished,Apartment,0,7,3,Resale,Ready to Move,2 Covered,Lakhani Builders Pvt. Ltd.
Orchid Woods,3700000,709,2,2,Ambernath,Beyond Thane,19.1986487504664,73.2004913077756,Semi-Furnished,Apartment,0,15,6,Resale,Ready to Move,,Ropit Infratech
Lodha Casa Royale,7000000,710,1,2,Balkum Pada,Thane,19.218154,72.993664,Unfurnished,Apartment,0,50,3,Resale,Ready to Move,,Lodha Developers Limited
Unkown,3600000,400,1,1,Ambernath,Thane,19.1986487504664,73.2004913077756,Semi-Furnished,Apartment,0,0,6,Resale,Ready to Move,,Unknown
Akanksha Pioneer,8700000,435,1,2,Vartak Nagar,Thane,19.2123022683298,72.9624750800907,Furnished,Apartment,0,18,4,Resale,Ready to Move,,Akansha Enterprises
Shree Krupa Keshav Heights,21000000,,2,2,Kalwa,Thane,19.1986281463791,73.00243846035,Furnished,Apartment,0,30,7,Resale,Ready to Move,,SHREE KRUPA BUILDERS
TenX Habitat Raymond Realty,16000000,,2,2,Pokhran Road,Thane,19.2070940767958,72.9568656970685,Unfurnished,Apartment,0,46,3,Resale,Ready to Move,,Raymond Realty
Lokpuram Complex,8800000,448,1,1,Vasant Vihar,Thane,19.2239106440589,72.9678909294473,Unfurnished,Apartment,0,0,1,Resale,Ready to Move,,Unknown
SARVODAY MANGAL,5000000,500,2,2,Thakurli,Beyond Thane,19.2252747701219,73.1000690723917,Unfurnished,Apartment,0,0,1,Resale,Ready to Move,1 Open,LAXMI COMBINES
Tierra CoOp HSG Soc Ltd,11000000,743,2,2,Ghodbunder Road,Thane,19.2516923732421,72.9728195264109,Furnished,Apartment,0,0,4,Resale,Ready to Move,,Unknown
Unkown,28000000,1200,3,4,Vashi,Beyond Thane,19.0795366,73.0004472,Unfurnished,Residential House,0,0,0,Resale,Ready to Move,1 Open,Unknown
Pranjee Garden City Phase II,4700000,,2,2,Badlapur,Beyond Thane,19.1639249,73.2459247,Unfurnished,Apartment,0,28,8,Resale,Ready to Move,,Pranjee Properties Pvt. Ltd.
Narang Asteria By Courtyard,41000000,,3,3,Pokharan Road Number 2,Thane,19.218973,72.968099,Unfurnished,Apartment,0,22,2,Resale,Ready to Move,2 Covered,Narang Realty and The Wadhwa Group
Lodha Splendora,8900000,750,2,2,Bhayandarpada,Thane,19.288128,72.949629,Unfurnished,Apartment,1,48,0,Resale,Ready to Move,1 Covered,Lodha Developers Limited
Cosmos Springs,8900000,710,2,2,Kasarvadavali,Thane,19.2692017640962,72.9703926869083,Semi-Furnished,Apartment,0,0,3,Resale,Ready to Move,,Unknown
Bharat Eco Vista,7000000,725,2,2,Shilphata,Thane,19.1465685568349,73.0399463501033,Unfurnished,Apartment,1,24,0,Resale,Ready to Move,3 Covered,Bharat infrastructure & Engineering Pvt. Ltd.
Regency Heights,23000000,,3,3,Kolshet Road,Thane,19.2321621,72.9873688,Furnished,Apartment,0,31,1,Resale,Ready to Move,,Regency Group
Unkown,2000000,685,1,1,Badlapur Gaon,Thane,19.1572317,73.2663181,Unfurnished,Apartment,0,0,2,Resale,Ready to Move,,Unknown
Unkown,25000000,750,2,2,Raheja Gardens,Thane,19.1879277787724,72.9571946759296,Semi-Furnished,Apartment,0,0,3,Resale,Ready to Move,,Unknown
Sky Touch Tisai Residency,6270000,689,2,2,Kalyan East,Beyond Thane,19.2280216158659,73.1334807284888,Unfurnished,Apartment,1,28,2,New Property,Jun '27,"1 Covered, 1 Open",Sky Touch Builders & Developers
Hiranandani  Aralia,39000000,1200,3,3,Hiranandani Estate,Thane,19.2577957544321,72.9839623718896,Semi-Furnished,Apartment,0,6,4,Resale,Ready to Move,,Hiranandani Group
Lodha Palava,8030000,,2,2,Dombivli East,Beyond Thane,19.2049111648702,73.1069201060438,Unfurnished,Apartment,0,54,5,Resale,Ready to Move,1 Covered,Lodha Developers Limited
Unkown,15000000,577,2,2,Vartak Nagar,Thane,19.2123022683298,72.9624750800907,Unfurnished,Apartment,0,0,4,Resale,Ready to Move,,Unknown
Mahindra Happinest Kalyan,3900000,,1,2,Kalyan,Beyond Thane,19.2449413625186,73.1331398884041,Unfurnished,Apartment,0,0,8,Resale,Ready to Move,,Mahindra Lifespace Developers Ltd.
Unkown,9500000,530,,1,Wagle Estate,Thane,19.18675282,72.95439362,Unfurnished,Commercial Office Space,0,0,5,New Property,Ready to Move,1 Covered,Unknown
Kalpataru Paramount,15000000,711,2,2,Kapurbawdi,Thane,19.220268,72.977743,Unfurnished,Apartment,0,37,5,Resale,Ready to Move,1 Covered,Kalpataru Ltd.
Unkown,1470000,,,,Shahapur,Beyond Thane,19.453550664726,73.3247044251021,,Residential Plot,1,0,2,Resale,,,Unknown
Puranik City Phase 3,6000000,454,1,1,Kasarvadavali,Thane,19.2692017640962,72.9703926869083,Semi-Furnished,Apartment,0,49,3,Resale,Ready to Move,,Puranik Builders Ltd.
Shubharambh Apartment,8700000,435,1,2,Thane West,Thane,19.2083097363891,72.9724465271482,Furnished,Apartment,0,0,10,Resale,Ready to Move,,Unknown
Unkown,6500000,450,2,1,Kolshet,Thane,19.2392002271759,72.997235034948,Furnished,Apartment,0,0,0,Resale,Ready to Move,,Unknown
Godrej Emerald,11000000,950,2,2,Bhayandarpada,Thane,19.288128,72.949629,Semi-Furnished,Apartment,0,8,0,Resale,Ready to Move,1 Covered,Godrej Properties
Bella Vista,5500000,,,,Shahapur,Beyond Thane,19.453550664726,73.3247044251021,,Residential Plot,0,16,2,Resale,,,Oswal Group
Rameshwar Park,2500000,392,1,1,Diva,Thane,19.1915751433493,73.0430090272966,Unfurnished,Apartment,1,11,5,New Property,Dec '27,1 Open,Rameshwar Builders and Developers
Mangeshi Sohan,4800000,512,1,2,Kalyan West,Beyond Thane,19.2442606681675,73.123906730695,Unfurnished,Apartment,1,5,5,New Property,Ready to Move,1 Open,Mangeshi and Deveshwar Developers
Shruti Park ,6700000,480,1,1,Dhokli Naka,Thane,19.2223972256548,72.9834629967589,Semi-Furnished,Apartment,0,0,3,Resale,Ready to Move,1 Open,Unknown
Unkown,4500000,180,,,Manpada Thane West,Thane,19.2307690829993,72.973592548318,Unfurnished,Commercial Shop,0,0,3,Resale,Ready to Move,,Unknown
Pride Residency,7100000,650,2,3,Kasarvadavali,Thane,19.2692017640962,72.9703926869083,Semi-Furnished,Apartment,0,4,3,Resale,Ready to Move,1 Covered,Sahil Developers
Jangid Galaxy,13200000,,2,2,Ghodbunder Road,Thane,19.2516923732421,72.9728195264109,Semi-Furnished,Apartment,0,26,4,Resale,Ready to Move,,Jangid Group
Kavya Park,10000000,625,2,2,Kasarvadavali,Thane,19.2692017640962,72.9703926869083,Unfurnished,Apartment,0,8,3,Resale,Under Construction,1 Open,Kavya Buildcon Pvt. Ltd.
Vrindavan Apartment,9500000,,2,2,Majiwada,Thane,19.215865938964,72.9914374146644,Unfurnished,Apartment,1,0,6,Resale,Ready to Move,1 Open,Unknown
Dosti Vihar,12500000,,2,2,Pokhran Road,Thane,19.2070940767958,72.9568656970685,Semi-Furnished,Apartment,0,28,3,Resale,Ready to Move,1 Covered,DOSTI REALTY
Casa Adriana,3700000,,1,2,Dombivli East,Beyond Thane,19.2049111648702,73.1069201060438,Unfurnished,Apartment,0,0,5,Resale,Ready to Move,,Unknown
Unkown,9000000,850,3,3,Shilphata,Thane,19.1465685568349,73.0399463501033,Semi-Furnished,Apartment,0,12,0,Resale,Ready to Move,,Unknown
Unkown,4000000,565,1,1,Dombivli West,Beyond Thane,19.2174682509913,73.0750339345098,Semi-Furnished,Apartment,0,0,2,Resale,Ready to Move,,Unknown
Unkown,2400000,,1,1,Bhiwandi,Beyond Thane,19.2937911767008,73.0653582109139,Unfurnished,Builder Floor Apartment,0,0,6,New Property,Ready to Move,,Unknown
Acme Ozone,24000000,1057,3,3,Ghodbunder Road,Thane,19.2516923732421,72.9728195264109,Unfurnished,Apartment,0,48,4,Resale,Ready to Move,,Acme Group
Unkown,9900000,520,1,2,,Thane,,,Furnished,Apartment,0,0,0,Resale,Ready to Move,,Unknown
Lodha Amara,7600000,,1,2,Kolshet Road,Thane,19.2321621,72.9873688,Semi-Furnished,Apartment,0,42,1,Resale,Ready to Move,1 Covered,Lodha Developers Limited
Unkown,6500000,485,1,2,Bhiwandi,Beyond Thane,19.2937911767008,73.0653582109139,Semi-Furnished,Apartment,0,0,6,Resale,Ready to Move,,Unknown
Horizon Flora Baileya,6700000,485,1,2,Ghodbunder Road,Thane,19.2516923732421,72.9728195264109,Semi-Furnished,Apartment,0,0,4,Resale,Ready to Move,,Unknown
Lodha Amara,15000000,672,2,2,Kolshet Road,Thane,19.2321621,72.9873688,Unfurnished,Apartment,0,42,1,Resale,Ready to Move,,Lodha Developers Limited
Lodha Clariant C3 Codename Great Gains,28000000,,,,Kolshet Road,Thane,19.2321621,72.9873688,Furnished,Commercial Shop,0,0,1,Resale,Ready to Move,,Lodha Developers Limited
Unkown,4900000,,1,2,,Thane,,,Semi-Furnished,Apartment,0,0,0,Resale,Ready to Move,,Unknown
Dosti Oak,12500000,639,2,2,Balkum Pada,Thane,19.218154,72.993664,Unfurnished,Apartment,0,20,3,Resale,Ready to Move,,DOSTI REALTY
Shivalik,4000000,398,1,2,Shilphata,Thane,19.1465685568349,73.0399463501033,Furnished,Apartment,0,22,0,Resale,Ready to Move,,Rudis Developers
Unkown,27500000,232,,,Dombivli West,Beyond Thane,19.2174682509913,73.0750339345098,Unfurnished,Commercial Shop,0,0,2,Resale,Ready to Move,,Unknown
Unkown,1797000,201,1,1,,Thane,,,Unfurnished,Apartment,0,0,0,Resale,Ready to Move,1 Open,Unknown
Lodha Luxuria,28000000,1118,3,3,Majiwada,Thane,19.215865938964,72.9914374146644,Furnished,Apartment,0,35,6,Resale,Ready to Move,2 Covered,Lodha Developers Limited
Vihang Valley,6500000,465,1,2,Ghodbunder Road,Thane,19.2516923732421,72.9728195264109,Unfurnished,Apartment,0,14,4,Resale,Ready to Move,,Vihang Group
Unkown,1800000,,,,,Thane,,,,Residential Plot,0,0,0,Resale,,,Unknown
Shapoorji Pallonji Northern Lights,21000000,762,2,2,Pokharan Road Number 2,Thane,19.218973,72.968099,Unfurnished,Apartment,0,38,2,New Property,Under Construction,,Shapoorji Pallonji Real Estate
Puranik City Phase 3,7800000,,2,2,Ghodbunder Road,Thane,19.2516923732421,72.9728195264109,Furnished,Apartment,0,49,4,Resale,Ready to Move,,Puranik Builders Ltd.
Unkown,3000000,400,1,1,,Thane,,,Semi-Furnished,Apartment,0,0,0,Resale,Ready to Move,1 Open,Unknown
Unkown,8000000,,2,1,,Thane,,,Unfurnished,Apartment,0,0,0,Resale,Ready to Move,,Unknown
Datta Nagari,3000000,630,1,1,Bhiwandi,Beyond Thane,19.2937911767008,73.0653582109139,Unfurnished,Apartment,0,30,6,Resale,Ready to Move,,Sai Pooja Developers
Raj Park CHS,12000000,,2,2,,Thane,,,Semi-Furnished,Apartment,0,0,0,Resale,Ready to Move,,Cooperative Group Housing Society
Runwal Gardens,11000000,908,3,3,Dombivli East,Beyond Thane,19.2049111648702,73.1069201060438,Unfurnished,Apartment,0,15,5,Resale,Ready to Move,,Runwal Group
Unkown,7800000,,2,1,Dombivli,Beyond Thane,19.2094006,73.0939483,Semi-Furnished,Apartment,0,0,8,Resale,Ready to Move,,Unknown
Sunrise by Kalpataru,12000000,535,2,2,Kolshet Road,Thane,19.2321621,72.9873688,Semi-Furnished,Apartment,0,54,1,Resale,Ready to Move,1 Covered,Kalpataru Ltd.
Charms Paradise,3200000,,1,1,Titwala,Beyond Thane,19.295217297811,73.2124239025258,Semi-Furnished,Apartment,0,12,4,Resale,Ready to Move,,Charms Group
Unkown,13000000,900,4,4,Kharegaon,Thane,19.2000964243507,72.9992204728793,Semi-Furnished,Apartment,0,0,2,Resale,Ready to Move,,Unknown
Unkown,950000,,,1,Shelu,Beyond Thane,19.0640445,73.3163381,Unfurnished,Studio Apartment,0,0,0,Resale,Ready to Move,,Unknown
Suryakund Apartment,5500000,346,1,1,Kalyan West,Beyond Thane,19.2442606681675,73.123906730695,Furnished,Apartment,0,0,5,Resale,Ready to Move,,Unknown
Sai Mahima Apartment,3500000,529,2,1,Dombivli East,Beyond Thane,19.2049111648702,73.1069201060438,Unfurnished,Apartment,0,0,5,Resale,Ready to Move,,Unknown
Abhishek Heights,12500000,634,2,2,Kharkar Alley,Thane,19.195759007751,72.9804815814145,Furnished,Apartment,0,0,0,Resale,Ready to Move,,Unknown
Samrin Imperial Heights Apartment,16000000,655,3,3,Thane West,Thane,19.2083097363891,72.9724465271482,,Apartment,0,0,10,Resale,Ready to Move,,Unknown
Samrin Imperial Heights Apartment,12000000,706,2,2,Thane West,Thane,19.2083097363891,72.9724465271482,Unfurnished,Apartment,0,0,10,Resale,Ready to Move,,Unknown
Samrin Imperial Heights Apartment,16000000,864,3,3,Thane West,Thane,19.2083097363891,72.9724465271482,Furnished,Apartment,0,0,10,Resale,Ready to Move,,Unknown
Laxmi Park,10000000,540,2,2,Vartak Nagar,Thane,19.2123022683298,72.9624750800907,Semi-Furnished,Apartment,0,0,4,Resale,Ready to Move,,Unknown
Krishnamrut CHS Ltd,14000000,948,2,2,Thane West,Thane,19.2083097363891,72.9724465271482,Semi-Furnished,Apartment,0,0,10,Resale,Ready to Move,,Unknown
Yogi Dham Phase III,5600000,500,1,2,Kalyan West,Beyond Thane,19.2442606681675,73.123906730695,Furnished,Apartment,0,0,5,Resale,Ready to Move,,Unknown
Kashmira Galaxy,3550000,443,1,1,Dombivli East,Beyond Thane,19.2049111648702,73.1069201060438,Unfurnished,Apartment,0,0,5,Resale,Ready to Move,,Unknown
Maple City,2200000,446,1,1,Badlapur West,Beyond Thane,19.1760975692482,73.2401614495576,Unfurnished,Apartment,0,0,0,Resale,Ready to Move,,ABHISHEK SHELTERS LTD.
Runwal Mycity Phase 2,8400000,546,3,2,Dombivli East,Beyond Thane,19.2049111648702,73.1069201060438,Unfurnished,Apartment,0,0,5,Resale,Ready to Move,,Unknown
Regency Sarvam Phase 2,3550000,515,1,1,Titwala,Beyond Thane,19.295217297811,73.2124239025258,Furnished,Apartment,0,0,4,Resale,Ready to Move,,Regency Group
Rajhans CHS,17000000,720,2,1,Dombivli East,Beyond Thane,19.2049111648702,73.1069201060438,Furnished,Apartment,0,0,5,Resale,Ready to Move,,Unknown
Mohan Tulsi Vihar,4000000,752,2,2,Badlapur,Beyond Thane,19.1639249,73.2459247,Unfurnished,Apartment,0,0,8,Resale,Ready to Move,,Tulsi Estates
Mohan Tulsi Vihar,5200000,773,2,2,Badlapur,Beyond Thane,19.1639249,73.2459247,Semi-Furnished,Apartment,0,0,8,Resale,Ready to Move,,Tulsi Estates
Dhamji Shamji Shah Mahavir Square,12000000,504,2,2,Manpada Thane West,Thane,19.2307690829993,72.973592548318,Unfurnished,Apartment,0,3,3,Resale,Under Construction,,Dhamji Shamji Shah Group & Squarefeet Group
Roopchand Galaxy,4000000,641,1,2,Kasheli,Beyond Thane,19.2301651,73.0171568,Semi-Furnished,Apartment,0,0,2,Resale,Ready to Move,,Estate Oaks
Vasant Vihar,7000000,366,1,1,Thane West,Thane,19.2083097363891,72.9724465271482,Semi-Furnished,Apartment,0,0,10,Resale,Ready to Move,,Conwood Realty
Ramai Shree Hari CHS,4100000,461,1,1,Dombivli,Beyond Thane,19.2094006,73.0939483,Unfurnished,Apartment,0,0,8,Resale,Ready to Move,,Amar Groups of Companies
Metropolis Thane,6500000,324,1,2,Kasarvadavali,Thane,19.2692017640962,72.9703926869083,Unfurnished,Apartment,0,47,3,Resale,Ready to Move,,Ace Group and Squarefeet Group
Charms Global City,3300000,440,1,2,Ambernath East,Beyond Thane,19.2075883274914,73.1854898657514,Unfurnished,Apartment,0,25,1,Resale,Under Construction,,Charms Group and RRC 
Upper Crust,12800000,900,3,2,Kalwa,Thane,19.1986281463791,73.00243846035,Semi-Furnished,Apartment,0,0,7,Resale,Ready to Move,,Ace Group and Squarefeet Group
Unkown,25000000,990,3,3,Ram Maruti Road,Thane,19.191821,72.972387,Unfurnished,Apartment,0,0,2,Resale,Ready to Move,,Unknown
Aradia,23000000,1296,3,3,Thane West,Thane,19.2083097363891,72.9724465271482,Unfurnished,Apartment,0,0,10,Resale,Ready to Move,,Nandivardhan Group
Lahoti House,8500000,536,1,1,Thane West,Thane,19.2083097363891,72.9724465271482,Semi-Furnished,Apartment,0,0,10,Resale,Ready to Move,,S.D.Bhalerao Constructions Pvt. Ltd.
Lahoti House,9500000,468,1,2,Thane West,Thane,19.2083097363891,72.9724465271482,Unfurnished,Apartment,0,0,10,Resale,Ready to Move,,S.D.Bhalerao Constructions Pvt. Ltd.
Hari Om Swapna Nagari,2900000,468,1,1,Kasheli,Beyond Thane,19.2301651,73.0171568,Unfurnished,Apartment,0,0,2,Resale,Under Construction,,Unknown
Ramai Shree Hari CHS,4200000,461,1,1,Dombivli,Beyond Thane,19.2094006,73.0939483,Furnished,Apartment,0,0,8,Resale,Ready to Move,,Amar Groups of Companies
Ramai Shree Hari CHS,4160000,461,1,1,Dombivli,Beyond Thane,19.2094006,73.0939483,Unfurnished,Apartment,0,0,8,Resale,Ready to Move,,Amar Groups of Companies
Lodha Thane Woodlands C And D,7600000,665,2,2,Bhiwandi,Beyond Thane,19.2937911767008,73.0653582109139,Semi-Furnished,Apartment,0,18,6,Resale,Ready to Move,,Lodha Group
Unkown,7500000,687,2,2,,Thane,,,Semi-Furnished,Apartment,0,0,0,Resale,Ready to Move,,Unknown
Mohan Highlands,9500000,,3,3,Badlapur,Beyond Thane,19.1639249,73.2459247,Unfurnished,Apartment,0,26,8,Resale,Ready to Move,50 Open,Mohan Group
Unkown,24000000,,3,2,,Thane,,,Furnished,Apartment,0,0,0,Resale,Ready to Move,,Unknown
Unkown,12500000,,2,2,Hyderpark Society,Thane,19.2267631712896,72.974853461377,Semi-Furnished,Apartment,0,0,0,Resale,,,Unknown
Ashar Aria,14500000,650,2,2,Kharegaon,Thane,19.2000964243507,72.9992204728793,Furnished,Apartment,0,21,2,Resale,Ready to Move,,Ashar Group
Unkown,4260000,560,2,2,Ram Nagar Dombivli East,Beyond Thane,19.215646396774,73.0865415651692,Furnished,Apartment,0,0,0,Resale,,,Unknown
Unkown,5310000,413,,1,Ram Nagar Dombivli East,Beyond Thane,19.215646396774,73.0865415651692,Furnished,Commercial Office Space,0,0,0,Resale,,,Unknown
Unkown,2600000,450,1,1,Ulhasnagar,Beyond Thane,19.2253646109387,73.1645678200285,Unfurnished,Apartment,0,0,7,Resale,Ready to Move,,Unknown
Godrej Emerald,17000000,,3,3,Bhayandarpada,Thane,19.288128,72.949629,Semi-Furnished,Apartment,0,8,0,Resale,Ready to Move,1 Covered,Godrej Properties
Balaji Aangan,5400000,475,1,1,Thakurli,Beyond Thane,19.2252747701219,73.1000690723917,Semi-Furnished,Apartment,0,16,1,Resale,Ready to Move,,SS Life Spaces
Balaji Aangan,5200000,475,1,1,Thakurli,Beyond Thane,19.2252747701219,73.1000690723917,Unfurnished,Apartment,0,16,1,Resale,Ready to Move,,SS Life Spaces
Anmol Gardens,3700000,396,1,1,Kalyan East,Beyond Thane,19.2280216158659,73.1334807284888,Semi-Furnished,Apartment,0,6,2,Resale,Ready to Move,,Laxmi Housing Builders and Developers
Shankheshwar Nagar,6400000,619,2,2,Dombivli East,Beyond Thane,19.2049111648702,73.1069201060438,Unfurnished,Apartment,0,8,5,Resale,Ready to Move,,Sanghvi S3 Group
Horizon Heights,6000000,457,1,1,Kasarvadavali,Thane,19.2692017640962,72.9703926869083,Semi-Furnished,Apartment,0,15,3,Resale,Ready to Move,,KM Housing Pvt. Ltd.
Horizon Heights,5400000,442,1,2,Kasarvadavali,Thane,19.2692017640962,72.9703926869083,Semi-Furnished,Apartment,0,15,3,Resale,Ready to Move,,KM Housing Pvt. Ltd.
Puranik Aarambh,8200000,613,2,2,Ghodbunder Road,Thane,19.2516923732421,72.9728195264109,Unfurnished,Apartment,0,13,4,Resale,Ready to Move,,Puranik Group
Puranik Aarambh,8200000,613,2,2,Ghodbunder Road,Thane,19.2516923732421,72.9728195264109,Furnished,Apartment,0,13,4,Resale,Ready to Move,,Puranik Group
Puranik Aarambh,7900000,498,2,2,Ghodbunder Road,Thane,19.2516923732421,72.9728195264109,Unfurnished,Apartment,0,13,4,Resale,Ready to Move,,Puranik Group
Unkown,10000000,980,2,2,Shastri Nagar Dombivli West,Beyond Thane,19.21918822,73.08240476,Unfurnished,Apartment,0,0,0,Resale,Ready to Move,,Unknown
Horizon Heights,5400000,442,1,2,Kasarvadavali,Thane,19.2692017640962,72.9703926869083,Unfurnished,Apartment,0,15,3,Resale,Ready to Move,,KM Housing Pvt. Ltd.
Maruti Vihar NX,3000000,374,1,1,Kalyan West,Beyond Thane,19.2442606681675,73.123906730695,Semi-Furnished,Apartment,0,22,5,Resale,Ready to Move,,Aashray Developer
Unkown,14000000,907,3,2,Bhayandarpada,Thane,19.288128,72.949629,Furnished,Apartment,0,0,0,Resale,Ready to Move,,Unknown
Deep Auralis The Twins,30000000,936,3,4,Teen Hath Naka Area,Thane,19.1888629332732,72.9629527577008,Unfurnished,Apartment,0,28,3,Resale,Ready to Move,,Deep Homes
Lodha Lakeshore Greens,6000000,426,2,2,Palava City,Beyond Thane,19.1680134933867,73.0730851842052,Unfurnished,Apartment,0,21,6,Resale,Ready to Move,,Lodha Developers Limited
Lodha Lakeshore Greens,6500000,540,2,2,Palava City,Beyond Thane,19.1680134933867,73.0730851842052,Unfurnished,Apartment,0,21,6,Resale,Ready to Move,,Lodha Developers Limited
Lodha Lakeshore Greens,4500000,504,1,1,Palava City,Beyond Thane,19.1680134933867,73.0730851842052,Semi-Furnished,Apartment,0,21,6,Resale,Ready to Move,,Lodha Developers Limited
Lodha Lakeshore Greens,6000000,648,2,2,Palava City,Beyond Thane,19.1680134933867,73.0730851842052,Unfurnished,Apartment,0,21,6,Resale,Ready to Move,,Lodha Developers Limited
Lodha Lakeshore Greens,3800000,504,1,1,Palava City,Beyond Thane,19.1680134933867,73.0730851842052,Unfurnished,Apartment,0,21,6,Resale,Ready to Move,,Lodha Developers Limited
Lodha Lakeshore Greens,7000000,816,2,2,Palava City,Beyond Thane,19.1680134933867,73.0730851842052,Semi-Furnished,Apartment,0,21,6,Resale,Ready to Move,,Lodha Developers Limited
Unkown,2300000,,1,1,Ambernath East,Beyond Thane,19.2075883274914,73.1854898657514,Furnished,Apartment,0,0,1,Resale,,,Unknown
Regency Estate,8000000,,2,2,Dombivli,Beyond Thane,19.2094006,73.0939483,Unfurnished,Apartment,0,24,8,Resale,Ready to Move,,Regency Group
Sanghvi Valley,7200000,419,1,2,Kalwa,Thane,19.1986281463791,73.00243846035,Furnished,Apartment,0,11,7,Resale,Ready to Move,,Sanghvi Premises
Puraniks Rumah Bali,5300000,317,1,2,Ghodbunder Road,Thane,19.2516923732421,72.9728195264109,Semi-Furnished,Apartment,0,8,4,Resale,Ready to Move,,Puranik Builders ltd.
Puraniks Rumah Bali,8200000,598,2,2,Ghodbunder Road,Thane,19.2516923732421,72.9728195264109,Unfurnished,Apartment,0,8,4,Resale,Ready to Move,,Puranik Builders ltd.
Puraniks Rumah Bali,9500000,614,2,2,Ghodbunder Road,Thane,19.2516923732421,72.9728195264109,Unfurnished,Apartment,0,8,4,Resale,Under Construction,,Puranik Builders ltd.
Puraniks Rumah Bali,8500000,540,2,2,Ghodbunder Road,Thane,19.2516923732421,72.9728195264109,Unfurnished,Apartment,0,8,4,Resale,Ready to Move,,Puranik Builders ltd.
Puraniks Rumah Bali,6730000,502,1,2,Ghodbunder Road,Thane,19.2516923732421,72.9728195264109,Furnished,Apartment,0,8,4,Resale,Ready to Move,,Puranik Builders ltd.
Lodha Casa Pacio,9100000,870,3,3,Shilphata,Thane,19.1465685568349,73.0399463501033,Semi-Furnished,Apartment,0,18,0,Resale,Ready to Move,2 Open,Lodha Developers Limited
Puraniks Rumah Bali,14500000,914,3,3,Ghodbunder Road,Thane,19.2516923732421,72.9728195264109,Unfurnished,Apartment,0,8,4,Resale,Ready to Move,,Puranik Builders ltd.
Puraniks Rumah Bali,12000000,907,3,2,Ghodbunder Road,Thane,19.2516923732421,72.9728195264109,Semi-Furnished,Apartment,0,8,4,Resale,Ready to Move,,Puranik Builders ltd.
Puraniks Rumah Bali,8000000,577,2,2,Ghodbunder Road,Thane,19.2516923732421,72.9728195264109,Semi-Furnished,Apartment,0,8,4,Resale,Ready to Move,,Puranik Builders ltd.
Raunak Heights,5500000,405,1,2,Ghodbunder Road,Thane,19.2516923732421,72.9728195264109,Semi-Furnished,Apartment,0,39,4,Resale,Ready to Move,,Raunak Group
Unkown,4210000,,2,2,Ram Nagar Dombivli East,Beyond Thane,19.215646396774,73.0865415651692,Furnished,Apartment,0,0,0,Resale,,,Unknown
Acme Ozone,17000000,1044,3,3,Ghodbunder Road,Thane,19.2516923732421,72.9728195264109,Unfurnished,Apartment,0,48,4,Resale,Ready to Move,,Acme Group
Lodha Crown,6000000,274,1,1,Majiwada,Thane,19.215865938964,72.9914374146644,Unfurnished,Apartment,0,4,6,Resale,Ready to Move,,Lodha Developers Limited
Runwal Gardens,4100000,468,1,1,Dombivli East,Beyond Thane,19.2049111648702,73.1069201060438,Unfurnished,Apartment,0,15,5,Resale,Under Construction,,Runwal Group
Ahuja Prasadam,2500000,522,1,2,Ambernath East,Beyond Thane,19.2075883274914,73.1854898657514,Unfurnished,Apartment,0,25,1,Resale,Ready to Move,,Ahuja Group
Dosti Planet North PHASE 2,6500000,588,2,2,Shilphata,Thane,19.1465685568349,73.0399463501033,Furnished,Apartment,0,0,0,Resale,Ready to Move,,DOSTI REALTY
Rajaram Sukur Enclave,8500000,648,2,2,Ghodbunder Road,Thane,19.2516923732421,72.9728195264109,Unfurnished,Apartment,0,25,4,Resale,Ready to Move,,Rajaram Construction
Sai Orchid Residency,3600000,511,2,2,Dombivli East,Beyond Thane,19.2049111648702,73.1069201060438,Semi-Furnished,Apartment,0,11,5,Resale,Ready to Move,,Sai Developers
Mehta Amrut Siddhi,4000000,697,2,2,Titwala,Beyond Thane,19.295217297811,73.2124239025258,Unfurnished,Apartment,0,16,4,Resale,Ready to Move,,Mehta Group
Dosti Planet North,5500000,500,1,1,Shilphata,Thane,19.1465685568349,73.0399463501033,Unfurnished,Apartment,0,5,0,Resale,Ready to Move,,Dosti Realty
Sunshine Elegance,5000000,468,1,2,Thakurli,Beyond Thane,19.2252747701219,73.1000690723917,Semi-Furnished,Apartment,0,17,1,Resale,Ready to Move,,Sunshine Enterprises
Gajra Bhoomi Lawns,5400000,619,2,2,Shilphata,Thane,19.1465685568349,73.0399463501033,Unfurnished,Apartment,0,16,0,Resale,Ready to Move,,Gajra Developers Ltd
Rutu Estate,6500000,407,1,1,Ghodbunder Road,Thane,19.2516923732421,72.9728195264109,Semi-Furnished,Apartment,0,13,4,Resale,Ready to Move,,Rutu Developers
Lodha Paradise,7400000,468,1,2,Majiwada,Thane,19.215865938964,72.9914374146644,Semi-Furnished,Apartment,0,51,6,Resale,Ready to Move,,Lodha Developers Limited
Rustomjee Azziano,18700000,826,3,3,Majiwada,Thane,19.215865938964,72.9914374146644,Furnished,Apartment,0,21,6,Resale,Ready to Move,,Rustomjee
Vijay Vilas,9500000,504,2,2,Ghodbunder Road,Thane,19.2516923732421,72.9728195264109,Furnished,Apartment,0,18,4,Resale,Ready to Move,,Vijay Group
Devashree Park,10500000,744,2,2,Thane West,Thane,19.2083097363891,72.9724465271482,Semi-Furnished,Apartment,0,17,10,Resale,Ready to Move,,R W Sawant Company
Walekar Homes,3800000,684,2,2,Ambernath West,Beyond Thane,19.2107415190685,73.1908213734783,Unfurnished,Apartment,0,18,2,Resale,Ready to Move,,Walekar Sons and Developers
Walekar Homes,2600000,288,1,1,Ambernath West,Beyond Thane,19.2107415190685,73.1908213734783,Unfurnished,Apartment,0,18,2,Resale,Ready to Move,,Walekar Sons and Developers
Haware Platinum Towers,6500000,396,1,1,Kasarvadavali,Thane,19.2692017640962,72.9703926869083,Unfurnished,Apartment,0,5,3,Resale,Ready to Move,,Haware Group
Vikas,28000000,1188,3,2,Naupada,Thane,19.18877,72.97044,Furnished,Apartment,0,0,7,Resale,Ready to Move,,Unknown
Golden Park,8400000,407,1,1,Lal Bahadur Shastri Road,Thane,19.1907313059705,72.9663729712773,Semi-Furnished,Apartment,0,0,2,Resale,Ready to Move,,Shri Sai Developers
Jasmine,8600000,508,2,2,Kolshet Road,Thane,19.2321621,72.9873688,Semi-Furnished,Apartment,0,0,1,Resale,Ready to Move,,SHRI TIRUPATI REALTY
Omkar Residency,4250000,612,2,2,Titwala,Beyond Thane,19.295217297811,73.2124239025258,Unfurnished,Apartment,0,0,4,Resale,Ready to Move,,OSSK CORP
Omkar Residency,4250000,628,2,2,Titwala,Beyond Thane,19.295217297811,73.2124239025258,Unfurnished,Apartment,0,0,4,Resale,Ready to Move,,OSSK CORP
Mukta Residency Phase I,8000000,576,2,2,Shilphata,Thane,19.1465685568349,73.0399463501033,Unfurnished,Apartment,0,0,0,Resale,Ready to Move,,Mukta Developers
Charms Global City,4200000,684,2,2,Ambernath East,Beyond Thane,19.2075883274914,73.1854898657514,Unfurnished,Apartment,0,25,1,Resale,Under Construction,,Charms Group and RRC 
Tulsi Aastha,2500000,443,1,1,Badlapur East,Beyond Thane,19.1639249,73.2459247,Unfurnished,Apartment,0,0,6,Resale,Ready to Move,,Raj Group
Xrbia Vangani,1700000,254,1,1,Vangani,Beyond Thane,19.0925602606021,73.2971135741545,Unfurnished,Apartment,0,4,4,Resale,Under Construction,,Xrbia
KM Horizon Exotica,5700000,348,1,2,Ghodbunder Road,Thane,19.2516923732421,72.9728195264109,Semi-Furnished,Apartment,0,5,4,Resale,Under Construction,,KM Realty
Panvelkar Crown,2000000,360,1,1,Ambernath,Beyond Thane,19.1986487504664,73.2004913077756,Semi-Furnished,Apartment,0,0,6,Resale,Ready to Move,,Panvelkar Group
Thanekar Parkland,3100000,461,1,2,Badlapur,Beyond Thane,19.1639249,73.2459247,Semi-Furnished,Apartment,0,0,8,Resale,Ready to Move,,Thanekar Group
Golden Park,13500000,680,2,2,Lal Bahadur Shastri Road,Thane,19.1907313059705,72.9663729712773,Unfurnished,Apartment,0,0,2,Resale,Ready to Move,,Shri Sai Developers
Golden Park,13000000,680,2,2,Lal Bahadur Shastri Road,Thane,19.1907313059705,72.9663729712773,Unfurnished,Apartment,0,0,2,Resale,Ready to Move,,Shri Sai Developers
Cosmos Mary Park,15500000,713,2,2,Thane West,Thane,19.2083097363891,72.9724465271482,Semi-Furnished,Apartment,0,0,10,Resale,Ready to Move,,Cosmos Group
Tulsi Aarambh,2500000,439,1,1,Badlapur,Beyond Thane,19.1639249,73.2459247,Unfurnished,Apartment,0,0,8,Resale,Ready to Move,,Raj Group
Mohan Areca,4000000,540,1,2,Badlapur East,Beyond Thane,19.1639249,73.2459247,Semi-Furnished,Apartment,0,0,6,Resale,Ready to Move,,Mohan Group
Tulsi Complex,3000000,367,1,1,Badlapur,Beyond Thane,19.1639249,73.2459247,Semi-Furnished,Apartment,0,0,8,Resale,Ready to Move,,Raj Group
Gagangiri Park,30000000,1656,5,3,Panch Pakhdi,Thane,19.1949989525044,72.9666959533383,Furnished,Apartment,0,0,2,Resale,Ready to Move,,Gagangiri Group
Global Housing New Shivneri Darshan CHSL,350000,325,1,2,Kalyan,Beyond Thane,19.2449413625186,73.1331398884041,Furnished,Apartment,0,6,8,Resale,Ready to Move,,Global Housing Inc
Haware Intelligentia Spectrum,5500000,461,1,1,Thane West,Thane,19.2083097363891,72.9724465271482,Unfurnished,Apartment,0,5,10,Resale,Under Construction,,Unknown
Yasmin Bliss Residency,1750000,302,1,1,Neral,Beyond Thane,19.0248210057881,73.3169473654086,Unfurnished,Apartment,0,7,0,Resale,Ready to Move,,Yasmin Builders
Unkown,38000000,423,,,Vartak Nagar,Thane,19.2123022683298,72.9624750800907,Unfurnished,Commercial Shop,0,0,4,Resale,Ready to Move,,Unknown
Unkown,1670000,425,1,1,,Thane,,,Semi-Furnished,Apartment,0,0,0,Resale,Ready to Move,,Unknown
Yogam Residency,4800000,540,2,2,Dombivli East,Beyond Thane,19.2049111648702,73.1069201060438,Semi-Furnished,Apartment,0,9,5,Resale,Ready to Move,,Yogam Realty
Shiv Shakti Greens,4000000,,2,2,Badlapur,Beyond Thane,19.1639249,73.2459247,Unfurnished,Apartment,0,13,8,New Property,Ready to Move,,Shivshakti Reality
Shiv Shakti Greens,3000000,,1,2,Badlapur,Beyond Thane,19.1639249,73.2459247,Unfurnished,Apartment,0,13,8,New Property,Ready to Move,,Shivshakti Reality
Lodha Splendora,13000000,509,2,2,Ghodbunder Road,Thane,19.2516923732421,72.9728195264109,Unfurnished,Apartment,0,48,4,Resale,Under Construction,,Lodha Developers Limited
Lodha Splendora,13000000,511,2,2,Ghodbunder Road,Thane,19.2516923732421,72.9728195264109,Unfurnished,Apartment,0,48,4,Resale,Under Construction,,Lodha Developers Limited
Lodha Splendora,10300000,900,2,2,Ghodbunder Road,Thane,19.2516923732421,72.9728195264109,Unfurnished,Apartment,0,48,4,Resale,Ready to Move,,Lodha Developers Limited
Lodha Splendora,5700000,499,1,2,Ghodbunder Road,Thane,19.2516923732421,72.9728195264109,Semi-Furnished,Apartment,0,48,4,Resale,Ready to Move,,Lodha Developers Limited
Lodha Splendora,10000000,792,2,2,Ghodbunder Road,Thane,19.2516923732421,72.9728195264109,Unfurnished,Apartment,0,48,4,Resale,Ready to Move,,Lodha Developers Limited
Unkown,22500000,752,3,3,Bhayandarpada,Thane,19.288128,72.949629,Semi-Furnished,Apartment,0,0,0,Resale,Ready to Move,,Unknown
Lodha Splendora,12500000,864,2,2,Ghodbunder Road,Thane,19.2516923732421,72.9728195264109,Semi-Furnished,Apartment,0,48,4,Resale,Ready to Move,,Lodha Developers Limited
Lodha Splendora,9000000,535,2,2,Ghodbunder Road,Thane,19.2516923732421,72.9728195264109,Unfurnished,Apartment,0,48,4,Resale,Ready to Move,,Lodha Developers Limited
Lodha Splendora,7000000,494,1,1,Ghodbunder Road,Thane,19.2516923732421,72.9728195264109,Unfurnished,Apartment,0,48,4,Resale,Ready to Move,,Lodha Developers Limited
Lodha Splendora,7000000,348,1,2,Ghodbunder Road,Thane,19.2516923732421,72.9728195264109,Unfurnished,Apartment,0,48,4,Resale,Ready to Move,,Lodha Developers Limited
Lodha Splendora,11000000,828,2,2,Ghodbunder Road,Thane,19.2516923732421,72.9728195264109,Unfurnished,Apartment,0,48,4,Resale,Ready to Move,,Lodha Developers Limited
Lodha Splendora,8800000,684,2,2,Ghodbunder Road,Thane,19.2516923732421,72.9728195264109,Unfurnished,Apartment,0,48,4,Resale,Ready to Move,,Lodha Developers Limited
Lodha Splendora,13000000,792,3,3,Ghodbunder Road,Thane,19.2516923732421,72.9728195264109,Unfurnished,Apartment,0,48,4,Resale,Ready to Move,,Lodha Developers Limited
Lodha Splendora,13500000,965,3,3,Ghodbunder Road,Thane,19.2516923732421,72.9728195264109,Semi-Furnished,Apartment,0,48,4,Resale,Ready to Move,,Lodha Developers Limited
Lodha Splendora,6800000,331,1,2,Ghodbunder Road,Thane,19.2516923732421,72.9728195264109,Semi-Furnished,Apartment,0,48,4,Resale,Ready to Move,,Lodha Developers Limited
Lodha Splendora,12500000,936,2,2,Ghodbunder Road,Thane,19.2516923732421,72.9728195264109,Semi-Furnished,Apartment,0,48,4,Resale,Ready to Move,,Lodha Developers Limited
Lodha Splendora,13500000,535,2,2,Ghodbunder Road,Thane,19.2516923732421,72.9728195264109,Furnished,Apartment,0,48,4,Resale,Ready to Move,,Lodha Developers Limited
Lodha Splendora,14500000,1152,3,3,Ghodbunder Road,Thane,19.2516923732421,72.9728195264109,Semi-Furnished,Apartment,0,48,4,Resale,Ready to Move,,Lodha Developers Limited
Lodha Splendora,6000000,468,1,2,Ghodbunder Road,Thane,19.2516923732421,72.9728195264109,Unfurnished,Apartment,0,48,4,Resale,Ready to Move,,Lodha Developers Limited
Lodha Splendora,10000000,720,2,2,Ghodbunder Road,Thane,19.2516923732421,72.9728195264109,Semi-Furnished,Apartment,0,48,4,Resale,Ready to Move,,Lodha Developers Limited
Lodha Splendora,9800000,540,2,2,Ghodbunder Road,Thane,19.2516923732421,72.9728195264109,Unfurnished,Apartment,0,48,4,Resale,Ready to Move,,Lodha Developers Limited
Lodha Splendora,7000000,348,1,1,Ghodbunder Road,Thane,19.2516923732421,72.9728195264109,Furnished,Apartment,0,48,4,Resale,Ready to Move,,Lodha Developers Limited
Unkown,15000000,1044,3,3,Bhayandarpada,Thane,19.288128,72.949629,Unfurnished,Apartment,0,0,0,Resale,Ready to Move,,Unknown
Lodha Splendora,16000000,1166,3,3,Ghodbunder Road,Thane,19.2516923732421,72.9728195264109,Semi-Furnished,Apartment,0,48,4,Resale,Ready to Move,,Lodha Developers Limited
Lodha Splendora,7500000,467,1,2,Ghodbunder Road,Thane,19.2516923732421,72.9728195264109,Semi-Furnished,Apartment,0,48,4,Resale,Ready to Move,,Lodha Developers Limited
Lodha Splendora,15000000,864,3,3,Ghodbunder Road,Thane,19.2516923732421,72.9728195264109,Furnished,Apartment,0,48,4,Resale,Ready to Move,,Lodha Developers Limited
Lodha Splendora,11000000,870,2,2,Ghodbunder Road,Thane,19.2516923732421,72.9728195264109,Semi-Furnished,Apartment,0,48,4,Resale,Ready to Move,,Lodha Developers Limited
Lodha Splendora,9600000,900,2,2,Ghodbunder Road,Thane,19.2516923732421,72.9728195264109,Furnished,Apartment,0,48,4,Resale,Ready to Move,,Lodha Developers Limited
Lodha Splendora,8900000,828,2,2,Ghodbunder Road,Thane,19.2516923732421,72.9728195264109,Unfurnished,Apartment,0,48,4,Resale,Ready to Move,,Lodha Developers Limited
Lodha Splendora,10000000,810,2,2,Ghodbunder Road,Thane,19.2516923732421,72.9728195264109,Unfurnished,Apartment,0,48,4,Resale,Ready to Move,,Lodha Developers Limited
Regency Towers,13000000,828,2,2,Thane West,Thane,19.2083097363891,72.9724465271482,Unfurnished,Apartment,0,18,10,Resale,Ready to Move,,Regency Group
Reliance Residency,4600000,797,3,2,Ambernath,Beyond Thane,19.1986487504664,73.2004913077756,Unfurnished,Apartment,0,18,6,Resale,Ready to Move,,Reliance Enterprises
Lodha Palava Lakeshore Greens,4810000,706,2,2,Dombivli,Beyond Thane,19.2094006,73.0939483,Unfurnished,Apartment,0,24,8,Resale,Ready to Move,,Lodha Developers Limited
Sanghvi Valley,11200000,806,2,2,Parsik Nagar,Thane,19.2085374829654,73.0123808710682,Unfurnished,Apartment,0,11,2,Resale,Ready to Move,,Sanghvi Premises
Runwal Eirene,7900000,446,1,2,Balkum Pada,Thane,19.218154,72.993664,Unfurnished,Apartment,0,24,3,Resale,Ready to Move,,Runwal Group
Sudama Regency,3200000,504,1,1,Diva,Thane,19.1915751433493,73.0430090272966,Semi-Furnished,Apartment,0,18,5,Resale,Ready to Move,,Samrin Group
Lodha Splendora,8650000,828,2,2,Ghodbunder Road,Thane,19.2516923732421,72.9728195264109,Semi-Furnished,Apartment,0,48,4,Resale,Ready to Move,,Lodha Developers Limited
Lodha Palava City,5700000,654,2,2,Dombivli,Beyond Thane,19.2094006,73.0939483,Unfurnished,Apartment,0,56,8,Resale,Ready to Move,,Lodha Developers Limited
Dosti Vihar,12500000,603,2,2,Pokhran Road,Thane,19.2070940767958,72.9568656970685,Semi-Furnished,Apartment,0,28,3,Resale,Ready to Move,,DOSTI REALTY
Regency Sarvam,4900000,763,2,2,Titwala,Beyond Thane,19.295217297811,73.2124239025258,Unfurnished,Apartment,0,21,4,Resale,Ready to Move,,Regency Group
Madhukunj CO OP Housing Society,2300000,245,1,1,Dombivli West,Beyond Thane,19.2174682509913,73.0750339345098,Semi-Furnished,Apartment,0,0,2,Resale,Ready to Move,,Unknown
Runwal Garden City,9000000,554,2,2,Balkum Naka,Thane,19.2207044893566,72.9884938975506,Unfurnished,Apartment,0,0,0,Resale,Ready to Move,,The Runwal Group
Lodha Palava Trinity A To C,14000000,1152,3,3,Dombivli East,Beyond Thane,19.2049111648702,73.1069201060438,Unfurnished,Apartment,0,3,5,Resale,Ready to Move,,Lodha Developers Limited
Hiranandani Estate Canary,23000000,816,3,3,Hiranandani Estate,Thane,19.2577957544321,72.9839623718896,Furnished,Apartment,0,0,4,Resale,Ready to Move,,House of Hiranandani
Everest Countryside Petunia ,7000000,527,2,2,Kasarvadavali,Thane,19.2692017640962,72.9703926869083,Unfurnished,Apartment,0,0,3,Resale,Ready to Move,,Unknown
Shruti Park ,6500000,364,1,1,Dhokali,Thane,19.2258189984106,72.9837277968585,Semi-Furnished,Apartment,0,0,7,Resale,Ready to Move,,Unknown
Mayflower CHS Ltd ,17500000,756,2,2,Pokharan Road Number 2,Thane,19.218973,72.968099,Furnished,Apartment,0,0,2,Resale,Ready to Move,,Cooperative Group Housing Society
Piramal Vaikunth,17800000,742,3,3,Balkum Pada,Thane,19.218154,72.993664,Unfurnished,Apartment,0,12,3,Resale,Under Construction,,Piramal Realty
Hill Garden,6500000,396,1,1,Manpada Thane West,Thane,19.2307690829993,72.973592548318,Unfurnished,Apartment,0,0,3,Resale,Ready to Move,,Unknown
Vasant Athena,16500000,850,2,2,,Thane,,,Unfurnished,Apartment,0,0,0,Resale,Ready to Move,,Ashwin Sheth Group
Unkown,4800000,400,1,2,Dombivli West,Beyond Thane,19.2174682509913,73.0750339345098,Unfurnished,Apartment,0,0,2,Resale,Ready to Move,,Unknown
Sarvodaya Hill,7000000,713,2,2,Thakurli,Beyond Thane,19.2252747701219,73.1000690723917,Semi-Furnished,Apartment,0,19,1,Resale,Ready to Move,,Happy Home Group
Lodha Quality Homes,4400000,,1,1,Majiwada,Thane,19.215865938964,72.9914374146644,Semi-Furnished,Apartment,0,3,6,New Property,Under Construction,,Lodha Developers Limited
JVM Tiara,4900000,,1,2,Owale,Thane,19.2721014587378,72.958646491161,Unfurnished,Apartment,0,9,10,New Property,Under Construction,,JVM Spaces
Lodha Codename Rare Gem,5700000,243,1,1,Majiwada,Thane,19.215865938964,72.9914374146644,Unfurnished,Apartment,0,13,6,Resale,Ready to Move,,Lodha Developers Limited
Godrej Exquisite,9500000,,2,2,Kavesar,Thane,19.2607077539498,72.9725861660124,Unfurnished,Apartment,0,21,4,New Property,Under Construction,,Godrej Properties
Raymond Aspire,11000000,720,2,2,Pokhran Road,Thane,19.2070940767958,72.9568656970685,Unfurnished,Apartment,0,34,3,Resale,Under Construction,,Raymond Realty
Laxmi Park,7200000,598,2,2,Thakurli,Beyond Thane,19.2252747701219,73.1000690723917,Unfurnished,Apartment,0,16,1,Resale,Ready to Move,,Laxmi Builders and Developers
Kanak Mukta Lake City,3000000,342,1,1,Diva,Thane,19.1915751433493,73.0430090272966,Furnished,Apartment,0,6,5,Resale,Ready to Move,,Kanak Group
Dosti Planet North,6500000,588,2,2,Shilphata,Thane,19.1465685568349,73.0399463501033,Unfurnished,Apartment,0,5,0,Resale,Ready to Move,,Dosti Realty
Deep Aashish,3740000,691,2,2,Badlapur,Beyond Thane,19.1639249,73.2459247,Unfurnished,Apartment,0,8,8,Resale,Ready to Move,,Deepali Construction
Deep Aashish,2100000,432,1,1,Badlapur East,Beyond Thane,19.1639249,73.2459247,Unfurnished,Apartment,0,8,6,Resale,Ready to Move,,Deepali Construction
Vidhi Complex,3300000,360,1,1,Kalyan West,Beyond Thane,19.2442606681675,73.123906730695,Semi-Furnished,Apartment,0,10,5,Resale,Ready to Move,,Vidhi Developers
Hiranandani Estate Broadway,8200000,,1,2,Ghodbunder Road,Thane,19.2516923732421,72.9728195264109,Unfurnished,Apartment,0,0,4,Resale,Ready to Move,,Hiranandani Group
Hiranandani Estate Broadway,8100000,,1,2,Ghodbunder Road,Thane,19.2516923732421,72.9728195264109,Unfurnished,Apartment,0,0,4,Resale,Ready to Move,,Hiranandani Group
Hiranandani Estate Broadway,8000000,,1,2,Ghodbunder Road,Thane,19.2516923732421,72.9728195264109,Unfurnished,Apartment,0,0,4,Resale,Ready to Move,,Hiranandani Group
Unkown,9000000,550,1,1,Naupada,Thane,19.18877,72.97044,Unfurnished,Apartment,0,0,7,Resale,Ready to Move,,Unknown
Yogi Dham,5000000,460,1,2,Kalyan,Beyond Thane,19.2449413625186,73.1331398884041,Unfurnished,Apartment,0,6,8,Resale,Ready to Move,,Ajmera Realty
Mangal Murti Homes,4600000,482,1,2,Thakurli,Beyond Thane,19.2252747701219,73.1000690723917,Semi-Furnished,Apartment,0,0,1,Resale,Ready to Move,,Unknown
Kishor Angan,11000000,677,2,2,Kalwa,Thane,19.1986281463791,73.00243846035,Furnished,Apartment,0,8,7,Resale,Ready to Move,,ARK Enterprises
Chavandai Tower,8700000,720,2,2,Kalwa,Thane,19.1986281463791,73.00243846035,Semi-Furnished,Apartment,0,7,7,Resale,Ready to Move,,Chavandai Developers
Godrej Emerald Vista,13200000,894,3,3,Ghodbunder Road,Thane,19.2516923732421,72.9728195264109,Unfurnished,Apartment,0,0,4,Resale,Under Construction,,Godrej Properties
Godrej Emerald Vista,10000000,377,2,2,Ghodbunder Road,Thane,19.2516923732421,72.9728195264109,Unfurnished,Apartment,0,0,4,Resale,Under Construction,,Godrej Properties
Madhav Sansar,4200000,425,1,1,Kalyan West,Beyond Thane,19.2442606681675,73.123906730695,Unfurnished,Apartment,0,17,5,Resale,Ready to Move,,Madhav Constructions
Madhav Sansar,4200000,301,1,1,Kalyan West,Beyond Thane,19.2442606681675,73.123906730695,Unfurnished,Apartment,0,17,5,Resale,Ready to Move,,Madhav Constructions
Rutu Enclave,6200000,396,1,1,Ghodbunder Road,Thane,19.2516923732421,72.9728195264109,Semi-Furnished,Apartment,0,9,4,Resale,Ready to Move,,Rutu Group
Rutu Enclave,5000000,342,1,1,Ghodbunder Road,Thane,19.2516923732421,72.9728195264109,Semi-Furnished,Apartment,0,9,4,Resale,Ready to Move,,Rutu Group
STG Marigold Siddheshwar Garden,12000000,716,2,2,Dhokali,Thane,19.2258189984106,72.9837277968585,Unfurnished,Apartment,0,21,7,Resale,Ready to Move,,Shree Tirupati Group
Aakruti Aangan,3500000,234,1,1,Ghodbunder Road,Thane,19.2516923732421,72.9728195264109,Unfurnished,Apartment,0,12,4,Resale,Ready to Move,,Aakruti Group
Ahuja Prasadam Township,4000000,745,2,2,Ambernath,Beyond Thane,19.1986487504664,73.2004913077756,Unfurnished,Apartment,0,47,6,Resale,Ready to Move,,Ahuja Group
Unnathi Woods 1,6200000,439,1,1,Ghodbunder Road,Thane,19.2516923732421,72.9728195264109,Semi-Furnished,Apartment,0,22,4,Resale,Ready to Move,,Raunak Group
Lodha Palava,4900000,482,1,1,Dombivli,Beyond Thane,19.2094006,73.0939483,Unfurnished,Apartment,0,56,8,Resale,Ready to Move,,Lodha Developers Limited
ATLANTA ENCLAVE,4800000,490,1,1,Shilphata,Thane,19.1465685568349,73.0399463501033,Unfurnished,Apartment,0,24,0,Resale,Ready to Move,,ATLANTA Ltd.
Vedant Millenia,2900000,484,1,1,Titwala,Beyond Thane,19.295217297811,73.2124239025258,Semi-Furnished,Apartment,0,27,4,Resale,Ready to Move,,Tharwani Infrastructures
Pride Park,7300000,432,1,2,Manpada Thane West,Thane,19.2307690829993,72.973592548318,Semi-Furnished,Apartment,0,11,3,Resale,Ready to Move,,Gala Developers
Pride Park,6800000,374,1,1,Manpada Thane West,Thane,19.2307690829993,72.973592548318,Semi-Furnished,Apartment,0,11,3,Resale,Ready to Move,,Gala Developers
Pride Park,13000000,634,2,2,Manpada Thane West,Thane,19.2307690829993,72.973592548318,Furnished,Apartment,0,11,3,Resale,Ready to Move,,Gala Developers
Imperial,8100000,778,2,2,Dombivli East,Beyond Thane,19.2049111648702,73.1069201060438,Unfurnished,Apartment,0,19,5,Resale,Ready to Move,,Aristo Realty Developers Ltd.
Manjiri Heights,2400000,432,1,1,Badlapur,Beyond Thane,19.1639249,73.2459247,Unfurnished,Apartment,0,15,8,Resale,Ready to Move,,Yash Infrastructure
Manjiri Heights,2700000,467,1,1,Badlapur,Beyond Thane,19.1639249,73.2459247,Furnished,Apartment,0,15,8,Resale,Ready to Move,,Yash Infrastructure
Laxmi Castello,1900000,360,1,1,Neral,Beyond Thane,19.0248210057881,73.3169473654086,Semi-Furnished,Apartment,0,13,0,Resale,Ready to Move,,Laxmi Group
Laxmi Castello,2100000,403,1,1,Neral,Beyond Thane,19.0248210057881,73.3169473654086,Unfurnished,Apartment,0,13,0,Resale,Ready to Move,,Laxmi Group
Sneh Makewell Dynamic Crest,4500000,504,1,2,Shilphata,Thane,19.1465685568349,73.0399463501033,Unfurnished,Apartment,0,23,0,Resale,Ready to Move,,Sneh Makewell LLP
Arihant Aarohi,5200000,522,1,2,Shilphata,Thane,19.1465685568349,73.0399463501033,Unfurnished,Apartment,0,7,0,Resale,Ready to Move,,Arihant Superstructures Ltd.
Arihant Aarohi,5050000,505,1,2,Shilphata,Thane,19.1465685568349,73.0399463501033,Unfurnished,Apartment,0,7,0,Resale,Ready to Move,,Arihant Superstructures Ltd.
Arihant Aarohi,4900000,508,1,1,Shilphata,Thane,19.1465685568349,73.0399463501033,Unfurnished,Apartment,0,7,0,Resale,Ready to Move,,Arihant Superstructures Ltd.
Honest Kalyan Nagari,3400000,,1,2,Kalyan West,Beyond Thane,19.2442606681675,73.123906730695,Unfurnished,Apartment,0,22,5,New Property,Ready to Move,,Honest Developers
Honest Kalyan Nagari,3350000,,1,2,Kalyan West,Beyond Thane,19.2442606681675,73.123906730695,Unfurnished,Apartment,0,22,5,New Property,Under Construction,,Honest Developers
Honest Kalyan Nagari,3300000,,1,2,Kalyan West,Beyond Thane,19.2442606681675,73.123906730695,Unfurnished,Apartment,0,22,5,New Property,Under Construction,,Honest Developers
Satyadeep Shree Sandesh Heights,8100000,414,1,2,Vartak Nagar,Thane,19.2123022683298,72.9624750800907,Unfurnished,Apartment,0,14,4,Resale,Under Construction,,Satyadeep Realtors
Satyadeep Shree Sandesh Heights,8450000,443,1,2,Vartak Nagar,Thane,19.2123022683298,72.9624750800907,Unfurnished,Apartment,0,14,4,Resale,Under Construction,,Satyadeep Realtors
Siddhi Highland Springs,9300000,495,2,2,Dhokali,Thane,19.2258189984106,72.9837277968585,Unfurnished,Apartment,0,22,7,Resale,Under Construction,,Siddhi Group
Heramb Park,1951000,504,1,1,Badlapur,Beyond Thane,19.1639249,73.2459247,Unfurnished,Apartment,0,12,8,Resale,Under Construction,,Deepali Group
Sai Landmark,2500000,559,2,2,Shahapur,Beyond Thane,19.453550664726,73.3247044251021,Unfurnished,Apartment,0,10,2,Resale,Ready to Move,,Sri Developer
Sai Landmark,1500000,431,1,2,Shahapur,Beyond Thane,19.453550664726,73.3247044251021,Unfurnished,Apartment,0,10,2,Resale,Ready to Move,,Sri Developer
Bhagirathi Vishwa,2700000,540,1,1,Badlapur,Beyond Thane,19.1639249,73.2459247,Unfurnished,Apartment,0,13,8,Resale,Ready to Move,,Thanekar Group
Vedi Residency,3000000,342,1,1,Dombivli East,Beyond Thane,19.2049111648702,73.1069201060438,Semi-Furnished,Apartment,0,23,5,Resale,Ready to Move,,Shree Ganesh Builders & Developers
Ace Aviana,18750000,333,1,1,Ghodbunder Road,Thane,19.2516923732421,72.9728195264109,Unfurnished,Apartment,0,31,4,Resale,Ready to Move,,ACE Group
Mehta Amrut Siddhi,3400000,486,1,1,Titwala,Beyond Thane,19.295217297811,73.2124239025258,Unfurnished,Apartment,0,16,4,Resale,Ready to Move,,Mehta Group
Virat Heritage,3000000,650,1,1,Titwala,Beyond Thane,19.295217297811,73.2124239025258,Semi-Furnished,Apartment,0,10,4,Resale,Ready to Move,,Virat Group
Rapid Residency,850000,263,1,1,Neral,Beyond Thane,19.0248210057881,73.3169473654086,Unfurnished,Apartment,0,7,0,Resale,Ready to Move,,Atlas Housing
Galaxy Apartments I,5000000,900,2,3,Ambernath,Beyond Thane,19.1986487504664,73.2004913077756,Unfurnished,Apartment,0,14,6,Resale,Ready to Move,,Galaxy Developers
Best Complex,1890000,367,1,1,Neral,Beyond Thane,19.0248210057881,73.3169473654086,Unfurnished,Apartment,0,0,0,Resale,Ready to Move,,Unknown
Damji Mahavir Estella,7500000,696,2,2,Thane West,Thane,19.2083097363891,72.9724465271482,Unfurnished,Apartment,0,13,10,Resale,Ready to Move,,Damji Shamji Shah Group
Bhagirathi Vishwa,3200000,587,2,2,Badlapur,Beyond Thane,19.1639249,73.2459247,Unfurnished,Apartment,0,13,8,Resale,Ready to Move,,Thanekar Group
Virat Vastu,6000000,666,2,2,Ambivli,Beyond Thane,19.265744998267,73.1731540259384,Unfurnished,Apartment,0,31,4,Resale,Ready to Move,,Virat Construction
Ganesh Krupa,2400000,526,2,1,Hendre Pada,Beyond Thane,19.1698517532363,73.2474271980168,Unfurnished,Apartment,0,8,0,Resale,Ready to Move,,Pratham Developers
Mehta Amrut Siddhi,4000000,373,1,2,Titwala,Beyond Thane,19.295217297811,73.2124239025258,Unfurnished,Apartment,0,16,4,Resale,Ready to Move,,Mehta Group
Konark Nirman Garden,2600000,486,1,2,Badlapur,Beyond Thane,19.1639249,73.2459247,Unfurnished,Apartment,0,27,8,Resale,Ready to Move,,Konark Nirman Pvt. Ltd.
Square Height,2900000,486,1,1,Ambernath East,Beyond Thane,19.2075883274914,73.1854898657514,Unfurnished,Apartment,0,19,1,Resale,Ready to Move,,Shivvishwa Realtors Pvt Ltd.
Unkown,16000000,612,2,2,Hiranandani Estate,Thane,19.2577957544321,72.9839623718896,Semi-Furnished,Apartment,0,0,4,Resale,Ready to Move,,Unknown
Unkown,4000000,423,1,1,Kalyan West,Beyond Thane,19.2442606681675,73.123906730695,Semi-Furnished,Apartment,0,0,5,Resale,Ready to Move,,Unknown
Unkown,5400000,377,1,1,Anand Nagar Thane West,Thane,19.2640466932527,72.9652443996319,Semi-Furnished,Apartment,0,0,4,Resale,Ready to Move,,Unknown
Unkown,3200000,540,1,1,Karjat,Beyond Thane,18.9112989,73.328189,Unfurnished,Apartment,0,0,2,Resale,Ready to Move,,Unknown
Unkown,1775000,373,1,1,Karjat,Beyond Thane,18.9112989,73.328189,Unfurnished,Apartment,0,0,2,Resale,Ready to Move,,Unknown
Unkown,2600000,389,1,1,Badlapur,Beyond Thane,19.1639249,73.2459247,Unfurnished,Apartment,0,0,8,Resale,Ready to Move,,Unknown
Unkown,8000000,634,2,2,Anand Nagar Thane West,Thane,19.2640466932527,72.9652443996319,Semi-Furnished,Apartment,0,0,4,Resale,Ready to Move,,Unknown
Unkown,5100000,331,1,1,Anand Nagar Thane West,Thane,19.2640466932527,72.9652443996319,Semi-Furnished,Apartment,0,0,4,Resale,Ready to Move,,Unknown
Unkown,7900000,432,2,2,Anand Nagar Thane West,Thane,19.2640466932527,72.9652443996319,Semi-Furnished,Apartment,0,0,4,Resale,Ready to Move,,Unknown
Unkown,5600000,432,1,2,Owale,Thane,19.2721014587378,72.958646491161,Unfurnished,Apartment,0,0,10,Resale,Ready to Move,,Unknown
Unkown,8500000,481,2,2,Waghbil,Thane,19.266575,72.983724,Semi-Furnished,Apartment,0,0,1,Resale,Ready to Move,,Unknown
Unkown,5000000,317,1,2,Waghbil,Thane,19.266575,72.983724,Semi-Furnished,Apartment,0,0,1,Resale,Ready to Move,,Unknown
Unkown,14500000,785,2,2,Manpada Thane West,Thane,19.2307690829993,72.973592548318,Semi-Furnished,Apartment,0,0,3,Resale,Ready to Move,,Unknown
Unkown,6200000,410,1,1,Waghbil,Thane,19.266575,72.983724,Semi-Furnished,Apartment,0,0,1,Resale,Ready to Move,,Unknown
Unkown,5500000,432,1,1,Waghbil,Thane,19.266575,72.983724,Semi-Furnished,Apartment,0,0,1,Resale,Ready to Move,,Unknown
Unkown,5800000,408,1,1,Waghbil,Thane,19.266575,72.983724,Semi-Furnished,Apartment,0,0,1,Resale,Ready to Move,,Unknown
Unkown,8700000,648,2,2,Anand Nagar Thane West,Thane,19.2640466932527,72.9652443996319,Semi-Furnished,Apartment,0,0,4,Resale,Ready to Move,,Unknown
Unkown,12000000,792,2,2,Kasarvadavali,Thane,19.2692017640962,72.9703926869083,Furnished,Apartment,0,0,3,Resale,Ready to Move,,Unknown
Unkown,11500000,612,2,2,Kavesar,Thane,19.2607077539498,72.9725861660124,Furnished,Apartment,0,0,4,Resale,Ready to Move,,Unknown
Unkown,12500000,720,2,2,Waghbil,Thane,19.266575,72.983724,Semi-Furnished,Apartment,0,0,1,Resale,Ready to Move,,Unknown
Unkown,7500000,468,1,2,Kasarvadavali,Thane,19.2692017640962,72.9703926869083,Semi-Furnished,Apartment,0,0,3,Resale,Ready to Move,,Unknown
Unkown,5100000,423,1,1,Kasarvadavali,Thane,19.2692017640962,72.9703926869083,Unfurnished,Apartment,0,0,3,Resale,Ready to Move,,Unknown
Unkown,7200000,612,2,2,Owale,Thane,19.2721014587378,72.958646491161,Semi-Furnished,Apartment,0,0,10,Resale,Ready to Move,,Unknown
Unkown,6500000,360,1,1,,Thane,,,Unfurnished,Apartment,0,0,0,Resale,Ready to Move,,Unknown
Unkown,5500000,407,1,1,,Thane,,,Semi-Furnished,Apartment,0,0,0,Resale,Ready to Move,,Unknown
Unkown,5700000,364,1,1,Kasarvadavali,Thane,19.2692017640962,72.9703926869083,Semi-Furnished,Apartment,0,0,3,Resale,Ready to Move,,Unknown
Unkown,2500000,612,2,2,Dahivali,Beyond Thane,19.1303459699129,73.2441715490011,Unfurnished,Apartment,0,0,0,Resale,Ready to Move,,Unknown
Unkown,3500000,486,1,1,Karjat,Beyond Thane,18.9112989,73.328189,Unfurnished,Apartment,0,0,2,Resale,Ready to Move,,Unknown
Unkown,3500000,472,1,1,,Thane,,,Semi-Furnished,Apartment,0,0,0,Resale,Ready to Move,,Unknown
Unkown,8000000,461,2,2,Pokhran Road,Thane,19.2070940767958,72.9568656970685,Unfurnished,Apartment,0,0,3,Resale,Ready to Move,,Unknown
Unkown,11000000,756,3,2,Kasarvadavali,Thane,19.2692017640962,72.9703926869083,Semi-Furnished,Apartment,0,0,3,Resale,Ready to Move,,Unknown
Pancharatna Mahal Chs,5500000,385,1,1,Dombivli East,Beyond Thane,19.2049111648702,73.1069201060438,Semi-Furnished,Apartment,0,0,5,Resale,Ready to Move,,Unknown
Devki Prem CHS,6500000,792,2,1,Dombivli East,Beyond Thane,19.2049111648702,73.1069201060438,Unfurnished,Apartment,0,0,5,Resale,Ready to Move,,Unknown
Lodha Casa Bella City,4300000,432,2,2,Dombivli East,Beyond Thane,19.2049111648702,73.1069201060438,Unfurnished,Apartment,0,0,5,Resale,Ready to Move,,Lodha Developers Limited
Cosmos Springs,8000000,432,2,2,Kasarvadavali,Thane,19.2692017640962,72.9703926869083,Unfurnished,Apartment,0,0,3,Resale,Ready to Move,,Unknown
Cosmos Springs,8000000,619,2,2,Kasarvadavali,Thane,19.2692017640962,72.9703926869083,Unfurnished,Apartment,0,0,3,Resale,Ready to Move,,Unknown
Cosmos Springs,7500000,619,2,2,Kasarvadavali,Thane,19.2692017640962,72.9703926869083,Unfurnished,Apartment,0,0,3,Resale,Ready to Move,,Unknown
Cosmos Springs,7700000,648,2,2,Kasarvadavali,Thane,19.2692017640962,72.9703926869083,Unfurnished,Apartment,0,0,3,Resale,Ready to Move,,Unknown
Hubtown Greenwood,10500000,565,2,2,Vartak Nagar,Thane,19.2123022683298,72.9624750800907,Unfurnished,Apartment,0,25,4,Resale,Ready to Move,,Hubtown Ltd.
Everest Countryside Petunia ,8000000,540,2,2,Kasarvadavali,Thane,19.2692017640962,72.9703926869083,Unfurnished,Apartment,0,0,3,Resale,Ready to Move,,Unknown
Everest Countryside Petunia ,5500000,468,1,2,Kasarvadavali,Thane,19.2692017640962,72.9703926869083,Semi-Furnished,Apartment,0,0,3,Resale,Ready to Move,,Unknown
Everest Countryside Petunia ,7600000,585,2,2,Kasarvadavali,Thane,19.2692017640962,72.9703926869083,Semi-Furnished,Apartment,0,0,3,Resale,Ready to Move,,Unknown
Everest Countryside Petunia ,7300000,576,2,2,Kasarvadavali,Thane,19.2692017640962,72.9703926869083,Semi-Furnished,Apartment,0,0,3,Resale,Ready to Move,,Unknown
Anunagar CHS Ltd,4500000,396,1,1,Ghodbunder Road,Thane,19.2516923732421,72.9728195264109,Unfurnished,Apartment,0,0,4,Resale,Ready to Move,,Unknown
Suresh Complex,3800000,497,2,1,Dombivli East,Beyond Thane,19.2049111648702,73.1069201060438,Semi-Furnished,Apartment,0,0,5,Resale,Ready to Move,,Unknown
Triveni Dynamic Ultima,5200000,540,1,2,Kalyan West,Beyond Thane,19.2442606681675,73.123906730695,Furnished,Apartment,0,0,5,Resale,Ready to Move,,Unknown
Surya Complex,4000000,378,1,1,Dombivli,Beyond Thane,19.2094006,73.0939483,Semi-Furnished,Apartment,0,0,8,Resale,Ready to Move,,Unknown
Suresh Complex,3200000,432,2,1,Dombivli East,Beyond Thane,19.2049111648702,73.1069201060438,Unfurnished,Apartment,0,0,5,Resale,Ready to Move,,Unknown
Lodha Palava Trinity A To C,18000000,972,3,3,Dombivli East,Beyond Thane,19.2049111648702,73.1069201060438,Furnished,Apartment,0,3,5,Resale,Ready to Move,,Lodha Developers Limited
Ambika Apartment,15000000,650,2,2,Kalyan East,Beyond Thane,19.2280216158659,73.1334807284888,Furnished,Apartment,0,2,2,New Property,Ready to Move,,MATHRE ENTERPRISE
Yash Enclave,7950000,691,2,2,Dombivli West,Beyond Thane,19.2174682509913,73.0750339345098,Furnished,Apartment,0,0,2,Resale,Ready to Move,,Unknown
NICCO Ashok Smruti 2,7900000,382,1,2,Kasarvadavali,Thane,19.2692017640962,72.9703926869083,Semi-Furnished,Apartment,0,0,3,Resale,Ready to Move,,Unknown
Shiv Shambhu Apartment,5500000,576,2,2,Kalyan,Beyond Thane,19.2449413625186,73.1331398884041,Semi-Furnished,Apartment,0,0,8,Resale,Ready to Move,,Unknown
Shree Divya Jyot Complex,2160000,436,1,1,Badlapur West,Beyond Thane,19.1760975692482,73.2401614495576,Unfurnished,Apartment,0,0,0,Resale,Ready to Move,,Unknown
Runwal Mycity Phase 2,6100000,410,2,2,Dombivli East,Beyond Thane,19.2049111648702,73.1069201060438,Unfurnished,Apartment,0,0,5,Resale,Ready to Move,,Unknown
Runwal Mycity Phase 2,5100000,576,2,2,Dombivli East,Beyond Thane,19.2049111648702,73.1069201060438,Unfurnished,Apartment,0,0,5,Resale,Ready to Move,,Unknown
Regency Sarvam Phase 2,3250000,518,1,1,Titwala,Beyond Thane,19.295217297811,73.2124239025258,Unfurnished,Apartment,0,0,4,Resale,Ready to Move,,Regency Group
Ridhi Sidhi Saket Utpal,2500000,526,1,1,Titwala,Beyond Thane,19.295217297811,73.2124239025258,Unfurnished,Apartment,0,0,4,Resale,Ready to Move,,Ridhi Sidhi Enterprises
Runwal My City Codename Walk,4100000,464,1,2,Dombivli East,Beyond Thane,19.2049111648702,73.1069201060438,Unfurnished,Apartment,0,0,5,Resale,Ready to Move,,The Runwal Group
Runwal My City Codename Walk,4000000,461,1,2,Dombivli East,Beyond Thane,19.2049111648702,73.1069201060438,Semi-Furnished,Apartment,0,0,5,Resale,Ready to Move,,The Runwal Group
Runwal Plaza,7500000,439,1,1,Vartak Nagar,Thane,19.2123022683298,72.9624750800907,Unfurnished,Apartment,0,0,4,Resale,Ready to Move,,Runwal Group
Lodha Casa Royale,7000000,421,1,1,Balkum Pada,Thane,19.218154,72.993664,Semi-Furnished,Apartment,0,50,3,Resale,Ready to Move,,Lodha Developers Limited
Lodha Casa Royale,13000000,396,2,2,Majiwada,Thane,19.215865938964,72.9914374146644,Semi-Furnished,Apartment,0,50,6,Resale,Ready to Move,,Lodha Developers Limited
Mayfair Aasaan,1300000,230,1,1,Asangaon,Beyond Thane,19.4390197,73.3030715,Unfurnished,Apartment,0,1,2,Resale,Ready to Move,,Mayfair Housing
Aditya Villa,2400000,451,1,1,Ambernath,Beyond Thane,19.1986487504664,73.2004913077756,Semi-Furnished,Apartment,0,4,6,Resale,Ready to Move,,Anantnath Developers
Sneha Vasant,8800000,468,2,2,Thane West,Thane,19.2083097363891,72.9724465271482,Unfurnished,Apartment,0,3,10,Resale,Ready to Move,,Unknown
Pride Residency,6000000,415,1,2,Manpada Thane West,Thane,19.2307690829993,72.973592548318,Semi-Furnished,Apartment,0,11,3,Resale,Ready to Move,,Siddhi Group
Shubh Aangan,3500000,630,2,2,Badlapur,Beyond Thane,19.1639249,73.2459247,Semi-Furnished,Apartment,0,21,8,Resale,Ready to Move,,Shubh Group
Rosa Classique,6000000,445,1,2,Kasarvadavali,Thane,19.2692017640962,72.9703926869083,Semi-Furnished,Apartment,0,0,3,Resale,Ready to Move,,Unknown
Rosa Classique,5600000,446,1,2,Kasarvadavali,Thane,19.2692017640962,72.9703926869083,Semi-Furnished,Apartment,0,0,3,Resale,Ready to Move,,Unknown
CSH Yashraj Park,5800000,396,1,2,Kasarvadavali,Thane,19.2692017640962,72.9703926869083,Furnished,Apartment,0,0,3,Resale,Ready to Move,,Unknown
CSH Yashraj Park,5100000,356,1,1,Kasarvadavali,Thane,19.2692017640962,72.9703926869083,Unfurnished,Apartment,0,0,3,Resale,Ready to Move,,Unknown
Vishnu Vatika,1850000,396,1,1,Badlapur,Beyond Thane,19.1639249,73.2459247,Unfurnished,Apartment,0,18,8,Resale,Ready to Move,,Vishnu Group
Poddar Wondercity,2000000,,1,1,Badlapur East,Beyond Thane,19.1639249,73.2459247,Unfurnished,Apartment,0,14,6,New Property,Under Construction,,Poddar Housing
Poddar Wondercity,1965400,,2,1,Badlapur East,Beyond Thane,19.1639249,73.2459247,Unfurnished,Apartment,0,14,6,New Property,Under Construction,,Poddar Housing
Raymond Aspire,7500000,,1,2,Pokhran Road,Thane,19.2070940767958,72.9568656970685,Unfurnished,Apartment,0,34,3,New Property,Under Construction,,Raymond Realty
Raymond Aspire,7500000,,1,2,Pokhran Road,Thane,19.2070940767958,72.9568656970685,Unfurnished,Apartment,0,34,3,New Property,Under Construction,,Raymond Realty
Raymond Aspire,7500000,,1,2,Pokhran Road,Thane,19.2070940767958,72.9568656970685,Unfurnished,Apartment,0,34,3,New Property,Under Construction,,Raymond Realty
Raj Tulsi City,3000000,472,1,1,Badlapur,Beyond Thane,19.1639249,73.2459247,Furnished,Apartment,0,14,8,Resale,Ready to Move,,Raj Group
Lodha Quality Homes,4300000,,1,2,Majiwada,Thane,19.215865938964,72.9914374146644,Unfurnished,Builder Floor Apartment,0,3,6,New Property,Under Construction,,Lodha Developers Limited
Arihant City Phase 2,8000000,555,2,2,Bhiwandi,Beyond Thane,19.2937911767008,73.0653582109139,Unfurnished,Apartment,0,12,6,Resale,Ready to Move,,Arihant Group
Arihant City Phase 2,4500000,351,1,1,Bhiwandi,Beyond Thane,19.2937911767008,73.0653582109139,Unfurnished,Apartment,0,12,6,Resale,Ready to Move,,Arihant Group
Arihant City Phase 1,4400000,413,1,2,Bhiwandi,Beyond Thane,19.2937911767008,73.0653582109139,Unfurnished,Apartment,0,5,6,Resale,Ready to Move,,Arihant Group
Poddar Wondercity,2300000,,1,1,Badlapur East,Beyond Thane,19.1639249,73.2459247,Unfurnished,Apartment,0,14,6,New Property,Ready to Move,,Poddar Housing
Poddar Wondercity,2300000,,1,1,Badlapur East,Beyond Thane,19.1639249,73.2459247,Unfurnished,Apartment,0,14,6,New Property,Under Construction,,Poddar Housing
Poddar Wondercity,2000000,,1,1,Badlapur East,Beyond Thane,19.1639249,73.2459247,Unfurnished,Apartment,0,14,6,New Property,Under Construction,,Poddar Housing
Poddar Wondercity,2200000,,1,2,Badlapur East,Beyond Thane,19.1639249,73.2459247,Unfurnished,Apartment,0,14,6,New Property,Under Construction,,Poddar Housing
Suraksha Orovia Phase 1,14900000,828,2,2,Ghodbunder Road,Thane,19.2516923732421,72.9728195264109,Semi-Furnished,Apartment,0,4,4,Resale,Ready to Move,,Vijay Suraksha Realty LLP
Raymond Aspire,7700000,,1,2,Pokhran Road,Thane,19.2070940767958,72.9568656970685,Unfurnished,Apartment,0,34,3,New Property,Under Construction,,Raymond Realty
Raymond Aspire,7590460,,1,2,Pokhran Road,Thane,19.2070940767958,72.9568656970685,Unfurnished,Apartment,0,34,3,New Property,Under Construction,,Raymond Realty
Wadhwa Evergreen Heights,11500000,684,2,2,Kalwa,Thane,19.1986281463791,73.00243846035,Unfurnished,Apartment,0,7,7,Resale,Ready to Move,,The Wadhwa Group
Aakash Ganga Complex,7600000,445,1,1,Thane West,Thane,19.2083097363891,72.9724465271482,Semi-Furnished,Apartment,0,0,10,Resale,Ready to Move,,Unknown
Aakash Ganga Complex,6800000,540,2,1,Thane West,Thane,19.2083097363891,72.9724465271482,Furnished,Apartment,0,0,10,Resale,Ready to Move,,Unknown
Great Residency,7500000,555,2,2,Majiwada,Thane,19.215865938964,72.9914374146644,Semi-Furnished,Apartment,0,0,6,Resale,Ready to Move,,Unknown
Orchid Society,7700000,450,1,1,Majiwada,Thane,19.215865938964,72.9914374146644,Semi-Furnished,Apartment,0,0,6,Resale,Ready to Move,,Unknown
Oswal Park,8500000,392,1,1,Majiwada,Thane,19.215865938964,72.9914374146644,Unfurnished,Apartment,0,28,6,Resale,Ready to Move,,Vijay Group
Oswal Park,8500000,403,1,1,Majiwada,Thane,19.215865938964,72.9914374146644,Unfurnished,Apartment,0,28,6,Resale,Ready to Move,,Vijay Group
Parijat Gardens,4700000,269,1,1,Thane West,Thane,19.2083097363891,72.9724465271482,Unfurnished,Apartment,0,13,10,Resale,Ready to Move,,Soham Group
Parijat Gardens,4300000,288,1,1,Thane West,Thane,19.2083097363891,72.9724465271482,Unfurnished,Apartment,0,13,10,Resale,Ready to Move,,Soham Group
Prestige Residency,6100000,414,1,1,Dongripada,Thane,19.2509983867416,72.970613298837,Semi-Furnished,Apartment,0,6,0,Resale,Ready to Move,,PRESCON
Prestige Residency,5500000,287,1,1,Thane West,Thane,19.2083097363891,72.9724465271482,Unfurnished,Apartment,0,6,10,Resale,Ready to Move,,PRESCON
Prestige Residency,6500000,380,1,1,Thane West,Thane,19.2083097363891,72.9724465271482,Furnished,Apartment,0,6,10,Resale,Ready to Move,,PRESCON
Saket Complex,10000000,490,2,2,Thane West,Thane,19.2083097363891,72.9724465271482,Furnished,Apartment,0,22,10,Resale,Ready to Move,,Shakti Builders and Developers
Unkown,6500000,418,1,1,Thane West,Thane,19.2083097363891,72.9724465271482,Unfurnished,Apartment,0,13,10,Resale,Ready to Move,,Unknown
Unkown,5500000,421,1,2,Thane West,Thane,19.2083097363891,72.9724465271482,Semi-Furnished,Apartment,0,13,10,Resale,Ready to Move,,Unknown
Unkown,7800000,405,1,1,Thane West,Thane,19.2083097363891,72.9724465271482,Semi-Furnished,Apartment,0,13,10,Resale,Ready to Move,,Unknown
Vedant Apartments,4500000,562,2,2,Thane West,Thane,19.2083097363891,72.9724465271482,Unfurnished,Apartment,0,0,10,Resale,Ready to Move,,Vedant Buildcon
Laabh Enclave,3300000,396,2,2,Bhiwandi,Beyond Thane,19.2937911767008,73.0653582109139,Unfurnished,Apartment,0,9,6,Resale,Ready to Move,,Laabh Group
Panvelkar Green City,2800000,455,1,1,Ambernath,Beyond Thane,19.1986487504664,73.2004913077756,Unfurnished,Apartment,0,27,6,Resale,Ready to Move,,Panvelkar Group
Panvelkar Green City,2800000,446,1,1,Ambernath,Beyond Thane,19.1986487504664,73.2004913077756,Unfurnished,Apartment,0,27,6,Resale,Ready to Move,,Panvelkar Group
Parshuram Malhar,3200000,516,1,1,Ambernath,Beyond Thane,19.1986487504664,73.2004913077756,Unfurnished,Apartment,0,16,6,Resale,Ready to Move,,Dalal Group
Parvati Angan,2300000,432,1,1,Murbad,Beyond Thane,19.2663415745285,73.3933927481555,Unfurnished,Apartment,0,11,3,Resale,Ready to Move,,Sumitra Buildcons Pvt. Ltd.
Happy Home Sarvodaya Nagar,3950000,673,2,2,Ambernath,Beyond Thane,19.1986487504664,73.2004913077756,Unfurnished,Apartment,0,17,6,Resale,Ready to Move,,Happy Home Group
Happy Home Sarvodaya Nagar,4450000,673,2,2,Ambernath,Beyond Thane,19.1986487504664,73.2004913077756,Unfurnished,Apartment,0,17,6,Resale,Ready to Move,,Happy Home Group
Happy Home Sarvodaya Nagar,4200000,648,2,2,Ambernath,Beyond Thane,19.1986487504664,73.2004913077756,Unfurnished,Apartment,0,17,6,Resale,Ready to Move,,Happy Home Group
Laxmi kamal  Shankar Heights,2650000,450,1,1,Ambernath,Beyond Thane,19.1986487504664,73.2004913077756,Unfurnished,Apartment,0,4,6,Resale,Ready to Move,,Laxmi kamal Associates
ZP Hills,2000000,441,1,1,Ambernath West,Beyond Thane,19.2107415190685,73.1908213734783,Unfurnished,Apartment,0,23,2,Resale,Ready to Move,,Rohan Constructions
Prestige Residency,6500000,348,1,1,Waghbil,Thane,19.266575,72.983724,Furnished,Apartment,0,6,1,Resale,Ready to Move,,PRESCON
Ajmera New Era,5000000,512,1,2,Kalyan West,Beyond Thane,19.2442606681675,73.123906730695,Semi-Furnished,Apartment,0,33,5,Resale,Ready to Move,,Ajmera Realty & Infra India Ltd.
Rumah Bali Creme,7000000,382,1,1,Ghodbunder Road,Thane,19.2516923732421,72.9728195264109,Semi-Furnished,Apartment,0,37,4,Resale,Ready to Move,,Puranik Builders ltd.
Amrut Paradise,9200000,641,2,2,Kalwa,Thane,19.1986281463791,73.00243846035,Semi-Furnished,Apartment,0,13,7,Resale,Ready to Move,,Mehata Builders
Rajaram Complex,4000000,378,1,1,Dombivli West,Beyond Thane,19.2174682509913,73.0750339345098,Unfurnished,Apartment,0,10,2,Resale,Ready to Move,,Vighnesh Enterprises
Ekveera Aai Residency,3000000,530,1,1,Ambernath,Beyond Thane,19.1986487504664,73.2004913077756,Unfurnished,Apartment,0,8,6,Resale,Ready to Move,,Patel RPL Realty
Sai Residency,3200000,403,1,1,Ambernath,Beyond Thane,19.1986487504664,73.2004913077756,Unfurnished,Apartment,0,16,6,Resale,Ready to Move,,Patel RPL Realty
Jainam Residency,3400000,733,2,2,Ambernath,Beyond Thane,19.1986487504664,73.2004913077756,Unfurnished,Apartment,0,24,6,Resale,Ready to Move,,Patel RPL Realty
Shashwat Park 3,3000000,454,1,1,Badlapur,Beyond Thane,19.1639249,73.2459247,Semi-Furnished,Apartment,0,30,8,Resale,Ready to Move,,Shashwat Group Builders
Pari Plaza,2600000,432,1,1,Dombivli East,Beyond Thane,19.2049111648702,73.1069201060438,Unfurnished,Apartment,0,9,5,Resale,Ready to Move,,Yug Developer
Pari Plaza,1900000,281,1,1,Dombivli East,Beyond Thane,19.2049111648702,73.1069201060438,Unfurnished,Apartment,0,9,5,Resale,Ready to Move,,Yug Developer
Krishna Highlands,3000000,414,1,1,Dombivli,Beyond Thane,19.2094006,73.0939483,Semi-Furnished,Apartment,0,7,8,Resale,Ready to Move,,Krishna Enterprise
Deep Laxmi Manohar Shreeji Nirvana,2200000,432,2,1,Badlapur,Beyond Thane,19.1639249,73.2459247,Unfurnished,Apartment,0,29,8,Resale,Ready to Move,,Deeplaxmi Developers
Deep Laxmi Manohar Shreeji Nirvana,2995000,511,1,2,Badlapur,Beyond Thane,19.1639249,73.2459247,Unfurnished,Apartment,0,29,8,Resale,Ready to Move,,Deeplaxmi Developers
Deep Laxmi Manohar Shreeji Nirvana,2750000,508,1,2,Badlapur,Beyond Thane,19.1639249,73.2459247,Unfurnished,Apartment,0,29,8,Resale,Ready to Move,,Deeplaxmi Developers
Karrm Residency,1150000,269,1,1,Shahapur,Beyond Thane,19.453550664726,73.3247044251021,Unfurnished,Apartment,0,16,2,Resale,Ready to Move,,Karrm Infrastructure Pvt. Ltd.
Karrm Residency,1800000,518,1,1,Shahapur,Beyond Thane,19.453550664726,73.3247044251021,Unfurnished,Apartment,0,16,2,Resale,Ready to Move,,Karrm Infrastructure Pvt. Ltd.
Karrm Residency,2500000,432,1,1,Shahapur,Beyond Thane,19.453550664726,73.3247044251021,Unfurnished,Apartment,0,16,2,Resale,Ready to Move,,Karrm Infrastructure Pvt. Ltd.
Karrm Residency,2500000,751,2,2,Shahapur,Beyond Thane,19.453550664726,73.3247044251021,Unfurnished,Apartment,0,16,2,Resale,Ready to Move,,Karrm Infrastructure Pvt. Ltd.
Karrm Residency,2500000,518,1,1,Shahapur,Beyond Thane,19.453550664726,73.3247044251021,Unfurnished,Apartment,0,16,2,Resale,Ready to Move,,Karrm Infrastructure Pvt. Ltd.
Karrm Residency,2500000,525,1,1,Shahapur,Beyond Thane,19.453550664726,73.3247044251021,Unfurnished,Apartment,0,16,2,Resale,Ready to Move,,Karrm Infrastructure Pvt. Ltd.
Sai Glory,3300000,454,1,2,Vasind,Beyond Thane,19.4059529362434,73.2634315742197,Furnished,Apartment,0,13,2,Resale,Ready to Move,,KD Vision Developers
Falco Hibiscus,2300000,367,1,1,Titwala,Beyond Thane,19.295217297811,73.2124239025258,Unfurnished,Apartment,0,19,4,Resale,Ready to Move,,Falco Developers
Karrm Residency,2000000,518,1,2,Shahapur,Beyond Thane,19.453550664726,73.3247044251021,Unfurnished,Apartment,0,16,2,Resale,Ready to Move,,Karrm Infrastructure Pvt. Ltd.
Karrm Residency,1050000,269,1,1,Shahapur,Beyond Thane,19.453550664726,73.3247044251021,Furnished,Apartment,0,16,2,Resale,Ready to Move,,Karrm Infrastructure Pvt. Ltd.
Amrut Pearl Building No 1,4500000,392,1,2,Kalyan West,Beyond Thane,19.2442606681675,73.123906730695,Semi-Furnished,Apartment,0,16,5,Resale,Ready to Move,,Mehta Group
Amrut Pearl Building No 1,4500000,551,1,2,Kalyan West,Beyond Thane,19.2442606681675,73.123906730695,Semi-Furnished,Apartment,0,16,5,Resale,Ready to Move,,Mehta Group
Matoshree Nagar Phase 1,3200000,543,2,2,Ambernath,Beyond Thane,19.1986487504664,73.2004913077756,Unfurnished,Apartment,0,5,6,Resale,Ready to Move,,Matoshree Infrastructure Pvt. Ltd.
Sukur Residency,5000000,,1,1,Anand Nagar Thane West,Thane,19.2640466932527,72.9652443996319,Unfurnished,Apartment,0,11,4,Resale,Ready to Move,,Jaiveer Group
Siddhi City,3000000,,1,1,Badlapur East,Beyond Thane,19.1639249,73.2459247,Unfurnished,Apartment,0,0,6,Resale,Ready to Move,5 Open,Siddhitech Homes
Lodha Crown,6200000,320,1,2,Majiwada,Thane,19.215865938964,72.9914374146644,Semi-Furnished,Apartment,0,4,6,Resale,Ready to Move,,Lodha Developers Limited
Karrm Residency,2000000,,2,2,Shahapur,Beyond Thane,19.453550664726,73.3247044251021,Semi-Furnished,Apartment,0,16,2,Resale,Ready to Move,,Karrm Infrastructure Pvt. Ltd.
Lodha Casa sophistica,6000000,706,2,2,Dombivli East,Beyond Thane,19.2049111648702,73.1069201060438,Unfurnished,Apartment,0,33,5,Resale,Ready to Move,,Lodha Developers Limited
Vijay Nagari,5700000,382,1,1,Waghbil,Thane,19.266575,72.983724,Semi-Furnished,Apartment,0,51,1,Resale,Ready to Move,,Vijay Group
Vijay Nagari,6500000,303,1,1,Waghbil,Thane,19.266575,72.983724,Semi-Furnished,Apartment,0,51,1,Resale,Ready to Move,,Vijay Group
Tata Serein,22000000,469,2,2,Pokharan Road Number 2,Thane,19.218973,72.968099,Unfurnished,Apartment,0,42,2,Resale,Ready to Move,,TATA Housing Development Company Ltd.
Shree Ganesh Apartment,2300000,252,1,1,Kalyan East,Beyond Thane,19.2280216158659,73.1334807284888,Unfurnished,Apartment,0,3,2,Resale,Ready to Move,,Shree Ganesh Builders & Developers
Mohan Nano Estates,2200000,241,1,1,Ambernath West,Beyond Thane,19.2107415190685,73.1908213734783,Unfurnished,Apartment,0,14,2,Resale,Ready to Move,,Mohan Group
Mohan Nano Estates,3400000,490,1,1,Ambernath West,Beyond Thane,19.2107415190685,73.1908213734783,Unfurnished,Apartment,0,14,2,Resale,Ready to Move,,Mohan Group
Mohan Nano Estates,2300000,288,1,1,Ambernath West,Beyond Thane,19.2107415190685,73.1908213734783,Unfurnished,Apartment,0,14,2,Resale,Ready to Move,,Mohan Group
Piramal Vaikunth,38000000,1170,3,3,Balkum Pada,Thane,19.218154,72.993664,Unfurnished,Apartment,0,12,3,Resale,Ready to Move,,Piramal Realty
Piramal Vaikunth,11800000,511,2,2,Balkum Pada,Thane,19.218154,72.993664,Unfurnished,Apartment,0,12,3,Resale,Under Construction,,Piramal Realty
Neelambari,9500000,396,1,2,Vartak Nagar,Thane,19.2123022683298,72.9624750800907,Unfurnished,Apartment,0,4,4,Resale,Ready to Move,,Shree Sai Baba Grihanirmiti Pvt. Ltd.
Unkown,3500000,,1,1,,Thane,,,Unfurnished,Apartment,0,0,0,Resale,Ready to Move,,Unknown
Sankalp heights,25000000,1080,3,3,Runwal Nagar,Thane,19.2078057457219,72.9736276260422,Furnished,Apartment,0,0,1,Resale,Ready to Move,,Cosmos Group
Raj Shree CHS,3500000,425,1,1,Dombivli East,Beyond Thane,19.2049111648702,73.1069201060438,Unfurnished,Apartment,0,0,5,Resale,Ready to Move,,Unknown
Godrej Emerald,14500000,519,2,2,Bhayandarpada,Thane,19.288128,72.949629,Unfurnished,Apartment,0,8,0,Resale,Under Construction,,Godrej Properties
Patels Signature,2200000,216,1,1,Ambernath East,Beyond Thane,19.2075883274914,73.1854898657514,Unfurnished,Apartment,0,15,1,Resale,Ready to Move,,Patel RPL Realty
Rustomjee Azziano,16000000,504,2,2,Majiwada,Thane,19.215865938964,72.9914374146644,Furnished,Apartment,0,21,6,Resale,Ready to Move,,Rustomjee
Rustomjee Azziano,15800000,612,2,2,Majiwada,Thane,19.215865938964,72.9914374146644,Furnished,Apartment,0,21,6,Resale,Ready to Move,,Rustomjee
Rustomjee Azziano,14700000,870,2,2,Majiwada,Thane,19.215865938964,72.9914374146644,Semi-Furnished,Apartment,0,21,6,Resale,Ready to Move,,Rustomjee
Rustomjee Azziano,15500000,804,2,2,Majiwada,Thane,19.215865938964,72.9914374146644,Semi-Furnished,Apartment,0,21,6,Resale,Ready to Move,,Rustomjee
Rustomjee Azziano,12800000,503,2,2,Majiwada,Thane,19.215865938964,72.9914374146644,Semi-Furnished,Apartment,0,21,6,Resale,Ready to Move,,Rustomjee
Vihang Hills,5100000,360,1,1,Ghodbunder Road,Thane,19.2516923732421,72.9728195264109,Furnished,Apartment,0,12,4,Resale,Ready to Move,,Vihang Group
Vihang Hills,7200000,576,2,2,Ghodbunder Road,Thane,19.2516923732421,72.9728195264109,Unfurnished,Apartment,0,12,4,Resale,Ready to Move,,Vihang Group
Vihang Hills,5500000,360,1,1,Ghodbunder Road,Thane,19.2516923732421,72.9728195264109,Unfurnished,Apartment,0,12,4,Resale,Ready to Move,,Vihang Group
Vihang Hills,5500000,360,1,1,Ghodbunder Road,Thane,19.2516923732421,72.9728195264109,Unfurnished,Apartment,0,12,4,Resale,Ready to Move,,Vihang Group
Aakar Residency,6200000,439,1,1,Ghodbunder Road,Thane,19.2516923732421,72.9728195264109,Unfurnished,Apartment,0,18,4,Resale,Ready to Move,,Aakar Developers
Cosmos Horizon,15000000,684,2,2,Pokharan Road Number 2,Thane,19.218973,72.968099,Furnished,Apartment,0,26,2,Resale,Ready to Move,,Cosmos Group
Cosmos Angel,17500000,1008,3,3,Ghodbunder Road,Thane,19.2516923732421,72.9728195264109,Furnished,Apartment,0,11,4,Resale,Ready to Move,,Cosmos Group
Unnathi Greens,5400000,336,1,2,Ghodbunder Road,Thane,19.2516923732421,72.9728195264109,Furnished,Apartment,0,18,4,Resale,Ready to Move,,Raunak Group
Lodha Palava,6000000,648,2,2,Dombivli,Beyond Thane,19.2094006,73.0939483,Semi-Furnished,Apartment,0,56,8,Resale,Ready to Move,,Lodha Developers Limited
Lodha Palava,3700000,538,2,2,Dombivli,Beyond Thane,19.2094006,73.0939483,Semi-Furnished,Apartment,0,56,8,Resale,Ready to Move,,Lodha Developers Limited
Dahlia Runwal Garden City,16800000,1044,3,3,Balkum Pada,Thane,19.218154,72.993664,Semi-Furnished,Apartment,0,22,3,Resale,Ready to Move,,Runwal Group
Hiranandani Solitaire,7800000,379,1,1,Hiranandani Estate,Thane,19.2577957544321,72.9839623718896,Unfurnished,Apartment,0,17,4,Resale,Under Construction,,Hiranandani Group
Dosti Planet North,4500000,466,1,2,Shilphata,Thane,19.1465685568349,73.0399463501033,Unfurnished,Apartment,0,5,0,Resale,Ready to Move,,Dosti Realty
Raj Vaibhav Park,2350000,443,1,1,Titwala,Beyond Thane,19.295217297811,73.2124239025258,Unfurnished,Apartment,0,12,4,Resale,Ready to Move,,Samartha Enterprises
Acme Ozone,13500000,760,2,3,Ghodbunder Road,Thane,19.2516923732421,72.9728195264109,Unfurnished,Apartment,0,48,4,Resale,Ready to Move,,Acme Group
Devashree Park,11000000,745,2,2,Thane West,Thane,19.2083097363891,72.9724465271482,Furnished,Apartment,0,17,10,Resale,Ready to Move,,R W Sawant Company
Crystal Spires,26000000,1206,3,3,Manpada Thane West,Thane,19.2307690829993,72.973592548318,Unfurnished,Apartment,0,20,3,Resale,Ready to Move,,Soham Group
Shahpur ShubhVastu ,2000000,623,2,2,Vasind,Beyond Thane,19.4059529362434,73.2634315742197,Unfurnished,Apartment,0,16,2,Resale,Ready to Move,,Shahpur Infrastructure
Haware Citi,2900000,299,1,2,Ghodbunder Road,Thane,19.2516923732421,72.9728195264109,Unfurnished,Apartment,0,32,4,Resale,Ready to Move,,Haware Group
Dosti Vihar,10800000,596,2,2,Pokhran Road,Thane,19.2070940767958,72.9568656970685,Unfurnished,Apartment,0,28,3,Resale,Ready to Move,,DOSTI REALTY
Regency Sarvam,2850000,518,1,1,Titwala,Beyond Thane,19.295217297811,73.2124239025258,Semi-Furnished,Apartment,0,21,4,Resale,Ready to Move,,Regency Group
Sai Balaji Apartment,3900000,468,1,2,Thane West,Thane,19.2083097363891,72.9724465271482,Unfurnished,Apartment,0,0,10,Resale,Ready to Move,,Unknown
Laxmi Park,10000000,612,2,2,Vartak Nagar,Thane,19.2123022683298,72.9624750800907,Furnished,Apartment,0,0,4,Resale,Ready to Move,,Unknown
Ramai Shree Hari CHS,3375000,374,1,1,Dombivli West,Beyond Thane,19.2174682509913,73.0750339345098,Semi-Furnished,Apartment,0,0,2,Resale,Ready to Move,,Amar Groups of Companies
Space World,1417500,324,1,1,Neral,Beyond Thane,19.0248210057881,73.3169473654086,Unfurnished,Apartment,0,24,0,Resale,Under Construction,,Space India
Lodha Amara,16000000,1123,3,3,Kolshet Road,Thane,19.2321621,72.9873688,Semi-Furnished,Apartment,0,42,1,Resale,Ready to Move,,Lodha Developers Limited
Runwal One,12800000,634,2,2,Manpada Thane West,Thane,19.2307690829993,72.973592548318,Unfurnished,Apartment,0,11,3,New Property,Dec '27,,Runwal Realty
Veena CHS,5300000,403,1,1,Kalwa,Thane,19.1986281463791,73.00243846035,Unfurnished,Apartment,0,13,7,Resale,Ready to Move,,Salvi Developers
Unkown,9200000,,2,2,Majiwada,Thane,19.215865938964,72.9914374146644,Unfurnished,Apartment,0,0,6,Resale,Ready to Move,,Unknown
Dahlia Runwal Garden City,6700000,,1,2,Dhokali,Thane,19.2258189984106,72.9837277968585,Unfurnished,Apartment,0,22,7,New Property,Ready to Move,,Runwal Group
Ameya Park,6200000,561,2,2,Kalyan East,Beyond Thane,19.2280216158659,73.1334807284888,Semi-Furnished,Apartment,0,4,2,Resale,Ready to Move,,J and G Developers
Dosti Planet North,9200000,828,3,2,Shilphata,Thane,19.1465685568349,73.0399463501033,Unfurnished,Apartment,0,5,0,Resale,Ready to Move,,Dosti Realty
Saushilya,2000000,418,1,1,Neral,Beyond Thane,19.0248210057881,73.3169473654086,Unfurnished,Apartment,0,26,0,Resale,Ready to Move,,Silverleaf Saushilya
Saket Complex,7300000,401,1,1,Thane West,Thane,19.2083097363891,72.9724465271482,Unfurnished,Apartment,0,22,10,Resale,Ready to Move,,Shakti Builders and Developers
Shivsai Paradise,17000000,949,3,3,Thane West,Thane,19.2083097363891,72.9724465271482,Unfurnished,Apartment,0,17,10,Resale,Ready to Move,,BHARAT REALTY
Neelkanth Magnolias Neelkanth Greens,7300000,396,1,1,Manpada Thane West,Thane,19.2307690829993,72.973592548318,Semi-Furnished,Apartment,0,6,3,Resale,Ready to Move,,Neelkanth Mansions And Infrastructure Pvt Ltd
Shree Rang Society CD 64,10000000,569,2,2,Thane West,Thane,19.2083097363891,72.9724465271482,Furnished,Apartment,0,0,10,Resale,Ready to Move,,Unknown
Sai Dham Majiwada,5100000,281,1,1,Majiwada,Thane,19.215865938964,72.9914374146644,Semi-Furnished,Apartment,0,0,6,Resale,Ready to Move,,Unknown
Lodha Luxuria Priva,28000000,,3,3,Majiwada,Thane,19.215865938964,72.9914374146644,Furnished,Apartment,0,39,6,Resale,Ready to Move,,Lodha Developers Limited
Sagar Building Kalwa,7000000,650,1,2,Kalwa,Thane,19.1986281463791,73.00243846035,Furnished,Apartment,0,0,7,Resale,Ready to Move,,Unknown
Dynamic Ultima,4000000,551,1,1,Kalyan,Beyond Thane,19.2449413625186,73.1331398884041,Unfurnished,Apartment,0,0,8,Resale,Ready to Move,,Dynamic Buildtech
Damji Shamji Mahavir Kalpavruksha,7000000,468,1,2,Ghodbunder Road,Thane,19.2516923732421,72.9728195264109,Furnished,Apartment,0,18,4,Resale,Ready to Move,,Damji Shamji Shah Group
Damji Shamji Mahavir Kalpavruksha,6600000,464,1,2,Ghodbunder Road,Thane,19.2516923732421,72.9728195264109,Semi-Furnished,Apartment,0,18,4,Resale,Ready to Move,,Damji Shamji Shah Group
Damji Shamji Mahavir Kalpavruksha,9800000,652,2,2,Ghodbunder Road,Thane,19.2516923732421,72.9728195264109,Unfurnished,Apartment,0,18,4,Resale,Ready to Move,,Damji Shamji Shah Group
Damji Shamji Mahavir Kalpavruksha,6600000,468,1,2,Ghodbunder Road,Thane,19.2516923732421,72.9728195264109,Semi-Furnished,Apartment,0,18,4,Resale,Ready to Move,,Damji Shamji Shah Group
Damji Shamji Mahavir Kalpavruksha,6700000,468,1,2,Ghodbunder Road,Thane,19.2516923732421,72.9728195264109,Unfurnished,Apartment,0,18,4,Resale,Under Construction,,Damji Shamji Shah Group
Damji Shamji Mahavir Kalpavruksha,6200000,451,1,2,Ghodbunder Road,Thane,19.2516923732421,72.9728195264109,Unfurnished,Apartment,0,18,4,Resale,Ready to Move,,Damji Shamji Shah Group
Unkown,18500000,864,3,2,Vartak Nagar,Thane,19.2123022683298,72.9624750800907,Unfurnished,Apartment,0,0,4,Resale,Ready to Move,,Unknown
Dosti Vihar,17500000,873,3,2,Pokhran Road,Thane,19.2070940767958,72.9568656970685,Semi-Furnished,Apartment,0,28,3,Resale,Ready to Move,,DOSTI REALTY
Dosti Imperia,17500000,860,2,2,Ghodbunder Road,Thane,19.2516923732421,72.9728195264109,Unfurnished,Apartment,0,22,4,Resale,Ready to Move,,Dosti Realty
5P Kalp City,2400000,475,1,1,Badlapur East,Beyond Thane,19.1639249,73.2459247,Unfurnished,Apartment,0,21,6,Resale,Ready to Move,,5P Group
5P Kalp City,2500000,443,1,1,Badlapur East,Beyond Thane,19.1639249,73.2459247,Furnished,Apartment,0,21,6,Resale,Ready to Move,,5P Group
5P Kalp City,2500000,454,1,1,Badlapur East,Beyond Thane,19.1639249,73.2459247,Unfurnished,Apartment,0,21,6,Resale,Ready to Move,,5P Group
5P Kalp City,2150000,475,1,1,Badlapur East,Beyond Thane,19.1639249,73.2459247,Unfurnished,Apartment,0,21,6,Resale,Ready to Move,,5P Group
5P Kalp City,2300000,450,1,1,Badlapur East,Beyond Thane,19.1639249,73.2459247,Semi-Furnished,Apartment,0,21,6,Resale,Ready to Move,,5P Group
Squarefeet Imperial Square,4500000,410,1,1,Ghodbunder Road,Thane,19.2516923732421,72.9728195264109,Unfurnished,Apartment,0,30,4,Resale,Ready to Move,,Squarefeet Group
Squarefeet Imperial Square,4500000,364,1,1,Ghodbunder Road,Thane,19.2516923732421,72.9728195264109,Semi-Furnished,Apartment,0,30,4,Resale,Ready to Move,,Squarefeet Group
Ushakiran Residency,3500000,655,2,2,Badlapur East,Beyond Thane,19.1639249,73.2459247,Unfurnished,Apartment,0,33,6,Resale,Ready to Move,,Usha Construction Co
Velocity Hill Spring,7500000,526,1,2,Ghodbunder Road,Thane,19.2516923732421,72.9728195264109,Semi-Furnished,Apartment,0,27,4,Resale,Ready to Move,,Velocity Builders
Puranik City,8500000,733,2,2,Ghodbunder Road,Thane,19.2516923732421,72.9728195264109,Unfurnished,Apartment,0,22,4,Resale,Ready to Move,,Puranik Builders ltd.
Sunrise by Kalpataru,10000000,428,2,2,Kolshet Road,Thane,19.2321621,72.9873688,Furnished,Apartment,0,54,1,Resale,Ready to Move,,Kalpataru Ltd.
Sunrise by Kalpataru,10500000,382,2,2,Kolshet Road,Thane,19.2321621,72.9873688,Semi-Furnished,Apartment,0,54,1,Resale,Ready to Move,,Kalpataru Ltd.
Sunrise by Kalpataru,10500000,576,2,2,Kolshet Road,Thane,19.2321621,72.9873688,Unfurnished,Apartment,0,54,1,Resale,Ready to Move,,Kalpataru Ltd.
Sunrise by Kalpataru,10500000,382,2,2,Kolshet Road,Thane,19.2321621,72.9873688,Furnished,Apartment,0,54,1,Resale,Ready to Move,,Kalpataru Ltd.
Sunrise by Kalpataru,11000000,612,2,2,Kolshet Road,Thane,19.2321621,72.9873688,Unfurnished,Apartment,0,54,1,Resale,Ready to Move,,Kalpataru Ltd.
Sunrise by Kalpataru,10500000,576,2,2,Kolshet Road,Thane,19.2321621,72.9873688,Unfurnished,Apartment,0,54,1,Resale,Ready to Move,,Kalpataru Ltd.
Cosmos Lounge,6900000,446,1,2,Manpada Thane West,Thane,19.2307690829993,72.973592548318,Unfurnished,Apartment,0,14,3,Resale,Ready to Move,,Cosmos Group
Cosmos Lounge,6750000,446,1,2,Manpada Thane West,Thane,19.2307690829993,72.973592548318,Semi-Furnished,Apartment,0,14,3,Resale,Ready to Move,,Cosmos Group
Cosmos Lounge,6950000,441,1,1,Manpada Thane West,Thane,19.2307690829993,72.973592548318,Semi-Furnished,Apartment,0,14,3,Resale,Ready to Move,,Cosmos Group
Everest World,10000000,564,2,2,Kolshet Road,Thane,19.2321621,72.9873688,Furnished,Apartment,0,23,1,Resale,Ready to Move,,Terraform Realty
Lok Nagari Phase 3,2800000,396,1,1,Ambernath,Beyond Thane,19.1986487504664,73.2004913077756,Unfurnished,Apartment,0,25,6,Resale,Ready to Move,,Lok Housing Group
Lok Nagari Phase 3,2800000,490,1,2,Ambernath,Beyond Thane,19.1986487504664,73.2004913077756,Unfurnished,Apartment,0,25,6,Resale,Ready to Move,,Lok Housing Group
Crown City,6300000,576,2,2,Kalyan West,Beyond Thane,19.2442606681675,73.123906730695,Furnished,Apartment,0,11,5,Resale,Ready to Move,,Ashapura Builders and Developers
Safron Hills,3500000,504,1,1,Badlapur,Beyond Thane,19.1639249,73.2459247,Unfurnished,Apartment,0,15,8,Resale,Ready to Move,,Alpha Combines
Safron Hills,2500000,490,1,1,Badlapur,Beyond Thane,19.1639249,73.2459247,Unfurnished,Apartment,0,15,8,Resale,Ready to Move,,Alpha Combines
Puranik City,5900000,495,1,1,Ghodbunder Road,Thane,19.2516923732421,72.9728195264109,Unfurnished,Apartment,0,22,4,Resale,Ready to Move,,Puranik Builders ltd.
Puranik City,5300000,428,1,1,Ghodbunder Road,Thane,19.2516923732421,72.9728195264109,Unfurnished,Apartment,0,22,4,Resale,Ready to Move,,Puranik Builders ltd.
Royale City,1700000,450,1,1,Asangaon,Beyond Thane,19.4390197,73.3030715,Unfurnished,Apartment,0,29,2,Resale,Ready to Move,,Royale Group
Royale City,2000000,443,1,1,Asangaon,Beyond Thane,19.4390197,73.3030715,Unfurnished,Apartment,0,29,2,Resale,Ready to Move,,Royale Group
Royale City,2000000,450,1,1,Asangaon,Beyond Thane,19.4390197,73.3030715,Unfurnished,Apartment,0,29,2,Resale,Ready to Move,,Royale Group
Royale City,2200000,432,1,1,Asangaon,Beyond Thane,19.4390197,73.3030715,Unfurnished,Apartment,0,29,2,Resale,Ready to Move,,Royale Group
Royale City,1700000,468,1,1,Asangaon,Beyond Thane,19.4390197,73.3030715,Unfurnished,Apartment,0,29,2,Resale,Ready to Move,,Royale Group
Royale City,1400000,378,1,1,Asangaon,Beyond Thane,19.4390197,73.3030715,Unfurnished,Apartment,0,29,2,Resale,Ready to Move,,Royale Group
Royale City,1300000,295,1,1,Asangaon,Beyond Thane,19.4390197,73.3030715,Unfurnished,Apartment,0,29,2,Resale,Under Construction,,Royale Group
Xrbia Neral,3000000,504,2,2,Neral,Beyond Thane,19.0248210057881,73.3169473654086,Unfurnished,Apartment,0,13,0,Resale,Ready to Move,,Xrbia
Ashtvinayak Residency,1188000,158,1,1,Bhiwandi,Beyond Thane,19.2937911767008,73.0653582109139,Unfurnished,Apartment,0,10,6,Resale,Ready to Move,,Ghumman Constructions
Cosmos Lounge,12500000,738,2,2,Manpada Thane West,Thane,19.2307690829993,72.973592548318,Semi-Furnished,Apartment,0,14,3,Resale,Ready to Move,,Cosmos Group
Puranik City,6200000,360,1,1,Ghodbunder Road,Thane,19.2516923732421,72.9728195264109,Furnished,Apartment,0,22,4,Resale,Ready to Move,,Puranik Builders ltd.
Puranik City,5200000,368,1,1,Ghodbunder Road,Thane,19.2516923732421,72.9728195264109,Semi-Furnished,Apartment,0,22,4,Resale,Ready to Move,,Puranik Builders ltd.
Puranik City,6200000,299,1,2,Ghodbunder Road,Thane,19.2516923732421,72.9728195264109,Unfurnished,Apartment,0,22,4,Resale,Ready to Move,,Puranik Builders ltd.
Sai Moreshwar,2000000,461,1,2,Neral,Beyond Thane,19.0248210057881,73.3169473654086,Unfurnished,Apartment,0,10,0,Resale,Ready to Move,,Space Land Developers
Vasant Leela Apartment,6000000,421,1,2,Ghodbunder Road,Thane,19.2516923732421,72.9728195264109,Unfurnished,Apartment,0,18,4,Resale,Ready to Move,,Sheth Creators Pvt. Ltd.
Cosmos Orchid,6000000,356,1,1,Ghodbunder Road,Thane,19.2516923732421,72.9728195264109,Unfurnished,Apartment,0,32,4,Resale,Ready to Move,,Cosmos Group
Lodha Casa Ultima,18000000,612,2,2,Majiwada,Thane,19.215865938964,72.9914374146644,Unfurnished,Apartment,0,28,6,Resale,Ready to Move,,Lodha Developers Limited
Lodha Casa Ultima,8900000,428,1,1,Majiwada,Thane,19.215865938964,72.9914374146644,Furnished,Apartment,0,28,6,Resale,Ready to Move,,Lodha Developers Limited
Lodha Luxuria,6500000,324,1,1,Majiwada,Thane,19.215865938964,72.9914374146644,Unfurnished,Apartment,0,35,6,Resale,Ready to Move,,Lodha Developers Limited
Prakruti Park,11000000,727,2,2,Ghodbunder Road,Thane,19.2516923732421,72.9728195264109,Furnished,Apartment,0,16,4,Resale,Ready to Move,,SB Group
RNA NG Regency,6000000,288,1,1,Balkum Pada,Thane,19.218154,72.993664,Semi-Furnished,Apartment,0,14,3,Resale,Ready to Move,,RNA NG Builders
RNA NG Regency,6000000,346,1,1,Balkum Pada,Thane,19.218154,72.993664,Unfurnished,Apartment,0,14,3,Resale,Ready to Move,,RNA NG Builders
RNA NG Regency,5400000,484,1,1,Balkum Pada,Thane,19.218154,72.993664,Unfurnished,Apartment,0,14,3,Resale,Ready to Move,,RNA NG Builders
Lodha Casa Rio Gold,5300000,654,2,2,Dombivli,Beyond Thane,19.2094006,73.0939483,Furnished,Apartment,0,44,8,Resale,Ready to Move,,Lodha Developers Limited
Lodha Casa Rio Gold,4900000,634,2,2,Dombivli East,Beyond Thane,19.2049111648702,73.1069201060438,Unfurnished,Apartment,0,44,5,Resale,Ready to Move,,Lodha Developers Limited
Lodha Casa Rio Gold,7500000,670,2,2,Dombivli East,Beyond Thane,19.2049111648702,73.1069201060438,Unfurnished,Apartment,0,44,5,Resale,Ready to Move,,Lodha Developers Limited
Lodha Casa Rio Gold,5900000,673,2,2,Dombivli,Beyond Thane,19.2094006,73.0939483,Unfurnished,Apartment,0,44,8,Resale,Ready to Move,,Lodha Developers Limited
Lodha Casa Rio Gold,6900000,698,2,2,Dombivli,Beyond Thane,19.2094006,73.0939483,Semi-Furnished,Apartment,0,44,8,Resale,Ready to Move,,Lodha Developers Limited
Lodha Palava City,8500000,860,3,2,Dombivli,Beyond Thane,19.2094006,73.0939483,Furnished,Apartment,0,56,8,Resale,Ready to Move,,Lodha Developers Limited
Lodha Palava City,5400000,629,2,2,Dombivli,Beyond Thane,19.2094006,73.0939483,Semi-Furnished,Apartment,0,56,8,Resale,Ready to Move,,Lodha Developers Limited
Lodha Palava City,3200000,420,1,2,Dombivli,Beyond Thane,19.2094006,73.0939483,Unfurnished,Apartment,0,56,8,Resale,Ready to Move,,Lodha Developers Limited
Lodha Palava City,7500000,894,3,3,Dombivli,Beyond Thane,19.2094006,73.0939483,Unfurnished,Apartment,0,56,8,Resale,Ready to Move,,Lodha Developers Limited
Lodha Palava City,3500000,500,1,1,Dombivli,Beyond Thane,19.2094006,73.0939483,Semi-Furnished,Apartment,0,56,8,Resale,Ready to Move,,Lodha Developers Limited
Lodha Palava City,5400000,641,2,3,Dombivli,Beyond Thane,19.2094006,73.0939483,Furnished,Apartment,0,56,8,Resale,Ready to Move,,Lodha Developers Limited
Lodha Palava City,2500000,353,1,1,Dombivli,Beyond Thane,19.2094006,73.0939483,Semi-Furnished,Apartment,0,56,8,Resale,Ready to Move,,Lodha Developers Limited
Lodha Palava City,3650000,421,1,1,Dombivli,Beyond Thane,19.2094006,73.0939483,Semi-Furnished,Apartment,0,56,8,Resale,Ready to Move,,Lodha Developers Limited
Lodha Palava City,5000000,392,1,1,Dombivli,Beyond Thane,19.2094006,73.0939483,Unfurnished,Apartment,0,56,8,Resale,Ready to Move,,Lodha Developers Limited
Lodha Palava City,5500000,457,2,2,Dombivli,Beyond Thane,19.2094006,73.0939483,Semi-Furnished,Apartment,0,56,8,Resale,Ready to Move,,Lodha Developers Limited
Lodha Palava City,4200000,339,1,2,Dombivli,Beyond Thane,19.2094006,73.0939483,Unfurnished,Apartment,0,56,8,Resale,Ready to Move,,Lodha Developers Limited
Lodha Palava City,5600000,421,2,2,Dombivli,Beyond Thane,19.2094006,73.0939483,Furnished,Apartment,0,56,8,Resale,Ready to Move,,Lodha Developers Limited
Lodha Palava City,8000000,546,2,2,Dombivli,Beyond Thane,19.2094006,73.0939483,Unfurnished,Apartment,0,56,8,Resale,Ready to Move,,Lodha Developers Limited
Lodha Palava City,11000000,764,2,2,Dombivli,Beyond Thane,19.2094006,73.0939483,Semi-Furnished,Apartment,0,56,8,Resale,Ready to Move,,Lodha Developers Limited
Lodha Palava City,6500000,605,2,2,Dombivli,Beyond Thane,19.2094006,73.0939483,Unfurnished,Apartment,0,56,8,Resale,Ready to Move,,Lodha Developers Limited
Lodha Palava City,4000000,386,1,1,Dombivli,Beyond Thane,19.2094006,73.0939483,Unfurnished,Apartment,0,56,8,Resale,Ready to Move,,Lodha Developers Limited
Madhav Shreeji Palacia,13000000,792,3,2,Waghbil,Thane,19.266575,72.983724,Semi-Furnished,Apartment,0,28,1,Resale,Ready to Move,,Madhav Shreeji Group
Lok Nagari Phase III,2500000,486,1,2,Ambernath East,Beyond Thane,19.2075883274914,73.1854898657514,Unfurnished,Apartment,0,3,1,Resale,Ready to Move,,Lok Nagari Developers
Lok Nagari Phase III,2800000,486,1,2,Ambernath East,Beyond Thane,19.2075883274914,73.1854898657514,Unfurnished,Apartment,0,3,1,Resale,Ready to Move,,Lok Nagari Developers
Lodha Casa Rio,3600000,428,1,1,Dombivli,Beyond Thane,19.2094006,73.0939483,Unfurnished,Apartment,0,33,8,Resale,Ready to Move,,Lodha Developers Limited
Lodha Casa Rio,4600000,559,2,2,Dombivli,Beyond Thane,19.2094006,73.0939483,Semi-Furnished,Apartment,0,33,8,Resale,Ready to Move,,Lodha Developers Limited
Lodha Casa Rio,5500000,654,2,2,Dombivli,Beyond Thane,19.2094006,73.0939483,Unfurnished,Apartment,0,33,8,Resale,Ready to Move,,Lodha Developers Limited
Lodha Casa Rio,7000000,605,2,2,Dombivli,Beyond Thane,19.2094006,73.0939483,Unfurnished,Apartment,0,33,8,Resale,Ready to Move,,Lodha Developers Limited
Lodha Casa Rio,5000000,629,1,2,Dombivli,Beyond Thane,19.2094006,73.0939483,Semi-Furnished,Apartment,0,33,8,Resale,Ready to Move,,Lodha Developers Limited
Lodha Palava Casa Bella,5400000,726,2,2,Dombivli East,Beyond Thane,19.2049111648702,73.1069201060438,Unfurnished,Apartment,0,56,5,Resale,Ready to Move,,Lodha Developers Limited
Unkown,10500000,868,2,2,Thane West,Thane,19.2083097363891,72.9724465271482,Semi-Furnished,Apartment,0,0,10,Resale,Ready to Move,,Unknown
Unkown,6500000,347,1,1,Kavesar,Thane,19.2607077539498,72.9725861660124,Furnished,Apartment,0,0,4,Resale,Ready to Move,,Unknown
Unkown,5500000,432,1,2,Kasarvadavali,Thane,19.2692017640962,72.9703926869083,Semi-Furnished,Apartment,0,0,3,Resale,Ready to Move,,Unknown
Unkown,7500000,454,2,2,Kasarvadavali,Thane,19.2692017640962,72.9703926869083,Unfurnished,Apartment,0,0,3,Resale,Ready to Move,,Unknown
Unkown,4750000,408,1,2,Kasarvadavali,Thane,19.2692017640962,72.9703926869083,Semi-Furnished,Apartment,0,0,3,Resale,Ready to Move,,Unknown
Unkown,5200000,342,1,2,Kasarvadavali,Thane,19.2692017640962,72.9703926869083,Furnished,Apartment,0,0,3,Resale,Ready to Move,,Unknown
Unkown,5300000,468,1,2,Kasarvadavali,Thane,19.2692017640962,72.9703926869083,Semi-Furnished,Apartment,0,0,3,Resale,Ready to Move,,Unknown
Unkown,7800000,435,1,2,Dhokali,Thane,19.2258189984106,72.9837277968585,Semi-Furnished,Apartment,0,0,7,Resale,Ready to Move,,Unknown
Unkown,8700000,678,2,2,Kasarvadavali,Thane,19.2692017640962,72.9703926869083,Furnished,Apartment,0,0,3,Resale,Ready to Move,,Unknown
Unkown,4500000,464,1,2,Usarghar Gaon,Beyond Thane,19.1817402468934,73.0728836456032,Unfurnished,Apartment,0,0,2,Resale,Ready to Move,,Unknown
Unkown,7800000,410,2,2,Usarghar Gaon,Beyond Thane,19.1817402468934,73.0728836456032,Unfurnished,Apartment,0,0,2,Resale,Ready to Move,,Unknown
Unkown,2600000,324,1,1,,Thane,,,Unfurnished,Apartment,0,0,0,Resale,Ready to Move,,Unknown
Unkown,8300000,558,2,2,Waghbil,Thane,19.266575,72.983724,Semi-Furnished,Apartment,0,0,1,Resale,Ready to Move,,Unknown
Unkown,6200000,421,1,1,Kasarvadavali,Thane,19.2692017640962,72.9703926869083,Semi-Furnished,Apartment,0,0,3,Resale,Ready to Move,,Unknown
Unkown,3000000,436,1,1,Karjat,Beyond Thane,18.9112989,73.328189,Unfurnished,Apartment,0,0,2,Resale,Ready to Move,,Unknown
Unkown,10500000,634,2,2,Waghbil,Thane,19.266575,72.983724,Semi-Furnished,Apartment,0,0,1,Resale,Ready to Move,,Unknown
Unkown,2300000,429,1,1,Badlapur,Beyond Thane,19.1639249,73.2459247,Unfurnished,Apartment,0,0,8,Resale,Ready to Move,,Unknown
Unkown,5475000,654,2,2,Dombivli East,Beyond Thane,19.2049111648702,73.1069201060438,Semi-Furnished,Apartment,0,0,5,Resale,Ready to Move,,Unknown
Unkown,4500000,557,2,2,Dombivli East,Beyond Thane,19.2049111648702,73.1069201060438,Unfurnished,Apartment,0,0,5,Resale,Ready to Move,,Unknown
Unkown,5800000,691,2,2,Dombivli East,Beyond Thane,19.2049111648702,73.1069201060438,Unfurnished,Apartment,0,0,5,Resale,Ready to Move,,Unknown
Unkown,5600000,693,2,2,Dombivli East,Beyond Thane,19.2049111648702,73.1069201060438,Semi-Furnished,Apartment,0,0,5,Resale,Ready to Move,,Unknown
Unkown,5600000,654,2,2,Dombivli East,Beyond Thane,19.2049111648702,73.1069201060438,Unfurnished,Apartment,0,0,5,Resale,Ready to Move,,Unknown
Unkown,6300000,557,2,2,Dombivli East,Beyond Thane,19.2049111648702,73.1069201060438,Furnished,Apartment,0,0,5,Resale,Ready to Move,,Unknown
Unkown,5700000,654,2,2,Dombivli East,Beyond Thane,19.2049111648702,73.1069201060438,Semi-Furnished,Apartment,0,0,5,Resale,Ready to Move,,Unknown
Unkown,3500000,428,1,2,Dombivli East,Beyond Thane,19.2049111648702,73.1069201060438,Unfurnished,Apartment,0,0,5,Resale,Ready to Move,,Unknown
Unkown,5000000,611,2,2,Dombivli East,Beyond Thane,19.2049111648702,73.1069201060438,Semi-Furnished,Apartment,0,0,5,Resale,Ready to Move,,Unknown
Unkown,6500000,641,2,2,Dombivli East,Beyond Thane,19.2049111648702,73.1069201060438,Semi-Furnished,Apartment,0,0,5,Resale,Ready to Move,,Unknown
Unkown,5700000,710,2,2,Dombivli East,Beyond Thane,19.2049111648702,73.1069201060438,Semi-Furnished,Apartment,0,0,5,Resale,Ready to Move,,Unknown
Unkown,14000000,864,2,2,Bhayandarpada,Thane,19.288128,72.949629,Semi-Furnished,Apartment,0,0,0,Resale,Ready to Move,,Unknown
Unkown,13500000,893,2,2,Bhayandarpada,Thane,19.288128,72.949629,Semi-Furnished,Apartment,0,0,0,Resale,Ready to Move,,Unknown
Arihant Akriti,2500000,457,1,1,Badlapur,Beyond Thane,19.1639249,73.2459247,Unfurnished,Apartment,0,18,8,Resale,Ready to Move,,Arihant Superstructures Ltd
Arihant Akriti,3100000,457,1,2,Badlapur,Beyond Thane,19.1639249,73.2459247,Unfurnished,Apartment,0,18,8,Resale,Ready to Move,,Arihant Superstructures Ltd
Arihant Aksh,3600000,619,2,2,Badlapur,Beyond Thane,19.1639249,73.2459247,Semi-Furnished,Apartment,0,17,8,Resale,Ready to Move,,Arihant Superstructures Ltd.
Arihant Aksh,3000000,442,1,1,Badlapur,Beyond Thane,19.1639249,73.2459247,Unfurnished,Apartment,0,17,8,Resale,Ready to Move,,Arihant Superstructures Ltd.
Arihant Aksh,4000000,590,2,4,Badlapur,Beyond Thane,19.1639249,73.2459247,Unfurnished,Apartment,0,17,8,Resale,Ready to Move,,Arihant Superstructures Ltd.
Sanghvi Golden City,3000000,583,2,2,Atgaon,Beyond Thane,19.503957,73.3280377,Unfurnished,Apartment,0,22,0,Resale,Ready to Move,,Sanghvi Group Of Companies
Sanghvi Golden City,1950000,425,1,2,Atgaon,Beyond Thane,19.503957,73.3280377,Unfurnished,Apartment,0,22,0,Resale,Ready to Move,,Sanghvi Group Of Companies
Sanghvi Golden City,2800000,461,1,2,Atgaon,Beyond Thane,19.503957,73.3280377,Unfurnished,Apartment,0,22,0,Resale,Ready to Move,,Sanghvi Group Of Companies
Sanghvi Golden City,3500000,583,2,2,Atgaon,Beyond Thane,19.503957,73.3280377,Unfurnished,Apartment,0,22,0,Resale,Ready to Move,,Sanghvi Group Of Companies
Sanghvi Golden City,2800000,572,2,2,Atgaon,Beyond Thane,19.503957,73.3280377,Furnished,Apartment,0,22,0,Resale,Ready to Move,,Sanghvi Group Of Companies
Lodha Palava,4500000,538,1,1,Dombivli,Beyond Thane,19.2094006,73.0939483,Unfurnished,Apartment,0,56,8,Resale,Ready to Move,,Lodha Developers Limited
Lodha Palava,3400000,360,1,1,Dombivli East,Beyond Thane,19.2049111648702,73.1069201060438,Unfurnished,Apartment,0,56,5,Resale,Ready to Move,,Lodha Developers Limited
Kohinoor Max Citi,2300000,443,1,1,Ambernath,Beyond Thane,19.1986487504664,73.2004913077756,Furnished,Apartment,0,28,6,Resale,Ready to Move,,Kohinoor Group Builders
Platinum Sagar Jewel,2300000,443,1,2,Badlapur,Beyond Thane,19.1639249,73.2459247,Furnished,Apartment,0,6,8,Resale,Ready to Move,,Sagar Group
Butter Cup,3700000,659,2,2,Ambernath,Beyond Thane,19.1986487504664,73.2004913077756,Unfurnished,Apartment,0,7,6,Resale,Ready to Move,,Sunil Gyani
Panvelkar Heights,3100000,605,2,2,Badlapur,Beyond Thane,19.1639249,73.2459247,Semi-Furnished,Apartment,0,13,8,Resale,Ready to Move,,Panvelkar Group
Panvelkar Heights,2900000,479,1,1,Badlapur West,Beyond Thane,19.1760975692482,73.2401614495576,Unfurnished,Apartment,0,13,0,Resale,Ready to Move,,Panvelkar Group
Panvelkar Heights,2800000,480,1,1,Badlapur,Beyond Thane,19.1639249,73.2459247,Unfurnished,Apartment,0,13,8,Resale,Ready to Move,,Panvelkar Group
Panvelkar Heights,4200000,698,2,2,Badlapur,Beyond Thane,19.1639249,73.2459247,Unfurnished,Apartment,0,13,8,Resale,Ready to Move,,Panvelkar Group
Shabri Heights,3305000,756,2,2,Ambernath,Beyond Thane,19.1986487504664,73.2004913077756,Unfurnished,Apartment,0,16,6,Resale,Ready to Move,,Shree Ayappa Constructions
Jashnani Chintamani Habitat,1400000,443,1,1,Shahapur,Beyond Thane,19.453550664726,73.3247044251021,Unfurnished,Apartment,0,26,2,Resale,Ready to Move,,Jashnani Construction Pvt. Ltd.
Om Residency,6500000,763,2,2,Kalyan West,Beyond Thane,19.2442606681675,73.123906730695,Unfurnished,Apartment,0,19,5,Resale,Ready to Move,,Shree Ashapura Combines
ATLANTA ENCLAVE,4300000,490,1,2,Shilphata,Thane,19.1465685568349,73.0399463501033,Unfurnished,Apartment,0,24,0,Resale,Ready to Move,,ATLANTA Ltd.
ATLANTA ENCLAVE,3900000,490,1,2,Shilphata,Thane,19.1465685568349,73.0399463501033,Unfurnished,Apartment,0,24,0,Resale,Ready to Move,,ATLANTA Ltd.
ATLANTA ENCLAVE,3900000,490,1,2,Shilphata,Thane,19.1465685568349,73.0399463501033,Unfurnished,Apartment,0,24,0,Resale,Ready to Move,,ATLANTA Ltd.
ATLANTA ENCLAVE,4300000,501,1,2,Shilphata,Thane,19.1465685568349,73.0399463501033,Unfurnished,Apartment,0,24,0,Resale,Ready to Move,,ATLANTA Ltd.
ATLANTA ENCLAVE,4200000,429,1,2,Shilphata,Thane,19.1465685568349,73.0399463501033,Unfurnished,Apartment,0,24,0,Resale,Ready to Move,,ATLANTA Ltd.
Tharwani Ritu World,2300000,471,1,1,Badlapur,Beyond Thane,19.1639249,73.2459247,Semi-Furnished,Apartment,0,23,8,Resale,Ready to Move,,Tharwani Infrastructures
Tharwani Ritu World,3000000,461,1,1,Badlapur,Beyond Thane,19.1639249,73.2459247,Semi-Furnished,Apartment,0,23,8,Resale,Ready to Move,,Tharwani Infrastructures
Tharwani Ritu World,3200000,562,2,2,Badlapur,Beyond Thane,19.1639249,73.2459247,Semi-Furnished,Apartment,0,23,8,Resale,Ready to Move,,Tharwani Infrastructures
Lodha Palava,6500000,432,2,2,Dombivli,Beyond Thane,19.2094006,73.0939483,Unfurnished,Apartment,0,56,8,Resale,Ready to Move,,Lodha Developers Limited
Lodha Palava,4850000,538,2,2,Dombivli,Beyond Thane,19.2094006,73.0939483,Unfurnished,Apartment,0,56,8,Resale,Ready to Move,,Lodha Developers Limited
Lodha Palava,6000000,756,2,2,Dombivli,Beyond Thane,19.2094006,73.0939483,Unfurnished,Apartment,0,56,8,Resale,Ready to Move,,Lodha Developers Limited
Lodha Palava,6000000,705,2,2,Dombivli,Beyond Thane,19.2094006,73.0939483,Unfurnished,Apartment,0,56,8,Resale,Under Construction,,Lodha Developers Limited
Lodha Palava,7200000,705,2,2,Dombivli,Beyond Thane,19.2094006,73.0939483,Unfurnished,Apartment,0,56,8,Resale,Ready to Move,,Lodha Developers Limited
Lodha Palava,5950000,705,2,2,Dombivli,Beyond Thane,19.2094006,73.0939483,Semi-Furnished,Apartment,0,56,8,Resale,Ready to Move,,Lodha Developers Limited
Acura,11900000,723,2,2,Majiwada,Thane,19.215865938964,72.9914374146644,Unfurnished,Apartment,0,24,6,Resale,Ready to Move,,Rustomjee
Sudama Regency,3195000,439,1,2,Diva,Thane,19.1915751433493,73.0430090272966,Unfurnished,Apartment,0,18,5,Resale,Ready to Move,,Samrin Group
Sudama Regency,3500000,371,1,1,Diva,Thane,19.1915751433493,73.0430090272966,Unfurnished,Apartment,0,18,5,Resale,Ready to Move,,Samrin Group
Sudama Regency,3000000,403,1,1,Diva,Thane,19.1915751433493,73.0430090272966,Unfurnished,Apartment,0,18,5,Resale,Ready to Move,,Samrin Group
Sudama Regency,3200000,403,1,1,Diva,Thane,19.1915751433493,73.0430090272966,Unfurnished,Apartment,0,18,5,Resale,Ready to Move,,Samrin Group
Sudama Regency,3500000,414,1,2,Diva,Thane,19.1915751433493,73.0430090272966,Semi-Furnished,Apartment,0,18,5,Resale,Ready to Move,,Samrin Group
Sudama Regency,2900000,403,1,1,Diva,Thane,19.1915751433493,73.0430090272966,Unfurnished,Apartment,0,18,5,Resale,Ready to Move,,Samrin Group
Sudama Regency,3000000,403,1,1,Diva,Thane,19.1915751433493,73.0430090272966,Unfurnished,Apartment,0,18,5,Resale,Ready to Move,,Samrin Group
Sudama Regency,2950000,403,1,1,Diva,Thane,19.1915751433493,73.0430090272966,Unfurnished,Apartment,0,18,5,Resale,Ready to Move,,Samrin Group
Sudama Regency,3100000,403,1,1,Diva,Thane,19.1915751433493,73.0430090272966,Unfurnished,Apartment,0,18,5,Resale,Ready to Move,,Samrin Group
Sudama Regency,3600000,396,1,1,Diva,Thane,19.1915751433493,73.0430090272966,Semi-Furnished,Apartment,0,18,5,Resale,Ready to Move,,Samrin Group
Raj Vaibhav NX,6000000,569,2,1,Dombivli West,Beyond Thane,19.2174682509913,73.0750339345098,Furnished,Apartment,0,18,2,Resale,Ready to Move,,Relliance Construction Co.
Raj Vaibhav NX,7000000,727,2,2,Dombivli West,Beyond Thane,19.2174682509913,73.0750339345098,Semi-Furnished,Apartment,0,18,2,Resale,Ready to Move,,Relliance Construction Co.
Bhoomi Acres,7600000,540,1,2,Waghbil,Thane,19.266575,72.983724,Unfurnished,Apartment,0,25,1,Resale,Ready to Move,,BHOOMI GROUP
JP Harmony,2700000,302,1,1,Ambernath East,Beyond Thane,19.2075883274914,73.1854898657514,Semi-Furnished,Apartment,0,17,1,Resale,Ready to Move,,JP Developers
JP Harmony,2800000,467,1,1,Ambernath East,Beyond Thane,19.2075883274914,73.1854898657514,Unfurnished,Apartment,0,17,1,Resale,Ready to Move,,JP Developers
Gajra Bhoomi Lawns,6500000,720,2,2,Shilphata,Thane,19.1465685568349,73.0399463501033,Furnished,Apartment,0,16,0,Resale,Ready to Move,,Gajra Developers Ltd
Puranik City Phase III,8500000,655,2,2,Thane West,Thane,19.2083097363891,72.9724465271482,Semi-Furnished,Apartment,0,4,10,Resale,Ready to Move,,Puranik Builders ltd.
Tharwani Ariana,4200000,706,2,2,Ambernath West,Beyond Thane,19.2107415190685,73.1908213734783,Semi-Furnished,Apartment,0,20,2,Resale,Ready to Move,,Tharwani Realty
Tharwani Ariana,4200000,706,2,2,Ambernath West,Beyond Thane,19.2107415190685,73.1908213734783,Semi-Furnished,Apartment,0,20,2,Resale,Ready to Move,,Tharwani Realty
Unkown,17800000,1044,3,3,Waghbil,Thane,19.266575,72.983724,Semi-Furnished,Apartment,0,0,1,Resale,Ready to Move,,Unknown
Unnati Woods,7000000,418,2,2,Ghodbunder Road,Thane,19.2516923732421,72.9728195264109,Semi-Furnished,Apartment,0,39,4,Resale,Ready to Move,,Unnati Group
Unnati Woods,5000000,350,1,1,Ghodbunder Road,Thane,19.2516923732421,72.9728195264109,Semi-Furnished,Apartment,0,39,4,Resale,Ready to Move,,Unnati Group
Unnati Woods,7000000,540,2,2,Ghodbunder Road,Thane,19.2516923732421,72.9728195264109,Unfurnished,Apartment,0,39,4,Resale,Ready to Move,,Unnati Group
Vijay Galaxy,8250000,471,1,2,Ghodbunder Road,Thane,19.2516923732421,72.9728195264109,Furnished,Apartment,0,35,4,Resale,Ready to Move,,Vijay Group
Vijay Galaxy,15000000,1073,3,3,Ghodbunder Road,Thane,19.2516923732421,72.9728195264109,Semi-Furnished,Apartment,0,35,4,Resale,Ready to Move,,Vijay Group
Vijay Galaxy,7400000,479,1,2,Ghodbunder Road,Thane,19.2516923732421,72.9728195264109,Semi-Furnished,Apartment,0,35,4,Resale,Ready to Move,,Vijay Group
Galaxy,4000000,479,1,1,Badlapur,Beyond Thane,19.1639249,73.2459247,Unfurnished,Apartment,0,14,8,Resale,Ready to Move,,Deeplaxmi Developers
Bhoomi Acres,5800000,374,1,1,Ghodbunder Road,Thane,19.2516923732421,72.9728195264109,Semi-Furnished,Apartment,0,39,4,Resale,Ready to Move,,Bhoomi
Poddar Samruddhi Evergreens,2000000,327,1,1,Badlapur,Beyond Thane,19.1639249,73.2459247,Unfurnished,Apartment,0,13,8,Resale,Ready to Move,,Poddar Housing
Poddar Samruddhi Evergreens,1700000,418,1,1,Badlapur,Beyond Thane,19.1639249,73.2459247,Unfurnished,Apartment,0,13,8,Resale,Ready to Move,,Poddar Housing
Mohan Greenwoods,2800000,508,1,1,Badlapur,Beyond Thane,19.1639249,73.2459247,Unfurnished,Apartment,0,16,8,Resale,Ready to Move,,Mohan Group
Mohan Suburbia,7000000,940,3,2,Ambernath,Beyond Thane,19.1986487504664,73.2004913077756,Unfurnished,Apartment,0,32,6,Resale,Ready to Move,,Mohan Group
Mohan Suburbia,6500000,940,3,3,Ambernath,Beyond Thane,19.1986487504664,73.2004913077756,Unfurnished,Apartment,0,32,6,Resale,Ready to Move,,Mohan Group
Mohan Suburbia,7000000,940,3,2,Ambernath West,Beyond Thane,19.2107415190685,73.1908213734783,Furnished,Apartment,0,32,2,Resale,Ready to Move,,Mohan Group
Mohan Palms,3200000,511,1,2,Badlapur,Beyond Thane,19.1639249,73.2459247,Unfurnished,Apartment,0,44,8,Resale,Ready to Move,,Mohan Group
Mohan Palms,3175000,500,1,1,Badlapur,Beyond Thane,19.1639249,73.2459247,Semi-Furnished,Apartment,0,44,8,Resale,Ready to Move,,Mohan Group
Aspire Complex,2400000,,1,1,Dombivli East,Beyond Thane,19.2049111648702,73.1069201060438,Semi-Furnished,Apartment,0,10,5,Resale,Ready to Move,,Aspire Builders
Regency Anantam,5500000,527,1,2,Dombivli East,Beyond Thane,19.2049111648702,73.1069201060438,Unfurnished,Apartment,0,29,5,Resale,Ready to Move,,Regency Group
Everest Countryside Daffodil,7000000,423,1,2,Ghodbunder Road,Thane,19.2516923732421,72.9728195264109,Semi-Furnished,Apartment,0,18,4,Resale,Ready to Move,,Terraform Realty
Raunak Unnathi Woods Phase 3,9200000,688,2,2,Ghodbunder Road,Thane,19.2516923732421,72.9728195264109,Unfurnished,Apartment,0,35,4,Resale,Ready to Move,,Raunak Group
Cosmos Tower,11500000,778,2,2,Majiwada,Thane,19.215865938964,72.9914374146644,Furnished,Apartment,0,10,6,Resale,Ready to Move,,Cosmos Group
Mantri laxcon Godrej Park,5500000,720,2,2,Kalyan,Beyond Thane,19.2449413625186,73.1331398884041,Semi-Furnished,Apartment,0,0,8,Resale,Ready to Move,,Mantri Realty Ltd.
Om Sai Sankul,3500000,411,1,1,Titwala,Beyond Thane,19.295217297811,73.2124239025258,Unfurnished,Apartment,0,21,4,Resale,Ready to Move,,Om Sai Constructions
Elite Landmark,2500000,475,1,1,Badlapur East,Beyond Thane,19.1639249,73.2459247,Semi-Furnished,Apartment,0,56,6,Resale,Ready to Move,,Elite Eco Homes
Elite Landmark,2300000,504,1,1,Badlapur East,Beyond Thane,19.1639249,73.2459247,Furnished,Apartment,0,56,6,Resale,Ready to Move,,Elite Eco Homes
Elite Landmark,2600000,490,1,1,Badlapur East,Beyond Thane,19.1639249,73.2459247,Furnished,Apartment,0,56,6,Resale,Ready to Move,,Elite Eco Homes
Mangalmurti Dham,2500000,403,1,2,Badlapur,Beyond Thane,19.1639249,73.2459247,Unfurnished,Apartment,0,8,8,Resale,Ready to Move,,Mangal Group
Mangeshi Dazzel,13000000,972,3,3,Thakurli,Beyond Thane,19.2252747701219,73.1000690723917,Furnished,Apartment,0,14,1,Resale,Ready to Move,,TANNA ASSOCIATES
Wadhwa Evergreen Heights,8500000,468,1,2,Kalwa,Thane,19.1986281463791,73.00243846035,Semi-Furnished,Apartment,0,7,7,Resale,Ready to Move,,The Wadhwa Group
Wadhwa Evergreen Heights,8200000,338,1,1,Kalwa,Thane,19.1986281463791,73.00243846035,Unfurnished,Apartment,0,7,7,Resale,Ready to Move,,The Wadhwa Group
Wadhwa Evergreen Heights,8000000,457,1,2,Kalwa,Thane,19.1986281463791,73.00243846035,Unfurnished,Apartment,0,7,7,Resale,Ready to Move,,The Wadhwa Group
Wadhwa Evergreen Heights,50000000,936,5,4,Kalwa,Thane,19.1986281463791,73.00243846035,Furnished,Apartment,0,7,7,Resale,Ready to Move,,The Wadhwa Group
Wadhwa Evergreen Heights,8200000,396,1,2,Kalwa,Thane,19.1986281463791,73.00243846035,Unfurnished,Apartment,0,7,7,Resale,Ready to Move,,The Wadhwa Group
Honest Kalyan Nagari,3500000,361,1,2,Kalyan West,Beyond Thane,19.2442606681675,73.123906730695,Semi-Furnished,Apartment,0,22,5,Resale,Ready to Move,,Honest Developers
Tata Amantra,6500000,576,2,2,Kalyan West,Beyond Thane,19.2442606681675,73.123906730695,Semi-Furnished,Apartment,0,20,5,Resale,Ready to Move,,TATA Housing Development Company Ltd.
Keshav Apartment,2900000,454,1,1,Kalyan East,Beyond Thane,19.2280216158659,73.1334807284888,Unfurnished,Apartment,0,0,2,Resale,Ready to Move,,Unknown
Dosti Oak,10500000,518,2,2,Balkum Pada,Thane,19.218154,72.993664,Semi-Furnished,Apartment,0,20,3,Resale,Ready to Move,,DOSTI REALTY
Lodha Crown,7900000,468,1,1,Majiwada,Thane,19.215865938964,72.9914374146644,Unfurnished,Apartment,0,4,6,Resale,Ready to Move,,Lodha Developers Limited
Lodha Crown,6000000,432,1,1,Majiwada,Thane,19.215865938964,72.9914374146644,Unfurnished,Apartment,0,4,6,Resale,Ready to Move,,Lodha Developers Limited
Runwal Gardens,5500000,468,2,2,Dombivli East,Beyond Thane,19.2049111648702,73.1069201060438,Unfurnished,Apartment,0,15,5,Resale,Under Construction,,Runwal Group
Kalpataru Parkcity,8900000,389,2,2,Kolshet Road,Thane,19.2321621,72.9873688,Unfurnished,Apartment,0,13,1,Resale,Under Construction,,Kalpataru Ltd.
Kalpataru Parkcity,21500000,972,3,3,Kolshet Road,Thane,19.2321621,72.9873688,Unfurnished,Apartment,0,13,1,Resale,Under Construction,,Kalpataru Ltd.
Godrej Nirvaan,8200000,428,2,2,Kalyan West,Beyond Thane,19.2442606681675,73.123906730695,Semi-Furnished,Apartment,0,45,5,Resale,Under Construction,,Godrej Properties
Ahuja Prasadam,4000000,806,2,2,Ambernath East,Beyond Thane,19.2075883274914,73.1854898657514,Unfurnished,Apartment,0,25,1,Resale,Under Construction,,Ahuja Group
Ahuja Prasadam,4800000,745,2,2,Ambernath East,Beyond Thane,19.2075883274914,73.1854898657514,Unfurnished,Apartment,0,25,1,Resale,Ready to Move,,Ahuja Group
Dosti Planet North PHASE 2,8500000,747,2,2,Shilphata,Thane,19.1465685568349,73.0399463501033,Unfurnished,Apartment,0,0,0,Resale,Ready to Move,,DOSTI REALTY
Dosti Planet North PHASE 2,7500000,482,2,2,Shilphata,Thane,19.1465685568349,73.0399463501033,Unfurnished,Apartment,0,0,0,Resale,Ready to Move,,DOSTI REALTY
Regency Anantam,11000000,634,2,2,Dombivli East,Beyond Thane,19.2049111648702,73.1069201060438,Furnished,Apartment,0,29,5,Resale,Ready to Move,,Regency Group
Regency Anantam,8500000,518,2,2,Dombivli East,Beyond Thane,19.2049111648702,73.1069201060438,Semi-Furnished,Apartment,0,29,5,Resale,Ready to Move,,Regency Group
Happy Home Sarvodaya Nagar,2800000,454,1,1,Ambernath,Beyond Thane,19.1986487504664,73.2004913077756,Unfurnished,Apartment,0,17,6,Resale,Ready to Move,,Happy Home Group
Puranik City Neral,1950000,237,1,1,Neral,Beyond Thane,19.0248210057881,73.3169473654086,Unfurnished,Apartment,0,39,0,Resale,Under Construction,,Puranik Builders Ltd.
Ashar Edge,17000000,518,2,2,Pokharan Road Number 2,Thane,19.218973,72.968099,Unfurnished,Apartment,0,49,2,Resale,Ready to Move,,Ashar Group
Lodha Crown,8500000,354,2,2,Majiwada,Thane,19.215865938964,72.9914374146644,Unfurnished,Apartment,0,4,6,Resale,Ready to Move,,Lodha Developers Limited
Lodha Crown,6500000,243,1,1,Majiwada,Thane,19.215865938964,72.9914374146644,Unfurnished,Apartment,0,4,6,Resale,Ready to Move,,Lodha Developers Limited
Lodha Crown,6000000,228,1,1,Majiwada,Thane,19.215865938964,72.9914374146644,Semi-Furnished,Apartment,0,4,6,Resale,Ready to Move,,Lodha Developers Limited
Runwal Gardens,5300000,363,2,2,Dombivli East,Beyond Thane,19.2049111648702,73.1069201060438,Unfurnished,Apartment,0,15,5,Resale,Under Construction,,Runwal Group
Runwal Gardens,3700000,336,1,1,Dombivli East,Beyond Thane,19.2049111648702,73.1069201060438,Unfurnished,Apartment,0,15,5,Resale,Under Construction,,Runwal Group
Kalpataru Parkcity,18800000,835,3,3,Kolshet Road,Thane,19.2321621,72.9873688,Unfurnished,Apartment,0,13,1,Resale,Under Construction,,Kalpataru Ltd.
Kalpataru Parkcity,10400000,478,2,2,Kolshet Road,Thane,19.2321621,72.9873688,Unfurnished,Apartment,0,13,1,Resale,Under Construction,,Kalpataru Ltd.
Kalpataru Parkcity,9600000,431,2,2,Kolshet Road,Thane,19.2321621,72.9873688,Unfurnished,Apartment,0,13,1,Resale,Under Construction,,Kalpataru Ltd.
Om Sai Towers,2800000,482,1,1,Ambernath East,Beyond Thane,19.2075883274914,73.1854898657514,Semi-Furnished,Apartment,0,10,1,Resale,Ready to Move,,Sai Construction
Lodha Palava City,4800000,454,1,1,Dombivli East,Beyond Thane,19.2049111648702,73.1069201060438,Unfurnished,Apartment,0,56,5,Resale,Ready to Move,,Lodha Developers Limited
Gala Pride Palms,13200000,598,2,2,Kolshet,Thane,19.2392002271759,72.997235034948,Semi-Furnished,Apartment,0,29,0,Resale,Ready to Move,,Gala Group
Wadhwa Elite,7200000,468,1,2,Kolshet Road,Thane,19.2321621,72.9873688,,Apartment,0,18,1,Resale,Ready to Move,,The Wadhwa Group
Arihant Aarohi,7000000,763,2,2,Shilphata,Thane,19.1465685568349,73.0399463501033,Semi-Furnished,Apartment,0,7,0,Resale,Ready to Move,,Arihant Superstructures Ltd.
Ashwin Sheth Avalon,15000000,929,2,2,Thane West,Thane,19.2083097363891,72.9724465271482,Unfurnished,Apartment,0,12,10,Resale,Ready to Move,,Ashwin Sheth Group
Omkar Heights,2100000,436,1,1,Titwala,Beyond Thane,19.295217297811,73.2124239025258,Semi-Furnished,Apartment,0,7,4,Resale,Ready to Move,,JP Infra
Gagangiri Avenue,9100000,457,2,2,Samata Nagar Thane West,Thane,19.2048674239153,72.9627715321129,Semi-Furnished,Apartment,0,11,1,Resale,Ready to Move,,Samarth Developers
Bhoomi Acres Phase 2,5200000,374,1,1,Waghbil,Thane,19.266575,72.983724,Semi-Furnished,Apartment,0,29,1,Resale,Ready to Move,,BHOOMI GROUP
Neelambari,7200000,324,1,2,Vartak Nagar,Thane,19.2123022683298,72.9624750800907,Semi-Furnished,Apartment,0,4,4,Resale,Ready to Move,,Shree Sai Baba Grihanirmiti Pvt. Ltd.
Aashapura Crown City,5200000,691,2,2,Kalyan West,Beyond Thane,19.2442606681675,73.123906730695,Unfurnished,Apartment,0,10,5,Resale,Ready to Move,,Aashapura Builders and Developers
Labdhi Gardens,2000000,486,1,2,Neral,Beyond Thane,19.0248210057881,73.3169473654086,Semi-Furnished,Apartment,0,28,0,Resale,Ready to Move,,Labdhi Lifestyles Ltd.
NX Dhruv Residency Pashane,1400000,23,1,1,Vangani,Beyond Thane,19.0925602606021,73.2971135741545,Unfurnished,Apartment,0,0,4,Resale,Ready to Move,,Unknown
Lodha Paradise,7000000,389,1,2,Majiwada,Thane,19.215865938964,72.9914374146644,Semi-Furnished,Apartment,0,51,6,Resale,Ready to Move,,Lodha Developers Limited
Highland garden,12000000,720,2,2,Dhokali,Thane,19.2258189984106,72.9837277968585,Furnished,Apartment,0,22,7,Resale,Ready to Move,,Siddhi Group
Tata Amantra,3900000,667,2,2,Kalyan,Beyond Thane,19.2449413625186,73.1331398884041,Furnished,Apartment,0,20,8,Resale,Ready to Move,,TATA Housing Development Company Ltd.
Panvelkar Green City,4200000,684,2,2,Ambernath,Beyond Thane,19.1986487504664,73.2004913077756,Unfurnished,Apartment,0,27,6,Resale,Ready to Move,,Panvelkar Group
Unnati Woods,6300000,414,1,1,Ghodbunder Road,Thane,19.2516923732421,72.9728195264109,Semi-Furnished,Apartment,0,39,4,Resale,Ready to Move,,Unnati Group
Siddhi Highland Haven,9500000,634,2,2,Balkum Pada,Thane,19.218154,72.993664,Semi-Furnished,Apartment,0,23,3,Resale,Ready to Move,,Siddhi Group
Regency Estate,7500000,864,2,2,Dombivli,Beyond Thane,19.2094006,73.0939483,Semi-Furnished,Apartment,0,24,8,Resale,Ready to Move,,Regency Group
Highland Park,7600000,396,1,1,Kolshet Road,Thane,19.2321621,72.9873688,Unfurnished,Apartment,0,48,1,Resale,Ready to Move,,Siddhi Group
Shahpur ShubhVastu ,2200000,623,2,2,Vasind,Beyond Thane,19.4059529362434,73.2634315742197,Semi-Furnished,Apartment,0,16,2,Resale,Ready to Move,,Shahpur Infrastructure
Lodha Palava City,4500000,525,1,1,Dombivli,Beyond Thane,19.2094006,73.0939483,Unfurnished,Apartment,0,56,8,Resale,Ready to Move,,Lodha Developers Limited
Rosa Oasis,11800000,752,2,2,Hiranandani Estate,Thane,19.2577957544321,72.9839623718896,Unfurnished,Apartment,0,14,4,Resale,Ready to Move,,Rosa Group
Sai Siddhant,2000000,288,1,1,Mumbra,Thane,19.1696005965932,73.0222262996538,Semi-Furnished,Apartment,0,0,7,Resale,Ready to Move,,Unknown
Brightland 2 CHS,6200000,396,1,2,Balkum Naka,Thane,19.2207044893566,72.9884938975506,Semi-Furnished,Apartment,0,0,0,Resale,Ready to Move,,Unknown
Swastik Enclave,6000000,421,1,1,Brahmand,Thane,19.2465246578817,72.9810492263649,Semi-Furnished,Apartment,0,0,3,Resale,Ready to Move,,Unknown
Runwal Garden City,7950000,385,2,2,Balkum Naka,Thane,19.2207044893566,72.9884938975506,Unfurnished,Apartment,0,0,0,Resale,Ready to Move,,The Runwal Group
Pancharatna Mahal Chs,5200000,385,1,1,Dombivli East,Beyond Thane,19.2049111648702,73.1069201060438,Unfurnished,Apartment,0,0,5,Resale,Ready to Move,,Unknown
Anunagar CHS Ltd,3990000,396,1,1,Ghodbunder Road,Thane,19.2516923732421,72.9728195264109,Furnished,Apartment,0,0,4,Resale,Ready to Move,,Unknown
Sarvodaya Swaroop,4650000,504,1,1,Thakurli,Beyond Thane,19.2252747701219,73.1000690723917,Unfurnished,Apartment,0,0,1,Resale,Ready to Move,,Mangalmurti Developers
Regency Sarvam Phase 2,3300000,515,1,1,Titwala,Beyond Thane,19.295217297811,73.2124239025258,Unfurnished,Apartment,0,0,4,Resale,Ready to Move,,Regency Group
Mohan Tulsi Vihar,3750000,752,2,2,Badlapur,Beyond Thane,19.1639249,73.2459247,Unfurnished,Apartment,0,0,8,Resale,Ready to Move,,Tulsi Estates
Vaishnavi Highlife,4350000,,1,2,Kalyan East,Beyond Thane,19.2280216158659,73.1334807284888,Unfurnished,Apartment,0,17,2,New Property,Ready to Move,,Vaishnavi Buildcon
Vaishnavi Highlife,4289000,,1,2,Kalyan East,Beyond Thane,19.2280216158659,73.1334807284888,Unfurnished,Apartment,0,17,2,New Property,Under Construction,,Vaishnavi Buildcon
Vaishnavi Highlife,4151000,,1,3,Kalyan East,Beyond Thane,19.2280216158659,73.1334807284888,Unfurnished,Apartment,0,17,2,New Property,Under Construction,,Vaishnavi Buildcon
Vaishnavi Highlife,4100000,,1,2,Kalyan East,Beyond Thane,19.2280216158659,73.1334807284888,Unfurnished,Apartment,0,17,2,New Property,Ready to Move,,Vaishnavi Buildcon
Pranjee Garden City,3250000,490,1,2,Badlapur East,Beyond Thane,19.1639249,73.2459247,Semi-Furnished,Apartment,0,29,6,Resale,Ready to Move,,Pranjee Properties Pvt. Ltd.
Raunak Delight,5000000,,1,1,Thane West,Thane,19.2083097363891,72.9724465271482,Unfurnished,Apartment,0,29,10,Resale,Ready to Move,,Raunak Group
Raunak Delight,5000000,,1,1,Thane West,Thane,19.2083097363891,72.9724465271482,Unfurnished,Apartment,0,29,10,Resale,Ready to Move,,Raunak Group
Raunak Delight,4950000,,1,1,Anand Nagar Thane West,Thane,19.2640466932527,72.9652443996319,Semi-Furnished,Apartment,0,29,4,Resale,Ready to Move,,Raunak Group
Raunak Delight,4900000,,1,2,Kasarvadavali,Thane,19.2692017640962,72.9703926869083,Unfurnished,Apartment,0,29,3,New Property,Ready to Move,,Raunak Group
Raunak Delight,4750000,,1,1,Kasarvadavali,Thane,19.2692017640962,72.9703926869083,Unfurnished,Apartment,0,29,3,Resale,Ready to Move,,Raunak Group
Vihang Vermont,6700000,327,1,2,Ghodbunder Road,Thane,19.2516923732421,72.9728195264109,Unfurnished,Apartment,0,21,4,Resale,Ready to Move,,Vihang Group
Sarvoday Square,3700000,626,2,2,Ambernath,Beyond Thane,19.1986487504664,73.2004913077756,Semi-Furnished,Apartment,0,14,6,Resale,Ready to Move,,Squarefeet Group
Sarvoday Square,3800000,720,2,2,Ambernath,Beyond Thane,19.1986487504664,73.2004913077756,Unfurnished,Apartment,0,14,6,Resale,Ready to Move,,Squarefeet Group
Sarvoday Square,3800000,432,2,2,Ambernath,Beyond Thane,19.1986487504664,73.2004913077756,Semi-Furnished,Apartment,0,14,6,Resale,Ready to Move,,Squarefeet Group
Jewel Vista,3800000,558,2,2,Badlapur,Beyond Thane,19.1639249,73.2459247,Furnished,Apartment,0,12,8,Resale,Ready to Move,,JEWEL BUILDERS AND INFRAPROJECTS LTD
Trilok Heights,4999999,479,1,1,Thakurli,Beyond Thane,19.2252747701219,73.1000690723917,Unfurnished,Apartment,0,7,1,Resale,Ready to Move,,Trilok Realty
Arihant City Phase 2,3700000,,1,1,Bhiwandi,Beyond Thane,19.2937911767008,73.0653582109139,Unfurnished,Apartment,0,12,6,New Property,Under Construction,,Arihant Group
Arihant City Phase 2,3500000,,1,2,Bhiwandi,Beyond Thane,19.2937911767008,73.0653582109139,Unfurnished,Apartment,0,12,6,New Property,Under Construction,,Arihant Group
Arihant City Phase 2,3100000,,1,2,Bhiwandi,Beyond Thane,19.2937911767008,73.0653582109139,Unfurnished,Apartment,0,12,6,Resale,Under Construction,,Arihant Group
Arihant City Phase 2,3100000,,1,2,Bhiwandi,Beyond Thane,19.2937911767008,73.0653582109139,Unfurnished,Apartment,0,12,6,New Property,Under Construction,,Arihant Group
Arihant City Phase 2,3100000,,1,2,Bhiwandi,Beyond Thane,19.2937911767008,73.0653582109139,Unfurnished,Apartment,0,12,6,New Property,Ready to Move,,Arihant Group
Matoshree Park,2100000,486,1,1,Badlapur East,Beyond Thane,19.1639249,73.2459247,Unfurnished,Apartment,0,5,6,Resale,Ready to Move,,Aakruti Group
Vinayak Gokuldham,5500000,720,2,3,Dombivli East,Beyond Thane,19.2049111648702,73.1069201060438,Furnished,Apartment,0,12,5,Resale,Ready to Move,,Vinayak Construction
Om Chintamani Residency,2400000,,1,1,Titwala,Beyond Thane,19.295217297811,73.2124239025258,Unfurnished,Apartment,0,2,4,Resale,Ready to Move,,Unknown
Om Chintamani Residency,4200000,,2,2,Titwala,Beyond Thane,19.295217297811,73.2124239025258,Unfurnished,Apartment,0,2,4,Resale,Ready to Move,,Unknown
Om Chintamani Residency,4200000,,2,2,Titwala,Beyond Thane,19.295217297811,73.2124239025258,Unfurnished,Apartment,0,2,4,Resale,Ready to Move,,Unknown
Om Sai Apartments,3500000,486,1,1,Dombivli East,Beyond Thane,19.2049111648702,73.1069201060438,Semi-Furnished,Apartment,0,10,5,Resale,Ready to Move,,Om Sai Constructions
Sai Ganesh Darshan,2200000,302,1,1,Dombivli East,Beyond Thane,19.2049111648702,73.1069201060438,Unfurnished,Apartment,0,9,5,Resale,Ready to Move,,Om Sai Ganesh Developer
Sai Ganesh Darshan,2700000,400,1,1,Dombivli East,Beyond Thane,19.2049111648702,73.1069201060438,Unfurnished,Apartment,0,9,5,Resale,Ready to Move,,Om Sai Ganesh Developer
Sai Gaurav,9000000,612,2,2,Kalyan West,Beyond Thane,19.2442606681675,73.123906730695,Furnished,Apartment,0,10,5,Resale,Ready to Move,,Western Arch Enterprises
Lodha Amara,7200000,326,1,2,Kolshet Road,Thane,19.2321621,72.9873688,Unfurnished,Apartment,0,42,1,Resale,Ready to Move,,Lodha Developers Limited
Lodha Amara,20000000,853,3,3,Kolshet Road,Thane,19.2321621,72.9873688,Furnished,Apartment,0,42,1,Resale,Ready to Move,,Lodha Developers Limited
Lodha Amara,8000000,374,1,2,Kolshet Road,Thane,19.2321621,72.9873688,Semi-Furnished,Apartment,0,42,1,Resale,Ready to Move,,Lodha Developers Limited
Lodha Amara,19000000,652,3,3,Kolshet Road,Thane,19.2321621,72.9873688,Furnished,Apartment,0,42,1,Resale,Ready to Move,,Lodha Developers Limited
Lodha Amara,19000000,793,3,3,Kolshet Road,Thane,19.2321621,72.9873688,Furnished,Apartment,0,42,1,Resale,Ready to Move,,Lodha Developers Limited
Lodha Amara,11500000,468,2,2,Kolshet Road,Thane,19.2321621,72.9873688,Furnished,Apartment,0,42,1,Resale,Ready to Move,,Lodha Developers Limited
Lodha Amara,11000000,648,2,2,Kolshet Road,Thane,19.2321621,72.9873688,Unfurnished,Apartment,0,42,1,Resale,Ready to Move,,Lodha Developers Limited
Lodha Amara,7500000,526,1,2,Kolshet Road,Thane,19.2321621,72.9873688,Semi-Furnished,Apartment,0,42,1,Resale,Ready to Move,,Lodha Developers Limited
Lodha Amara,13500000,684,2,2,Kolshet Road,Thane,19.2321621,72.9873688,Furnished,Apartment,0,42,1,Resale,Ready to Move,,Lodha Developers Limited
Lodha Amara,9500000,626,2,2,Kolshet Road,Thane,19.2321621,72.9873688,Unfurnished,Apartment,0,42,1,Resale,Ready to Move,,Lodha Developers Limited
Lodha Amara,11800000,522,2,2,Kolshet Road,Thane,19.2321621,72.9873688,Unfurnished,Apartment,0,42,1,Resale,Under Construction,,Lodha Developers Limited
Lodha Amara,10500000,457,2,2,Kolshet Road,Thane,19.2321621,72.9873688,Unfurnished,Apartment,0,42,1,Resale,Under Construction,,Lodha Developers Limited
Lodha Amara,17600000,695,3,3,Kolshet Road,Thane,19.2321621,72.9873688,Unfurnished,Apartment,0,42,1,Resale,Ready to Move,,Lodha Developers Limited
Lodha Amara,8500000,421,2,2,Kolshet Road,Thane,19.2321621,72.9873688,Unfurnished,Apartment,0,42,1,Resale,Ready to Move,,Lodha Developers Limited
Lodha Amara,11700000,520,2,2,Kolshet Road,Thane,19.2321621,72.9873688,Unfurnished,Apartment,0,42,1,Resale,Under Construction,,Lodha Developers Limited
Lodha Amara,10800000,484,2,2,Kolshet Road,Thane,19.2321621,72.9873688,Unfurnished,Apartment,0,42,1,Resale,Under Construction,,Lodha Developers Limited
Lodha Amara,18000000,690,3,3,Kolshet Road,Thane,19.2321621,72.9873688,Unfurnished,Apartment,0,42,1,Resale,Under Construction,,Lodha Developers Limited
Lodha Amara,7200000,324,1,2,Kolshet Road,Thane,19.2321621,72.9873688,Unfurnished,Apartment,0,42,1,Resale,Under Construction,,Lodha Developers Limited
Lodha Amara,11000000,612,2,2,Kolshet Road,Thane,19.2321621,72.9873688,Unfurnished,Apartment,0,42,1,Resale,Ready to Move,,Lodha Developers Limited
Lodha Amara,8000000,413,1,2,Kolshet Road,Thane,19.2321621,72.9873688,Unfurnished,Apartment,0,42,1,Resale,Ready to Move,,Lodha Developers Limited
Lodha Amara,23400000,1040,4,4,Kolshet Road,Thane,19.2321621,72.9873688,Unfurnished,Apartment,0,42,1,Resale,Under Construction,,Lodha Developers Limited
Lodha Amara,11500000,749,2,2,Kolshet Road,Thane,19.2321621,72.9873688,Semi-Furnished,Apartment,0,42,1,Resale,Ready to Move,,Lodha Developers Limited
Lodha Amara,16500000,1008,3,3,Kolshet Road,Thane,19.2321621,72.9873688,Semi-Furnished,Apartment,0,42,1,Resale,Ready to Move,,Lodha Developers Limited
Lodha Amara,8000000,468,1,2,Kolshet Road,Thane,19.2321621,72.9873688,Semi-Furnished,Apartment,0,42,1,Resale,Ready to Move,,Lodha Developers Limited
Lodha Amara,7500000,297,1,2,Kolshet Road,Thane,19.2321621,72.9873688,Unfurnished,Apartment,0,42,1,Resale,Ready to Move,,Lodha Developers Limited
Lodha Amara,8700000,635,2,2,Kolshet Road,Thane,19.2321621,72.9873688,Furnished,Apartment,0,42,1,Resale,Ready to Move,,Lodha Developers Limited
Lodha Amara,15000000,907,3,3,Kolshet Road,Thane,19.2321621,72.9873688,Unfurnished,Apartment,0,42,1,Resale,Ready to Move,,Lodha Developers Limited
Lodha Amara,9000000,497,2,2,Kolshet Road,Thane,19.2321621,72.9873688,Semi-Furnished,Apartment,0,42,1,Resale,Ready to Move,,Lodha Developers Limited
Lodha Amara,11500000,497,2,2,Kolshet Road,Thane,19.2321621,72.9873688,Semi-Furnished,Apartment,0,42,1,Resale,Ready to Move,,Lodha Developers Limited
Lodha Amara,11500000,497,2,2,Kolshet Road,Thane,19.2321621,72.9873688,Semi-Furnished,Apartment,0,42,1,Resale,Ready to Move,,Lodha Developers Limited
Mohan Nano Estates,2800000,468,1,2,Ambernath West,Beyond Thane,19.2107415190685,73.1908213734783,Unfurnished,Apartment,0,14,2,Resale,Ready to Move,,Mohan Group
Krishna Anand,15000000,1274,3,3,Kalyan East,Beyond Thane,19.2280216158659,73.1334807284888,Unfurnished,Apartment,0,9,2,Resale,Ready to Move,,Gopal Krishna Developers
Ashtavinayak Complex,3000000,414,1,1,Kasheli,Beyond Thane,19.2301651,73.0171568,Unfurnished,Apartment,0,6,2,Resale,Ready to Move,,Abhishek Enterprises
Ashar Axis,7900000,333,1,2,Majiwada,Thane,19.215865938964,72.9914374146644,Unfurnished,Apartment,0,24,6,Resale,Under Construction,,Ashar Group
Ashar Axis,13900000,488,2,2,Majiwada,Thane,19.215865938964,72.9914374146644,Unfurnished,Apartment,0,24,6,Resale,Under Construction,,Ashar Group
Rustomjee Uptown Urbania,11500000,495,2,2,Thane West,Thane,19.2083097363891,72.9724465271482,Furnished,Apartment,0,56,10,Resale,Ready to Move,,Rustomjee
Rustomjee Uptown Urbania,11500000,492,2,2,Thane West,Thane,19.2083097363891,72.9724465271482,Unfurnished,Apartment,0,56,10,Resale,Under Construction,,Rustomjee
Rustomjee Uptown Urbania,7300000,346,1,2,Thane West,Thane,19.2083097363891,72.9724465271482,Unfurnished,Apartment,0,56,10,Resale,Under Construction,,Rustomjee
Rustomjee Uptown Urbania,7300000,346,1,2,Thane West,Thane,19.2083097363891,72.9724465271482,Unfurnished,Apartment,0,56,10,Resale,Under Construction,,Rustomjee
Rustomjee Uptown Urbania,11700000,492,2,2,Thane West,Thane,19.2083097363891,72.9724465271482,Unfurnished,Apartment,0,56,10,Resale,Under Construction,,Rustomjee
Rustomjee Uptown Urbania,7800000,346,1,2,Thane West,Thane,19.2083097363891,72.9724465271482,Unfurnished,Apartment,0,56,10,Resale,Under Construction,,Rustomjee
Rustomjee Uptown Urbania,7800000,346,1,2,Thane West,Thane,19.2083097363891,72.9724465271482,Unfurnished,Apartment,0,56,10,Resale,Under Construction,,Rustomjee
Lodha Codename Premier,7900000,792,3,2,Dombivli East,Beyond Thane,19.2049111648702,73.1069201060438,Unfurnished,Apartment,0,28,5,Resale,Under Construction,,Lodha Developers Limited
Prime Balaji Heights,2200000,461,1,1,Badlapur,Beyond Thane,19.1639249,73.2459247,Unfurnished,Apartment,0,0,8,Resale,Ready to Move,,Unknown
Devashree Park,13500000,864,3,3,Kolshet,Thane,19.2392002271759,72.997235034948,Semi-Furnished,Apartment,0,0,0,Resale,Ready to Move,,Unknown
Shree ganesh tower,8500000,414,1,1,Thane West,Thane,19.2083097363891,72.9724465271482,Unfurnished,Apartment,0,0,10,Resale,Ready to Move,,Unknown
Hiranandani Rodas Enclave Woodpark,16500000,749,2,2,Patlipada,Thane,19.2416002035523,72.9711756289089,Semi-Furnished,Apartment,0,0,3,Resale,Ready to Move,,Unknown
Siddheshwar Garden,14000000,749,2,2,Dhokali,Thane,19.2258189984106,72.9837277968585,Unfurnished,Apartment,0,0,7,Resale,Ready to Move,,Unknown
Siddeshwar Garden,12500000,641,2,2,Dhokali,Thane,19.2258189984106,72.9837277968585,Furnished,Apartment,0,0,7,Resale,Ready to Move,,Unknown
Crown Lodha Quality Homes,5300000,266,1,1,Majiwada,Thane,19.215865938964,72.9914374146644,Unfurnished,Apartment,0,4,6,Resale,Ready to Move,,Lodha Developers Limited
Runwal Garden City,12700000,724,2,2,Balkum Naka,Thane,19.2207044893566,72.9884938975506,Furnished,Apartment,0,0,0,Resale,Ready to Move,,The Runwal Group
Shivling Residency,2400000,389,1,1,Ambernath,Beyond Thane,19.1986487504664,73.2004913077756,Semi-Furnished,Apartment,0,0,6,Resale,Ready to Move,,Unknown
Rustomjee Azziano,16500000,611,2,2,Balkum Pada,Thane,19.218154,72.993664,Unfurnished,Apartment,0,21,3,Resale,Ready to Move,,Rustomjee
Tulsi City Phase II,2200000,443,1,2,Badlapur,Beyond Thane,19.1639249,73.2459247,Unfurnished,Apartment,0,0,8,Resale,Ready to Move,,Unknown
Purshottam Plaza,6200000,547,2,2,Kasarvadavali,Thane,19.2692017640962,72.9703926869083,Unfurnished,Apartment,0,0,3,Resale,Ready to Move,,Unknown
DB Parkwoods Tower D5,12000000,720,2,2,Ghodbunder Road,Thane,19.2516923732421,72.9728195264109,Unfurnished,Apartment,0,0,4,Resale,Ready to Move,,Unknown
Highland Park CHS,7500000,468,1,2,Dhokali,Thane,19.2258189984106,72.9837277968585,Semi-Furnished,Apartment,0,0,7,Resale,Ready to Move,,Unknown
Runwal Garden City,12500000,576,2,2,Balkum Naka,Thane,19.2207044893566,72.9884938975506,Unfurnished,Apartment,0,0,0,Resale,Ready to Move,,The Runwal Group
Unkown,2900000,350,1,1,,Thane,,,Unfurnished,Apartment,0,0,0,Resale,Ready to Move,,Unknown
Ekdanta New Suraj Tower,12500000,720,2,2,Pokharan Road Number 1,Thane,19.212969,72.959552,Unfurnished,Apartment,0,0,4,Resale,Ready to Move,,Ekdanta Constructions and Developers
Palava Downtown,5900000,792,2,2,Dombivli,Beyond Thane,19.2094006,73.0939483,Unfurnished,Apartment,0,37,8,Resale,Ready to Move,,Palava Downtown
Kavya Residency,5500000,461,1,1,Ghodbunder Road,Thane,19.2516923732421,72.9728195264109,Unfurnished,Apartment,0,26,4,Resale,Ready to Move,,Kavya Buildcon Pvt. Ltd.
Kavya Residency,6000000,446,1,1,Ghodbunder Road,Thane,19.2516923732421,72.9728195264109,Furnished,Apartment,0,26,4,Resale,Ready to Move,,Kavya Buildcon Pvt. Ltd.
Pushpanjali Residency Phase III,5600000,288,1,2,Owale,Thane,19.2721014587378,72.958646491161,Unfurnished,Apartment,0,18,10,Resale,Ready to Move,,Shriraam Pioneer Developers Private Limited
Vasant Park,4300000,468,1,1,Kalyan West,Beyond Thane,19.2442606681675,73.123906730695,Unfurnished,Apartment,0,35,5,Resale,Ready to Move,,Vasant Builders
Vasant Park,4400000,461,1,1,Kalyan West,Beyond Thane,19.2442606681675,73.123906730695,Semi-Furnished,Apartment,0,35,5,Resale,Ready to Move,,Vasant Builders
Vasant Park,4300000,464,1,1,Kalyan West,Beyond Thane,19.2442606681675,73.123906730695,Semi-Furnished,Apartment,0,35,5,Resale,Ready to Move,,Vasant Builders
Raunak City,3600000,396,1,1,Kalyan,Beyond Thane,19.2449413625186,73.1331398884041,Unfurnished,Apartment,0,13,8,Resale,Ready to Move,,Raunak Group
Raunak City,3700000,433,1,1,Kalyan,Beyond Thane,19.2449413625186,73.1331398884041,Semi-Furnished,Apartment,0,13,8,Resale,Ready to Move,,Raunak Group
Raunak City,3500000,439,1,1,Kalyan,Beyond Thane,19.2449413625186,73.1331398884041,Semi-Furnished,Apartment,0,13,8,Resale,Ready to Move,,Raunak Group
Raunak City,3700000,306,1,1,Kalyan,Beyond Thane,19.2449413625186,73.1331398884041,Semi-Furnished,Apartment,0,13,8,Resale,Ready to Move,,Raunak Group
Rosalie,9500000,1030,3,3,Kalyan West,Beyond Thane,19.2442606681675,73.123906730695,Unfurnished,Apartment,0,21,5,Resale,Ready to Move,,Tharwani Infrastructures
Sai Samarth,5800000,951,2,2,Kalyan East,Beyond Thane,19.2280216158659,73.1334807284888,Furnished,Apartment,0,2,2,Resale,Ready to Move,,Madan Chikankar
Swastik Apartment,9600000,497,1,1,Kalyan East,Beyond Thane,19.2280216158659,73.1334807284888,Unfurnished,Apartment,0,12,2,Resale,Ready to Move,,Hindustan Enterprise
Swastik Apartment,9000000,576,2,2,Kalyan East,Beyond Thane,19.2280216158659,73.1334807284888,Semi-Furnished,Apartment,0,12,2,Resale,Ready to Move,,Hindustan Enterprise
Vasant Valley,12500000,1148,4,3,Kalyan,Beyond Thane,19.2449413625186,73.1331398884041,Unfurnished,Apartment,0,9,8,Resale,Ready to Move,,RC Infrastructure
Aai Ekveera,3000000,407,1,1,Kalyan East,Beyond Thane,19.2280216158659,73.1334807284888,Unfurnished,Apartment,0,7,2,Resale,Ready to Move,,BBA Infrastructures Ltd.
Balaji Apartment,4000000,378,1,1,Kalyan East,Beyond Thane,19.2280216158659,73.1334807284888,Unfurnished,Apartment,0,5,2,Resale,Ready to Move,,Balaji Constructions
Balaji Apartment,4100000,400,1,1,Kalyan East,Beyond Thane,19.2280216158659,73.1334807284888,Unfurnished,Apartment,0,5,2,Resale,Ready to Move,,Balaji Constructions
Ambika Apartment,1800000,360,1,1,Kalyan East,Beyond Thane,19.2280216158659,73.1334807284888,Unfurnished,Apartment,0,2,2,Resale,Ready to Move,,MATHRE ENTERPRISE
Ambika Apartment,1800000,356,1,1,Kalyan East,Beyond Thane,19.2280216158659,73.1334807284888,Unfurnished,Apartment,0,2,2,Resale,Ready to Move,,MATHRE ENTERPRISE
Ravindra Galaxy,4560000,648,2,2,Titwala,Beyond Thane,19.295217297811,73.2124239025258,Unfurnished,Apartment,0,19,4,Resale,Ready to Move,,Shree Shivnadan Combines
Silver Residency,7000000,582,2,2,Bhiwandi,Beyond Thane,19.2937911767008,73.0653582109139,Semi-Furnished,Apartment,0,11,6,Resale,Ready to Move,,Samruddhi Group
Yogi Dham,6500000,641,2,2,Kalyan,Beyond Thane,19.2449413625186,73.1331398884041,Semi-Furnished,Apartment,0,6,8,Resale,Ready to Move,,Ajmera Realty
Yogi Dham,8800000,821,3,3,Kalyan,Beyond Thane,19.2449413625186,73.1331398884041,Semi-Furnished,Apartment,0,6,8,Resale,Ready to Move,,Ajmera Realty
Abhishek Florida,2200000,441,1,1,Neral,Beyond Thane,19.0248210057881,73.3169473654086,Unfurnished,Apartment,0,21,0,Resale,Ready to Move,,Soft Corner
Abhishek Florida,1700000,459,1,1,Neral,Beyond Thane,19.0248210057881,73.3169473654086,Unfurnished,Apartment,0,21,0,Resale,Ready to Move,,Soft Corner
Risali JP Symphony,4000000,662,2,2,Ambernath East,Beyond Thane,19.2075883274914,73.1854898657514,Semi-Furnished,Apartment,0,32,1,Resale,Ready to Move,,Risali Developers
Mahalaxmi Heights,7200000,688,2,2,Dombivli East,Beyond Thane,19.2049111648702,73.1069201060438,Furnished,Apartment,0,9,5,Resale,Ready to Move,,EKVEERA GROUPS
Aditya Royale,2700000,472,1,1,Ambernath,Beyond Thane,19.1986487504664,73.2004913077756,Unfurnished,Apartment,0,23,6,Resale,Ready to Move,,Aditya Parivar
Unkown,3200000,792,2,2,,Thane,,,Unfurnished,Apartment,0,0,0,Resale,Ready to Move,,Unknown
Unkown,10000000,639,2,2,Bhayandarpada,Thane,19.288128,72.949629,Unfurnished,Apartment,0,0,0,Resale,Ready to Move,,Unknown
Unkown,5800000,308,1,2,Bhayandarpada,Thane,19.288128,72.949629,Semi-Furnished,Apartment,0,0,0,Resale,Ready to Move,,Unknown
Unkown,5100000,489,1,1,Dombivli East,Beyond Thane,19.2049111648702,73.1069201060438,Unfurnished,Apartment,0,0,5,Resale,Ready to Move,,Unknown
Unkown,6700000,432,1,2,Anand Nagar Thane West,Thane,19.2640466932527,72.9652443996319,Furnished,Apartment,0,0,4,Resale,Ready to Move,,Unknown
Unkown,13500000,695,2,2,Kasarvadavali,Thane,19.2692017640962,72.9703926869083,Unfurnished,Apartment,0,0,3,Resale,Ready to Move,,Unknown
Unkown,3453000,669,1,1,Karjat,Beyond Thane,18.9112989,73.328189,Semi-Furnished,Apartment,0,0,2,Resale,Ready to Move,,Unknown
Unkown,5000000,612,1,1,Dombivli West,Beyond Thane,19.2174682509913,73.0750339345098,Semi-Furnished,Apartment,0,0,2,Resale,Under Construction,,Unknown
Unkown,12500000,346,1,1,Manpada Thane West,Thane,19.2307690829993,72.973592548318,Unfurnished,Apartment,0,0,3,Resale,Ready to Move,,Unknown
Unkown,6200000,432,1,1,Owale,Thane,19.2721014587378,72.958646491161,Semi-Furnished,Apartment,0,0,10,Resale,Ready to Move,,Unknown
Unkown,5700000,426,2,1,Owale,Thane,19.2721014587378,72.958646491161,Semi-Furnished,Apartment,0,0,10,Resale,Ready to Move,,Unknown
Unkown,1800000,461,1,1,Karjat,Beyond Thane,18.9112989,73.328189,Unfurnished,Apartment,0,0,2,Resale,Ready to Move,,Unknown
Unkown,1075000,228,1,1,Karjat,Beyond Thane,18.9112989,73.328189,Unfurnished,Apartment,0,0,2,Resale,Ready to Move,,Unknown
Unkown,7600000,529,1,2,Kasarvadavali,Thane,19.2692017640962,72.9703926869083,Semi-Furnished,Apartment,0,0,3,Resale,Ready to Move,,Unknown
Unkown,7200000,497,1,2,,Thane,,,Semi-Furnished,Apartment,0,0,0,Resale,Ready to Move,,Unknown
Unkown,11500000,828,2,2,Anand Nagar Thane West,Thane,19.2640466932527,72.9652443996319,Unfurnished,Apartment,0,0,4,Resale,Ready to Move,,Unknown
Unkown,7500000,522,1,2,Kavesar,Thane,19.2607077539498,72.9725861660124,Furnished,Apartment,0,0,4,Resale,Ready to Move,,Unknown
Unkown,8100000,583,2,2,Kasarvadavali,Thane,19.2692017640962,72.9703926869083,Semi-Furnished,Apartment,0,0,3,Resale,Ready to Move,,Unknown
Unkown,2000000,392,1,1,Karjat,Beyond Thane,18.9112989,73.328189,Unfurnished,Apartment,0,0,2,Resale,Ready to Move,,Unknown
Unkown,3500000,540,1,2,Karjat,Beyond Thane,18.9112989,73.328189,Unfurnished,Apartment,0,0,2,Resale,Ready to Move,,Unknown
Unkown,1800000,352,1,1,Karjat,Beyond Thane,18.9112989,73.328189,Unfurnished,Apartment,0,0,2,Resale,Under Construction,,Unknown
Unkown,10000000,450,2,2,,Thane,,,Furnished,Apartment,0,0,0,Resale,Ready to Move,,Unknown
Unkown,7200000,396,1,2,Pokhran Road,Thane,19.2070940767958,72.9568656970685,Furnished,Apartment,0,0,3,Resale,Ready to Move,,Unknown
Unkown,15000000,756,2,2,Pokharan Road Number 1,Thane,19.212969,72.959552,Furnished,Apartment,0,0,4,Resale,Ready to Move,,Unknown
Unkown,4700000,411,1,2,Kasarvadavali,Thane,19.2692017640962,72.9703926869083,Unfurnished,Apartment,0,0,3,Resale,Ready to Move,,Unknown
Unkown,3000000,601,2,2,Karjat,Beyond Thane,18.9112989,73.328189,Semi-Furnished,Apartment,0,0,2,Resale,Ready to Move,,Unknown
Unkown,2350000,623,2,2,Dahivali,Beyond Thane,19.1303459699129,73.2441715490011,Semi-Furnished,Apartment,0,0,0,Resale,Ready to Move,,Unknown
Unkown,12500000,853,2,2,Anand Nagar Thane West,Thane,19.2640466932527,72.9652443996319,Semi-Furnished,Apartment,0,0,4,Resale,Ready to Move,,Unknown
Unkown,7000000,468,1,1,Thane West,Thane,19.2083097363891,72.9724465271482,Furnished,Apartment,0,0,10,Resale,Ready to Move,,Unknown
Unkown,10000000,522,2,2,Kasarvadavali,Thane,19.2692017640962,72.9703926869083,Furnished,Apartment,0,0,3,Resale,Ready to Move,,Unknown
Vaishnavi Heights,4500000,396,1,2,Kalyan,Beyond Thane,19.2449413625186,73.1331398884041,Unfurnished,Apartment,0,29,8,Resale,Under Construction,,Vaishnavi Developer
Niraj City Phase 2,6500000,684,2,2,Kalyan,Beyond Thane,19.2449413625186,73.1331398884041,Unfurnished,Apartment,0,22,8,Resale,Ready to Move,,Shree Samarth Developers
Nisarg Park,3300000,630,2,2,Badlapur,Beyond Thane,19.1639249,73.2459247,Unfurnished,Apartment,0,11,8,Resale,Ready to Move,,Karmakushalta Developer
Lodha Palava Township,4000000,,1,1,Shilphata,Thane,19.1465685568349,73.0399463501033,Unfurnished,Apartment,0,18,0,Resale,Ready to Move,,Lodha Developers Limited
Mohan Willows,4400000,497,1,2,Badlapur East,Beyond Thane,19.1639249,73.2459247,Unfurnished,Apartment,0,16,6,Resale,Ready to Move,,Mohan Group
Sai Plaza,1800000,245,1,1,Ambivli,Beyond Thane,19.265744998267,73.1731540259384,Semi-Furnished,Apartment,0,10,4,Resale,Ready to Move,,Sai Construction
PurnShanti Heights,13000000,569,2,2,Jambli Naka,Thane,19.193889,72.978852,Furnished,Apartment,0,20,0,Resale,Ready to Move,,East India Earth Movers
PurnShanti Heights,13500000,720,2,2,Jambli Naka,Thane,19.193889,72.978852,Semi-Furnished,Apartment,0,20,0,Resale,Ready to Move,,East India Earth Movers
Triaxis Rose Garden,1800000,491,1,1,Asangaon,Beyond Thane,19.4390197,73.3030715,Unfurnished,Apartment,0,11,2,Resale,Ready to Move,,Triaxis
Triaxis Rose Garden,2000000,360,1,1,Asangaon,Beyond Thane,19.4390197,73.3030715,Unfurnished,Apartment,0,11,2,Resale,Ready to Move,,Triaxis
Shashwat Vaastu,2200000,464,1,2,Asangaon,Beyond Thane,19.4390197,73.3030715,Unfurnished,Apartment,0,11,2,Resale,Ready to Move,,Shashwat Group Builders
Hari Om Pooja,4800000,446,1,1,Dombivli West,Beyond Thane,19.2174682509913,73.0750339345098,Furnished,Apartment,0,10,2,Resale,Ready to Move,,Reputed Builder
Kubera Hills,2800000,569,2,1,Shahad,Beyond Thane,19.2471260600397,73.1614974632623,Unfurnished,Apartment,0,25,6,Resale,Ready to Move,,Kuber Constructions
Versatile Omkar Heights,4200000,500,1,1,Dombivli East,Beyond Thane,19.2049111648702,73.1069201060438,Furnished,Apartment,0,16,5,Resale,Ready to Move,,Ganga Estate Developers
Sarvodaya Trilok,4700000,432,1,1,Thakurli,Beyond Thane,19.2252747701219,73.1000690723917,Semi-Furnished,Apartment,0,12,1,Resale,Ready to Move,,Happy Home Projects
Sarvodaya Trilok,5200000,479,1,1,Thakurli,Beyond Thane,19.2252747701219,73.1000690723917,Unfurnished,Apartment,0,12,1,Resale,Ready to Move,,Happy Home Projects
Sarvodaya Trilok,6000000,569,2,2,Thakurli,Beyond Thane,19.2252747701219,73.1000690723917,Unfurnished,Apartment,0,12,1,Resale,Ready to Move,,Happy Home Projects
Shanti Niketan,5000000,510,1,2,Dombivli,Beyond Thane,19.2094006,73.0939483,Unfurnished,Apartment,0,11,8,Resale,Ready to Move,,Anmol Associate
Kashish Galaxy,6500000,612,2,2,Thakurli,Beyond Thane,19.2252747701219,73.1000690723917,Furnished,Apartment,0,17,1,Resale,Ready to Move,,Gauri Vinayak Builders
Lodha DownTown,4000000,307,1,2,Dombivli,Beyond Thane,19.2094006,73.0939483,Unfurnished,Apartment,0,55,8,Resale,Ready to Move,,Lodha Developers Limited
Lodha Downtown Palava,8400000,789,2,2,Palava City,Beyond Thane,19.1680134933867,73.0730851842052,Furnished,Apartment,0,54,6,Resale,Ready to Move,,Lodha Developers Limited
Lodha Downtown Palava,7500000,432,2,2,Palava City,Beyond Thane,19.1680134933867,73.0730851842052,Unfurnished,Apartment,0,54,6,Resale,Ready to Move,,Lodha Developers Limited
Lodha Downtown Palava,7000000,720,2,2,Palava City,Beyond Thane,19.1680134933867,73.0730851842052,Unfurnished,Apartment,0,54,6,Resale,Ready to Move,,Lodha Developers Limited
Lodha Downtown Palava,7000000,1044,2,2,Palava City,Beyond Thane,19.1680134933867,73.0730851842052,Furnished,Apartment,0,54,6,Resale,Ready to Move,,Lodha Developers Limited
Puranik Durgesh Park,15000000,1152,4,3,Bhiwandi,Beyond Thane,19.2937911767008,73.0653582109139,Semi-Furnished,Apartment,0,10,6,Resale,Ready to Move,,Puranik Builders ltd.
Eden Homes,1500000,187,1,1,Neral,Beyond Thane,19.0248210057881,73.3169473654086,Semi-Furnished,Apartment,0,15,0,Resale,Ready to Move,,Elements Group
Atharva Apartment,3200000,392,1,1,Bhiwandi,Beyond Thane,19.2937911767008,73.0653582109139,Semi-Furnished,Apartment,0,20,6,Resale,Ready to Move,,Lucky Group
Atharva Apartment,8500000,900,3,3,Bhiwandi,Beyond Thane,19.2937911767008,73.0653582109139,Semi-Furnished,Apartment,0,20,6,Resale,Ready to Move,,Lucky Group
Atharva Apartment,3599000,230,1,1,Bhiwandi,Beyond Thane,19.2937911767008,73.0653582109139,Unfurnished,Apartment,0,20,6,Resale,Ready to Move,,Lucky Group
Amrut Paradise,9000000,641,2,2,Kalwa,Thane,19.1986281463791,73.00243846035,Unfurnished,Apartment,0,13,7,Resale,Ready to Move,,Mehata Builders
Regency Sarvam,3500000,428,1,1,Titwala,Beyond Thane,19.295217297811,73.2124239025258,Semi-Furnished,Apartment,0,21,4,Resale,Ready to Move,,Regency Group
Unkown,19000000,756,3,3,Manpada Thane West,Thane,19.2307690829993,72.973592548318,Semi-Furnished,Apartment,0,0,3,Resale,Ready to Move,,Unknown
Lodha Splendora,14000000,1080,3,3,Ghodbunder Road,Thane,19.2516923732421,72.9728195264109,Semi-Furnished,Apartment,0,48,4,Resale,Ready to Move,,Lodha Developers Limited
Lodha Splendora,7200000,353,1,2,Ghodbunder Road,Thane,19.2516923732421,72.9728195264109,Unfurnished,Apartment,0,48,4,Resale,Ready to Move,,Lodha Developers Limited
Runwal MyCity,4900000,677,2,2,Dombivli East,Beyond Thane,19.2049111648702,73.1069201060438,Unfurnished,Apartment,0,5,5,Resale,Ready to Move,,Runwal Group
Shree Drushti,8000000,482,2,2,Ghodbunder Road,Thane,19.2516923732421,72.9728195264109,Semi-Furnished,Apartment,0,10,4,Resale,Ready to Move,,Shree Group Of Companies
Lodha Casa Bella Gold,4500000,421,1,1,Dombivli East,Beyond Thane,19.2049111648702,73.1069201060438,Unfurnished,Apartment,0,20,5,Resale,Ready to Move,,Lodha Developers Limited
Lodha Casa Bella Gold,9500000,619,2,2,Dombivli East,Beyond Thane,19.2049111648702,73.1069201060438,Unfurnished,Apartment,0,20,5,Resale,Ready to Move,,Lodha Developers Limited
Lodha Casa Bella Gold,5000005,549,2,2,Dombivli East,Beyond Thane,19.2049111648702,73.1069201060438,Unfurnished,Apartment,0,20,5,Resale,Ready to Move,,Lodha Developers Limited
Lodha Casa Bella Gold,3400000,421,1,1,Dombivli East,Beyond Thane,19.2049111648702,73.1069201060438,Unfurnished,Apartment,0,20,5,Resale,Ready to Move,,Lodha Developers Limited
Lodha Casa Bella Gold,3900000,378,1,1,Dombivli East,Beyond Thane,19.2049111648702,73.1069201060438,Furnished,Apartment,0,20,5,Resale,Ready to Move,,Lodha Developers Limited
Lodha Casa Bella Gold,4000000,421,1,1,Dombivli East,Beyond Thane,19.2049111648702,73.1069201060438,Unfurnished,Apartment,0,20,5,Resale,Ready to Move,,Lodha Developers Limited
Atlanta Edenworld,2950000,572,2,2,Bhiwandi,Beyond Thane,19.2937911767008,73.0653582109139,Semi-Furnished,Apartment,0,32,6,Resale,Ready to Move,,Sai Balaji Developers
Atlanta Edenworld,3400000,572,2,2,Bhiwandi,Beyond Thane,19.2937911767008,73.0653582109139,Unfurnished,Apartment,0,32,6,Resale,Ready to Move,,Sai Balaji Developers
Atlanta Edenworld,4500000,716,2,2,Bhiwandi,Beyond Thane,19.2937911767008,73.0653582109139,Unfurnished,Apartment,0,32,6,Resale,Ready to Move,,Sai Balaji Developers
Atlanta Edenworld,3700000,572,2,2,Bhiwandi,Beyond Thane,19.2937911767008,73.0653582109139,Unfurnished,Apartment,0,32,6,Resale,Ready to Move,,Sai Balaji Developers
Atlanta Edenworld,3200000,575,2,2,Bhiwandi,Beyond Thane,19.2937911767008,73.0653582109139,Semi-Furnished,Apartment,0,32,6,Resale,Ready to Move,,Sai Balaji Developers
Atlanta Edenworld,4500000,720,2,2,Bhiwandi,Beyond Thane,19.2937911767008,73.0653582109139,Unfurnished,Apartment,0,32,6,Resale,Ready to Move,,Sai Balaji Developers
Atlanta Edenworld,3600000,572,2,2,Bhiwandi,Beyond Thane,19.2937911767008,73.0653582109139,Furnished,Apartment,0,32,6,Resale,Ready to Move,,Sai Balaji Developers
Maitri Height,7900000,377,1,2,Louis Wadi,Thane,19.1935601299051,72.9615162484242,Unfurnished,Apartment,0,0,0,Resale,Ready to Move,,Unknown
Madhav Palacia,12400000,742,2,2,Hiranandani Estate,Thane,19.2577957544321,72.9839623718896,Furnished,Apartment,0,50,4,Resale,Ready to Move,,Unknown
yesu anand hights,3700000,457,1,1,Dombivli East,Beyond Thane,19.2049111648702,73.1069201060438,Unfurnished,Apartment,0,0,5,Resale,Ready to Move,,Unknown
Pereira Nagar,14200000,619,2,2,Khopat,Thane,19.2014277501771,72.972637756513,Semi-Furnished,Apartment,0,0,4,Resale,Ready to Move,,Unknown
Yogi Dham Phase III,7400000,706,2,2,Kalyan West,Beyond Thane,19.2442606681675,73.123906730695,Semi-Furnished,Apartment,0,0,5,Resale,Ready to Move,,Unknown
Kashmira Galaxy,5500000,216,1,1,Dombivli East,Beyond Thane,19.2049111648702,73.1069201060438,Semi-Furnished,Apartment,0,0,5,Resale,Ready to Move,,Unknown
Kashmira Galaxy,3200000,443,1,1,Dombivli East,Beyond Thane,19.2049111648702,73.1069201060438,Unfurnished,Apartment,0,0,5,Resale,Ready to Move,,Unknown
Maple City,2190000,493,1,1,Badlapur West,Beyond Thane,19.1760975692482,73.2401614495576,Unfurnished,Apartment,0,0,0,Resale,Ready to Move,,ABHISHEK SHELTERS LTD.
Mohan Nano Estates,2000000,317,1,1,Ambernath West,Beyond Thane,19.2107415190685,73.1908213734783,Unfurnished,Apartment,0,14,2,Resale,Ready to Move,,Mohan Group
Mohan Nano Estates,3200000,504,1,1,Ambernath West,Beyond Thane,19.2107415190685,73.1908213734783,Unfurnished,Apartment,0,14,2,Resale,Ready to Move,,Mohan Group
Mohan Nano Estates,2200000,302,1,1,Ambernath West,Beyond Thane,19.2107415190685,73.1908213734783,Unfurnished,Apartment,0,14,2,Resale,Ready to Move,,Mohan Group
Tata Amantra,7500000,732,2,2,Kalyan,Beyond Thane,19.2449413625186,73.1331398884041,Unfurnished,Apartment,0,20,8,Resale,Ready to Move,,TATA Housing Development Company Ltd.
Tata Amantra,11000000,943,3,2,Kalyan,Beyond Thane,19.2449413625186,73.1331398884041,Unfurnished,Apartment,0,20,8,Resale,Ready to Move,,TATA Housing Development Company Ltd.
Everest Countryside Daffodil,7000000,521,2,2,Ghodbunder Road,Thane,19.2516923732421,72.9728195264109,Unfurnished,Apartment,0,18,4,Resale,Ready to Move,,Terraform Realty
Coral Heights,10000000,554,2,2,Ghodbunder Road,Thane,19.2516923732421,72.9728195264109,Furnished,Apartment,0,17,4,Resale,Ready to Move,,Coral India Finance & Housing Ltd.
Giri Kunj,7500000,605,2,2,Ghodbunder Road,Thane,19.2516923732421,72.9728195264109,Unfurnished,Apartment,0,0,4,Resale,Ready to Move,,Laxmi Developers
Kanakia Eternity,27500000,1008,3,3,Teen Hath Naka Area,Thane,19.1888629332732,72.9629527577008,Unfurnished,Apartment,0,0,3,Resale,Ready to Move,,Kanakia Spaces Realty Pvt. Ltd.
Kanakia Eternity,20500000,792,2,2,Teen Hath Naka Area,Thane,19.1888629332732,72.9629527577008,Furnished,Apartment,0,0,3,Resale,Ready to Move,,Kanakia Spaces Realty Pvt. Ltd.
Kanakia Eternity,20500000,792,2,2,Teen Hath Naka Area,Thane,19.1888629332732,72.9629527577008,Furnished,Apartment,0,0,3,Resale,Ready to Move,,Kanakia Spaces Realty Pvt. Ltd.
Rustomjee Azziano,16300000,864,3,3,Majiwada,Thane,19.215865938964,72.9914374146644,Unfurnished,Apartment,0,21,6,Resale,Ready to Move,,Rustomjee
Purushottam Heights,4000000,720,2,2,Badlapur East,Beyond Thane,19.1639249,73.2459247,Unfurnished,Apartment,0,10,6,Resale,Ready to Move,,P P Developers
Shree Krishna Heights,4500000,792,2,2,Badlapur,Beyond Thane,19.1639249,73.2459247,Semi-Furnished,Apartment,0,14,8,Resale,Ready to Move,,Dheeraj Estates Pvt. Ltd.
Shree Krishna Heights,3600000,702,2,2,Badlapur,Beyond Thane,19.1639249,73.2459247,Unfurnished,Apartment,0,14,8,Resale,Ready to Move,,Dheeraj Estates Pvt. Ltd.
Shree Krishna Heights,4400000,767,2,2,Badlapur,Beyond Thane,19.1639249,73.2459247,Unfurnished,Apartment,0,14,8,Resale,Ready to Move,,Dheeraj Estates Pvt. Ltd.
Tata Shubh Griha,1350000,352,1,1,Vasind,Beyond Thane,19.4059529362434,73.2634315742197,Unfurnished,Apartment,0,13,2,Resale,Ready to Move,,TATA Housing Development Company Ltd.
Tata Shubh Griha,1700000,352,1,1,Vasind,Beyond Thane,19.4059529362434,73.2634315742197,Unfurnished,Apartment,0,13,2,Resale,Ready to Move,,TATA Housing Development Company Ltd.
Tata Shubh Griha,1600000,352,1,1,Vasind,Beyond Thane,19.4059529362434,73.2634315742197,Unfurnished,Apartment,0,13,2,Resale,Under Construction,,TATA Housing Development Company Ltd.
Tata Shubh Griha,1500000,274,1,1,Vasind,Beyond Thane,19.4059529362434,73.2634315742197,Unfurnished,Apartment,0,13,2,Resale,Ready to Move,,TATA Housing Development Company Ltd.
Tata Shubh Griha,2000000,396,1,1,Vasind,Beyond Thane,19.4059529362434,73.2634315742197,Semi-Furnished,Apartment,0,13,2,Resale,Ready to Move,,TATA Housing Development Company Ltd.
Tata Shubh Griha,1100000,259,1,1,Vasind,Beyond Thane,19.4059529362434,73.2634315742197,Semi-Furnished,Apartment,0,13,2,Resale,Ready to Move,,TATA Housing Development Company Ltd.
Tata Shubh Griha,2200000,216,1,1,Vasind,Beyond Thane,19.4059529362434,73.2634315742197,Unfurnished,Apartment,0,13,2,Resale,Ready to Move,,TATA Housing Development Company Ltd.
Tata Shubh Griha,1600000,352,1,1,Vasind,Beyond Thane,19.4059529362434,73.2634315742197,Unfurnished,Apartment,0,13,2,Resale,Ready to Move,,TATA Housing Development Company Ltd.
Tata Shubh Griha,2000000,352,1,1,Vasind,Beyond Thane,19.4059529362434,73.2634315742197,Semi-Furnished,Apartment,0,13,2,Resale,Ready to Move,,TATA Housing Development Company Ltd.
New Rachana Park,5800000,360,1,1,Manpada Thane West,Thane,19.2307690829993,72.973592548318,Unfurnished,Apartment,0,0,3,Resale,Ready to Move,,Unknown
New Rachana Park,6100000,360,1,2,Manpada Thane West,Thane,19.2307690829993,72.973592548318,Unfurnished,Apartment,0,0,3,Resale,Ready to Move,,Unknown
Prestige Residency,9200000,691,2,2,Vijay Nagari,Thane,19.2557262335635,72.9751813427222,Unfurnished,Apartment,0,6,4,Resale,Ready to Move,,PRESCON
Prestige Residency,8200000,576,2,2,Thane West,Thane,19.2083097363891,72.9724465271482,Semi-Furnished,Apartment,0,6,10,Resale,Ready to Move,,PRESCON
Shivsai Paradise,9100000,565,1,2,Thane West,Thane,19.2083097363891,72.9724465271482,Unfurnished,Apartment,0,17,10,Resale,Ready to Move,,BHARAT REALTY
Shivsai Paradise,8200000,445,1,1,Thane West,Thane,19.2083097363891,72.9724465271482,Furnished,Apartment,0,17,10,Resale,Ready to Move,,BHARAT REALTY
Shivsai Paradise,9500000,572,1,1,Thane West,Thane,19.2083097363891,72.9724465271482,Unfurnished,Apartment,0,17,10,Resale,Ready to Move,,BHARAT REALTY
Unkown,17000000,948,3,3,Vasant Vihar,Thane,19.2239106440589,72.9678909294473,Furnished,Apartment,0,0,1,Resale,Ready to Move,,Unknown
Unkown,1575000,,,,,Thane,,,,Residential Plot,0,0,0,Resale,,,Unknown
Lodha Lakeshore Greens,6500000,910,3,3,Palava City,Beyond Thane,19.1680134933867,73.0730851842052,Semi-Furnished,Apartment,0,21,6,Resale,Ready to Move,,Lodha Developers Limited
Unkown,15100000,,2,2,,Thane,,,Furnished,Apartment,0,0,0,Resale,Ready to Move,,Unknown
Unkown,45000000,2000,3,3,Mumbai Agra National Highway,Thane,19.21134875,72.97586618,Semi-Furnished,Villa,0,0,0,New Property,Ready to Move,,Unknown
Unkown,6000000,,,,Atgaon,Beyond Thane,19.503957,73.3280377,,Industrial Building,0,0,0,Resale,Ready to Move,,Unknown
Lodha Amara,7300000,,1,2,Kolshet Road,Thane,19.2321621,72.9873688,Semi-Furnished,Apartment,0,42,1,Resale,Ready to Move,,Lodha Developers Limited
Unkown,22500000,950,3,3,Balkum Pada No 1,Thane,19.22115852,72.99070236,Unfurnished,Apartment,1,0,2,Resale,Ready to Move,,Unknown
Kabra Galaxy Star 2,11000000,,2,2,Thane West,Thane,19.2083097363891,72.9724465271482,Semi-Furnished,Apartment,0,14,10,Resale,Ready to Move,,Kabra Group
Charms Shri Kaustubh,11800000,,1,2,Thane East,Thane,19.1811808756343,72.9763405196886,Unfurnished,Apartment,0,26,6,Resale,Under Construction,1 Covered,Charms Group
Lodha Amara,10100000,618,2,2,Kolshet Road,Thane,19.2321621,72.9873688,Unfurnished,Apartment,1,42,1,New Property,Ready to Move,1 Covered,Lodha Developers Limited
Squarefeet Imperial Square,4500000,,1,1,Ghodbunder Road,Thane,19.2516923732421,72.9728195264109,Unfurnished,Apartment,0,30,4,Resale,Ready to Move,,Squarefeet Group
Unkown,14000000,850,3,3,Thane East,Thane,19.1811808756343,72.9763405196886,Semi-Furnished,Apartment,0,0,6,Resale,Ready to Move,,Unknown
Ram Pushpanjali Residency,6500000,538,1,2,Ghodbunder Road,Thane,19.2516923732421,72.9728195264109,Unfurnished,Apartment,0,36,4,New Property,Ready to Move,,Ram Developers
Raunak Residency,8250000,367,1,2,Vartak Nagar,Thane,19.2123022683298,72.9624750800907,Semi-Furnished,Apartment,0,26,4,Resale,Ready to Move,,Raunak Group
Ashar Aria,14000000,643,2,2,Kharegaon,Thane,19.2000964243507,72.9992204728793,Unfurnished,Apartment,0,21,2,Resale,Ready to Move,1 Covered,Ashar Group
Arihant Aarohi,7500000,,2,2,Dombivli,Beyond Thane,19.2094006,73.0939483,Semi-Furnished,Apartment,0,43,8,Resale,Ready to Move,,Arihant Superstructures Ltd.
Unkown,6500000,631,2,2,Kalyan East,Beyond Thane,19.2280216158659,73.1334807284888,Unfurnished,Apartment,0,0,2,Resale,Under Construction,1 Open,Unknown
Dev Ashoka,16300000,739,2,2,Jeejamata Nagar,Thane,19.1993468040348,72.96024365995,Semi-Furnished,Apartment,0,14,0,New Property,Ready to Move,,DLH
Unkown,15000000,620,2,2,Majiwada,Thane,19.215865938964,72.9914374146644,Semi-Furnished,Apartment,0,0,6,Resale,Ready to Move,1 Covered,Unknown
Runwal Pearl,20000000,825,3,2,Ghodbunder Road,Thane,19.2516923732421,72.9728195264109,Semi-Furnished,Apartment,0,35,4,Resale,Ready to Move,,Runwal Group
National Paradise,61500000,1050,,2,Panvel,Thane,18.9894007,73.1175162,Furnished,Commercial Showroom,0,2,10,Resale,Ready to Move,,National Builders
Regency Sarvam,3600000,445,1,1,Titwala,Beyond Thane,19.295217297811,73.2124239025258,Unfurnished,Apartment,0,21,4,Resale,Ready to Move,,Regency Group
Unkown,16000000,,,,,Thane,,,,Industrial Shed,0,0,0,Resale,Ready to Move,,Unknown
Unkown,8000000,,,,Murbad,Beyond Thane,19.2663415745285,73.3933927481555,,Residential Plot,0,0,3,Resale,,,Unknown
Unkown,1700000,,,,Karjat,Beyond Thane,18.9112989,73.328189,,Residential Plot,0,0,2,Resale,,,Unknown
Unkown,1800000,,,,Shahapur,Beyond Thane,19.453550664726,73.3247044251021,,Residential Plot,0,0,2,Resale,,,Unknown
Unkown,6300000,,1,1,Kolshet,Thane,19.2392002271759,72.997235034948,Unfurnished,Apartment,0,0,0,Resale,Ready to Move,,Unknown
Hiranandani The Walk Ventana,10000000,419,1,2,Hiranandani Estate,Thane,19.2577957544321,72.9839623718896,Semi-Furnished,Apartment,0,23,4,Resale,Ready to Move,1 Covered,Hiranandani Group
Lodha Splendora,14000000,,3,3,Ghodbunder Road,Thane,19.2516923732421,72.9728195264109,Semi-Furnished,Apartment,0,48,4,Resale,Ready to Move,,Lodha Developers Limited
Suraksha Orovia Phase 1,6200000,384,1,2,Waghbil,Thane,19.266575,72.983724,Unfurnished,Apartment,0,4,1,New Property,Ready to Move,,Vijay Suraksha Realty LLP
Ashtavinayak Residency,2800000,483,1,1,Ambernath,Beyond Thane,19.1986487504664,73.2004913077756,Unfurnished,Apartment,0,11,6,Resale,Ready to Move,,Ashtavinayak Enterprises
Lodha Palava,4500000,486,1,2,Dombivli East,Beyond Thane,19.2049111648702,73.1069201060438,Unfurnished,Apartment,0,54,5,Resale,Ready to Move,,Lodha Developers Limited
Lodha Palava,5000000,648,2,2,Dombivli East,Beyond Thane,19.2049111648702,73.1069201060438,Unfurnished,Apartment,0,54,5,Resale,Ready to Move,,Lodha Developers Limited
Lodha Palava,5600000,468,2,2,Dombivli East,Beyond Thane,19.2049111648702,73.1069201060438,Unfurnished,Apartment,0,54,5,Resale,Ready to Move,,Lodha Developers Limited
Lodha Palava,6800000,737,2,2,Dombivli East,Beyond Thane,19.2049111648702,73.1069201060438,Furnished,Apartment,0,54,5,Resale,Ready to Move,,Lodha Developers Limited
Lodha Palava,5800000,540,2,2,Dombivli East,Beyond Thane,19.2049111648702,73.1069201060438,Unfurnished,Apartment,0,54,5,Resale,Ready to Move,,Lodha Developers Limited
Lodha Palava,5600000,490,2,2,Dombivli East,Beyond Thane,19.2049111648702,73.1069201060438,Unfurnished,Apartment,0,54,5,Resale,Ready to Move,,Lodha Developers Limited
Lodha Palava,4400000,562,1,2,Dombivli East,Beyond Thane,19.2049111648702,73.1069201060438,Unfurnished,Apartment,0,54,5,Resale,Ready to Move,,Lodha Developers Limited
Lodha Palava,3900000,505,1,1,Dombivli East,Beyond Thane,19.2049111648702,73.1069201060438,Semi-Furnished,Apartment,0,54,5,Resale,Ready to Move,,Lodha Developers Limited
Lodha Palava,4500000,562,2,2,Dombivli East,Beyond Thane,19.2049111648702,73.1069201060438,Semi-Furnished,Apartment,0,54,5,Resale,Ready to Move,,Lodha Developers Limited
Lodha Palava,5800000,351,1,1,Dombivli East,Beyond Thane,19.2049111648702,73.1069201060438,Unfurnished,Apartment,0,54,5,Resale,Ready to Move,,Lodha Developers Limited
Lodha Palava,6000000,764,2,2,Dombivli East,Beyond Thane,19.2049111648702,73.1069201060438,Unfurnished,Apartment,0,54,5,Resale,Ready to Move,,Lodha Developers Limited
Lodha Palava,3600000,468,1,2,Dombivli East,Beyond Thane,19.2049111648702,73.1069201060438,Semi-Furnished,Apartment,0,54,5,Resale,Ready to Move,,Lodha Developers Limited
Runwal MyCity,5500000,414,2,2,Dombivli,Beyond Thane,19.2094006,73.0939483,Unfurnished,Apartment,0,5,8,Resale,Ready to Move,,Runwal Group
Runwal MyCity,5500000,554,2,2,Dombivli,Beyond Thane,19.2094006,73.0939483,Unfurnished,Apartment,0,5,8,Resale,Ready to Move,,Runwal Group
Runwal MyCity,4700000,598,2,2,Dombivli,Beyond Thane,19.2094006,73.0939483,Unfurnished,Apartment,0,5,8,Resale,Ready to Move,,Runwal Group
Runwal MyCity,5500000,554,2,2,Dombivli East,Beyond Thane,19.2049111648702,73.1069201060438,Semi-Furnished,Apartment,0,5,5,Resale,Ready to Move,,Runwal Group
Runwal MyCity,6500000,626,2,2,Dombivli,Beyond Thane,19.2094006,73.0939483,Unfurnished,Apartment,0,5,8,Resale,Ready to Move,,Runwal Group
Runwal MyCity,4500000,554,2,2,Dombivli,Beyond Thane,19.2094006,73.0939483,Unfurnished,Apartment,0,5,8,Resale,Ready to Move,,Runwal Group
Runwal MyCity,6500000,341,2,2,Dombivli East,Beyond Thane,19.2049111648702,73.1069201060438,Furnished,Apartment,0,5,5,Resale,Ready to Move,,Runwal Group
Runwal MyCity,5900000,626,2,2,Dombivli,Beyond Thane,19.2094006,73.0939483,Unfurnished,Apartment,0,5,8,Resale,Ready to Move,,Runwal Group
Runwal MyCity,6600000,626,2,2,Dombivli,Beyond Thane,19.2094006,73.0939483,Unfurnished,Apartment,0,5,8,Resale,Ready to Move,,Runwal Group
Runwal MyCity,6500000,605,2,2,Dombivli,Beyond Thane,19.2094006,73.0939483,Unfurnished,Apartment,0,5,8,Resale,Ready to Move,,Runwal Group
Cosmos Park,8500000,576,2,2,Ghodbunder Road,Thane,19.2516923732421,72.9728195264109,Unfurnished,Apartment,0,14,4,Resale,Ready to Move,,Cosmos Group
Unkown,13500000,828,3,3,Kavesar,Thane,19.2607077539498,72.9725861660124,Semi-Furnished,Apartment,0,0,4,Resale,Ready to Move,,Unknown
Cosmos Park,8500000,558,2,2,Ghodbunder Road,Thane,19.2516923732421,72.9728195264109,Unfurnished,Apartment,0,14,4,Resale,Ready to Move,,Cosmos Group
Tata Glendale,18900000,936,3,2,Pokhran Road,Thane,19.2070940767958,72.9568656970685,Unfurnished,Apartment,0,13,3,Resale,Ready to Move,,TATA Housing Development Company Ltd.
Tata Glendale,35000000,1008,3,3,Pokhran Road,Thane,19.2070940767958,72.9568656970685,Semi-Furnished,Apartment,0,13,3,Resale,Ready to Move,,TATA Housing Development Company Ltd.
Shree Chamunda Garden,7200000,630,2,2,Dombivli East,Beyond Thane,19.2049111648702,73.1069201060438,Furnished,Apartment,0,23,5,Resale,Ready to Move,,Shree Chamunda Enterprises
Shree Chamunda Garden,7500000,720,2,2,Dombivli East,Beyond Thane,19.2049111648702,73.1069201060438,Semi-Furnished,Apartment,0,23,5,Resale,Ready to Move,,Shree Chamunda Enterprises
Amar Deep Apartment,3500000,700,2,2,Ambernath,Beyond Thane,19.1986487504664,73.2004913077756,Semi-Furnished,Apartment,0,0,6,Resale,Ready to Move,,Unknown
Lodha Splendora,10000000,743,2,2,Ghodbunder Road,Thane,19.2516923732421,72.9728195264109,Unfurnished,Apartment,0,48,4,Resale,Ready to Move,,Lodha Developers Limited
Raj Tulsi V City,1350000,277,1,1,Vangani,Beyond Thane,19.0925602606021,73.2971135741545,Unfurnished,Apartment,0,15,4,Resale,Ready to Move,,Raj Group
Lodha Quality Homes,4400000,,1,1,Balkum Pada,Thane,19.218154,72.993664,Unfurnished,Apartment,0,3,3,New Property,Under Construction,,Lodha Developers Limited
Bhav Residency,2600000,409,1,2,Kasheli,Beyond Thane,19.2301651,73.0171568,Unfurnished,Apartment,0,4,2,Resale,Ready to Move,,Ramdev Developers
Sukur Residency,7800000,601,2,2,Anand Nagar Thane West,Thane,19.2640466932527,72.9652443996319,Unfurnished,Apartment,0,11,4,Resale,Ready to Move,,Jaiveer Group
centrum it park,4500000,,,1,Wagle Industrial Estate,Thane,19.1993804854674,72.9491798058801,Unfurnished,Commercial Office Space,0,32,7,New Property,Under Construction,,Squarefeet Group
Sai Leela,1800000,216,1,1,Kalyan East,Beyond Thane,19.2280216158659,73.1334807284888,Semi-Furnished,Apartment,0,20,2,Resale,Ready to Move,,Famous Builders And Developers
Sadguru Residency,1700000,252,1,1,Dombivli East,Beyond Thane,19.2049111648702,73.1069201060438,Semi-Furnished,Apartment,0,8,5,Resale,Ready to Move,,R K Construction
Lok Upvan,7000000,,1,2,Vasant Vihar,Thane,19.2239106440589,72.9678909294473,Semi-Furnished,Apartment,0,12,1,Resale,Ready to Move,,Jaiveer Group
Mahavir Heights,3000000,468,1,1,Kalyan West,Beyond Thane,19.2442606681675,73.123906730695,Semi-Furnished,Apartment,0,9,5,Resale,Under Construction,,Mahavir Builders
Lok Upvan,6560000,,1,2,Vasant Vihar,Thane,19.2239106440589,72.9678909294473,Unfurnished,Apartment,0,12,1,Resale,Ready to Move,,Jaiveer Group
Om Apartment,2500000,540,1,1,Diva,Thane,19.1915751433493,73.0430090272966,Unfurnished,Apartment,0,0,5,Resale,Ready to Move,,Unknown
Oswal Park,7200000,432,1,1,Majiwada,Thane,19.215865938964,72.9914374146644,Unfurnished,Apartment,0,28,6,Resale,Ready to Move,,Vijay Group
Swastik Palms,7500000,468,1,2,Kolshet,Thane,19.2392002271759,72.997235034948,Semi-Furnished,Apartment,0,8,0,Resale,Ready to Move,,Cooperative Group Housing Society
Highland Park,14000000,570,2,3,Kolshet Road,Thane,19.2321621,72.9873688,Unfurnished,Apartment,0,48,1,Resale,Ready to Move,,Siddhi Group
Ozone Valley,10000000,724,2,2,Kalwa,Thane,19.1986281463791,73.00243846035,Unfurnished,Apartment,0,23,7,Resale,Ready to Move,,NatuParanjape Developers
Cosmos Lounge,13500000,835,2,2,Manpada Thane West,Thane,19.2307690829993,72.973592548318,Semi-Furnished,Apartment,0,14,3,Resale,Ready to Move,,Cosmos Group
Vasant Fiona,8500000,429,1,2,Majiwada,Thane,19.215865938964,72.9914374146644,Semi-Furnished,Apartment,0,13,6,Resale,Ready to Move,,Sheth Creators Pvt. Ltd.
Sai Tirth,17100000,900,2,2,Thane East,Thane,19.1811808756343,72.9763405196886,Furnished,Apartment,0,17,6,Resale,Ready to Move,,Kataria Builteck Pvt. Ltd.
RNA NG Regency,4500000,439,1,1,Balkum Pada,Thane,19.218154,72.993664,Furnished,Apartment,0,14,3,Resale,Ready to Move,,RNA NG Builders
RNA NG Regency,4500000,338,1,2,Balkum Pada,Thane,19.218154,72.993664,Semi-Furnished,Apartment,0,14,3,Resale,Ready to Move,,RNA NG Builders
Sai Mauli,2200000,310,1,1,Dombivli East,Beyond Thane,19.2049111648702,73.1069201060438,Furnished,Apartment,0,0,5,Resale,Ready to Move,,Unknown
Delanna,16000000,626,2,2,Hiranandani Estate,Thane,19.2577957544321,72.9839623718896,Semi-Furnished,Apartment,0,9,4,Resale,Ready to Move,,Hiranandani Group
Ozone Valley,12500000,763,3,3,Parsik Nagar,Thane,19.2085374829654,73.0123808710682,Unfurnished,Apartment,0,23,2,Resale,Ready to Move,,NatuParanjape Developers
Deepraj Apartment,3500000,306,1,1,Kalwa,Thane,19.1986281463791,73.00243846035,Unfurnished,Apartment,0,0,7,Resale,Ready to Move,,Unknown
Saya Park,4000000,396,1,1,Kalwa,Thane,19.1986281463791,73.00243846035,Semi-Furnished,Apartment,0,0,7,Resale,Ready to Move,,Unknown
VIGHNESHWAR APARTMENT,3800000,403,1,1,Kharegaon,Thane,19.2000964243507,72.9992204728793,Unfurnished,Apartment,0,0,2,Resale,Ready to Move,,Unknown
Royal park Ambernath East,5300000,828,3,2,Ambernath East,Beyond Thane,19.2075883274914,73.1854898657514,Semi-Furnished,Apartment,0,0,1,Resale,Ready to Move,,Unknown
Vaishnavi Pride,2100000,426,1,1,Kalyan East,Beyond Thane,19.2280216158659,73.1334807284888,Unfurnished,Apartment,0,5,2,Resale,Ready to Move,,Vaishnavi Developers
Lodha Bellavista Wing B2,16500000,760,2,2,Pokhran Road,Thane,19.2070940767958,72.9568656970685,Unfurnished,Apartment,0,3,3,New Property,Under Construction,1 Covered,Lodha Developers Limited
Pushpanjali Residency Phase III,5500000,450,1,2,Owale,Thane,19.2721014587378,72.958646491161,Unfurnished,Apartment,0,18,10,New Property,Under Construction,1 Open,Shriraam Pioneer Developers Private Limited
Tata Serein,27000000,1140,3,3,Pokharan Road Number 2,Thane,19.218973,72.968099,Unfurnished,Apartment,0,42,2,Resale,Under Construction,,TATA Housing Development Company Ltd.
Hiranandani Barca,21000000,702,2,2,Hiranandani Estate,Thane,19.2577957544321,72.9839623718896,Furnished,Apartment,0,0,4,Resale,Ready to Move,1 Covered,Hiranandani Group
Unkown,14000000,1113,3,3,Dombivli East,Beyond Thane,19.2049111648702,73.1069201060438,Semi-Furnished,Apartment,1,0,5,Resale,Under Construction,,Unknown
Dosti West County,17930000,1033,3,3,Balkum Pada,Thane,19.218154,72.993664,Unfurnished,Apartment,0,9,3,New Property,Under Construction,,Dosti Realty 
Rustomjee Urbania,13447000,720,2,2,Majiwada,Thane,19.215865938964,72.9914374146644,Unfurnished,Apartment,0,21,6,New Property,Under Construction,,Rustomjee
Sheth Vasant Lawns,22900000,1068,3,3,Majiwada,Thane,19.215865938964,72.9914374146644,Unfurnished,Apartment,0,9,6,New Property,Ready to Move,,Ashwin Sheth Group
Rustomjee Atelier,9800000,600,2,2,Majiwada,Thane,19.215865938964,72.9914374146644,Unfurnished,Apartment,0,0,6,Resale,Ready to Move,1 Covered,Rustomjee
Bhoomi Acres,10000000,600,2,2,Thane West,Thane,19.2083097363891,72.9724465271482,Semi-Furnished,Apartment,0,25,10,Resale,Ready to Move,,BHOOMI GROUP
Kalpataru Parkcity,12000000,600,2,2,Kolshet Road,Thane,19.2321621,72.9873688,Unfurnished,Apartment,0,20,1,Resale,Ready to Move,1 Covered,Kalpataru Ltd.
Unkown,4000000,,1,1,Dombivli East,Beyond Thane,19.2049111648702,73.1069201060438,Semi-Furnished,Apartment,0,0,5,Resale,Ready to Move,,Unknown
Lodha Splendora,9500000,770,2,2,Bhayandarpada,Thane,19.288128,72.949629,Unfurnished,Apartment,0,48,0,Resale,Ready to Move,1 Covered,Lodha Developers Limited
Unkown,7999999,627,2,2,Mumbai Nashik Expressway,Thane,19.1960601,72.96236674,Unfurnished,Apartment,0,0,0,New Property,Ready to Move,,Unknown
Unkown,100000000,,4,4,Naupada,Thane,19.18877,72.97044,Furnished,Residential House,0,0,7,Resale,Ready to Move,,Unknown
Delanna,19000000,697,2,2,Hiranandani Estate,Thane,19.2577957544321,72.9839623718896,Semi-Furnished,Apartment,0,9,4,Resale,Ready to Move,1 Covered,Hiranandani Group
Poddar Navjeevan,1800000,390,1,1,Atgaon,Beyond Thane,19.503957,73.3280377,Unfurnished,Apartment,0,43,0,Resale,Ready to Move,,Poddar Developers
Dosti Vihar,17000000,850,3,2,Samata Nagar Thane West,Thane,19.2048674239153,72.9627715321129,Unfurnished,Apartment,0,28,1,Resale,Ready to Move,1 Covered,DOSTI REALTY
Hiranandani Rodas Enclave,19500000,727,2,2,Hiranandani Estate,Thane,19.2577957544321,72.9839623718896,Semi-Furnished,Apartment,0,18,4,Resale,Ready to Move,1 Covered,Hiranandani Group
Piramal Vaikunth,13500000,708,2,2,Balkum Pada,Thane,19.218154,72.993664,Furnished,Apartment,0,12,3,Resale,Ready to Move,1 Covered,Piramal Realty
Lodha Amara,12500000,735,2,2,Kolshet Road,Thane,19.2321621,72.9873688,Unfurnished,Apartment,0,42,1,Resale,Ready to Move,1 Covered,Lodha Developers Limited
Puraniks City,6000000,477,1,2,Thane West,Thane,19.2083097363891,72.9724465271482,Semi-Furnished,Apartment,0,13,10,Resale,Ready to Move,1 Covered,Puranik Group
Unkown,12000000,1050,3,3,Kalyan West,Beyond Thane,19.2442606681675,73.123906730695,Unfurnished,Apartment,0,0,5,Resale,Ready to Move,1 Covered,Unknown
Ashar residency,24000000,1050,3,3,Vasant Vihar,Thane,19.2239106440589,72.9678909294473,Semi-Furnished,Apartment,1,0,1,Resale,Ready to Move,,Unknown
Unkown,18500000,763,2,2,Naupada,Thane,19.18877,72.97044,Unfurnished,Apartment,0,0,7,Resale,Ready to Move,,Unknown
Arcadia Shopping Center,40000000,335,,,Hiranandani Estate,Thane,19.2577957544321,72.9839623718896,Unfurnished,Commercial Shop,0,0,4,Resale,Ready to Move,,Unknown
Upper Crust,150000,1250,3,2,Kalwa,Thane,19.1986281463791,73.00243846035,Furnished,Apartment,0,0,7,Resale,Ready to Move,,Ace Group and Squarefeet Group
Lodha Luxuria,34000000,1600,4,4,Sainath Nagar Majiwada,Thane,19.21386808,72.98213117,Semi-Furnished,Apartment,1,54,2,Resale,Ready to Move,2 Covered,Lodha Developers Limited
One Hiranandani Park,15900000,580,2,2,Ghodbunder Road,Thane,19.2516923732421,72.9728195264109,Furnished,Apartment,0,45,4,New Property,Ready to Move,1 Covered,Hiranandani Group
Rustomjee Azziano,15000000,824,2,2,Majiwada,Thane,19.215865938964,72.9914374146644,Semi-Furnished,Apartment,0,21,6,Resale,Ready to Move,1 Covered,Rustomjee
Unkown,8300000,,2,2,Dombivli East,Beyond Thane,19.2049111648702,73.1069201060438,Semi-Furnished,Apartment,0,0,5,Resale,Ready to Move,,Unknown
Jashnani Chintamani Habitat,1500000,429,1,1,Shahapur,Beyond Thane,19.453550664726,73.3247044251021,Unfurnished,Apartment,0,26,2,Resale,Ready to Move,,Jashnani Construction Pvt. Ltd.
Lodha Casa Bella Gold,17000000,,4,3,Dombivli East,Beyond Thane,19.2049111648702,73.1069201060438,Unfurnished,Apartment,0,20,5,Resale,Ready to Move,,Lodha Developers Limited
Unkown,2900000,,1,1,Dombivli East,Beyond Thane,19.2049111648702,73.1069201060438,Semi-Furnished,Apartment,0,0,5,Resale,Ready to Move,,Unknown
Bella Vista,1900000,,,,Shahapur,Beyond Thane,19.453550664726,73.3247044251021,,Residential Plot,0,16,2,Resale,,,Oswal Group
Lok Vatika,3800000,,1,1,Kalyan East,Beyond Thane,19.2280216158659,73.1334807284888,Semi-Furnished,Apartment,0,0,2,Resale,Ready to Move,,Lok Housing Group
Runwal MyCity,4600000,,1,2,Dombivli,Beyond Thane,19.2094006,73.0939483,Unfurnished,Apartment,0,5,8,Resale,Ready to Move,,Runwal Group
Bhav Residency,3914545,393,1,2,Kasheli,Beyond Thane,19.2301651,73.0171568,Semi-Furnished,Apartment,0,4,2,Resale,Ready to Move,,Ramdev Developers
Swaminarayan City,6200000,,1,2,Dombivli West,Beyond Thane,19.2174682509913,73.0750339345098,Unfurnished,Apartment,0,6,2,Resale,Ready to Move,,Swaminarayan Life Space LLP
Haware Citi,5100000,415,1,1,Ghodbunder Road,Thane,19.2516923732421,72.9728195264109,Semi-Furnished,Apartment,0,32,4,Resale,Ready to Move,,Haware Group
Panvelkar Classic,5000000,,2,2,Ambernath East,Beyond Thane,19.2075883274914,73.1854898657514,Unfurnished,Apartment,0,13,1,Resale,Ready to Move,,Panvelkar Group
Mohan Park,2500000,,1,1,Kalyan,Beyond Thane,19.2449413625186,73.1331398884041,Semi-Furnished,Apartment,0,0,8,New Property,Ready to Move,,Mohan Group
Unkown,3500000,400,1,1,Thakurli,Beyond Thane,19.2252747701219,73.1000690723917,Unfurnished,Apartment,0,0,1,Resale,Ready to Move,,Unknown
Unkown,1700000,,1,1,,Thane,,,Unfurnished,Apartment,0,0,0,Resale,Ready to Move,,Unknown
Lodha Amara,14500000,,2,2,Kolshet Road,Thane,19.2321621,72.9873688,Semi-Furnished,Apartment,0,42,1,Resale,Ready to Move,,Lodha Developers Limited
Farm and Agricultural Land,18000000,,,,Angaon,Beyond Thane,19.3731347951708,73.0804212554492,,Agricultural Land,0,1,0,Resale,,,Pitambari Products
Vighnaharta Park,8000000,675,2,2,Dombivli West,Beyond Thane,19.2174682509913,73.0750339345098,Furnished,Apartment,0,0,2,Resale,Ready to Move,1 Covered,Unknown
VBHC Vaibhav Vasind Hills,2500000,,2,2,Vasind,Beyond Thane,19.4059529362434,73.2634315742197,Semi-Furnished,Apartment,0,7,2,Resale,Ready to Move,,VBHC
Unkown,6500000,1125,1,1,Neral,Beyond Thane,19.0248210057881,73.3169473654086,Semi-Furnished,Farm House,0,0,0,Resale,Ready to Move,,Unknown
Unkown,12000000,650,2,2,,Thane,,,Semi-Furnished,Apartment,0,0,0,Resale,Ready to Move,1 Open,Unknown
Vrindavan Vihar,2800000,,1,1,Badlapur,Beyond Thane,19.1639249,73.2459247,Semi-Furnished,Apartment,0,32,8,Resale,Ready to Move,,Sameer Enterprises
Unkown,3999990,584,1,2,,Thane,,,Unfurnished,Apartment,0,0,0,Resale,Ready to Move,2 Open,Unknown
Jewel Arista,3200101,,2,1,Badlapur,Beyond Thane,19.1639249,73.2459247,Unfurnished,Apartment,0,16,8,Resale,Ready to Move,,Jewel Builders and Infraprojects Ltd.
Unkown,5000000,,2,1,Kalwa,Thane,19.1986281463791,73.00243846035,Semi-Furnished,Builder Floor Apartment,0,0,7,Resale,Ready to Move,,Unknown
Sudama Regency,3500000,358,1,1,Diva,Thane,19.1915751433493,73.0430090272966,Furnished,Apartment,0,18,5,Resale,Ready to Move,,Samrin Group
Unkown,3200000,550,1,1,,Thane,,,,Apartment,0,0,0,Resale,Ready to Move,"1 Covered, 1 Open",Unknown
Unkown,3999990,584,1,2,Ambernath East,Beyond Thane,19.2075883274914,73.1854898657514,Semi-Furnished,Apartment,0,0,1,Resale,Ready to Move,2 Open,Unknown
Unkown,4000000,110,,,Kalyan West,Beyond Thane,19.2442606681675,73.123906730695,Unfurnished,Commercial Showroom,0,0,5,Resale,Ready to Move,,Unknown
Dosti Imperia Majesta,49900000,1872,5,5,Ghodbunder Road,Thane,19.2516923732421,72.9728195264109,Furnished,Apartment,0,15,4,Resale,Ready to Move,,DOSTI REALTY
Unkown,3300000,,1,2,Bhiwandi Wada Road,Beyond Thane,19.3521332047808,73.0720181309728,Semi-Furnished,Apartment,0,0,0,Resale,Ready to Move,,Unknown
Elixir Kerala Village,2200000,,,1,Shahapur,Beyond Thane,19.453550664726,73.3247044251021,Furnished,Studio Apartment,0,2,2,Resale,Ready to Move,,Elixir Buildcon Pvt. Ltd.
Godrej Vihaa,3500000,396,1,2,Badlapur,Beyond Thane,19.1639249,73.2459247,Unfurnished,Apartment,0,31,8,Resale,Under Construction,,Godrej Properties
Vikrant Emerald,15000000,700,3,3,Neral,Beyond Thane,19.0248210057881,73.3169473654086,Unfurnished,Residential House,0,0,0,Resale,Ready to Move,,Unknown
Osho Dhara Residency,7000000,864,2,2,Kalyan West,Beyond Thane,19.2442606681675,73.123906730695,Furnished,Apartment,0,15,5,Resale,Ready to Move,,Osho Dhara Developers
Rais Valley,5200000,446,1,2,Kalyan East,Beyond Thane,19.2280216158659,73.1334807284888,Unfurnished,Apartment,0,19,2,Resale,Ready to Move,,Rai Residency Pvt. Ltd.
Kene Height,4000000,702,2,2,Ambernath,Beyond Thane,19.1986487504664,73.2004913077756,Semi-Furnished,Apartment,0,10,6,Resale,Ready to Move,,Y R Developers
Sudama Regency III,3500000,468,1,1,Diva,Thane,19.1915751433493,73.0430090272966,Unfurnished,Apartment,0,19,5,Resale,Ready to Move,,Samrin Group
Sudama Regency III,2800000,403,1,1,Diva,Thane,19.1915751433493,73.0430090272966,Unfurnished,Apartment,0,19,5,Resale,Ready to Move,,Samrin Group
Sudama Regency III,3100000,403,1,1,Diva,Thane,19.1915751433493,73.0430090272966,Unfurnished,Apartment,0,19,5,Resale,Ready to Move,,Samrin Group
Mohan Nano Estates,5300000,727,2,2,Ambernath West,Beyond Thane,19.2107415190685,73.1908213734783,Unfurnished,Apartment,0,14,2,Resale,Ready to Move,,Mohan Group
Riddhi Siddhi Complex,4900000,432,1,1,Bhiwandi,Beyond Thane,19.2937911767008,73.0653582109139,Semi-Furnished,Apartment,0,11,6,Resale,Ready to Move,,Sushmita Landmark
Shree Krishna Estate,4000000,749,2,2,Badlapur,Beyond Thane,19.1639249,73.2459247,Unfurnished,Apartment,0,14,8,Resale,Ready to Move,,Dheeraj Estates Pvt. Ltd.
Unkown,6000000,450,1,1,Dombivli West,Beyond Thane,19.2174682509913,73.0750339345098,Semi-Furnished,Apartment,0,0,2,Resale,Ready to Move,,Unknown
Unkown,3600000,,1,1,Vitawa,Thane,19.1858617432989,72.9912007211561,Semi-Furnished,Apartment,0,0,0,Resale,Ready to Move,,Unknown
Ramchandra Park,2500000,346,1,1,Dombivli East,Beyond Thane,19.2049111648702,73.1069201060438,Semi-Furnished,Apartment,0,13,5,Resale,Ready to Move,,Sawant Enterprises
Ramchandra Park,5500000,648,2,1,Dombivli East,Beyond Thane,19.2049111648702,73.1069201060438,Semi-Furnished,Apartment,0,13,5,Resale,Ready to Move,,Sawant Enterprises
Ishwar Residency,2500000,482,1,1,Ambernath,Beyond Thane,19.1986487504664,73.2004913077756,Unfurnished,Apartment,0,10,6,Resale,Ready to Move,,Astha Group
Ishwar Residency,2550000,481,1,1,Ambernath,Beyond Thane,19.1986487504664,73.2004913077756,Unfurnished,Apartment,0,10,6,Resale,Ready to Move,,Astha Group
Siddhi City,2200009,425,1,1,Badlapur East,Beyond Thane,19.1639249,73.2459247,Unfurnished,Apartment,0,21,6,Resale,Ready to Move,,Siddhi Developers
Siddhi City,1775000,418,1,1,Badlapur East,Beyond Thane,19.1639249,73.2459247,Unfurnished,Apartment,0,21,6,Resale,Ready to Move,,Siddhi Developers
Siddhi City,1600000,360,1,1,Badlapur East,Beyond Thane,19.1639249,73.2459247,Unfurnished,Apartment,0,21,6,Resale,Ready to Move,,Siddhi Developers
Siddhi City,1850000,421,1,2,Badlapur East,Beyond Thane,19.1639249,73.2459247,Unfurnished,Apartment,0,21,6,Resale,Ready to Move,,Siddhi Developers
Siddhi City,1500000,421,1,1,Badlapur East,Beyond Thane,19.1639249,73.2459247,Unfurnished,Apartment,0,21,6,Resale,Ready to Move,,Siddhi Developers
Siddhi City,1900000,360,1,1,Badlapur East,Beyond Thane,19.1639249,73.2459247,Unfurnished,Apartment,0,21,6,Resale,Ready to Move,,Siddhi Developers
Siddhi City,1500000,310,1,1,Badlapur East,Beyond Thane,19.1639249,73.2459247,Unfurnished,Apartment,0,21,6,Resale,Ready to Move,,Siddhi Developers
Akanksha Pioneer,8200000,454,1,2,Vartak Nagar,Thane,19.2123022683298,72.9624750800907,Furnished,Apartment,0,18,4,Resale,Ready to Move,,Akansha Enterprises
Akanksha Pioneer,10500000,454,2,2,Vartak Nagar,Thane,19.2123022683298,72.9624750800907,Semi-Furnished,Apartment,0,18,4,Resale,Ready to Move,,Akansha Enterprises
Sukur Residency,5200000,275,1,1,Anand Nagar Thane West,Thane,19.2640466932527,72.9652443996319,Semi-Furnished,Apartment,0,11,4,Resale,Ready to Move,,Jaiveer Group
Panvelkar Montana,2387000,471,1,1,Badlapur,Beyond Thane,19.1639249,73.2459247,Semi-Furnished,Apartment,0,12,8,Resale,Ready to Move,,Panvelkar Group
Mahavir Exotica,9000000,554,2,2,Ghodbunder Road,Thane,19.2516923732421,72.9728195264109,Semi-Furnished,Apartment,0,19,4,Resale,Ready to Move,,Dhamji Shamji Group
Trinity Galaxy,1800000,396,1,1,Badlapur,Beyond Thane,19.1639249,73.2459247,Unfurnished,Apartment,0,12,8,Resale,Ready to Move,,Trinity Developers
Shree Krishna Heavens,3600000,641,2,2,Badlapur West,Beyond Thane,19.1760975692482,73.2401614495576,Semi-Furnished,Apartment,0,11,0,Resale,Ready to Move,,Balaji Group
Chandresh Avenue,2700000,360,1,1,Dombivli East,Beyond Thane,19.2049111648702,73.1069201060438,Unfurnished,Apartment,0,12,5,Resale,Ready to Move,,MD Group
GBK Vishwajeet Paradise,3600000,469,1,2,Ambernath West,Beyond Thane,19.2107415190685,73.1908213734783,Furnished,Apartment,0,21,2,Resale,Ready to Move,,GBK Group
Shubh Residency,4200000,702,2,2,Ambernath East,Beyond Thane,19.2075883274914,73.1854898657514,Unfurnished,Apartment,0,8,1,Resale,Ready to Move,,Shubh Enterprises
Tata Serein,11200000,343,1,2,Pokharan Road Number 2,Thane,19.218973,72.968099,Unfurnished,Apartment,0,42,2,Resale,Ready to Move,,TATA Housing Development Company Ltd.
KK Residency,6500000,655,2,2,Shilphata,Thane,19.1465685568349,73.0399463501033,Furnished,Apartment,0,9,0,Resale,Ready to Move,,ITNOA Construction Pvt Ltd
Lodha Paradise,12000000,544,2,2,Majiwada,Thane,19.215865938964,72.9914374146644,Unfurnished,Apartment,0,51,6,Resale,Ready to Move,,Lodha Developers Limited
Lodha Paradise,11000000,618,2,2,Majiwada,Thane,19.215865938964,72.9914374146644,Semi-Furnished,Apartment,0,51,6,Resale,Ready to Move,,Lodha Developers Limited
Raunak City,6000000,783,2,2,Kalyan West,Beyond Thane,19.2442606681675,73.123906730695,Semi-Furnished,Apartment,0,13,5,Resale,Ready to Move,,Raunak Group
Raunak City,3600000,415,1,1,Kalyan West,Beyond Thane,19.2442606681675,73.123906730695,Semi-Furnished,Apartment,0,13,5,Resale,Ready to Move,,Raunak Group
Lodha Palava Codename Epic,2700000,220,1,1,Dombivli East,Beyond Thane,19.2049111648702,73.1069201060438,Unfurnished,Apartment,0,55,5,Resale,Ready to Move,,Lodha Developers Limited
Sukur Residency,5900000,414,1,1,Anand Nagar Thane West,Thane,19.2640466932527,72.9652443996319,Semi-Furnished,Apartment,0,11,4,Resale,Ready to Move,,Jaiveer Group
Patels Homes,3500000,565,1,1,Ambernath East,Beyond Thane,19.2075883274914,73.1854898657514,Unfurnished,Apartment,0,13,1,Resale,Ready to Move,,Patel RPL Realty
Vasant Moti Arcade,2600000,482,1,1,Titwala,Beyond Thane,19.295217297811,73.2124239025258,Semi-Furnished,Apartment,0,19,4,Resale,Ready to Move,,Sai Ganesh Enterprises
Panvelkar Amrut Vishwa,2200000,371,1,1,Badlapur,Beyond Thane,19.1639249,73.2459247,Unfurnished,Apartment,0,11,8,Resale,Ready to Move,,Panvelkar Group
GBK Vishwajeet Paradise,3000000,477,1,2,Ambernath West,Beyond Thane,19.2107415190685,73.1908213734783,Unfurnished,Apartment,0,21,2,Resale,Ready to Move,,GBK Group
Shanti Niketan,4700000,510,1,2,Dombivli East,Beyond Thane,19.2049111648702,73.1069201060438,Unfurnished,Apartment,0,11,5,Resale,Ready to Move,,Anmol Associate
Sini Enclave,3200000,472,1,1,Kasheli,Beyond Thane,19.2301651,73.0171568,Semi-Furnished,Apartment,0,5,2,Resale,Ready to Move,,vastu builders
Tharwani Meghna Montana,2900000,505,1,1,Ambernath,Beyond Thane,19.1986487504664,73.2004913077756,Semi-Furnished,Apartment,0,22,6,Resale,Ready to Move,,Tharwani Construction Pvt. Ltd.
Tharwani Meghna Montana,4500000,714,2,2,Ambernath,Beyond Thane,19.1986487504664,73.2004913077756,Unfurnished,Apartment,0,22,6,Resale,Ready to Move,,Tharwani Construction Pvt. Ltd.
Hari Om Millennium Park,23000000,1008,3,3,Kopri,Thane,19.1803055166715,72.9704315017362,Unfurnished,Apartment,0,14,6,Resale,Ready to Move,,Career Achiever Pvt. Ltd.
Krishna Kunj,2500000,418,1,1,Badlapur East,Beyond Thane,19.1639249,73.2459247,Semi-Furnished,Apartment,0,14,6,Resale,Under Construction,,Sai Developers
Riddhi Siddhi Complex,2300000,490,1,1,Bhiwandi,Beyond Thane,19.2937911767008,73.0653582109139,Unfurnished,Apartment,0,11,6,Resale,Ready to Move,,Sushmita Landmark
Swastik Residency,5200000,,1,2,Ghodbunder Road,Thane,19.2516923732421,72.9728195264109,Unfurnished,Apartment,0,27,4,Resale,Ready to Move,,Swastik Homes
Piramal Vaikunth,41000000,1447,4,4,Balkum Pada,Thane,19.218154,72.993664,Unfurnished,Apartment,0,12,3,Resale,Ready to Move,,Piramal Realty
Xrbia Aashiyana,1300000,414,1,2,Vangani,Beyond Thane,19.0925602606021,73.2971135741545,Unfurnished,Apartment,0,15,4,Resale,Under Construction,,XRBIA Developers
Deep Aashish,1950000,499,1,1,Badlapur,Beyond Thane,19.1639249,73.2459247,Semi-Furnished,Apartment,0,8,8,Resale,Ready to Move,,Deepali Construction
Deep Aashish,2000000,407,1,1,Badlapur,Beyond Thane,19.1639249,73.2459247,Unfurnished,Apartment,0,8,8,Resale,Ready to Move,,Deepali Construction
Deep Aashish,3740000,691,2,2,Badlapur,Beyond Thane,19.1639249,73.2459247,Unfurnished,Apartment,0,8,8,Resale,Ready to Move,,Deepali Construction
Jeevan lifestyles,3500000,482,1,1,Badlapur,Beyond Thane,19.1639249,73.2459247,Furnished,Apartment,0,23,8,Resale,Ready to Move,,Jeevan Enterprises
Mohan Highlands,4000000,515,1,2,Badlapur,Beyond Thane,19.1639249,73.2459247,Unfurnished,Apartment,0,26,8,Resale,Ready to Move,,Mohan Group
Mohan Highlands,3500000,515,1,2,Badlapur,Beyond Thane,19.1639249,73.2459247,Semi-Furnished,Apartment,0,26,8,Resale,Ready to Move,,Mohan Group
Tulsi Darshan,2200000,396,1,1,Neral,Beyond Thane,19.0248210057881,73.3169473654086,Unfurnished,Apartment,0,17,0,Resale,Ready to Move,,Tulsi Estates
Sai Raksha,3600000,706,2,2,Ambernath,Beyond Thane,19.1986487504664,73.2004913077756,Semi-Furnished,Apartment,0,16,6,Resale,Ready to Move,,D A Constructions
Tharwani Vedant Nakshatra,3000000,318,1,1,Badlapur,Beyond Thane,19.1639249,73.2459247,Semi-Furnished,Apartment,0,21,8,Resale,Ready to Move,,Tharwani Group
Tharwani Vedant Nakshatra,2900000,418,1,1,Badlapur West,Beyond Thane,19.1760975692482,73.2401614495576,Semi-Furnished,Apartment,0,21,0,Resale,Ready to Move,,Tharwani Group
Charms Paradise,3100000,337,1,1,Titwala,Beyond Thane,19.295217297811,73.2124239025258,Unfurnished,Apartment,0,12,4,Resale,Ready to Move,,Charms Group
Charms Paradise,2900000,472,1,1,Titwala,Beyond Thane,19.295217297811,73.2124239025258,Furnished,Apartment,0,12,4,Resale,Ready to Move,,Charms Group
Marathon Nextown,9500000,792,3,2,Dombivli East,Beyond Thane,19.2049111648702,73.1069201060438,Furnished,Apartment,0,5,5,Resale,Ready to Move,,Marathon Realty Pvt. Ltd.
Marathon Nextown,4700000,505,1,2,Dombivli East,Beyond Thane,19.2049111648702,73.1069201060438,Unfurnished,Apartment,0,5,5,Resale,Under Construction,,Marathon Realty Pvt. Ltd.
Marathon Nextown,4000000,330,1,2,Dombivli East,Beyond Thane,19.2049111648702,73.1069201060438,Unfurnished,Apartment,0,5,5,Resale,Ready to Move,,Marathon Realty Pvt. Ltd.
Marathon Nextown,8000000,842,3,2,Dombivli East,Beyond Thane,19.2049111648702,73.1069201060438,Semi-Furnished,Apartment,0,5,5,Resale,Ready to Move,,Marathon Realty Pvt. Ltd.
Varasiddhi Vivaan,9000000,572,1,2,Thane East,Thane,19.1811808756343,72.9763405196886,Unfurnished,Apartment,0,17,6,Resale,Ready to Move,,Varasiddhi Infrastructures Pvt. Ltd.
Jai Mata Di Complex,3600000,443,1,1,Kasheli,Beyond Thane,19.2301651,73.0171568,Semi-Furnished,Apartment,0,13,2,Resale,Ready to Move,,Jai Matadi Enterprises
Jai Mata Di Complex,3100000,418,1,2,Kasheli,Beyond Thane,19.2301651,73.0171568,Unfurnished,Apartment,0,13,2,Resale,Ready to Move,,Jai Matadi Enterprises
Jai Mata Di Complex,2600000,400,1,1,Kasheli,Beyond Thane,19.2301651,73.0171568,Semi-Furnished,Apartment,0,13,2,Resale,Ready to Move,,Jai Matadi Enterprises
Jai Mata Di Complex,3000000,468,1,2,Kasheli,Beyond Thane,19.2301651,73.0171568,Unfurnished,Apartment,0,13,2,Resale,Ready to Move,,Jai Matadi Enterprises
Jai Mata Di Complex,2500000,439,1,2,Kasheli,Beyond Thane,19.2301651,73.0171568,Semi-Furnished,Apartment,0,13,2,Resale,Ready to Move,,Jai Matadi Enterprises
Lodha Heaven,5000000,720,2,2,Dombivli East,Beyond Thane,19.2049111648702,73.1069201060438,Unfurnished,Apartment,0,9,5,Resale,Ready to Move,,Lodha Developers Limited
Lodha Heaven,5000000,828,2,2,Dombivli East,Beyond Thane,19.2049111648702,73.1069201060438,Unfurnished,Apartment,0,9,5,Resale,Ready to Move,,Lodha Developers Limited
Sai Nirvana,9000000,781,2,2,Kalyan West,Beyond Thane,19.2442606681675,73.123906730695,Unfurnished,Apartment,0,27,5,Resale,Under Construction,,Mutha Construction
Sai Pooja Residency,2300000,385,1,1,Dombivli,Beyond Thane,19.2094006,73.0939483,Unfurnished,Apartment,0,12,8,Resale,Ready to Move,,Mrunal Enterprises
Vardhaman Park,5000000,540,1,1,Shahad,Beyond Thane,19.2471260600397,73.1614974632623,Semi-Furnished,Apartment,0,12,6,Resale,Ready to Move,,Vardhaman Property
Dedhia Elita,12000000,732,2,2,Ghodbunder Road,Thane,19.2516923732421,72.9728195264109,Unfurnished,Apartment,0,30,4,Resale,Ready to Move,,Dedhia Group
Dedhia Elita,6300000,454,1,2,Ghodbunder Road,Thane,19.2516923732421,72.9728195264109,Semi-Furnished,Apartment,0,30,4,Resale,Ready to Move,,Dedhia Group
Kavya Hill View,4700000,418,1,1,Ghodbunder Road,Thane,19.2516923732421,72.9728195264109,Semi-Furnished,Apartment,0,14,4,Resale,Ready to Move,,Kavya Buildcon Pvt. Ltd.
Kavya Hill View,9000000,572,2,2,Ghodbunder Road,Thane,19.2516923732421,72.9728195264109,Semi-Furnished,Apartment,0,14,4,Resale,Ready to Move,,Kavya Buildcon Pvt. Ltd.
Kavya Hill View,4700000,349,1,1,Ghodbunder Road,Thane,19.2516923732421,72.9728195264109,Semi-Furnished,Apartment,0,14,4,Resale,Ready to Move,,Kavya Buildcon Pvt. Ltd.
Ozone Valley,13500000,782,2,2,Kalwa,Thane,19.1986281463791,73.00243846035,Semi-Furnished,Apartment,0,23,7,Resale,Ready to Move,,NatuParanjape Developers
Godrej Emerald,15000000,721,2,2,Bhayandarpada,Thane,19.288128,72.949629,Unfurnished,Apartment,0,8,0,Resale,Ready to Move,,Godrej Properties
Unkown,3220000,420,1,1,Padgha,Beyond Thane,19.3662582552053,73.1774825106993,Unfurnished,Apartment,0,0,0,Resale,,,Unknown
Rosa Oasis,19000000,727,3,2,Hiranandani Estate,Thane,19.2577957544321,72.9839623718896,Furnished,Apartment,0,14,4,Resale,Ready to Move,,Rosa Group
Lodha Panacea,4500000,446,1,2,Dombivli East,Beyond Thane,19.2049111648702,73.1069201060438,Unfurnished,Apartment,0,43,5,Resale,Ready to Move,,Lodha Developers Limited
Mahindra Happinest Kalyan,7000000,,,,Kalyan,Beyond Thane,19.2449413625186,73.1331398884041,Unfurnished,Commercial Shop,0,0,8,Resale,Ready to Move,1 Covered,Mahindra Lifespace Developers Ltd.
Unkown,9000000,650,2,2,Owale,Thane,19.2721014587378,72.958646491161,Semi-Furnished,Apartment,0,0,10,Resale,Ready to Move,1 Open,Unknown
Galaxy Residences,6400000,825,2,3,Kalyan,Beyond Thane,19.2449413625186,73.1331398884041,Unfurnished,Builder Floor Apartment,0,22,8,Resale,Ready to Move,,Bhakti Realtors
Lodha Crown Kolshet,12100000,,2,2,Kolshet,Thane,19.2392002271759,72.997235034948,Unfurnished,Apartment,0,20,0,Resale,Ready to Move,,Lodha Developers Limited
Dosti Pine,15500000,698,2,2,Balkum Pada,Thane,19.218154,72.993664,Semi-Furnished,Apartment,0,0,3,New Property,Under Construction,,Unknown
Unkown,6500000,700,2,2,,Thane,,,Furnished,Residential House,0,0,0,Resale,Ready to Move,,Unknown
Unkown,6000000,555,2,2,,Beyond Thane,,,Unfurnished,Apartment,0,0,0,Resale,Ready to Move,,Unknown
Rapid Residency II,2850000,850,2,2,Neral,Beyond Thane,19.0248210057881,73.3169473654086,Semi-Furnished,Apartment,0,16,0,Resale,Ready to Move,1 Covered,Atlas Housing
Mohan Srishti,9500000,,2,3,Kalyan East,Beyond Thane,19.2280216158659,73.1334807284888,Semi-Furnished,Apartment,0,18,2,Resale,Ready to Move,,Mohan Group
Unkown,2950000,481,1,1,Pale Gaon,Beyond Thane,19.1859403932088,73.1739341442538,Unfurnished,Apartment,0,0,1,Resale,,,Unknown
Unkown,1320000,,1,1,Neral,Beyond Thane,19.0248210057881,73.3169473654086,Unfurnished,Apartment,0,0,0,Resale,Ready to Move,,Unknown
Unkown,3150000,,1,1,Katemanivali,Beyond Thane,19.2252311803232,73.1453759439391,Semi-Furnished,Apartment,0,0,0,Resale,,,Unknown
Skybound Arzoo Greens ,4200000,,1,1,Bhadwad,Beyond Thane,19.28300429,73.08272612,Unfurnished,Apartment,0,17,0,Resale,,,Skybound Heights India PVT LTD
Lodha Palava Lakeshore Greens,6200000,734,2,2,Dombivli,Beyond Thane,19.2094006,73.0939483,Semi-Furnished,Apartment,0,24,8,Resale,Ready to Move,,Lodha Developers Limited
Godrej Nirvaan,9848352,,2,2,Kalyan West,Beyond Thane,19.2442606681675,73.123906730695,Unfurnished,Apartment,0,45,5,Resale,,,Godrej Properties
Fountain Plaza,4000000,850,2,2,Dombivli East,Beyond Thane,19.2049111648702,73.1069201060438,Semi-Furnished,Residential House,0,8,5,Resale,Ready to Move,1 Open,Fine Group Builders And  Developers
Unkown,4000000,650,2,2,Badlapur Gaon,Thane,19.1572317,73.2663181,Unfurnished,Apartment,0,0,2,Resale,Ready to Move,,Unknown
Unkown,30000000,,,,Bhiwandi,Beyond Thane,19.2937911767008,73.0653582109139,,Industrial Land,0,0,6,Resale,,,Unknown
Lodha Crown,10000000,502,2,3,Majiwada,Thane,19.215865938964,72.9914374146644,Furnished,Apartment,0,4,6,Resale,Ready to Move,1 Covered,Lodha Developers Limited
Unkown,900000,,,,Murbad,Beyond Thane,19.2663415745285,73.3933927481555,,Residential Plot,0,0,3,Resale,,,Unknown
Runwal Pearl,9000000,470,1,2,Ghodbunder Road,Thane,19.2516923732421,72.9728195264109,Semi-Furnished,Apartment,0,35,4,Resale,Ready to Move,,Runwal Group
Unkown,4000000,,2,2,Ulhasnagar,Beyond Thane,19.2253646109387,73.1645678200285,Semi-Furnished,Apartment,0,0,7,Resale,Ready to Move,1 Covered,Unknown
Unkown,2750000,220,,,Bhiwandi,Beyond Thane,19.2937911767008,73.0653582109139,Unfurnished,Commercial Shop,0,0,6,Resale,Ready to Move,,Unknown
Unkown,5500000,1020,2,2,Ulhasnagar,Thane,19.2253646109387,73.1645678200285,Furnished,Apartment,0,0,7,Resale,Ready to Move,1 Covered,Unknown
Shanti Niketan,6500000,396,1,1,Dombivli East,Beyond Thane,19.2049111648702,73.1069201060438,Semi-Furnished,Apartment,0,11,5,Resale,Ready to Move,,Anmol Associate
Amber Enclave,8080000,871,2,2,Thakurli,Beyond Thane,19.2252747701219,73.1000690723917,Unfurnished,Apartment,0,19,1,Resale,Ready to Move,,AMBER GROUP
Mumbai Sister City By Lodha,3800000,311,1,1,Dombivli East,Beyond Thane,19.2049111648702,73.1069201060438,Unfurnished,Apartment,0,54,5,Resale,Under Construction,,Lodha Developers Limited
Sukur Residency,6200000,324,1,1,Anand Nagar Thane West,Thane,19.2640466932527,72.9652443996319,Semi-Furnished,Apartment,0,11,4,Resale,Ready to Move,,Jaiveer Group
Shankheshwar Presidency,5500000,684,2,1,Kalyan West,Beyond Thane,19.2442606681675,73.123906730695,Semi-Furnished,Apartment,0,15,5,Resale,Ready to Move,,Shankheshwar Group of Companies
Shankheshwar Presidency,3300000,389,1,1,Kalyan West,Beyond Thane,19.2442606681675,73.123906730695,Unfurnished,Apartment,0,15,5,Resale,Ready to Move,,Shankheshwar Group of Companies
Marathon Next town,3500000,486,1,2,Dombivli East,Beyond Thane,19.2049111648702,73.1069201060438,Semi-Furnished,Apartment,0,41,5,Resale,Ready to Move,,Marathon Realty Pvt. Ltd.
Kalp Nisarg,3150000,605,2,2,Badlapur,Beyond Thane,19.1639249,73.2459247,Unfurnished,Apartment,0,24,8,Resale,Ready to Move,,Kalp Group
Kalp Nisarg,3350000,634,2,2,Badlapur,Beyond Thane,19.1639249,73.2459247,Semi-Furnished,Apartment,0,24,8,Resale,Ready to Move,,Kalp Group
VBHC,2700000,636,2,2,Vasind,Beyond Thane,19.4059529362434,73.2634315742197,Unfurnished,Apartment,0,29,2,Resale,Ready to Move,,VBHC
Sai Leela,4000000,685,2,2,Kalyan East,Beyond Thane,19.2280216158659,73.1334807284888,Unfurnished,Apartment,0,20,2,Resale,Ready to Move,,Famous Builders And Developers
Bharat Eco Vista,5100000,500,1,2,Shilphata,Thane,19.1465685568349,73.0399463501033,Unfurnished,Apartment,0,24,0,Resale,Ready to Move,,Bharat infrastructure & Engineering Pvt. Ltd.
Sadguru Residency,1700000,256,1,1,Dombivli East,Beyond Thane,19.2049111648702,73.1069201060438,Semi-Furnished,Apartment,0,8,5,Resale,Ready to Move,,R K Construction
Sai Vision Residency,1990000,450,1,1,Asangaon,Beyond Thane,19.4390197,73.3030715,Unfurnished,Apartment,0,24,2,Resale,Ready to Move,,Vision Realtors
Abhidarshan Homes,2700000,299,1,1,Titwala,Beyond Thane,19.295217297811,73.2124239025258,Unfurnished,Apartment,0,16,4,Resale,Ready to Move,,Abhidarshan Combines
Harmony Enclave,2200000,464,1,1,Badlapur East,Beyond Thane,19.1639249,73.2459247,Semi-Furnished,Apartment,0,27,6,Resale,Ready to Move,,Shree Ganesh Creations
Aashapura Crown City,4200000,436,1,2,Kalyan West,Beyond Thane,19.2442606681675,73.123906730695,Furnished,Apartment,0,10,5,Resale,Ready to Move,,Aashapura Builders and Developers
Empire Centrum,7500000,828,2,2,Ambernath,Beyond Thane,19.1986487504664,73.2004913077756,Furnished,Apartment,0,42,6,Resale,Ready to Move,,Empire Industries Pvt. Ltd.
Shiv Residency,3000000,479,1,1,Badlapur East,Beyond Thane,19.1639249,73.2459247,Semi-Furnished,Apartment,0,13,6,Resale,Ready to Move,,Shiv Group
Bharat Eco Vista,5100000,,1,2,Shilphata,Thane,19.1465685568349,73.0399463501033,Unfurnished,Apartment,0,24,0,Resale,Ready to Move,1 Covered,Bharat infrastructure & Engineering Pvt. Ltd.
Haware Pinnacle,2700000,434,1,1,Kalyan West,Beyond Thane,19.2442606681675,73.123906730695,Unfurnished,Apartment,0,14,5,Resale,Ready to Move,,Haware Engineers & Builders Pvt Ltd
Haware Pinnacle,5500000,641,2,2,Kalyan West,Beyond Thane,19.2442606681675,73.123906730695,Unfurnished,Apartment,0,14,5,Resale,Ready to Move,,Haware Engineers & Builders Pvt Ltd
Haware Pinnacle,5000000,613,2,2,Kalyan West,Beyond Thane,19.2442606681675,73.123906730695,Semi-Furnished,Apartment,0,14,5,Resale,Ready to Move,,Haware Engineers & Builders Pvt Ltd
Haware Pinnacle,2800000,434,1,1,Kalyan West,Beyond Thane,19.2442606681675,73.123906730695,Unfurnished,Apartment,0,14,5,Resale,Ready to Move,,Haware Engineers & Builders Pvt Ltd
Shree Tisai Residency,2000000,374,1,1,Kalyan,Beyond Thane,19.2449413625186,73.1331398884041,Unfurnished,Apartment,0,12,8,Resale,Ready to Move,,Tisai Construction
Sai Aashray,2200000,389,1,1,Kalyan East,Beyond Thane,19.2280216158659,73.1334807284888,Semi-Furnished,Apartment,0,23,2,Resale,Ready to Move,,Neelkanth Constructions
Dosti Planet North,8500000,811,2,2,Shilphata,Thane,19.1465685568349,73.0399463501033,Furnished,Apartment,0,5,0,Resale,Ready to Move,,Dosti Realty
Aryan Apartment,1300000,504,1,1,Kalyan,Beyond Thane,19.2449413625186,73.1331398884041,Unfurnished,Apartment,0,8,8,Resale,Ready to Move,,Arya Developers
Gagangiri Avenue,21000000,914,3,2,Samata Nagar Thane West,Thane,19.2048674239153,72.9627715321129,Furnished,Apartment,0,11,1,Resale,Ready to Move,,Samarth Developers
Om sai Homes,4300000,562,1,2,Bhiwandi,Beyond Thane,19.2937911767008,73.0653582109139,Unfurnished,Apartment,0,38,6,Resale,Ready to Move,,Infinity Buildcon
Vinayak Complex,4800000,576,2,2,Neral,Beyond Thane,19.0248210057881,73.3169473654086,Unfurnished,Apartment,0,5,0,Resale,Ready to Move,,Sadguru Sheltor
Parshuram Plaza,2200000,446,1,2,Dombivli,Beyond Thane,19.2094006,73.0939483,Semi-Furnished,Apartment,0,10,8,Resale,Ready to Move,,Shree Sadguru Krupa Developers
Kalpataru Parkcity,16500000,840,2,2,Kolshet Road,Thane,19.2321621,72.9873688,Unfurnished,Apartment,0,20,1,Resale,Under Construction,,Kalpataru Ltd.
Vihang Vermont,11000000,511,2,2,Ghodbunder Road,Thane,19.2516923732421,72.9728195264109,Unfurnished,Apartment,0,21,4,Resale,Ready to Move,,Vihang Group
Nisarg Greens,9000000,1098,2,2,Ambernath East,Beyond Thane,19.2075883274914,73.1854898657514,Semi-Furnished,Apartment,0,11,1,Resale,Ready to Move,,Nisarg Group 
Nisarg Greens,3625000,526,1,2,Ambernath East,Beyond Thane,19.2075883274914,73.1854898657514,Semi-Furnished,Apartment,0,11,1,Resale,Ready to Move,,Nisarg Group 
Nisarg Greens,4400000,529,1,2,Ambernath East,Beyond Thane,19.2075883274914,73.1854898657514,Unfurnished,Apartment,0,11,1,Resale,Ready to Move,,Nisarg Group 
Nisarg Greens,4200000,526,1,2,Ambernath East,Beyond Thane,19.2075883274914,73.1854898657514,Unfurnished,Apartment,0,11,1,Resale,Ready to Move,,Nisarg Group 
Satyam Elegenza,4000000,590,2,2,Ambernath,Beyond Thane,19.1986487504664,73.2004913077756,Furnished,Apartment,0,25,6,Resale,Ready to Move,,Satyam Group
Lodha Amara,17500000,750,3,3,Kolshet Road,Thane,19.2321621,72.9873688,Unfurnished,Apartment,0,42,1,Resale,Ready to Move,,Lodha Developers Limited
Lodha Amara,10800000,484,2,2,Kolshet Road,Thane,19.2321621,72.9873688,Unfurnished,Apartment,0,42,1,Resale,Under Construction,,Lodha Developers Limited
Lodha Amara,8000000,325,1,2,Kolshet Road,Thane,19.2321621,72.9873688,Unfurnished,Apartment,0,42,1,Resale,Ready to Move,,Lodha Developers Limited
Lodha Amara,10600000,648,2,2,Kolshet Road,Thane,19.2321621,72.9873688,Furnished,Apartment,0,42,1,Resale,Ready to Move,,Lodha Developers Limited
Lodha Amara,6000000,302,1,1,Kolshet Road,Thane,19.2321621,72.9873688,Semi-Furnished,Apartment,0,42,1,Resale,Ready to Move,,Lodha Developers Limited
Lodha Amara,6300000,264,1,1,Kolshet Road,Thane,19.2321621,72.9873688,Unfurnished,Apartment,0,42,1,Resale,Ready to Move,,Lodha Developers Limited
Lodha Amara,8500000,342,1,1,Kolshet Road,Thane,19.2321621,72.9873688,Furnished,Apartment,0,42,1,Resale,Ready to Move,,Lodha Developers Limited
Lodha Amara,8000000,340,1,1,Kolshet Road,Thane,19.2321621,72.9873688,Unfurnished,Apartment,0,42,1,Resale,Ready to Move,,Lodha Developers Limited
Lodha Amara,17000000,698,3,3,Kolshet Road,Thane,19.2321621,72.9873688,Unfurnished,Apartment,0,42,1,Resale,Under Construction,,Lodha Developers Limited
Lodha Amara,8500000,479,1,2,Kolshet Road,Thane,19.2321621,72.9873688,Furnished,Apartment,0,42,1,Resale,Ready to Move,,Lodha Developers Limited
Lodha Amara,11200000,484,2,2,Kolshet Road,Thane,19.2321621,72.9873688,Semi-Furnished,Apartment,0,42,1,Resale,Ready to Move,,Lodha Developers Limited
Lodha Amara,14000000,484,2,2,Kolshet Road,Thane,19.2321621,72.9873688,Unfurnished,Apartment,0,42,1,Resale,Under Construction,,Lodha Developers Limited
Lodha Amara,7200000,546,1,1,Kolshet Road,Thane,19.2321621,72.9873688,Unfurnished,Apartment,0,42,1,Resale,Ready to Move,,Lodha Developers Limited
Lodha Amara,7500000,396,1,1,Kolshet Road,Thane,19.2321621,72.9873688,Semi-Furnished,Apartment,0,42,1,Resale,Ready to Move,,Lodha Developers Limited
Lodha Amara,17000000,684,3,3,Kolshet Road,Thane,19.2321621,72.9873688,Semi-Furnished,Apartment,0,42,1,Resale,Ready to Move,,Lodha Developers Limited
Lodha Amara,11000000,720,2,2,Kolshet Road,Thane,19.2321621,72.9873688,Furnished,Apartment,0,42,1,Resale,Ready to Move,,Lodha Developers Limited
Lodha Amara,10500000,468,2,2,Kolshet Road,Thane,19.2321621,72.9873688,Unfurnished,Apartment,0,42,1,Resale,Ready to Move,,Lodha Developers Limited
Raunak Unnathi Woods Phase 7,6700000,396,1,1,Ghodbunder Road,Thane,19.2516923732421,72.9728195264109,Furnished,Apartment,0,9,4,Resale,Ready to Move,,Raunak Group
Sunrise Glory,5800000,648,2,2,Shilphata,Thane,19.1465685568349,73.0399463501033,Unfurnished,Apartment,0,6,0,Resale,Ready to Move,,Sunrise Housing Constructions
Sunrise Glory,5450000,673,2,2,Shilphata,Thane,19.1465685568349,73.0399463501033,Unfurnished,Apartment,0,6,0,Resale,Ready to Move,,Sunrise Housing Constructions
Sunrise Glory,5600000,648,2,2,Shilphata,Thane,19.1465685568349,73.0399463501033,Semi-Furnished,Apartment,0,6,0,Resale,Ready to Move,,Sunrise Housing Constructions
Lodha Amara,11200000,485,2,2,Kolshet Road,Thane,19.2321621,72.9873688,Unfurnished,Apartment,0,42,1,Resale,Ready to Move,,Lodha Developers Limited
Lodha Amara,11000000,616,2,2,Kolshet Road,Thane,19.2321621,72.9873688,Furnished,Apartment,0,42,1,Resale,Ready to Move,,Lodha Developers Limited
Jagat Enclave,10000000,720,2,2,Thane West,Thane,19.2083097363891,72.9724465271482,Furnished,Apartment,0,0,10,Resale,Ready to Move,,Shree Sawan Builders
Unkown,9600000,2000,3,3,Ulhasnagar,Beyond Thane,19.2253646109387,73.1645678200285,Furnished,Apartment,0,0,7,Resale,Ready to Move,,Unknown
Marathon Nextown,4200000,456,1,2,Dombivli East,Beyond Thane,19.2049111648702,73.1069201060438,Unfurnished,Apartment,0,5,5,Resale,Ready to Move,,Marathon Realty Pvt. Ltd.
Vrindavan Complex,14000000,670,2,2,Majiwada,Thane,19.215865938964,72.9914374146644,Semi-Furnished,Apartment,0,0,6,Resale,Ready to Move,,Unknown
Anand Vihar,7600000,720,2,2,Kharegaon,Thane,19.2000964243507,72.9992204728793,Semi-Furnished,Apartment,0,0,2,Resale,Ready to Move,,Unknown
Anand Vihar,8000000,468,2,2,Kalwa,Thane,19.1986281463791,73.00243846035,Semi-Furnished,Apartment,0,0,7,Resale,Ready to Move,,Unknown
Anand Vihar,8500000,612,2,2,Kalwa,Thane,19.1986281463791,73.00243846035,Semi-Furnished,Apartment,0,0,7,Resale,Ready to Move,,Unknown
Anand Vihar,6200000,443,2,2,Kalwa,Thane,19.1986281463791,73.00243846035,Unfurnished,Apartment,0,0,7,Resale,Ready to Move,,Unknown
Kalpataru Paramount,12900000,512,2,2,Kapurbawdi,Thane,19.220268,72.977743,Unfurnished,Apartment,0,37,5,Resale,Under Construction,,Kalpataru Ltd.
Kalpataru Paramount,8800000,382,2,2,Kapurbawdi,Thane,19.220268,72.977743,Unfurnished,Apartment,0,37,5,Resale,Under Construction,,Kalpataru Ltd.
Kalpataru Paramount,9800000,382,2,2,Kapurbawdi,Thane,19.220268,72.977743,Unfurnished,Apartment,0,37,5,Resale,Under Construction,,Kalpataru Ltd.
Kalpataru Paramount,12300000,515,2,2,Kapurbawdi,Thane,19.220268,72.977743,Unfurnished,Apartment,0,37,5,Resale,Under Construction,,Kalpataru Ltd.
Kalpataru Paramount,12500000,485,2,2,Kapurbawdi,Thane,19.220268,72.977743,Unfurnished,Apartment,0,37,5,Resale,Under Construction,,Kalpataru Ltd.
Kalpataru Paramount,10700000,379,2,2,Kapurbawdi,Thane,19.220268,72.977743,Unfurnished,Apartment,0,37,5,Resale,Under Construction,,Kalpataru Ltd.
Kalpataru Paramount,13000000,512,2,2,Kapurbawdi,Thane,19.220268,72.977743,Unfurnished,Apartment,0,37,5,Resale,Under Construction,,Kalpataru Ltd.
Fortune Tresora Grand Central,9950000,450,2,2,Vartak Nagar,Thane,19.2123022683298,72.9624750800907,Unfurnished,Apartment,0,4,4,Resale,Ready to Move,,Unknown
Space World,1250730,263,1,1,Neral,Beyond Thane,19.0248210057881,73.3169473654086,Unfurnished,Apartment,0,24,0,Resale,Under Construction,,Space India
Puraniks Vartak Nagar,7800000,338,1,2,Vartak Nagar,Thane,19.2123022683298,72.9624750800907,Unfurnished,Apartment,0,0,4,Resale,Under Construction,,Puranik Builders ltd.
Puraniks Vartak Nagar,8300000,327,1,1,Vartak Nagar,Thane,19.2123022683298,72.9624750800907,Unfurnished,Apartment,0,0,4,Resale,Under Construction,,Puranik Builders ltd.
Shankeshwar Palms,6500000,468,1,1,Dombivli West,Beyond Thane,19.2174682509913,73.0750339345098,Furnished,Apartment,0,0,2,Resale,Ready to Move,,Unknown
Shankeshwar Palms,3900000,432,1,1,Dombivli West,Beyond Thane,19.2174682509913,73.0750339345098,Unfurnished,Apartment,0,0,2,Resale,Ready to Move,,Unknown
Shankeshwar Palms,5200000,677,2,2,Dombivli West,Beyond Thane,19.2174682509913,73.0750339345098,Unfurnished,Apartment,0,0,2,Resale,Ready to Move,,Unknown
Pandurang Tower,4500000,468,1,1,Dombivli West,Beyond Thane,19.2174682509913,73.0750339345098,Semi-Furnished,Apartment,0,0,2,Resale,Ready to Move,,Unknown
Anantnath And Forever City,6000000,450,2,2,Diva,Thane,19.1915751433493,73.0430090272966,Unfurnished,Apartment,0,20,5,Resale,Ready to Move,,Anantnath Developers
Anantnath And Forever City,6300000,601,2,2,Diva,Thane,19.1915751433493,73.0430090272966,Semi-Furnished,Apartment,0,20,5,Resale,Ready to Move,,Anantnath Developers
Anantnath And Forever City,6100000,652,2,2,Diva,Thane,19.1915751433493,73.0430090272966,Unfurnished,Apartment,0,20,5,Resale,Ready to Move,,Anantnath Developers
Sarvam,6100000,356,1,2,Kasarvadavali,Thane,19.2692017640962,72.9703926869083,Furnished,Apartment,0,18,3,Resale,Ready to Move,,JVM Spaces
Pranjee Garden City,4500000,412,2,2,Badlapur East,Beyond Thane,19.1639249,73.2459247,Semi-Furnished,Apartment,0,29,6,Resale,Ready to Move,,Pranjee Properties Pvt. Ltd.
Pranjee Garden City,4500000,677,2,2,Badlapur East,Beyond Thane,19.1639249,73.2459247,Semi-Furnished,Apartment,0,29,6,Resale,Ready to Move,,Pranjee Properties Pvt. Ltd.
Kalpataru Parkcity,25000000,1234,3,3,Kolshet Road,Thane,19.2321621,72.9873688,Unfurnished,Apartment,0,20,1,Resale,Under Construction,,Kalpataru Ltd.
Kavya Residency,7900000,662,2,2,Ghodbunder Road,Thane,19.2516923732421,72.9728195264109,Unfurnished,Apartment,0,26,4,Resale,Ready to Move,,Kavya Buildcon Pvt. Ltd.
Bhoomi Acres Phase 2,6000000,335,1,2,Waghbil,Thane,19.266575,72.983724,Semi-Furnished,Apartment,0,29,1,Resale,Ready to Move,,BHOOMI GROUP
Bhoomi Acres Phase 2,5300000,266,1,1,Waghbil,Thane,19.266575,72.983724,Furnished,Apartment,0,29,1,Resale,Ready to Move,,BHOOMI GROUP
Bhoomi Acres Phase 2,6000000,374,1,1,Waghbil,Thane,19.266575,72.983724,Furnished,Apartment,0,29,1,Resale,Ready to Move,,BHOOMI GROUP
Pranjee Garden City Phase II,3500000,684,2,2,Badlapur,Beyond Thane,19.1639249,73.2459247,Unfurnished,Apartment,0,28,8,Resale,Ready to Move,,Pranjee Properties Pvt. Ltd.
Shree Heights,3600000,705,1,1,Ambernath,Beyond Thane,19.1986487504664,73.2004913077756,Unfurnished,Apartment,0,8,6,Resale,Ready to Move,,N R Developers Pvt. Ltd.
Risali JP Symphony,2700000,490,1,2,Ambernath East,Beyond Thane,19.2075883274914,73.1854898657514,Unfurnished,Apartment,0,32,1,Resale,Ready to Move,,Risali Developers
Risali JP Symphony,2550000,310,1,2,Ambernath East,Beyond Thane,19.2075883274914,73.1854898657514,Unfurnished,Apartment,0,32,1,Resale,Ready to Move,,Risali Developers
Bhoomi Acres Phase 2,5800000,374,1,1,Waghbil,Thane,19.266575,72.983724,Semi-Furnished,Apartment,0,29,1,Resale,Ready to Move,,BHOOMI GROUP
Bhoomi Acres Phase 2,5800000,374,1,1,Waghbil,Thane,19.266575,72.983724,Semi-Furnished,Apartment,0,29,1,Resale,Ready to Move,,BHOOMI GROUP
Shree Heights,2750000,432,1,1,Ambernath,Beyond Thane,19.1986487504664,73.2004913077756,Unfurnished,Apartment,0,8,6,Resale,Ready to Move,,N R Developers Pvt. Ltd.
Shree Heights,2700000,511,1,1,Ambernath,Beyond Thane,19.1986487504664,73.2004913077756,Unfurnished,Apartment,0,8,6,Resale,Ready to Move,,N R Developers Pvt. Ltd.
Mahavir Apartment,6200000,504,1,1,Thane West,Thane,19.2083097363891,72.9724465271482,Unfurnished,Apartment,0,0,10,Resale,Ready to Move,,Unknown
Neelkanth Height,28500000,1026,3,3,Thane West,Thane,19.2083097363891,72.9724465271482,Semi-Furnished,Apartment,0,46,10,Resale,Ready to Move,,Unknown
Neelkanth Height,29800000,796,3,2,Thane West,Thane,19.2083097363891,72.9724465271482,Semi-Furnished,Apartment,0,46,10,Resale,Ready to Move,,Unknown
Regency Anantam,9000000,563,2,2,Dombivli East,Beyond Thane,19.2049111648702,73.1069201060438,Unfurnished,Apartment,0,29,5,Resale,Ready to Move,,Regency Group
The Destination,13900000,,4,4,Neral,Beyond Thane,19.0248210057881,73.3169473654086,Semi-Furnished,Villa,0,26,0,Resale,Ready to Move,,Dove Buildmart Pvt. Ltd.
Nisarg Park,2300000,479,1,1,Badlapur,Beyond Thane,19.1639249,73.2459247,Unfurnished,Apartment,0,11,8,Resale,Ready to Move,,Karmakushalta Developer
Raunak Park View,14250000,955,3,3,Ghodbunder Road,Thane,19.2516923732421,72.9728195264109,Semi-Furnished,Apartment,0,36,4,Resale,Ready to Move,,Raunak Group
Raunak Park View,14500000,720,3,2,Ghodbunder Road,Thane,19.2516923732421,72.9728195264109,Furnished,Apartment,0,36,4,Resale,Ready to Move,,Raunak Group
Unkown,7250000,,2,2,Ulhasnagar,Thane,19.2298419727021,73.1644753282394,Furnished,Apartment,0,0,4,Resale,Ready to Move,,Unknown
Trimurti Residency,2400000,418,1,1,Badlapur,Beyond Thane,19.1639249,73.2459247,Unfurnished,Apartment,0,6,8,Resale,Ready to Move,,Trimurti Developers
Trimurti Residency,2200000,468,1,1,Badlapur,Beyond Thane,19.1639249,73.2459247,Unfurnished,Apartment,0,6,8,Resale,Ready to Move,,Trimurti Developers
27 GBR,6800000,511,1,2,Thane West,Thane,19.2083097363891,72.9724465271482,Semi-Furnished,Apartment,0,16,10,Resale,Ready to Move,,Riddhi Siddhi Costructions
Trimurti Residency,2300000,526,1,1,Badlapur,Beyond Thane,19.1639249,73.2459247,Unfurnished,Apartment,0,6,8,Resale,Ready to Move,,Trimurti Developers
Abhilasha Madhuban,2800000,461,1,1,Titwala,Beyond Thane,19.295217297811,73.2124239025258,Unfurnished,Apartment,0,22,4,Resale,Ready to Move,,Abhilasha Group
Aakar Park,7500000,403,1,1,Charai,Thane,19.1981964546226,72.9747513848183,Semi-Furnished,Apartment,0,10,2,Resale,Ready to Move,,Aakar Group
Krishna Regency,4000000,461,1,1,Kalyan West,Beyond Thane,19.2442606681675,73.123906730695,Semi-Furnished,Apartment,0,17,5,Resale,Ready to Move,,Konkanbhoomi Developers
Lodha Downtown Palava,3500000,432,1,1,Palava City,Beyond Thane,19.1680134933867,73.0730851842052,Unfurnished,Apartment,0,54,6,Resale,Ready to Move,,Lodha Developers Limited
Lodha Downtown Palava,3900000,480,1,2,Palava City,Beyond Thane,19.1680134933867,73.0730851842052,Unfurnished,Apartment,0,54,6,Resale,Ready to Move,,Lodha Developers Limited
Raunak Unnathi Woods Phase 7,7500000,300,1,1,Ghodbunder Road,Thane,19.2516923732421,72.9728195264109,Furnished,Apartment,0,9,4,Resale,Ready to Move,,Raunak Group
Raunak Unnathi Woods Phase 7,5800000,418,1,1,Ghodbunder Road,Thane,19.2516923732421,72.9728195264109,Semi-Furnished,Apartment,0,9,4,Resale,Ready to Move,,Raunak Group
Sunrise Glory,5600000,666,2,2,Shilphata,Thane,19.1465685568349,73.0399463501033,Unfurnished,Apartment,0,6,0,Resale,Ready to Move,,Sunrise Housing Constructions
Sunrise Glory,4100000,468,1,1,Shilphata,Thane,19.1465685568349,73.0399463501033,Unfurnished,Apartment,0,6,0,Resale,Ready to Move,,Sunrise Housing Constructions
Dosti Desire,11000000,613,2,2,Ghodbunder Road,Thane,19.2516923732421,72.9728195264109,Unfurnished,Apartment,0,19,4,Resale,Ready to Move,,Dosti Realty
Dosti Desire,9000000,454,2,2,Ghodbunder Road,Thane,19.2516923732421,72.9728195264109,Unfurnished,Apartment,0,19,4,Resale,Ready to Move,,Dosti Realty
Dosti Desire,9600000,613,2,2,Ghodbunder Road,Thane,19.2516923732421,72.9728195264109,Unfurnished,Apartment,0,19,4,Resale,Ready to Move,,Dosti Realty
Pranjee Garden City,4500000,677,2,2,Badlapur East,Beyond Thane,19.1639249,73.2459247,Unfurnished,Apartment,0,29,6,Resale,Ready to Move,,Pranjee Properties Pvt. Ltd.
Godrej Emerald,13500000,684,2,2,Bhayandarpada,Thane,19.288128,72.949629,Unfurnished,Apartment,0,8,0,Resale,Ready to Move,,Godrej Properties
Godrej Emerald,10500000,415,2,2,Bhayandarpada,Thane,19.288128,72.949629,Unfurnished,Apartment,0,8,0,Resale,Under Construction,,Godrej Properties
Godrej Emerald,15000000,577,2,2,Bhayandarpada,Thane,19.288128,72.949629,Unfurnished,Apartment,0,8,0,Resale,Under Construction,,Godrej Properties
Godrej Emerald,15200000,663,1,3,Bhayandarpada,Thane,19.288128,72.949629,Unfurnished,Apartment,0,8,0,Resale,Ready to Move,,Godrej Properties
Godrej Emerald,16000000,756,3,3,Bhayandarpada,Thane,19.288128,72.949629,Unfurnished,Apartment,0,8,0,Resale,Ready to Move,,Godrej Properties
Godrej Emerald,15000000,577,2,2,Bhayandarpada,Thane,19.288128,72.949629,Unfurnished,Apartment,0,8,0,Resale,Ready to Move,,Godrej Properties
Piramal Vaikunth,8900000,371,2,2,Balkum Pada,Thane,19.218154,72.993664,Semi-Furnished,Apartment,0,12,3,Resale,Under Construction,,Piramal Realty
Piramal Vaikunth,9900000,409,2,2,Balkum Pada,Thane,19.218154,72.993664,Unfurnished,Apartment,0,12,3,Resale,Under Construction,,Piramal Realty
Piramal Vaikunth,18000000,454,2,2,Balkum Pada,Thane,19.218154,72.993664,Unfurnished,Apartment,0,12,3,Resale,Ready to Move,,Piramal Realty
Hill Garden,6200000,396,1,1,Manpada Thane West,Thane,19.2307690829993,72.973592548318,Unfurnished,Apartment,0,0,3,Resale,Ready to Move,,Unknown
Hill Garden,5000000,301,1,1,Manpada Thane West,Thane,19.2307690829993,72.973592548318,Semi-Furnished,Apartment,0,0,3,Resale,Ready to Move,,Unknown
Piramal Vaikunth,35000000,1836,3,3,Balkum Pada,Thane,19.218154,72.993664,Semi-Furnished,Apartment,0,12,3,Resale,Under Construction,,Piramal Realty
Piramal Vaikunth,10500000,503,2,2,Balkum Pada,Thane,19.218154,72.993664,Semi-Furnished,Apartment,0,12,3,Resale,Under Construction,,Piramal Realty
Piramal Vaikunth,11800000,511,2,2,Balkum Pada,Thane,19.218154,72.993664,Unfurnished,Apartment,0,12,3,Resale,Under Construction,,Piramal Realty
Piramal Vaikunth,9900000,409,2,2,Balkum Pada,Thane,19.218154,72.993664,Unfurnished,Apartment,0,12,3,Resale,Under Construction,,Piramal Realty
Piramal Vaikunth,17500000,630,2,2,Balkum Pada,Thane,19.218154,72.993664,Unfurnished,Apartment,0,12,3,Resale,Ready to Move,,Piramal Realty
Shubham Apartment,2800000,374,1,2,Dombivli East,Beyond Thane,19.2049111648702,73.1069201060438,Unfurnished,Apartment,0,8,5,Resale,Ready to Move,,Bajrang Infrastructure
Unkown,23100000,2318,6,6,Kausa,Thane,19.166807518714,73.026845952364,Unfurnished,Apartment,0,0,3,Resale,Ready to Move,,Unknown
Mohan Suburbia,6000000,1000,2,2,Ambernath,Beyond Thane,19.1986487504664,73.2004913077756,Semi-Furnished,Apartment,0,32,6,Resale,Ready to Move,1 Covered,Mohan Group
Unkown,6500000,480,1,1,,Thane,,,Furnished,Apartment,0,0,0,Resale,Ready to Move,,Unknown
Unkown,12000000,700,2,2,Thane West,Thane,19.2083097363891,72.9724465271482,Unfurnished,Apartment,0,0,10,Resale,Ready to Move,,Unknown
Lodha Palava Lakeshore Greens,3500000,,1,1,Dombivli,Beyond Thane,19.2094006,73.0939483,Semi-Furnished,Apartment,0,24,8,Resale,Ready to Move,,Lodha Developers Limited
Runwal Nagar,7500000,310,1,1,Kolbad,Thane,19.205022666542,72.9755907393507,Furnished,Apartment,0,0,0,Resale,Ready to Move,,Runwal Group
Seema Banjara Hills,960000,,,,Ambivali Shahapur,Beyond Thane,19.37655775,73.33946359,,Residential Plot,0,0,0,Resale,,,Unknown
Om Sai Apartments,2000000,424,1,1,Dombivli East,Beyond Thane,19.2049111648702,73.1069201060438,Unfurnished,Apartment,0,10,5,Resale,Ready to Move,,Om Sai Constructions
Om Chintamani Residency,1800000,,1,1,Titwala,Beyond Thane,19.295217297811,73.2124239025258,Unfurnished,Apartment,0,2,4,Resale,Ready to Move,,Unknown
Vaishnavi Apartment,1350000,338,1,1,Kalyan East,Beyond Thane,19.2280216158659,73.1334807284888,Unfurnished,Apartment,0,3,2,Resale,Ready to Move,,Tisai Builders and Developers
Godrej Nirvaan,4600000,419,1,2,Kalyan West,Beyond Thane,19.2442606681675,73.123906730695,Unfurnished,Apartment,0,45,5,Resale,Ready to Move,,Godrej Properties
Bliss,1900000,366,1,1,Ambernath East,Beyond Thane,19.2075883274914,73.1854898657514,Unfurnished,Apartment,0,21,1,Resale,Ready to Move,,Patel RPL Realty
Dadlani Park,2600000,,1,1,Balkum Pada,Thane,19.218154,72.993664,Semi-Furnished,Apartment,0,3,3,Resale,Ready to Move,,Unknown
Unkown,4600000,450,1,1,Kalwa,Thane,19.1986281463791,73.00243846035,Furnished,Apartment,0,0,7,Resale,Ready to Move,,Unknown
Lodha Amara,11500000,,2,2,Kolshet Road,Thane,19.2321621,72.9873688,Semi-Furnished,Apartment,0,42,1,Resale,Ready to Move,,Lodha Developers Limited
Unkown,15000000,,3,2,Dombivli East,Beyond Thane,19.2049111648702,73.1069201060438,Unfurnished,Apartment,0,0,5,Resale,Ready to Move,,Unknown
Sunshine Elegance,5500000,,1,1,Thakurli,Beyond Thane,19.2252747701219,73.1000690723917,Unfurnished,Apartment,0,17,1,Resale,Ready to Move,,Sunshine Enterprises
HP Gaikar Residency,2500000,,1,2,Ambernath West,Beyond Thane,19.2107415190685,73.1908213734783,Unfurnished,Apartment,0,9,2,Resale,Ready to Move,,H P Developers
Unkown,2000000,650,1,1,Ulhasnagar,Beyond Thane,19.2253646109387,73.1645678200285,Unfurnished,Apartment,0,0,7,Resale,Ready to Move,,Unknown
Vraj Green Valley,12700000,,2,2,Kolshet Road,Thane,19.2321621,72.9873688,Semi-Furnished,Apartment,0,6,1,Resale,Ready to Move,,Vraj Construction
Unkown,4500000,,2,1,Kalyan East,Beyond Thane,19.2280216158659,73.1334807284888,Semi-Furnished,Apartment,0,0,2,Resale,Ready to Move,,Unknown
Unkown,2100000,,1,2,,Thane,,,Unfurnished,Apartment,0,0,0,Resale,Ready to Move,,Unknown
Runwal Eirene,24000000,,3,3,Balkum Pada,Thane,19.218154,72.993664,Furnished,Apartment,0,24,3,Resale,Ready to Move,,Runwal Group
Unkown,1000000,,1,1,Vasind,Beyond Thane,19.4059529362434,73.2634315742197,Unfurnished,Builder Floor Apartment,0,0,2,Resale,Ready to Move,,Unknown
Karrm Panchtatva Phase I,1600000,452,1,1,Shahapur,Beyond Thane,19.453550664726,73.3247044251021,Unfurnished,Apartment,0,0,2,Resale,Ready to Move,,Karrm Infrastructure Pvt. Ltd.
Satyam Oleander,2500000,545,1,1,Ambernath,Beyond Thane,19.1986487504664,73.2004913077756,Semi-Furnished,Apartment,0,0,6,Resale,Ready to Move,,Unknown
Unkown,6000000,330,,,Bhiwandi Road,Thane,19.22234881,72.99147568,Furnished,Commercial Shop,0,0,0,Resale,Ready to Move,,Unknown
Unkown,9800000,632,2,2,Samata Nagar Sainath Nagar,Thane,19.21621886,72.98049293,Unfurnished,Apartment,0,0,0,Resale,Ready to Move,,Unknown
Atlantis,17000000,700,2,2,Panch Pakhdi,Thane,19.1949989525044,72.9666959533383,Furnished,Apartment,0,0,2,Resale,Ready to Move,1 Covered,SHRI TIRUPATI REALTY
Panvelkar Classic,4000000,,2,2,Ambernath East,Beyond Thane,19.2075883274914,73.1854898657514,Semi-Furnished,Apartment,0,13,1,New Property,Ready to Move,,Panvelkar Group
Lodha Palava Township,4500000,,1,1,Shilphata,Thane,19.1465685568349,73.0399463501033,Unfurnished,Apartment,0,18,0,Resale,Ready to Move,,Lodha Developers Limited
Unkown,1200000,,,,Khardi,Beyond Thane,19.58376,73.39068,,Residential Plot,0,0,0,Resale,,,Unknown
Lodha Palava Downtown,7200000,725,2,2,Shilphata,Thane,19.1465685568349,73.0399463501033,Unfurnished,Apartment,0,52,0,Resale,Ready to Move,1 Covered,Lodha Developers Limited
Unkown,13200000,480,,,Ambernath,Beyond Thane,19.1986487504664,73.2004913077756,Unfurnished,Commercial Shop,0,0,6,New Property,Ready to Move,,Unknown
Unkown,7200000,750,2,2,Kalwa,Thane,19.1986281463791,73.00243846035,Furnished,Apartment,0,0,7,Resale,Ready to Move,,Unknown
Unnati Woods,6800000,504,2,2,Ghodbunder Road,Thane,19.2516923732421,72.9728195264109,Unfurnished,Apartment,0,39,4,Resale,Ready to Move,,Unnati Group
Lodha Luxuria Priva,17500000,792,2,2,Balkum Naka,Thane,19.2207044893566,72.9884938975506,Semi-Furnished,Apartment,0,40,0,Resale,Ready to Move,,Lodha Developers Limited
Lodha Luxuria Priva,17500000,792,2,2,Majiwada,Thane,19.215865938964,72.9914374146644,Semi-Furnished,Apartment,0,40,6,Resale,Ready to Move,,Lodha Developers Limited
Siddheshwar Complex,3900000,569,2,2,Titwala,Beyond Thane,19.295217297811,73.2124239025258,Unfurnished,Apartment,0,15,4,Resale,Ready to Move,,Siddheshwar Group
Siddhi Highland Haven,11100000,792,2,2,Balkum Pada,Thane,19.218154,72.993664,Semi-Furnished,Apartment,0,23,3,Resale,Ready to Move,,Siddhi Group
Siddhi Highland Haven,10000012,699,2,2,Balkum Pada,Thane,19.218154,72.993664,Semi-Furnished,Apartment,0,23,3,Resale,Ready to Move,,Siddhi Group
Siddhi Highland Haven,12500000,540,2,2,Balkum Pada,Thane,19.218154,72.993664,Semi-Furnished,Apartment,0,23,3,Resale,Ready to Move,,Siddhi Group
Siddhi Highland Haven,9999999,634,2,2,Balkum Pada,Thane,19.218154,72.993664,Unfurnished,Apartment,0,23,3,Resale,Ready to Move,,Siddhi Group
Vihang Valley,7000000,486,2,2,Ghodbunder Road,Thane,19.2516923732421,72.9728195264109,Semi-Furnished,Apartment,0,14,4,Resale,Ready to Move,,Vihang Group
Vihang Valley,6400000,432,1,2,Ghodbunder Road,Thane,19.2516923732421,72.9728195264109,Unfurnished,Apartment,0,14,4,Resale,Ready to Move,,Vihang Group
Vihang Valley,6500000,486,2,2,Thane West,Thane,19.2083097363891,72.9724465271482,Semi-Furnished,Apartment,0,14,10,Resale,Ready to Move,,Vihang Group
Vihang Valley,6000000,432,1,2,Ghodbunder Road,Thane,19.2516923732421,72.9728195264109,Unfurnished,Apartment,0,14,4,Resale,Ready to Move,,Vihang Group
Vihang Valley,6500000,472,1,1,Ghodbunder Road,Thane,19.2516923732421,72.9728195264109,Unfurnished,Apartment,0,14,4,Resale,Ready to Move,,Vihang Group
Regency Estate,15000000,1148,3,2,Dombivli,Beyond Thane,19.2094006,73.0939483,Unfurnished,Apartment,0,24,8,Resale,Ready to Move,,Regency Group
Regency Estate,11000000,1080,3,3,Dombivli,Beyond Thane,19.2094006,73.0939483,Semi-Furnished,Apartment,0,24,8,Resale,Ready to Move,,Regency Group
Regency Estate,19500000,1181,4,4,Dombivli,Beyond Thane,19.2094006,73.0939483,Furnished,Apartment,0,24,8,Resale,Ready to Move,,Regency Group
Panvelkar Classic,2450000,472,1,2,Ambernath East,Beyond Thane,19.2075883274914,73.1854898657514,Unfurnished,Apartment,0,13,1,Resale,Ready to Move,,Panvelkar Group
Panvelkar Classic,2300000,328,1,1,Ambernath East,Beyond Thane,19.2075883274914,73.1854898657514,Unfurnished,Apartment,0,13,1,Resale,Ready to Move,,Panvelkar Group
Panvelkar Classic,2700000,468,1,2,Ambernath East,Beyond Thane,19.2075883274914,73.1854898657514,Semi-Furnished,Apartment,0,13,1,Resale,Ready to Move,,Panvelkar Group
Panvelkar Classic,2500000,472,1,1,Ambernath East,Beyond Thane,19.2075883274914,73.1854898657514,Unfurnished,Apartment,0,13,1,Resale,Ready to Move,,Panvelkar Group
Panvelkar Classic,3000000,468,1,2,Ambernath East,Beyond Thane,19.2075883274914,73.1854898657514,Semi-Furnished,Apartment,0,13,1,Resale,Ready to Move,,Panvelkar Group
Panvelkar Regency,3650000,605,2,2,Ambernath West,Beyond Thane,19.2107415190685,73.1908213734783,Semi-Furnished,Apartment,0,18,2,Resale,Ready to Move,,Panvelkar Group
Vaishnavi Park,5200000,753,2,2,Kalyan,Beyond Thane,19.2449413625186,73.1331398884041,Semi-Furnished,Apartment,0,18,8,Resale,Ready to Move,,Tisai Krupa Construction
Jai Mata Di Complex,4400000,792,2,2,Kasheli,Beyond Thane,19.2301651,73.0171568,Semi-Furnished,Apartment,0,13,2,Resale,Ready to Move,,Jai Matadi Enterprises
Jai Mata Di Complex,6500000,684,2,2,Kasheli,Beyond Thane,19.2301651,73.0171568,Furnished,Apartment,0,13,2,Resale,Ready to Move,,Jai Matadi Enterprises
Lodha Heaven,2800000,356,1,1,Dombivli East,Beyond Thane,19.2049111648702,73.1069201060438,Unfurnished,Apartment,0,9,5,Resale,Ready to Move,,Lodha Developers Limited
Lodha Heaven,2950000,382,1,1,Dombivli East,Beyond Thane,19.2049111648702,73.1069201060438,Unfurnished,Apartment,0,9,5,Resale,Ready to Move,,Lodha Developers Limited
Lodha Heaven,2800000,374,1,1,Dombivli East,Beyond Thane,19.2049111648702,73.1069201060438,Unfurnished,Apartment,0,9,5,Resale,Ready to Move,,Lodha Developers Limited
Lodha Heaven,3000000,382,1,1,Dombivli East,Beyond Thane,19.2049111648702,73.1069201060438,Semi-Furnished,Apartment,0,9,5,Resale,Ready to Move,,Lodha Developers Limited
Ashtavinayak Residency,2900000,454,1,1,Ambernath,Beyond Thane,19.1986487504664,73.2004913077756,Unfurnished,Apartment,0,11,6,Resale,Ready to Move,,Ashtavinayak Enterprises
Rutu City Richmond,6000000,,1,2,Ghodbunder Road,Thane,19.2516923732421,72.9728195264109,Semi-Furnished,Apartment,0,29,4,New Property,Under Construction,,Rutu Group
Olympeo Neo City,1411000,,1,1,Neral,Beyond Thane,19.0248210057881,73.3169473654086,Unfurnished,Apartment,0,25,0,New Property,Under Construction,,Olympeo Infrastructure Pvt. Ltd.
Olympeo Neo City,1050000,,1,1,Neral,Beyond Thane,19.0248210057881,73.3169473654086,Semi-Furnished,Apartment,0,25,0,New Property,Under Construction,,Olympeo Infrastructure Pvt. Ltd.
Siddhi Highland Springs,6800000,338,1,2,Dhokali,Thane,19.2258189984106,72.9837277968585,Unfurnished,Apartment,0,22,7,Resale,Under Construction,,Siddhi Group
Gupta Sai Orchid,4200000,522,1,1,Dombivli East,Beyond Thane,19.2049111648702,73.1069201060438,Unfurnished,Apartment,0,30,5,Resale,Ready to Move,,Gupta Builders And Developers
Gupta Sai Orchid,7500000,734,2,2,Dombivli East,Beyond Thane,19.2049111648702,73.1069201060438,Unfurnished,Apartment,0,30,5,Resale,Ready to Move,,Gupta Builders And Developers
Gupta Sai Orchid,3300000,360,1,1,Dombivli East,Beyond Thane,19.2049111648702,73.1069201060438,Unfurnished,Apartment,0,30,5,Resale,Ready to Move,,Gupta Builders And Developers
Heramb Park,2150000,475,1,1,Badlapur,Beyond Thane,19.1639249,73.2459247,Unfurnished,Apartment,0,12,8,Resale,Ready to Move,,Deepali Group
ACE Homes,4299000,,1,1,Ghodbunder Road,Thane,19.2516923732421,72.9728195264109,Unfurnished,Apartment,0,13,4,New Property,Under Construction,,The Ace Group
Sai Orchid Residency,3600000,403,1,1,Dombivli East,Beyond Thane,19.2049111648702,73.1069201060438,Semi-Furnished,Apartment,0,11,5,Resale,Ready to Move,,Sai Developers
Sai Orchid Residency,2900000,382,1,1,Dombivli East,Beyond Thane,19.2049111648702,73.1069201060438,Unfurnished,Apartment,0,11,5,Resale,Ready to Move,,Sai Developers
Aryan One,3600000,360,1,1,Badlapur,Beyond Thane,19.1639249,73.2459247,Semi-Furnished,Apartment,0,10,8,Resale,Ready to Move,,Aryan Housing Corporation
Krishna Pride,7000000,792,2,2,Dombivli East,Beyond Thane,19.2049111648702,73.1069201060438,Semi-Furnished,Apartment,0,6,5,Resale,Ready to Move,,Vedant Realty
Krishna Pride,2599999,396,1,1,Dombivli East,Beyond Thane,19.2049111648702,73.1069201060438,Unfurnished,Apartment,0,6,5,Resale,Ready to Move,,Vedant Realty
Kiran Mansarovar Residency,4100000,396,1,1,Shilphata,Thane,19.1465685568349,73.0399463501033,Unfurnished,Apartment,0,6,0,Resale,Ready to Move,,Kiran Realty
Happy Valley ,19800000,729,3,3,Manpada Thane West,Thane,19.2307690829993,72.973592548318,Furnished,Apartment,0,11,3,Resale,Ready to Move,,Unknown
Happy Valley ,6800000,432,1,1,Manpada Thane West,Thane,19.2307690829993,72.973592548318,Furnished,Apartment,0,11,3,Resale,Ready to Move,,Unknown
Reliable Arcade,2600000,371,1,1,Dombivli East,Beyond Thane,19.2049111648702,73.1069201060438,Semi-Furnished,Apartment,0,9,5,Resale,Ready to Move,,Reliable Builders and Developers
Delta Avenue,17000000,504,2,2,Uthalsar,Thane,19.2044259251072,72.9767449989761,Furnished,Apartment,0,4,0,Resale,Ready to Move,,Delta Realtors
Delta Avenue,5600000,288,1,1,Thane West,Thane,19.2083097363891,72.9724465271482,Unfurnished,Apartment,0,4,10,Resale,Ready to Move,,Delta Realtors
Shashwat Park 2,2400000,437,1,1,Badlapur,Beyond Thane,19.1639249,73.2459247,Semi-Furnished,Apartment,0,6,8,Resale,Ready to Move,,Shashwat Group Builders
Shashwat Park 2,3000000,472,1,1,Badlapur,Beyond Thane,19.1639249,73.2459247,Unfurnished,Apartment,0,6,8,Resale,Ready to Move,,Shashwat Group Builders
Mahajan Aashray Anand,2200000,331,1,1,Ambernath East,Beyond Thane,19.2075883274914,73.1854898657514,Unfurnished,Apartment,0,19,1,Resale,Ready to Move,,Mahajan Empire
Matri Vatika Park,2600000,360,1,2,Kasheli,Beyond Thane,19.2301651,73.0171568,Unfurnished,Apartment,0,17,2,Resale,Ready to Move,,Maitri Developer
Shivalik Prabhat Darshan,3500000,356,1,1,Dombivli East,Beyond Thane,19.2049111648702,73.1069201060438,Semi-Furnished,Apartment,0,3,5,Resale,Ready to Move,,Shivalik Ventures
Mohan Puram,3000000,410,1,1,Ambernath,Beyond Thane,19.1986487504664,73.2004913077756,Semi-Furnished,Apartment,0,0,6,Resale,Ready to Move,,Mohan Group
Mohan Puram,5400000,720,2,2,Ambernath East,Beyond Thane,19.2075883274914,73.1854898657514,Furnished,Apartment,0,0,1,Resale,Ready to Move,,Mohan Group
centrum it park,8326000,,,1,Wagle Industrial Estate,Thane,19.1993804854674,72.9491798058801,Unfurnished,Commercial Office Space,0,32,7,New Property,Under Construction,,Squarefeet Group
centrum it park,8000000,,,1,Wagle Industrial Estate,Thane,19.1993804854674,72.9491798058801,Unfurnished,Office in IT Park/ SEZ,0,32,7,Resale,Under Construction,,Squarefeet Group
centrum it park,7500000,,,1,Wagle Industrial Estate,Thane,19.1993804854674,72.9491798058801,Unfurnished,Office in IT Park/ SEZ,0,32,7,New Property,Ready to Move,,Squarefeet Group
Unkown,2200000,450,1,2,,Thane,,,Unfurnished,Apartment,0,0,0,Resale,Ready to Move,,Unknown
Sanghvi Garden,5300000,533,2,2,Dombivli East,Beyond Thane,19.2049111648702,73.1069201060438,Semi-Furnished,Apartment,0,0,5,Resale,Ready to Move,,Sanghvi Premises
Acme ACME Ozone Eucalyptia,20000000,1080,3,3,Thane West,Thane,19.2083097363891,72.9724465271482,Unfurnished,Apartment,0,8,10,Resale,Ready to Move,,Acme Group
A Plus Golden Corner,2100000,324,1,1,Badlapur West,Beyond Thane,19.1760975692482,73.2401614495576,Unfurnished,Apartment,0,4,0,Resale,Ready to Move,,A Plus Group
Lodha Casa Bella City,7800000,632,3,2,Dombivli East,Beyond Thane,19.2049111648702,73.1069201060438,Unfurnished,Apartment,0,0,5,Resale,Ready to Move,,Lodha Developers Limited
Geeta Society,11100000,657,2,1,Charai,Thane,19.1981964546226,72.9747513848183,Furnished,Apartment,0,0,2,Resale,Ready to Move,,Unknown
Desai Sainath Heights,2700000,490,1,1,Ambernath East,Beyond Thane,19.2075883274914,73.1854898657514,Unfurnished,Apartment,0,0,1,Resale,Ready to Move,,Unknown
Kashishi Park Tower A,15000000,792,2,2,Teen Hath Naka Area,Thane,19.1888629332732,72.9629527577008,Unfurnished,Apartment,0,0,3,Resale,Under Construction,,Unknown
Meenar Ammar Meadows,5500000,717,2,2,Shilphata,Thane,19.1465685568349,73.0399463501033,Unfurnished,Apartment,0,11,0,Resale,Ready to Move,,Unknown
Meenar Ammar Meadows,6000000,717,2,2,Shilphata,Thane,19.1465685568349,73.0399463501033,Unfurnished,Apartment,0,11,0,Resale,Ready to Move,,Unknown
Banoo estate,3180000,439,2,1,Mumbra,Thane,19.1696005965932,73.0222262996538,Furnished,Apartment,0,0,7,Resale,Ready to Move,,Unknown
OM Swayambhu Balaji Recedency,6000000,479,1,1,Thakurli,Beyond Thane,19.2252747701219,73.1000690723917,Unfurnished,Apartment,0,10,1,Resale,Ready to Move,,OM Swayambhu Balaji Recedency
Lodha Casa Bella City,7400000,575,3,2,Dombivli East,Beyond Thane,19.2049111648702,73.1069201060438,Unfurnished,Apartment,0,0,5,Resale,Ready to Move,,Lodha Developers Limited
JAGANI Flower Valley,25000000,1368,4,3,Khopat,Thane,19.2014277501771,72.972637756513,Furnished,Apartment,0,28,4,Resale,Ready to Move,,JAGANI DEVELOPERS
MOHAN VALLEY,2750000,454,1,1,Badlapur West,Beyond Thane,19.1760975692482,73.2401614495576,Furnished,Apartment,0,0,0,Resale,Ready to Move,,Mohan Group
Mohan Park CHS LTD Khadakpada,6000000,504,2,1,Kalyan West,Beyond Thane,19.2442606681675,73.123906730695,Unfurnished,Apartment,0,0,5,Resale,Ready to Move,,Mohan Group
Hiranandani Estate Blue Bell,8000000,468,1,1,Hiranandani Estate,Thane,19.2577957544321,72.9839623718896,Semi-Furnished,Apartment,0,0,4,Resale,Ready to Move,,House of Hiranandani
Green Acres,9400000,612,2,2,Waghbil,Thane,19.266575,72.983724,Semi-Furnished,Apartment,0,0,1,Resale,Ready to Move,,Unknown
Ganraj Heights,19990000,900,2,2,Titwala,Beyond Thane,19.295217297811,73.2124239025258,Furnished,Apartment,0,4,4,Resale,Ready to Move,,Vikas Real Estate Developers LLP
Gangotri Apartment,1800000,468,2,1,Diva,Thane,19.1915751433493,73.0430090272966,Semi-Furnished,Apartment,0,0,5,Resale,Ready to Move,,Unknown
Casa Adriana,3400000,480,1,2,Dombivli East,Beyond Thane,19.2049111648702,73.1069201060438,Unfurnished,Apartment,0,0,5,Resale,Ready to Move,,Unknown
Brentford,9500000,403,1,2,Hiranandani Estate,Thane,19.2577957544321,72.9839623718896,Furnished,Apartment,0,0,4,Resale,Ready to Move,,Unknown
Brentford,9500000,403,1,2,Hiranandani Estate,Thane,19.2577957544321,72.9839623718896,Furnished,Apartment,0,0,4,Resale,Ready to Move,,Unknown
Deeplaxmi Residency,5000000,456,2,2,Bhiwandi,Beyond Thane,19.2937911767008,73.0653582109139,Furnished,Apartment,0,0,6,Resale,Ready to Move,,Unknown
Kashishi Park Tower A,19500000,791,2,2,Teen Hath Naka Area,Thane,19.1888629332732,72.9629527577008,Unfurnished,Apartment,0,0,3,Resale,Ready to Move,,Unknown
Bhakti Park,5500000,303,1,1,Anand Nagar Thane West,Thane,19.2640466932527,72.9652443996319,Semi-Furnished,Apartment,0,0,4,Resale,Ready to Move,,Unknown
Akashganga Complex,5500000,400,1,1,Kavesar,Thane,19.2607077539498,72.9725861660124,Unfurnished,Apartment,0,0,4,Resale,Ready to Move,,Unknown
Vikas Aricia Altis Apartment,12500000,1116,3,3,Kalyan West,Beyond Thane,19.2442606681675,73.123906730695,Semi-Furnished,Apartment,0,0,5,Resale,Ready to Move,,Unknown
Mahalakshmi Krupa,3900000,425,1,1,Kalyan Shilphata Road,Beyond Thane,19.1935268122556,73.0967156475895,Unfurnished,Apartment,0,0,5,Resale,Ready to Move,,Unknown
Umia UMA Paradise Complex,4500000,612,2,2,Titwala,Beyond Thane,19.295217297811,73.2124239025258,Unfurnished,Apartment,0,0,4,Resale,Ready to Move,,UMIYA Group
Shubh Jyot,1900000,464,1,1,Badlapur East,Beyond Thane,19.1639249,73.2459247,Semi-Furnished,Apartment,0,17,6,Resale,Ready to Move,,Aarson Infra Home Pvt. Ltd.
Shubh Jyot,1900000,504,1,1,Badlapur,Beyond Thane,19.1639249,73.2459247,Unfurnished,Apartment,0,17,8,Resale,Ready to Move,,Aarson Infra Home Pvt. Ltd.
Royce Paradise,4500000,464,1,1,Kalyan West,Beyond Thane,19.2442606681675,73.123906730695,Unfurnished,Apartment,0,15,5,Resale,Ready to Move,,Royce Developers
Disha Apartment,2800000,317,1,1,Dombivli East,Beyond Thane,19.2049111648702,73.1069201060438,Semi-Furnished,Apartment,0,4,5,Resale,Ready to Move,,Miyas Group
Neptune Swarajya,1500000,227,1,1,Kalyan,Beyond Thane,19.2449413625186,73.1331398884041,Unfurnished,Apartment,0,2,8,Resale,Ready to Move,,Neptune Group
Neptune Swarajya,1800000,252,1,1,Kalyan,Beyond Thane,19.2449413625186,73.1331398884041,Unfurnished,Apartment,0,2,8,Resale,Ready to Move,,Neptune Group
Rustomjee Athena,14800000,929,2,3,Majiwada,Thane,19.215865938964,72.9914374146644,Semi-Furnished,Apartment,0,24,6,Resale,Ready to Move,,Rustomjee
Hubtown Greenwoods,15000000,410,1,2,Pokhran Road,Thane,19.2070940767958,72.9568656970685,Semi-Furnished,Apartment,0,15,3,Resale,Ready to Move,,Hubtown Ltd.
Hubtown Greenwoods,10000000,468,2,2,Pokhran Road,Thane,19.2070940767958,72.9568656970685,Unfurnished,Apartment,0,15,3,Resale,Ready to Move,,Hubtown Ltd.
Vardhaman Heights,2750000,493,1,1,Badlapur,Beyond Thane,19.1639249,73.2459247,Unfurnished,Apartment,0,8,8,Resale,Ready to Move,,Shubh Enterprises
Millan Hills,12000000,864,2,2,Pokhran Road,Thane,19.2070940767958,72.9568656970685,Unfurnished,Apartment,0,12,3,Resale,Ready to Move,,Shree Siddhivinayak Group
Tharwani Ariana,2400000,425,1,1,Ambernath West,Beyond Thane,19.2107415190685,73.1908213734783,Unfurnished,Apartment,0,20,2,Resale,Ready to Move,,Tharwani Realty
Mayfair Vishwaraja,4000000,503,1,2,Titwala,Beyond Thane,19.295217297811,73.2124239025258,Unfurnished,Apartment,0,3,4,Resale,Ready to Move,,Mayfair Housing
Mayfair Vishwaraja,3500000,241,1,2,Titwala,Beyond Thane,19.295217297811,73.2124239025258,Furnished,Apartment,0,3,4,Resale,Ready to Move,,Mayfair Housing
Rosa Bella,17000000,972,3,3,Ghodbunder Road,Thane,19.2516923732421,72.9728195264109,Unfurnished,Apartment,0,32,4,Resale,Ready to Move,,Rosa Group
Bella Vista,37000000,1260,3,3,Shahapur,Beyond Thane,19.453550664726,73.3247044251021,Furnished,Apartment,0,16,2,Resale,Ready to Move,,Oswal Group
Prathmesh Towers,6500000,368,1,2,Ghodbunder Road,Thane,19.2516923732421,72.9728195264109,Furnished,Apartment,0,13,4,Resale,Ready to Move,,Shivam Developers
Saket Paradise,5200000,590,2,2,Kalyan,Beyond Thane,19.2449413625186,73.1331398884041,Semi-Furnished,Apartment,0,14,8,Resale,Ready to Move,,Saket Group
Shree Satya Shankar Residency,11500000,648,2,2,Manpada Thane West,Thane,19.2307690829993,72.973592548318,Semi-Furnished,Apartment,0,0,3,Resale,Ready to Move,,Satya Realtors
Siddhi Highland Haven,7500000,468,1,2,Balkum Pada,Thane,19.218154,72.993664,Unfurnished,Apartment,0,23,3,Resale,Under Construction,,Siddhi Group
Siddhi Highland Haven,7600000,504,1,2,Balkum Pada,Thane,19.218154,72.993664,Unfurnished,Apartment,0,23,3,Resale,Ready to Move,,Siddhi Group
Siddhi Highland Haven,7300000,468,1,2,Balkum Pada,Thane,19.218154,72.993664,Unfurnished,Apartment,0,23,3,Resale,Ready to Move,,Siddhi Group
Vaibhav Hillview,2600000,594,2,2,Vasind,Beyond Thane,19.4059529362434,73.2634315742197,Unfurnished,Apartment,0,23,2,Resale,Ready to Move,,VBHC Group
Motiram Greens,2500000,439,1,1,Badlapur,Beyond Thane,19.1639249,73.2459247,Unfurnished,Apartment,0,11,8,Resale,Ready to Move,,Motiram Dalal Group
Metro Residency,8500000,763,2,2,Kalyan,Beyond Thane,19.2449413625186,73.1331398884041,Semi-Furnished,Apartment,0,28,8,Resale,Ready to Move,,West Pioneer Properties
Charms City,3150000,500,1,1,Titwala,Beyond Thane,19.295217297811,73.2124239025258,Unfurnished,Apartment,0,27,4,Resale,Ready to Move,,Charms Group
Charms City,3400000,500,1,1,Titwala,Beyond Thane,19.295217297811,73.2124239025258,Semi-Furnished,Apartment,0,27,4,Resale,Ready to Move,,Charms Group
Charms City,3000000,454,1,1,Titwala,Beyond Thane,19.295217297811,73.2124239025258,Semi-Furnished,Apartment,0,27,4,Resale,Ready to Move,,Charms Group
Jeevan lifestyles,2500000,482,1,1,Badlapur,Beyond Thane,19.1639249,73.2459247,Furnished,Apartment,0,23,8,Resale,Ready to Move,,Jeevan Enterprises
Jeevan lifestyles,3500000,482,1,1,Badlapur,Beyond Thane,19.1639249,73.2459247,Furnished,Apartment,0,23,8,Resale,Ready to Move,,Jeevan Enterprises
Unkown,13500000,893,2,2,Bhayandarpada,Thane,19.288128,72.949629,Semi-Furnished,Apartment,0,0,0,Resale,Ready to Move,,Unknown
Unkown,13000000,979,2,2,Bhayandarpada,Thane,19.288128,72.949629,Semi-Furnished,Apartment,0,0,0,Resale,Ready to Move,,Unknown
Unkown,7000000,468,1,2,Bhayandarpada,Thane,19.288128,72.949629,Unfurnished,Apartment,0,0,0,Resale,Ready to Move,,Unknown
Unkown,11000000,554,2,2,Manpada Thane West,Thane,19.2307690829993,72.973592548318,Unfurnished,Apartment,0,0,3,Resale,Ready to Move,,Unknown
Unkown,7800000,486,2,2,Kasarvadavali,Thane,19.2692017640962,72.9703926869083,Unfurnished,Apartment,0,0,3,Resale,Ready to Move,,Unknown
Unkown,8000000,554,2,2,Kasarvadavali,Thane,19.2692017640962,72.9703926869083,Semi-Furnished,Apartment,0,0,3,Resale,Ready to Move,,Unknown
Unkown,8300000,634,2,2,Kasarvadavali,Thane,19.2692017640962,72.9703926869083,Semi-Furnished,Apartment,0,0,3,Resale,Ready to Move,,Unknown
Unkown,5400000,493,1,2,Bhayandarpada,Thane,19.288128,72.949629,Unfurnished,Apartment,0,0,0,Resale,Ready to Move,,Unknown
Unkown,5000000,461,1,2,Bhayandarpada,Thane,19.288128,72.949629,Unfurnished,Apartment,0,0,0,Resale,Ready to Move,,Unknown
Unkown,7200000,727,2,2,Bhayandarpada,Thane,19.288128,72.949629,Semi-Furnished,Apartment,0,0,0,Resale,Ready to Move,,Unknown
Unkown,18500000,1152,4,3,Owale,Thane,19.2721014587378,72.958646491161,Unfurnished,Apartment,0,0,10,Resale,Ready to Move,,Unknown
Unkown,22500000,832,2,2,Karjat,Beyond Thane,18.9112989,73.328189,Unfurnished,Apartment,0,0,2,Resale,Ready to Move,,Unknown
Unkown,9700000,751,2,2,Anand Nagar Thane West,Thane,19.2640466932527,72.9652443996319,Semi-Furnished,Apartment,0,0,4,Resale,Ready to Move,,Unknown
Unkown,4990000,346,1,1,Waghbil,Thane,19.266575,72.983724,Furnished,Apartment,0,0,1,Resale,Ready to Move,,Unknown
Unkown,5600000,396,1,1,,Thane,,,Semi-Furnished,Apartment,0,0,0,Resale,Ready to Move,,Unknown
Unkown,5600000,407,1,1,Waghbil,Thane,19.266575,72.983724,Semi-Furnished,Apartment,0,0,1,Resale,Ready to Move,,Unknown
Unkown,6000000,407,1,1,Waghbil,Thane,19.266575,72.983724,Unfurnished,Apartment,0,0,1,Resale,Ready to Move,,Unknown
Unkown,7000000,216,1,1,Dombivli,Beyond Thane,19.2094006,73.0939483,Furnished,Apartment,0,0,8,Resale,Ready to Move,,Unknown
Unkown,1950000,443,1,2,Karjat,Beyond Thane,18.9112989,73.328189,Furnished,Apartment,0,0,2,Resale,Ready to Move,,Unknown
Unkown,10500000,680,2,2,Kasarvadavali,Thane,19.2692017640962,72.9703926869083,Semi-Furnished,Apartment,0,0,3,Resale,Ready to Move,,Unknown
Unkown,15800000,832,2,2,Majiwada,Thane,19.215865938964,72.9914374146644,Unfurnished,Apartment,0,0,6,Resale,Ready to Move,,Unknown
Unkown,2900000,468,1,2,,Thane,,,Semi-Furnished,Apartment,0,0,0,Resale,Ready to Move,,Unknown
Unkown,8000000,311,1,2,Anand Nagar Thane West,Thane,19.2640466932527,72.9652443996319,Semi-Furnished,Apartment,0,0,4,Resale,Ready to Move,,Unknown
Unkown,7400000,346,1,2,Kavesar,Thane,19.2607077539498,72.9725861660124,Unfurnished,Apartment,0,0,4,Resale,Ready to Move,,Unknown
Unkown,15000000,734,2,2,Manpada Thane West,Thane,19.2307690829993,72.973592548318,Unfurnished,Apartment,0,0,3,Resale,Ready to Move,,Unknown
Unkown,7500000,650,2,2,Owale,Thane,19.2721014587378,72.958646491161,Unfurnished,Apartment,0,0,10,Resale,Ready to Move,,Unknown
Unkown,4600000,396,1,1,Bhayandarpada,Thane,19.288128,72.949629,Furnished,Apartment,0,0,0,Resale,Ready to Move,,Unknown
Unkown,5800000,418,1,2,Waghbil,Thane,19.266575,72.983724,Semi-Furnished,Apartment,0,0,1,Resale,Ready to Move,,Unknown
Unkown,6500000,288,1,1,Kasarvadavali,Thane,19.2692017640962,72.9703926869083,Furnished,Apartment,0,0,3,Resale,Ready to Move,,Unknown
Unkown,7500000,504,1,2,Anand Nagar Thane West,Thane,19.2640466932527,72.9652443996319,Unfurnished,Apartment,0,0,4,Resale,Ready to Move,,Unknown
Purushottam Nain,12000000,734,2,2,Kasarvadavali,Thane,19.2692017640962,72.9703926869083,Semi-Furnished,Apartment,0,8,3,Resale,Ready to Move,,Unknown
Bhalerao Prity Park,8000000,673,2,2,Ghodbunder Road,Thane,19.2516923732421,72.9728195264109,Unfurnished,Apartment,0,11,4,Resale,Ready to Move,,S.D.Bhalerao & company
Om Sai Kanishk,5674500,629,1,2,Diva,Thane,19.1915751433493,73.0430090272966,Unfurnished,Apartment,0,10,5,Resale,Under Construction,,OM Sai Infra
Om Sai Kanishk,6000000,726,2,2,Diva,Thane,19.1915751433493,73.0430090272966,Unfurnished,Apartment,0,10,5,Resale,Under Construction,,OM Sai Infra
Sai Shrushti Heights,3200000,313,1,1,Diva,Thane,19.1915751433493,73.0430090272966,Unfurnished,Apartment,0,23,5,Resale,Ready to Move,,Sai Shrushti Enterprises
Piramal Vaikunth,20000000,1080,4,3,Balkum Pada,Thane,19.218154,72.993664,Semi-Furnished,Apartment,0,12,3,Resale,Under Construction,,Piramal Realty
Parshuram Plaza,1800000,266,1,1,Dombivli,Beyond Thane,19.2094006,73.0939483,Unfurnished,Apartment,0,10,8,Resale,Ready to Move,,Shree Sadguru Krupa Developers
Om Sai Plaza,6100000,439,1,1,Ghodbunder Road,Thane,19.2516923732421,72.9728195264109,Unfurnished,Apartment,0,12,4,Resale,Ready to Move,,Sai Developer
Purushottam Nain,10000000,734,2,2,Kasarvadavali,Thane,19.2692017640962,72.9703926869083,Unfurnished,Apartment,0,8,3,Resale,Ready to Move,,Unknown
Om Sai Kanishk,3500000,475,1,1,Diva,Thane,19.1915751433493,73.0430090272966,Unfurnished,Apartment,0,10,5,Resale,Ready to Move,,OM Sai Infra
Himalaya Complex,1700000,382,1,1,Vangani,Beyond Thane,19.0925602606021,73.2971135741545,Unfurnished,Apartment,0,10,4,Resale,Ready to Move,,Himalaya Builders And Developers
Satyam Sheela,6500000,936,3,2,Badlapur East,Beyond Thane,19.1639249,73.2459247,Furnished,Apartment,0,13,6,Resale,Ready to Move,,Satyam Group
Virat Green Avenue,6500000,720,2,2,Shilphata,Thane,19.1465685568349,73.0399463501033,Unfurnished,Apartment,0,12,0,Resale,Ready to Move,,Virat Group
Virat Green Avenue,4500000,490,1,2,Shilphata,Thane,19.1465685568349,73.0399463501033,Semi-Furnished,Apartment,0,12,0,Resale,Ready to Move,,Virat Group
Raunak Bliss,6200000,410,1,2,Ghodbunder Road,Thane,19.2516923732421,72.9728195264109,Furnished,Apartment,0,25,4,Resale,Under Construction,,Raunak Group
ATLANTA ENCLAVE,5700000,490,1,2,Shilphata,Thane,19.1465685568349,73.0399463501033,Unfurnished,Apartment,0,24,0,Resale,Ready to Move,,ATLANTA Ltd.
Shankheshwar Crystal,2200000,410,1,1,Titwala,Beyond Thane,19.295217297811,73.2124239025258,Semi-Furnished,Apartment,0,15,4,Resale,Ready to Move,,Shankheshwar Group of Companies
Rathi Osho Dhara Park,1650000,310,1,2,Asangaon,Beyond Thane,19.4390197,73.3030715,Unfurnished,Apartment,0,17,2,Resale,Ready to Move,,Osho Dhara Realtors
Rathi Osho Dhara Park,2000000,454,1,1,Asangaon,Beyond Thane,19.4390197,73.3030715,Unfurnished,Apartment,0,17,2,Resale,Ready to Move,,Osho Dhara Realtors
Haware Pinnacle,2400000,434,1,1,Kalyan West,Beyond Thane,19.2442606681675,73.123906730695,Unfurnished,Apartment,0,14,5,Resale,Ready to Move,,Haware Engineers & Builders Pvt Ltd
Haware Pinnacle,3600000,438,1,1,Kalyan West,Beyond Thane,19.2442606681675,73.123906730695,Unfurnished,Apartment,0,14,5,Resale,Ready to Move,,Haware Engineers & Builders Pvt Ltd
Dosti Planet North,9000000,811,3,2,Shilphata,Thane,19.1465685568349,73.0399463501033,Furnished,Apartment,0,5,0,Resale,Ready to Move,,Dosti Realty
Yogeshwar Park,2100000,432,1,1,Kalyan,Beyond Thane,19.2449413625186,73.1331398884041,Unfurnished,Apartment,0,9,8,Resale,Ready to Move,,Shree Yogeshwar Builders And Developers
Mahakavi Kalidas Heights,2900000,594,2,1,Badlapur,Beyond Thane,19.1639249,73.2459247,Unfurnished,Apartment,0,7,8,Resale,Ready to Move,,Vaidya Group of Company
Shaswat Park,2350000,464,1,1,Badlapur East,Beyond Thane,19.1639249,73.2459247,Semi-Furnished,Apartment,0,10,6,Resale,Ready to Move,,Shashwat Group Builders
Shaswat Park,2400000,454,1,1,Badlapur East,Beyond Thane,19.1639249,73.2459247,Unfurnished,Apartment,0,10,6,Resale,Ready to Move,,Shashwat Group Builders
Shivnath Habitat,5500000,713,2,2,Shilphata,Thane,19.1465685568349,73.0399463501033,Unfurnished,Apartment,0,15,0,Resale,Ready to Move,,Shivnath Developers
Shivnath Habitat,4500000,439,1,1,Shilphata,Thane,19.1465685568349,73.0399463501033,Unfurnished,Apartment,0,15,0,Resale,Ready to Move,,Shivnath Developers
Krishna Paradise,3000000,436,1,1,Kalyan,Beyond Thane,19.2449413625186,73.1331398884041,Semi-Furnished,Apartment,0,9,8,Resale,Ready to Move,,Gopal Krishna Developers
Palava Downtown,8500000,1076,3,3,Dombivli,Beyond Thane,19.2094006,73.0939483,Semi-Furnished,Apartment,0,37,8,Resale,Ready to Move,,Palava Downtown
Kabra Galaxy Star 3,11400000,770,2,2,Thane West,Thane,19.2083097363891,72.9724465271482,Semi-Furnished,Apartment,0,13,10,Resale,Ready to Move,,Kabra Group
Kabra Galaxy Star 2,9400000,662,2,2,Thane West,Thane,19.2083097363891,72.9724465271482,Unfurnished,Apartment,0,14,10,Resale,Ready to Move,,Kabra Group
Kashish Galaxy,4000000,450,1,1,Thakurli,Beyond Thane,19.2252747701219,73.1000690723917,Semi-Furnished,Apartment,0,17,1,Resale,Ready to Move,,Gauri Vinayak Builders
Kashish Galaxy,4500000,432,1,1,Thakurli,Beyond Thane,19.2252747701219,73.1000690723917,Unfurnished,Apartment,0,17,1,Resale,Ready to Move,,Gauri Vinayak Builders
Mangeshi Dazzle,7200000,537,1,1,Thakurli,Beyond Thane,19.2252747701219,73.1000690723917,Furnished,Apartment,0,17,1,Resale,Ready to Move,,Mangeshi Construction
Mangeshi Dazzle,13500000,670,3,3,Thakurli,Beyond Thane,19.2252747701219,73.1000690723917,Furnished,Apartment,0,17,1,Resale,Ready to Move,,Mangeshi Construction
Mangeshi Dazzle,10500000,893,3,3,Thakurli,Beyond Thane,19.2252747701219,73.1000690723917,Unfurnished,Apartment,0,17,1,Resale,Ready to Move,,Mangeshi Construction
Amber Harmony,4900000,479,1,1,Thakurli,Beyond Thane,19.2252747701219,73.1000690723917,Unfurnished,Apartment,0,16,1,Resale,Ready to Move,,Amber Nirman
Sunshine Elegance,5500000,353,1,1,Thakurli,Beyond Thane,19.2252747701219,73.1000690723917,Unfurnished,Apartment,0,17,1,Resale,Ready to Move,,Sunshine Enterprises
Sunshine Elegance,5500000,468,1,1,Thakurli,Beyond Thane,19.2252747701219,73.1000690723917,Unfurnished,Apartment,0,17,1,Resale,Ready to Move,,Sunshine Enterprises
Kalpataru Hills Phase 2,12000000,719,2,2,Manpada Thane West,Thane,19.2307690829993,72.973592548318,Unfurnished,Apartment,0,13,3,Resale,Ready to Move,,Kalpataru Ltd.
Labdhi Gardens,1997190,401,1,1,Neral,Beyond Thane,19.0248210057881,73.3169473654086,Unfurnished,Apartment,0,28,0,Resale,Ready to Move,,Labdhi Lifestyles Ltd.
Labdhi Gardens,2100000,302,1,1,Neral,Beyond Thane,19.0248210057881,73.3169473654086,Unfurnished,Apartment,0,28,0,Resale,Ready to Move,,Labdhi Lifestyles Ltd.
Labdhi Gardens,2500000,342,1,2,Neral,Beyond Thane,19.0248210057881,73.3169473654086,Semi-Furnished,Apartment,0,28,0,Resale,Ready to Move,,Labdhi Lifestyles Ltd.
Labdhi Gardens,2800000,486,1,2,Neral,Beyond Thane,19.0248210057881,73.3169473654086,Furnished,Apartment,0,28,0,Resale,Ready to Move,,Labdhi Lifestyles Ltd.
Lodha Downtown Palava,3500000,432,1,1,Palava City,Beyond Thane,19.1680134933867,73.0730851842052,Unfurnished,Apartment,0,54,6,Resale,Ready to Move,,Lodha Developers Limited
Lodha Downtown Palava,3500000,432,1,1,Palava City,Beyond Thane,19.1680134933867,73.0730851842052,Unfurnished,Apartment,0,54,6,Resale,Ready to Move,,Lodha Developers Limited
Lodha Downtown Palava,3500000,432,1,1,Palava City,Beyond Thane,19.1680134933867,73.0730851842052,Unfurnished,Apartment,0,54,6,Resale,Ready to Move,,Lodha Developers Limited
Lodha Downtown Palava,3500000,432,1,1,Palava City,Beyond Thane,19.1680134933867,73.0730851842052,Unfurnished,Apartment,0,54,6,Resale,Ready to Move,,Lodha Developers Limited
Lodha Downtown Palava,4500000,306,1,1,Palava City,Beyond Thane,19.1680134933867,73.0730851842052,Semi-Furnished,Apartment,0,54,6,Resale,Ready to Move,,Lodha Developers Limited
Acme Ozone,17000000,1044,3,3,Ghodbunder Road,Thane,19.2516923732421,72.9728195264109,Unfurnished,Apartment,0,48,4,Resale,Ready to Move,,Acme Group
Acme Ozone,15100000,792,2,2,Ghodbunder Road,Thane,19.2516923732421,72.9728195264109,Unfurnished,Apartment,0,48,4,Resale,Ready to Move,,Acme Group
Acme Ozone,14000000,444,2,2,Ghodbunder Road,Thane,19.2516923732421,72.9728195264109,Unfurnished,Apartment,0,48,4,Resale,Under Construction,,Acme Group
Sahjeevan Residency,4900000,475,1,1,Kalyan East,Beyond Thane,19.2280216158659,73.1334807284888,Unfurnished,Apartment,0,10,2,Resale,Ready to Move,,Pappu Developers and Group
Poddar Evergreens,2300000,351,1,1,Badlapur East,Beyond Thane,19.1639249,73.2459247,Unfurnished,Apartment,0,12,6,Resale,Ready to Move,,Poddar Housing
Poddar Evergreens,2000000,414,1,1,Badlapur East,Beyond Thane,19.1639249,73.2459247,Unfurnished,Apartment,0,12,6,Resale,Ready to Move,,Poddar Housing
Poddar Evergreens,2400000,364,1,1,Badlapur East,Beyond Thane,19.1639249,73.2459247,,Apartment,0,12,6,Resale,Ready to Move,,Poddar Housing
Poddar Evergreens,1600000,307,1,1,Badlapur East,Beyond Thane,19.1639249,73.2459247,Semi-Furnished,Apartment,0,12,6,Resale,Ready to Move,,Poddar Housing
Gala Pride Palms,16400000,1006,3,3,Kolshet,Thane,19.2392002271759,72.997235034948,Unfurnished,Apartment,0,29,0,Resale,Ready to Move,,Gala Group
Om Residency,7200000,630,2,2,Dombivli East,Beyond Thane,19.2049111648702,73.1069201060438,Unfurnished,Apartment,0,9,5,Resale,Ready to Move,,Om Realty
Shree Chamunda Garden,4000000,484,1,1,Dombivli East,Beyond Thane,19.2049111648702,73.1069201060438,Unfurnished,Apartment,0,23,5,Resale,Ready to Move,,Shree Chamunda Enterprises
Shree Chamunda Garden,4500000,484,1,1,Dombivli East,Beyond Thane,19.2049111648702,73.1069201060438,Unfurnished,Apartment,0,23,5,Resale,Ready to Move,,Shree Chamunda Enterprises
Shree Chamunda Garden,4500000,356,1,1,Dombivli East,Beyond Thane,19.2049111648702,73.1069201060438,Semi-Furnished,Apartment,0,23,5,Resale,Ready to Move,,Shree Chamunda Enterprises
Shree Chamunda Garden,5000000,494,1,1,Dombivli East,Beyond Thane,19.2049111648702,73.1069201060438,Furnished,Apartment,0,23,5,Resale,Ready to Move,,Shree Chamunda Enterprises
Shree Chamunda Garden,4300000,364,1,1,Dombivli East,Beyond Thane,19.2049111648702,73.1069201060438,Unfurnished,Apartment,0,23,5,Resale,Ready to Move,,Shree Chamunda Enterprises
Shahpur ShubhVastu ,1650000,428,1,1,Vasind,Beyond Thane,19.4059529362434,73.2634315742197,Semi-Furnished,Apartment,0,16,2,Resale,Ready to Move,,Shahpur Infrastructure
Meera Vatika,7000000,698,2,2,Ambernath,Beyond Thane,19.1986487504664,73.2004913077756,Furnished,Apartment,0,17,6,Resale,Ready to Move,,Saraswati Infra Homes Pvt. Ltd.
Squarefeet Orchid Square,2050000,439,1,1,Ambernath,Beyond Thane,19.1986487504664,73.2004913077756,Unfurnished,Apartment,0,14,6,Resale,Ready to Move,,Squarefeet Group
Squarefeet Orchid Square,2700000,540,2,1,Ambernath,Beyond Thane,19.1986487504664,73.2004913077756,Unfurnished,Apartment,0,14,6,Resale,Ready to Move,,Squarefeet Group
Squarefeet Orchid Square,2500000,439,1,1,Ambernath,Beyond Thane,19.1986487504664,73.2004913077756,Unfurnished,Apartment,0,14,6,Resale,Ready to Move,,Squarefeet Group
Squarefeet Orchid Square,3500000,583,2,2,Ambernath,Beyond Thane,19.1986487504664,73.2004913077756,Unfurnished,Apartment,0,14,6,Resale,Ready to Move,,Squarefeet Group
Poddar Samruddhi Evergreen,2000000,334,1,1,Badlapur East,Beyond Thane,19.1639249,73.2459247,Unfurnished,Apartment,0,15,6,Resale,Ready to Move,,Poddar Housing
Poddar Samruddhi Evergreen,1800000,351,1,1,Badlapur,Beyond Thane,19.1639249,73.2459247,Unfurnished,Apartment,0,15,8,Resale,Ready to Move,,Poddar Housing
Poddar Navjeevan,2080000,403,1,1,Atgaon,Beyond Thane,19.503957,73.3280377,Unfurnished,Apartment,0,43,0,Resale,Ready to Move,,Poddar Developers
Poddar Navjeevan,1400000,198,1,1,Atgaon,Beyond Thane,19.503957,73.3280377,Semi-Furnished,Apartment,0,43,0,Resale,Ready to Move,,Poddar Developers
Poddar Navjeevan,1300000,274,1,1,Atgaon,Beyond Thane,19.503957,73.3280377,Unfurnished,Apartment,0,43,0,Resale,Ready to Move,,Poddar Developers
Landscape Heights,2700000,539,1,2,Ambernath East,Beyond Thane,19.2075883274914,73.1854898657514,Unfurnished,Apartment,0,11,1,Resale,Ready to Move,,Landstar Realty
Nirman Nagari,1700000,382,1,1,Neral,Beyond Thane,19.0248210057881,73.3169473654086,Unfurnished,Apartment,0,5,0,Resale,Ready to Move,,Unknown
Nirmal Lifestyle City,4400000,467,2,2,Kalyan,Beyond Thane,19.2449413625186,73.1331398884041,Unfurnished,Apartment,0,19,8,Resale,Ready to Move,,Nirmal Lifestyle
Nirmal Lifestyle City,5000000,583,2,2,Kalyan,Beyond Thane,19.2449413625186,73.1331398884041,Unfurnished,Apartment,0,19,8,Resale,Under Construction,,Nirmal Lifestyle
Jewel Arista,3250000,594,2,1,Badlapur,Beyond Thane,19.1639249,73.2459247,Unfurnished,Apartment,0,16,8,Resale,Ready to Move,,Jewel Builders and Infraprojects Ltd.
Jewel Arista,4800000,463,2,2,Badlapur,Beyond Thane,19.1639249,73.2459247,Unfurnished,Apartment,0,16,8,Resale,Ready to Move,,Jewel Builders and Infraprojects Ltd.
Mukul Plams,3100000,683,2,2,Ambernath,Beyond Thane,19.1986487504664,73.2004913077756,Unfurnished,Apartment,0,5,6,Resale,Ready to Move,,Mukul Developers
Mukul Plams,3800000,683,2,2,Ambernath,Beyond Thane,19.1986487504664,73.2004913077756,Unfurnished,Apartment,0,5,6,Resale,Ready to Move,,Mukul Developers
Mohan Suburbia,5800000,804,3,2,Ambernath East,Beyond Thane,19.2075883274914,73.1854898657514,Furnished,Apartment,0,32,1,Resale,Ready to Move,,Mohan Group
Lodha Elite,5800000,622,2,2,Dombivli East,Beyond Thane,19.2049111648702,73.1069201060438,Semi-Furnished,Apartment,0,28,5,Resale,Ready to Move,,Lodha Developers Limited
Lodha Elite,3500000,378,1,2,Dombivli East,Beyond Thane,19.2049111648702,73.1069201060438,Semi-Furnished,Apartment,0,28,5,Resale,Ready to Move,,Lodha Developers Limited
Lodha Elite,3300000,378,1,2,Dombivli East,Beyond Thane,19.2049111648702,73.1069201060438,Unfurnished,Apartment,0,28,5,Resale,Ready to Move,,Lodha Developers Limited
Lodha Elite,6800000,622,2,2,Dombivli East,Beyond Thane,19.2049111648702,73.1069201060438,Semi-Furnished,Apartment,0,28,5,Resale,Ready to Move,,Lodha Developers Limited
Lodha Splendora,25000000,1584,5,3,Ghodbunder Road,Thane,19.2516923732421,72.9728195264109,Furnished,Apartment,0,48,4,Resale,Ready to Move,,Lodha Developers Limited
Unkown,15000000,586,,1,Wagle Industrial Estate,Thane,19.1993804854674,72.9491798058801,Unfurnished,Commercial Office Space,0,0,7,Resale,Ready to Move,1 Covered,Unknown
Lodha Splendora,9400000,771,2,2,Ghodbunder Road,Thane,19.2516923732421,72.9728195264109,Unfurnished,Apartment,1,48,4,Resale,Ready to Move,1 Covered,Lodha Developers Limited
Green Square,7400000,558,2,2,Kavesar,Thane,19.2607077539498,72.9725861660124,Unfurnished,Apartment,0,13,4,New Property,Under Construction,"1 Covered, 1 Open",Squarefeet Group
Shree Y SQUARE,6138660,393,1,1,Dhokli Naka,Thane,19.2223972256548,72.9834629967589,Unfurnished,Apartment,1,6,3,New Property,Under Construction,1 Covered,Shree Mallinath Enterprise Llp
Siddheshwar Garden,12900000,745,2,2,Dhokali,Thane,19.2258189984106,72.9837277968585,Semi-Furnished,Apartment,0,0,7,Resale,Ready to Move,1 Covered,Unknown
Kalpataru Parkcity,15290000,695,2,2,Kolshet,Thane,19.2392002271759,72.997235034948,Unfurnished,Apartment,0,20,0,New Property,Under Construction,1 Covered,Kalpataru Ltd.
Larkins 315,14150620,655,2,2,Panch Pakhdi,Thane,19.1949989525044,72.9666959533383,Unfurnished,Apartment,0,19,2,New Property,Under Construction,1 Covered,Larkins Group
Bhoomi Acres,12000000,650,2,2,Thane West,Thane,19.2083097363891,72.9724465271482,Unfurnished,Apartment,0,25,10,New Property,Under Construction,1 Open,BHOOMI GROUP
Unkown,12500000,,,,Dohole,Beyond Thane,19.37995174,73.20828458,Unfurnished,Warehouse/ Godown,0,0,0,Resale,Ready to Move,,Unknown
Conwood Enclave,25500000,1000,3,3,Vasant Vihar,Thane,19.2239106440589,72.9678909294473,Semi-Furnished,Apartment,0,26,1,Resale,Ready to Move,,Conwood Realty
Unkown,7200000,152,,,Patlipada,Thane,19.2416002035523,72.9711756289089,Unfurnished,Commercial Office Space,0,0,3,Resale,Ready to Move,,Unknown
TenX Habitat Raymond Realty,10000000,412,1,1,Pokhran Road,Thane,19.2070940767958,72.9568656970685,Semi-Furnished,Apartment,0,46,3,Resale,Ready to Move,11 Covered,Raymond Realty
Piramal Vaikunth,21500000,710,2,2,Balkum Pada No 1,Thane,19.22115852,72.99070236,Semi-Furnished,Apartment,0,12,2,Resale,Ready to Move,1 Covered,Piramal Realty
Lodha Amara Tower 24 And 25,15000000,,2,2,Thane West,Thane,19.2083097363891,72.9724465271482,Unfurnished,Apartment,0,16,10,Resale,Ready to Move,,Lodha Group
Dev Corpora,70000000,2030,,2,Khopat,Thane,19.2014277501771,72.972637756513,Furnished,Commercial Office Space,0,33,4,Resale,Ready to Move,1 Covered,Squarefeet Group
Shree Complex,9900000,750,2,2,Dombivli,Beyond Thane,19.2094006,73.0939483,Semi-Furnished,Apartment,0,9,8,Resale,Ready to Move,,Shree Developers
Unkown,18231902,2800,5,4,,Thane,,,Semi-Furnished,Villa,0,0,0,Resale,Ready to Move,2 Open,Unknown
Unkown,95000000,2520,5,3,Ovala Naka,Thane,19.27404625,72.96052419,Furnished,Villa,0,0,6,Resale,Ready to Move,,Unknown
Unkown,27800000,1050,3,2,Louis Wadi,Thane,19.1935601299051,72.9615162484242,Semi-Furnished,Apartment,0,0,0,Resale,Ready to Move,,Unknown
Unkown,16500000,,3,2,,Thane,,,Furnished,Apartment,0,0,0,Resale,Ready to Move,,Unknown
Lodha Crown Dombivali,3300000,323,1,1,Dombivli East,Beyond Thane,19.2049111648702,73.1069201060438,Unfurnished,Apartment,0,7,5,Resale,Ready to Move,,Lodha Developers Limited
Unkown,3300000,,,,Kasara,Beyond Thane,19.6439736803258,73.4746818708467,,Residential Plot,0,0,0,Resale,,,Unknown
Lodha Palava Township,10000000,,2,2,Shilphata,Thane,19.1465685568349,73.0399463501033,Furnished,Apartment,0,18,0,Resale,Ready to Move,,Lodha Developers Limited
Unkown,46000000,3375,5,5,Ambernath East,Beyond Thane,19.2075883274914,73.1854898657514,Furnished,Villa,0,0,1,Resale,Ready to Move,,Unknown
Krishna Plaza,42000000,,,4,Naupada,Thane,19.18877,72.97044,Furnished,Commercial Office Space,0,0,7,Resale,Ready to Move,,Unknown
Lodha Splendora,12000000,871,2,3,Ghodbunder Road,Thane,19.2516923732421,72.9728195264109,Unfurnished,Apartment,0,48,4,Resale,Ready to Move,1 Covered,Lodha Developers Limited
Unkown,7200000,,3,2,Dombivli,Beyond Thane,19.2094006,73.0939483,Unfurnished,Apartment,0,0,8,Resale,Ready to Move,,Unknown
Lodha Amara Tower 24 And 25,16000000,,2,2,Thane West,Thane,19.2083097363891,72.9724465271482,Unfurnished,Apartment,0,16,10,Resale,Ready to Move,,Lodha Group
Unkown,11000000,876,3,2,Gopalnagar Dombivli East,Beyond Thane,19.21427464,73.09604509,Furnished,Apartment,0,0,0,Resale,Ready to Move,,Unknown
Dosti Oak,12500000,545,2,2,Balkum Pada,Thane,19.218154,72.993664,Semi-Furnished,Apartment,0,20,3,Resale,Ready to Move,,DOSTI REALTY
Tulsi Aangan,2400000,500,1,1,Badlapur East,Beyond Thane,19.1639249,73.2459247,Unfurnished,Apartment,0,11,6,Resale,Ready to Move,,Raj Group
Tharwani Vedant Imperial,2800000,452,1,1,Badlapur,Beyond Thane,19.1639249,73.2459247,Semi-Furnished,Apartment,0,19,8,Resale,Ready to Move,,Tharwani Infrastructures
Precious Harmony,4400000,706,2,2,Badlapur East,Beyond Thane,19.1639249,73.2459247,Semi-Furnished,Apartment,0,23,6,Resale,Ready to Move,,Precious Group
Valley Tower,7500000,410,1,1,Manpada Thane West,Thane,19.2307690829993,72.973592548318,Semi-Furnished,Apartment,0,0,3,Resale,Ready to Move,,Unknown
Arihant Anmol,3700000,709,2,2,Badlapur East,Beyond Thane,19.1639249,73.2459247,Unfurnished,Apartment,0,7,6,Resale,Ready to Move,,Arihant Superstructures Ltd
Rutu Tower,10500000,720,2,2,Ghodbunder Road,Thane,19.2516923732421,72.9728195264109,Semi-Furnished,Apartment,0,12,4,Resale,Ready to Move,,Rutu Group
Rutu Tower,12100000,713,2,2,Ghodbunder Road,Thane,19.2516923732421,72.9728195264109,Unfurnished,Apartment,0,12,4,Resale,Ready to Move,,Rutu Group
Orchid Jewels Complex,2800000,305,1,1,Bhiwandi,Beyond Thane,19.2937911767008,73.0653582109139,Semi-Furnished,Apartment,0,0,6,Resale,Ready to Move,,Unknown
Orchid Jewels Complex,2800000,446,1,1,Bhiwandi,Beyond Thane,19.2937911767008,73.0653582109139,Semi-Furnished,Apartment,0,0,6,Resale,Ready to Move,,Unknown
Vakratunda Residency,11500000,756,2,2,Dhokali,Thane,19.2258189984106,72.9837277968585,Semi-Furnished,Apartment,0,0,7,Resale,Ready to Move,,Unknown
Vakratunda Residency,11500000,756,2,2,Dhokali,Thane,19.2258189984106,72.9837277968585,Semi-Furnished,Apartment,0,0,7,Resale,Ready to Move,,Unknown
Hiranandani Estate Riviera,25000000,1080,4,4,Ghodbunder Road,Thane,19.2516923732421,72.9728195264109,Unfurnished,Apartment,0,0,4,Resale,Ready to Move,,Unknown
Poddar Samruddhi Evergreen,2500000,414,1,1,Badlapur East,Beyond Thane,19.1639249,73.2459247,Unfurnished,Apartment,0,0,6,Resale,Ready to Move,,Poddar Groups
Poddar Samruddhi Evergreen,1900000,180,1,1,Badlapur East,Beyond Thane,19.1639249,73.2459247,Unfurnished,Apartment,0,0,6,Resale,Ready to Move,,Poddar Groups
Aban Park,7500000,380,1,1,Dhokali,Thane,19.2258189984106,72.9837277968585,Semi-Furnished,Apartment,0,0,7,Resale,Ready to Move,,Unknown
Jai Malhar Society,2600000,259,1,1,Dombivli East,Beyond Thane,19.2049111648702,73.1069201060438,Unfurnished,Apartment,0,0,5,Resale,Ready to Move,,Unknown
Jai Malhar Society,2100000,371,1,1,Nandivli,Beyond Thane,19.1998737435079,73.0856103413878,Semi-Furnished,Apartment,0,0,0,Resale,Ready to Move,,Unknown
Unkown,4800000,,1,1,Kalwa,Thane,19.1986281463791,73.00243846035,Unfurnished,Apartment,0,0,7,Resale,Ready to Move,,Unknown
Ambika Neelkanth Dhara,4600000,446,1,1,Dombivli West,Beyond Thane,19.2174682509913,73.0750339345098,Unfurnished,Apartment,0,0,2,Resale,Ready to Move,,Unknown
Karrm Panchtatva Phase I,1600000,335,1,1,Shahapur,Beyond Thane,19.453550664726,73.3247044251021,Unfurnished,Apartment,0,0,2,Resale,Ready to Move,,Karrm Infrastructure Pvt. Ltd.
Poddar Samruddhi Evergreen,1600000,236,1,1,Badlapur East,Beyond Thane,19.1639249,73.2459247,Unfurnished,Apartment,0,0,6,Resale,Ready to Move,,Poddar Groups
Unkown,19700000,,4,4,Ambernath,Beyond Thane,19.1986487504664,73.2004913077756,Semi-Furnished,Villa,0,0,6,Resale,Ready to Move,,Unknown
Shree Kulswami Om Residency,2600000,295,1,1,Shilphata,Thane,19.1465685568349,73.0399463501033,Unfurnished,Apartment,0,8,0,Resale,Ready to Move,,Shree Kulswami Developers
Unkown,5500000,650,2,2,Ambernath East,Beyond Thane,19.2075883274914,73.1854898657514,Furnished,Apartment,0,0,1,Resale,Ready to Move,,Unknown
Karrm Gardens,2200000,450,1,1,Ambernath,Beyond Thane,19.1986487504664,73.2004913077756,Unfurnished,Apartment,0,3,6,Resale,Ready to Move,1 Open,KARAM INFRASTRUCTURE Pvt. Ltd.
Sarvam,7000000,430,1,2,Kasarvadavali,Thane,19.2692017640962,72.9703926869083,,Apartment,0,18,3,Resale,Ready to Move,,JVM Spaces
Vasant Park,5100000,,1,1,Kalyan West,Beyond Thane,19.2442606681675,73.123906730695,Semi-Furnished,Apartment,0,35,5,Resale,Ready to Move,,Vasant Builders
Sai Darshan,4500000,469,1,1,Kalyan East,Beyond Thane,19.2280216158659,73.1334807284888,Semi-Furnished,Apartment,0,5,2,Resale,Ready to Move,,Soham Construction Pvt. Ltd.
Unkown,750000,200,1,1,Kalyan Shilphata Road,Thane,19.1540383,73.06070039,Unfurnished,Apartment,0,0,0,Resale,Ready to Move,,Unknown
Unkown,8300000,,2,2,Dombivli East,Beyond Thane,19.2049111648702,73.1069201060438,Semi-Furnished,Apartment,0,0,5,Resale,Ready to Move,,Unknown
Shree Siddhivinayak Heights,11000000,533,2,2,Titwala,Beyond Thane,19.295217297811,73.2124239025258,Furnished,Apartment,0,3,4,Resale,Ready to Move,,Swastik Construction
Shankeshwar Palms,6800000,703,2,3,Dombivli West,Beyond Thane,19.2174682509913,73.0750339345098,Semi-Furnished,Apartment,0,0,2,Resale,Ready to Move,,Unknown
Shankeshwar Palms,6800000,641,2,2,Dombivli West,Beyond Thane,19.2174682509913,73.0750339345098,Semi-Furnished,Apartment,0,0,2,Resale,Ready to Move,,Unknown
Shankeshwar Palms,4500000,396,2,1,Dombivli West,Beyond Thane,19.2174682509913,73.0750339345098,Unfurnished,Apartment,0,0,2,Resale,Ready to Move,,Unknown
Pandurang Tower,4300000,446,1,1,Dombivli West,Beyond Thane,19.2174682509913,73.0750339345098,Semi-Furnished,Apartment,0,0,2,Resale,Ready to Move,,Unknown
Sai Orchid Residency,3675000,630,2,2,Dombivli East,Beyond Thane,19.2049111648702,73.1069201060438,Unfurnished,Apartment,0,11,5,Resale,Ready to Move,,Sai Developers
Puranik City Reserva,7000000,320,1,2,Ghodbunder Road,Thane,19.2516923732421,72.9728195264109,Unfurnished,Apartment,0,44,4,Resale,Under Construction,,Puranik Builders ltd.
Puranik City Reserva,7000000,432,1,2,Ghodbunder Road,Thane,19.2516923732421,72.9728195264109,Unfurnished,Apartment,0,44,4,Resale,Under Construction,,Puranik Builders ltd.
Rustomjee Aurelia,12000000,703,2,2,Majiwada,Thane,19.215865938964,72.9914374146644,Unfurnished,Apartment,0,11,6,Resale,Ready to Move,,Rustomjee
Mukta Residency,3500000,454,1,1,Shilphata,Thane,19.1465685568349,73.0399463501033,Semi-Furnished,Apartment,0,9,0,Resale,Ready to Move,,Mukta Developers
Mukta Residency,4000000,468,1,1,Shilphata,Thane,19.1465685568349,73.0399463501033,Unfurnished,Apartment,0,9,0,Resale,Ready to Move,,Mukta Developers
Madhukar Galaxy ,3300000,302,1,1,Dombivli East,Beyond Thane,19.2049111648702,73.1069201060438,Unfurnished,Apartment,0,19,5,Resale,Ready to Move,,RR Enterprise
Madhukar Galaxy ,5000000,605,2,2,Dombivli East,Beyond Thane,19.2049111648702,73.1069201060438,Unfurnished,Apartment,0,19,5,Resale,Ready to Move,,RR Enterprise
Madhukar Galaxy ,4700000,608,2,2,Dombivli East,Beyond Thane,19.2049111648702,73.1069201060438,Unfurnished,Apartment,0,19,5,Resale,Ready to Move,,RR Enterprise
Panvelkar Prestige,2500000,378,1,1,Ambernath,Beyond Thane,19.1986487504664,73.2004913077756,Unfurnished,Apartment,0,2,6,Resale,Ready to Move,,Panvelkar Group
Panvelkar Prestige,2544000,458,1,1,Ambernath East,Beyond Thane,19.2075883274914,73.1854898657514,Semi-Furnished,Apartment,0,2,1,Resale,Ready to Move,,Panvelkar Group
Kalpataru Paramount,9800000,382,2,2,Kapurbawdi,Thane,19.220268,72.977743,Unfurnished,Apartment,0,37,5,Resale,Under Construction,,Kalpataru Ltd.
Kalpataru Paramount,15000000,778,2,2,Kapurbawdi,Thane,19.220268,72.977743,Unfurnished,Apartment,0,37,5,Resale,Under Construction,,Kalpataru Ltd.
Dynamix Parkwoods,12000000,720,2,2,Thane West,Thane,19.2083097363891,72.9724465271482,Unfurnished,Apartment,0,25,10,Resale,Ready to Move,,Dynamix Group
Dynamix Parkwoods,7300000,511,1,2,Thane West,Thane,19.2083097363891,72.9724465271482,Semi-Furnished,Apartment,0,25,10,Resale,Ready to Move,,Dynamix Group
Ace Aviana,11500000,756,2,2,Ghodbunder Road,Thane,19.2516923732421,72.9728195264109,Semi-Furnished,Apartment,0,31,4,Resale,Ready to Move,,ACE Group
Tulsi Kalash,1200000,277,1,1,Neral,Beyond Thane,19.0248210057881,73.3169473654086,Semi-Furnished,Apartment,0,32,0,Resale,Ready to Move,,Tulsi Developers
Dynamix Parkwoods,7500000,511,1,2,Thane West,Thane,19.2083097363891,72.9724465271482,Unfurnished,Apartment,0,25,10,Resale,Ready to Move,,Dynamix Group
Lok Dhara Phase III,4500000,407,2,1,Kalyan East,Beyond Thane,19.2280216158659,73.1334807284888,Unfurnished,Apartment,0,13,2,Resale,Ready to Move,,Lok Group
Ashwin Sheth Avalon,62500000,1434,4,5,Thane West,Thane,19.2083097363891,72.9724465271482,Unfurnished,Apartment,0,12,10,Resale,Ready to Move,,Ashwin Sheth Group
Ashwin Sheth Avalon,62500000,2178,4,5,Majiwada,Thane,19.215865938964,72.9914374146644,Unfurnished,Apartment,0,12,6,Resale,Ready to Move,,Ashwin Sheth Group
Kalp Nisarg,2200000,464,1,1,Badlapur,Beyond Thane,19.1639249,73.2459247,Semi-Furnished,Apartment,0,24,8,Resale,Ready to Move,,Kalp Group
Bharat Eco Vista,6500000,680,2,2,Shilphata,Thane,19.1465685568349,73.0399463501033,Unfurnished,Apartment,0,24,0,Resale,Under Construction,,Bharat infrastructure & Engineering Pvt. Ltd.
Bharat Eco Vista,7000000,601,2,2,Shilphata,Thane,19.1465685568349,73.0399463501033,Unfurnished,Apartment,0,24,0,Resale,Ready to Move,,Bharat infrastructure & Engineering Pvt. Ltd.
Cosmos Habitat,11500000,612,2,2,Majiwada,Thane,19.215865938964,72.9914374146644,Semi-Furnished,Apartment,0,10,6,Resale,Ready to Move,,Cosmos Group
Unkown,3100000,415,1,1,Ambivli,Beyond Thane,19.265744998267,73.1731540259384,Unfurnished,Apartment,0,0,4,Resale,Ready to Move,1 Open,Unknown
Unkown,5200000,,1,2,Dombivli East,Beyond Thane,19.2049111648702,73.1069201060438,Unfurnished,Apartment,0,0,5,Resale,Ready to Move,,Unknown
Unkown,7000000,,,1,Wagle Estate,Thane,19.18675282,72.95439362,Furnished,Commercial Office Space,0,0,5,Resale,Ready to Move,,Unknown
Unkown,2000000,,,,Thane East,Thane,19.1811808756343,72.9763405196886,,Residential Plot,0,0,6,Resale,,,Unknown
Shree Vighnaharta Residency,5000000,,2,2,Diva,Thane,19.1915751433493,73.0430090272966,Unfurnished,Apartment,0,0,5,Resale,Ready to Move,,Unknown
Unkown,20000000,,,,Sector 16 Vashi,Beyond Thane,19.07656998,73.00028504,Unfurnished,Commercial Shop,0,0,0,Resale,Ready to Move,,Unknown
Unkown,4300000,,2,2,Badlapur,Beyond Thane,19.1639249,73.2459247,Semi-Furnished,Apartment,0,0,8,Resale,Ready to Move,,Unknown
Unkown,2550000,,1,1,Badlapur East,Beyond Thane,19.1639249,73.2459247,Unfurnished,Apartment,0,0,6,Resale,Ready to Move,1 Covered,Unknown
Unkown,2000000,,,,Murbad,Beyond Thane,19.2663415745285,73.3933927481555,,Residential Plot,0,0,3,Resale,,,Unknown
Tata Amantra,7000000,,2,2,Kalyan,Beyond Thane,19.2449413625186,73.1331398884041,Semi-Furnished,Apartment,0,20,8,Resale,Ready to Move,,TATA Housing Development Company Ltd.
Unkown,3700000,,1,2,Karjat,Beyond Thane,18.9112989,73.328189,Unfurnished,Apartment,0,0,2,Resale,Ready to Move,,Unknown
Unkown,1600000,,2,1,Badlapur,Beyond Thane,19.1639249,73.2459247,Unfurnished,Builder Floor Apartment,0,0,8,Resale,Ready to Move,,Unknown
Unkown,1000000,,1,1,Titwala,Beyond Thane,19.295217297811,73.2124239025258,Unfurnished,Residential House,0,0,4,Resale,Ready to Move,,Unknown
Unkown,2200000,,1,1,Ambernath,Beyond Thane,19.1986487504664,73.2004913077756,Unfurnished,Apartment,0,0,6,Resale,Ready to Move,,Unknown
Runwal MyCity,4300000,,1,2,Dombivli East,Beyond Thane,19.2049111648702,73.1069201060438,Unfurnished,Apartment,0,5,5,Resale,Ready to Move,,Runwal Group
Unkown,2500000,,1,1,Badlapur,Beyond Thane,19.1639249,73.2459247,Unfurnished,Builder Floor Apartment,0,0,8,Resale,Ready to Move,2 Open,Unknown
JP Synergy,2600000,,1,1,Ambernath East,Beyond Thane,19.2075883274914,73.1854898657514,Unfurnished,Apartment,0,18,1,Resale,Ready to Move,,JP Corp
Lodha Casa Royale,16000000,786,2,2,Balkum Road,Thane,19.22484471,72.98879008,Furnished,Apartment,0,50,1,Resale,Ready to Move,,Lodha Developers Limited
Unkown,1800000,,1,1,Asangaon,Beyond Thane,19.4390197,73.3030715,Unfurnished,Builder Floor Apartment,0,0,2,Resale,Ready to Move,,Unknown
Poddar Evergreens,1850000,,,,Badlapur East,Beyond Thane,19.1639249,73.2459247,Unfurnished,Commercial Shop,0,12,6,Resale,Ready to Move,1 Open,Poddar Housing
Unkown,1200000,,,1,Badlapur East,Beyond Thane,19.1639249,73.2459247,Semi-Furnished,Studio Apartment,0,0,6,Resale,Ready to Move,,Unknown
Unkown,5500000,168,,,Titwala,Beyond Thane,19.295217297811,73.2124239025258,Unfurnished,Commercial Shop,0,0,4,Resale,Ready to Move,,Unknown
Sarvodaya Nagar,2500000,,1,1,Ambernath,Beyond Thane,19.1986487504664,73.2004913077756,Semi-Furnished,Apartment,0,0,6,Resale,Ready to Move,,Unknown
Unkown,2700000,,1,1,Badlapur West,Beyond Thane,19.1760975692482,73.2401614495576,Unfurnished,Apartment,0,0,0,Resale,Ready to Move,,Unknown
Gupta Sai Orchid,7500000,,2,2,Dombivli East,Beyond Thane,19.2049111648702,73.1069201060438,Unfurnished,Apartment,0,30,5,Resale,Ready to Move,,Gupta Builders And Developers
Godrej Emerald,7600000,476,1,2,Bhayandarpada,Thane,19.288128,72.949629,Unfurnished,Apartment,0,8,0,Resale,Ready to Move,,Godrej Properties
Rosa Bella,16000000,,3,3,Ghodbunder Road,Thane,19.2516923732421,72.9728195264109,Furnished,Apartment,0,32,4,Resale,Ready to Move,,Rosa Group
Siddhi City,2250000,,1,1,Badlapur East,Beyond Thane,19.1639249,73.2459247,Unfurnished,Apartment,0,21,6,Resale,Ready to Move,10 Open,Siddhi Developers
Unkown,17000000,,,,Wagle Estate,Thane,19.18675282,72.95439362,Semi-Furnished,Commercial Shop,0,0,5,Resale,Ready to Move,,Unknown
Unkown,6100000,,1,1,Thane West,Thane,19.2083097363891,72.9724465271482,Semi-Furnished,Apartment,0,0,10,Resale,Ready to Move,,Unknown
Bhalerao Prity Park,7900000,740,2,2,Ghodbunder Road,Thane,19.2516923732421,72.9728195264109,Semi-Furnished,Apartment,0,11,4,Resale,Ready to Move,,S.D.Bhalerao & company
Shree Mishal Sundaram Kaveri Heights,12500000,735,2,2,Kalwa,Thane,19.1986281463791,73.00243846035,Furnished,Apartment,0,9,7,Resale,Ready to Move,,Shree Mishal Sundaram Realty Ventures LLP
Lodha Palava Downtown,10000000,,3,3,Shilphata,Thane,19.1465685568349,73.0399463501033,Semi-Furnished,Apartment,0,52,0,Resale,Ready to Move,,Lodha Developers Limited
Unkown,10000000,,2,2,Ghodbunder Road,Thane,19.2516923732421,72.9728195264109,Semi-Furnished,Apartment,0,0,4,Resale,Ready to Move,,Unknown
Hill Side Residency,1750000,,1,1,Badlapur,Beyond Thane,19.1639249,73.2459247,Unfurnished,Apartment,0,11,8,Resale,Ready to Move,,Ecogreen Group
Tharwani Ariana,3251000,,2,2,Ambernath West,Beyond Thane,19.2107415190685,73.1908213734783,Unfurnished,Apartment,0,20,2,Resale,Ready to Move,,Tharwani Realty
Unkown,1250000,,1,1,,Thane,,,Semi-Furnished,Apartment,0,0,0,Resale,Ready to Move,,Unknown
Anand Vihar,9000000,,2,2,Kalwa,Thane,19.1986281463791,73.00243846035,Unfurnished,Apartment,0,0,7,Resale,Ready to Move,,Unknown
Unkown,3000000,,1,2,Badlapur East,Beyond Thane,19.1639249,73.2459247,Unfurnished,Apartment,0,0,6,Resale,Ready to Move,,Unknown
Unkown,2900000,,,,Mumbra,Thane,19.1696005965932,73.0222262996538,Semi-Furnished,Commercial Shop,0,0,7,Resale,Ready to Move,,Unknown
Arihant Anmol,2600000,,1,1,Badlapur East,Beyond Thane,19.1639249,73.2459247,Semi-Furnished,Apartment,0,7,6,Resale,Ready to Move,,Arihant Superstructures Ltd
Charms Global City,3100000,418,1,2,Ambernath East,Beyond Thane,19.2075883274914,73.1854898657514,Unfurnished,Apartment,0,25,1,Resale,Ready to Move,,Charms Group and RRC 
Unkown,6950000,1588,3,2,,Thane,,,Furnished,Villa,0,0,0,Resale,Ready to Move,2 Open,Unknown
Mukta Residency,4200000,,1,1,Shilphata,Thane,19.1465685568349,73.0399463501033,Unfurnished,Apartment,0,9,0,Resale,Ready to Move,,Mukta Developers
Dosti Vihar,33500000,968,3,3,Pokhran Road,Thane,19.2070940767958,72.9568656970685,Semi-Furnished,Apartment,0,28,3,Resale,Ready to Move,1 Covered,DOSTI REALTY
Karrm Residency,1150000,278,1,1,Shahapur,Beyond Thane,19.453550664726,73.3247044251021,Unfurnished,Apartment,0,16,2,Resale,Ready to Move,,Karrm Infrastructure Pvt. Ltd.
Labdhi Gardens Phase 6,2500000,358,1,2,Neral,Beyond Thane,19.0248210057881,73.3169473654086,Semi-Furnished,Apartment,0,23,0,Resale,Ready to Move,,Labdhi Lifestyles Ltd.
Thanekar Hillcrest,2500000,,1,2,Badlapur,Beyond Thane,19.1639249,73.2459247,Unfurnished,Apartment,0,12,8,Resale,Ready to Move,,Thanekar Group
Tata Serein,11500000,,1,2,Pokharan Road Number 2,Thane,19.218973,72.968099,Semi-Furnished,Apartment,0,42,2,Resale,Ready to Move,,TATA Housing Development Company Ltd.
Unkown,2000000,,,,Khardi,Beyond Thane,19.58376,73.39068,,Residential Plot,0,0,0,Resale,,,Unknown
Globe Business Square ,6100000,476,,2,Dombivli,Beyond Thane,19.2094006,73.0939483,Unfurnished,Commercial Office Space,0,0,8,Resale,Ready to Move,,Unknown
Lodha Palava,10888800,,3,3,Dombivli East,Beyond Thane,19.2049111648702,73.1069201060438,Furnished,Apartment,0,54,5,Resale,Ready to Move,,Lodha Developers Limited
Unkown,4600000,424,1,1,Shilphata,Thane,19.1465685568349,73.0399463501033,Unfurnished,Apartment,0,0,0,Resale,Ready to Move,,Unknown
Unkown,2850000,277,,,Khidkali,Thane,19.149708,73.06833,Unfurnished,Commercial Shop,0,0,0,Resale,Ready to Move,,Unknown
Balaji Aangan,8400000,870,2,2,Thakurli,Beyond Thane,19.2252747701219,73.1000690723917,Furnished,Apartment,0,16,1,Resale,Ready to Move,,SS Life Spaces
Raunak Unnathi Woods Phase 7,7200000,420,1,2,Anand Nagar Thane West,Thane,19.2640466932527,72.9652443996319,Semi-Furnished,Apartment,0,9,4,New Property,Ready to Move,,Raunak Group
Hubtown Greenwood,11000000,496,2,2,Vartak Nagar,Thane,19.2123022683298,72.9624750800907,Semi-Furnished,Apartment,0,25,4,Resale,Ready to Move,,Hubtown Ltd.
Godrej Ascend,20000000,,2,2,Kolshet Road,Thane,19.2321621,72.9873688,Unfurnished,Apartment,0,26,1,Resale,Ready to Move,,Godrej Properties
Raunak Bliss,6800000,380,1,1,Haware City,Thane,19.26138437,72.95769401,Furnished,Apartment,0,25,0,New Property,Ready to Move,,Raunak Group
Bella Vista,2600000,,,,Shahapur,Beyond Thane,19.453550664726,73.3247044251021,,Residential Plot,0,16,2,Resale,,,Oswal Group
Midas  O22 Business Park,46525294,1861,,1,Wagle Estate,Thane,19.18675282,72.95439362,Unfurnished,Commercial Office Space,0,15,5,New Property,Dec '26,,Midas Touch Realty
Ashwin Sheth Avalon,38561000,1469,3,3,Thane West,Thane,19.2083097363891,72.9724465271482,Unfurnished,Apartment,0,12,10,New Property,Dec '26,,Ashwin Sheth Group
Tata Serein,31791000,1281,4,3,Pokharan Road Number 2,Thane,19.218973,72.968099,Unfurnished,Apartment,0,42,2,New Property,May '27,,TATA Housing Development Company Ltd.
Birla Taranya,23700000,1057,3,3,Kalwa,Thane,19.1986281463791,73.00243846035,Unfurnished,Apartment,0,0,7,New Property,Mar '32,,Birla Estates Private Limited
Delta Nift City Bkc 2,15000000,595,,1,Kalwa,Thane,19.1986281463791,73.00243846035,Unfurnished,Commercial Shop,0,10,7,New Property,Dec '31,,Delta Venus Infra Llp
Happy Sarvoday 1,94599000,1085,,1,Kalyan,Beyond Thane,19.2449413625186,73.1331398884041,Unfurnished,Commercial Office Space,0,6,8,New Property,Dec '28,,Happy Home Group
Damji Shamji Mahavir Spring,25024000,1011,3,3,Pokharan Road Number 2,Thane,19.218973,72.968099,Unfurnished,Apartment,0,42,2,New Property,Under Construction,,Damji Shamji Shah Group
Lodha Signet,16000000,487,,1,Kolshet,Thane,19.2392002271759,72.997235034948,Unfurnished,Commercial Office Space,0,0,0,New Property,Nov '27,,Lodha Developers Limited
Dosti 604,16100000,760,2,2,Wagle Estate,Thane,19.18675282,72.95439362,Unfurnished,Apartment,0,11,5,New Property,Dec '32,,Dosti Realty 
Lodha Opulis B,56000000,3300,4,4,Kole,Beyond Thane,19.22816159,73.36323194,Unfurnished,Apartment,0,10,0,New Property,May '30,,Lodha Developers Limited
Godrej Nirvaan,6956000,596,2,2,Kalyan West,Beyond Thane,19.2442606681675,73.123906730695,Unfurnished,Apartment,0,45,5,New Property,Under Construction,,Godrej Properties
Kalpataru Aria ,49345000,9000,,,Karjat,Beyond Thane,18.9112989,73.328189,Unfurnished,Residential Plot,0,23,2,New Property,,,Kalpataru Ltd.
Ace Parkside,8973000,662,2,2,Kasarvadavali,Thane,19.2692017640962,72.9703926869083,Unfurnished,Apartment,0,4,3,New Property,Dec '29,,Aarti Estates
Piramal Vaikunth,9264000,387,1,2,Balkum Pada,Thane,19.218154,72.993664,Unfurnished,Apartment,0,12,3,New Property,Ready To Move,,Piramal Realty
IRIS at Kashish Park,18204000,832,2,2,Thane West,Thane,19.2083097363891,72.9724465271482,Unfurnished,Apartment,0,7,10,New Property,Dec '28,,Kashish Park Realtors
Sunrise Corporate Park,101500000,7000,,5,Wagle Estate,Thane,19.18675282,72.95439362,Unfurnished,Commercial Office Space,0,0,5,New Property,Dec '28,,sunrise reality Pvt Ltd
Delta Nift City Bkc 2,15000000,595,,1,Kalwa,Thane,19.1986281463791,73.00243846035,Unfurnished,Commercial Shop,0,10,7,New Property,Dec '31,,Delta Venus Infra Llp
Dosti Greater Thane,5031000,452,2,2,Bhiwandi,Beyond Thane,19.2937911767008,73.0653582109139,Unfurnished,Apartment,0,14,6,New Property,Jun '28,,Dosti Realty 
Dosti 604,24000000,1100,3,3,Wagle Estate,Thane,19.18675282,72.95439362,Unfurnished,Apartment,0,11,5,New Property,Dec '32,,Dosti Realty 
Godrej Ascend,24800000,935,3,3,Kolshet Road,Thane,19.2321621,72.9873688,Unfurnished,Apartment,0,26,1,New Property,Dec '28,,Godrej Properties
Tharwani Ariana,1999000,337,1,1,Ambernath West,Beyond Thane,19.2107415190685,73.1908213734783,Unfurnished,Apartment,0,20,2,New Property,Ready to Move,,Tharwani Realty
Kalpataru Aria ,11400000,2280,,,Karjat,Beyond Thane,18.9112989,73.328189,Unfurnished,Residential Plot,0,23,2,New Property,,,Kalpataru Ltd.
Puraniks Rumah Bali,5124000,362,1,1,Ghodbunder Road,Thane,19.2516923732421,72.9728195264109,Unfurnished,Apartment,0,8,4,New Property,Dec '28,,Puranik Builders ltd.
Lodha Crown Kolshet,11374000,524,2,2,Kolshet,Thane,19.2392002271759,72.997235034948,Unfurnished,Apartment,0,20,0,New Property,Sep '27,,Lodha Developers Limited
Narang Privado,39600000,1487,4,4,Pokharan Road Number 1,Thane,19.212969,72.959552,Unfurnished,Apartment,0,0,4,New Property,Mar '28,,Narang Propco Private Limited
Adani Codename LIT,34270000,1360,4,3,Teen Hath Naka Area,Thane,19.1888629332732,72.9629527577008,Unfurnished,Apartment,0,4,3,New Property,Dec '29,,Adani Realty
Dosti West County Phase 7 Dosti Willow,24490000,1275,3,3,Thane West,Thane,19.2083097363891,72.9724465271482,Unfurnished,Apartment,0,0,10,New Property,Mar '28,,Dosti Realty 
Dosti Desire Phase 2,9002000,513,1,2,Brahmand,Thane,19.2465246578817,72.9810492263649,Unfurnished,Apartment,0,5,3,New Property,Aug '27,,Dosti Realty 
Metro Regalia,18367000,1090,3,3,Pokharan Road Number 1,Thane,19.212969,72.959552,Unfurnished,Apartment,0,0,4,New Property,Dec '27,,SHREE ASHTAVINAYAK ENTERPRISES
Padmanabh Shree Yogesh CHSL,20962000,701,3,3,Ram Maruti Road,Thane,19.191821,72.972387,Unfurnished,Apartment,0,8,2,New Property,Dec '27,,Padmanabh Developers
Vishwajeet Edge,3300000,539,1,1,Ambernath East,Beyond Thane,19.2075883274914,73.1854898657514,Unfurnished,Apartment,0,25,1,Resale,Ready to Move,,GBK Group
Unique Greens,11500000,792,2,2,Ghodbunder Road,Thane,19.2516923732421,72.9728195264109,Unfurnished,Apartment,0,15,4,Resale,Ready to Move,,Unique Shanti Developers Pvt. Ltd.
Unique Greens,10500000,558,2,2,Ghodbunder Road,Thane,19.2516923732421,72.9728195264109,Semi-Furnished,Apartment,0,15,4,Resale,Ready to Move,,Unique Shanti Developers Pvt. Ltd.
Dosti Planet North,5200000,493,1,1,Shilphata,Thane,19.1465685568349,73.0399463501033,Unfurnished,Apartment,0,5,0,Resale,Under Construction,,Dosti Realty
Dosti Planet North,5200000,493,1,2,Shilphata,Thane,19.1465685568349,73.0399463501033,Unfurnished,Apartment,0,5,0,Resale,Ready to Move,,Dosti Realty
Om Sai Plaza,7500000,385,2,2,Ghodbunder Road,Thane,19.2516923732421,72.9728195264109,Unfurnished,Apartment,0,12,4,Resale,Ready to Move,,Sai Developer
Om Sai Plaza,6800000,385,2,2,Ghodbunder Road,Thane,19.2516923732421,72.9728195264109,Unfurnished,Apartment,0,12,4,Resale,Ready to Move,,Sai Developer
Om Sai Plaza,6800000,536,2,2,Ghodbunder Road,Thane,19.2516923732421,72.9728195264109,Unfurnished,Apartment,0,12,4,Resale,Ready to Move,,Sai Developer
Rustomjee Azziano,15000000,704,2,2,Majiwada,Thane,19.215865938964,72.9914374146644,Unfurnished,Apartment,0,21,6,Resale,Under Construction,,Rustomjee
Rustomjee Azziano,14500000,816,2,2,Majiwada,Thane,19.215865938964,72.9914374146644,Semi-Furnished,Apartment,0,21,6,Resale,Ready to Move,,Rustomjee
Puraniks Tokyo Bay,6000000,310,1,2,Ghodbunder Road,Thane,19.2516923732421,72.9728195264109,Unfurnished,Apartment,0,12,4,Resale,Ready to Move,,Puranik Builders ltd.
Puraniks Tokyo Bay,6500000,462,1,1,Ghodbunder Road,Thane,19.2516923732421,72.9728195264109,Semi-Furnished,Apartment,0,12,4,Resale,Ready to Move,,Puranik Builders ltd.
Mayuresh Park,7500000,504,1,1,Kalwa,Thane,19.1986281463791,73.00243846035,Furnished,Apartment,0,23,7,Resale,Ready to Move,,Mayuresh Group
Lodha Palava Downtown,4300000,468,1,1,Shilphata,Thane,19.1465685568349,73.0399463501033,Unfurnished,Apartment,0,52,0,Resale,Under Construction,,Lodha Developers Limited
Unkown,100000000,3776,5,5,Hiranandani Estate Road,Thane,19.2546772,72.9819954,Semi-Furnished,Apartment,0,0,5,Resale,Ready to Move,,Unknown
Raunak City Sector 4,4300000,461,1,1,Kalyan West,Beyond Thane,19.2442606681675,73.123906730695,Semi-Furnished,Apartment,0,16,5,Resale,Ready to Move,,Raunak Group
Satyam Oleander,2700000,576,2,2,Ambernath,Beyond Thane,19.1986487504664,73.2004913077756,Unfurnished,Apartment,0,11,6,Resale,Ready to Move,,Satyam Group
Satyam Oleander,3600000,576,2,2,Ambernath,Beyond Thane,19.1986487504664,73.2004913077756,Unfurnished,Apartment,0,11,6,Resale,Ready to Move,,Satyam Group
Satyam Oleander,3500000,583,2,2,Ambernath,Beyond Thane,19.1986487504664,73.2004913077756,Unfurnished,Apartment,0,11,6,Resale,Ready to Move,,Satyam Group
Vishwajeet Edge,3400000,591,1,1,Ambernath East,Beyond Thane,19.2075883274914,73.1854898657514,Unfurnished,Apartment,0,25,1,Resale,Ready to Move,,GBK Group
Vishwajeet Edge,3300000,591,1,1,Ambernath East,Beyond Thane,19.2075883274914,73.1854898657514,Unfurnished,Apartment,0,25,1,Resale,Ready to Move,,GBK Group
Vishwajeet Edge,3200000,521,1,2,Ambernath East,Beyond Thane,19.2075883274914,73.1854898657514,Unfurnished,Apartment,0,25,1,Resale,Ready to Move,,GBK Group
Vishwajeet Edge,2800000,505,1,1,Ambernath East,Beyond Thane,19.2075883274914,73.1854898657514,Unfurnished,Apartment,0,25,1,Resale,Ready to Move,,GBK Group
Vishwajeet Edge,3500000,595,1,2,Ambernath East,Beyond Thane,19.2075883274914,73.1854898657514,Unfurnished,Apartment,0,25,1,Resale,Ready to Move,,GBK Group
Khatri Grande,2650000,482,1,1,Badlapur,Beyond Thane,19.1639249,73.2459247,Unfurnished,Apartment,0,15,8,Resale,Ready to Move,,Khatri Consructions
Khatri Grande,2650000,482,1,1,Badlapur,Beyond Thane,19.1639249,73.2459247,Unfurnished,Apartment,0,15,8,Resale,Ready to Move,,Khatri Consructions
Dosti Planet North,4500000,495,1,2,Shilphata,Thane,19.1465685568349,73.0399463501033,Unfurnished,Apartment,0,5,0,Resale,Ready to Move,,Dosti Realty
Dosti Planet North,4890000,493,1,1,Shilphata,Thane,19.1465685568349,73.0399463501033,Unfurnished,Apartment,0,5,0,Resale,Ready to Move,,Dosti Realty
Kavya Residency,8500000,778,2,2,Ghodbunder Road,Thane,19.2516923732421,72.9728195264109,Unfurnished,Apartment,0,26,4,Resale,Ready to Move,,Kavya Buildcon Pvt. Ltd.
Kavya Residency,7900000,662,2,2,Ghodbunder Road,Thane,19.2516923732421,72.9728195264109,Unfurnished,Apartment,0,26,4,Resale,Ready to Move,,Kavya Buildcon Pvt. Ltd.
Dosti Oak,12500000,545,2,2,Balkum Pada,Thane,19.218154,72.993664,Semi-Furnished,Apartment,0,20,3,Resale,Ready to Move,,DOSTI REALTY
Rustomjee La Familia,15000000,615,2,2,Majiwada,Thane,19.215865938964,72.9914374146644,Unfurnished,Apartment,0,5,6,Resale,Under Construction,1 Covered,Rustomjee
Tata Serein,29500000,1168,3,3,Pokharan Road Number 2,Thane,19.218973,72.968099,Semi-Furnished,Apartment,0,42,2,Resale,Ready to Move,,TATA Housing Development Company Ltd.
Unkown,125000000,,,,Padgha,Beyond Thane,19.3662582552053,73.1774825106993,,Commercial Land,0,0,0,Resale,,,Unknown
Unkown,12500000,600,2,2,,Thane,,,Furnished,Apartment,0,0,0,Resale,Ready to Move,,Unknown
Godrej Emerald,15000000,908,3,3,Bhayandarpada,Thane,19.288128,72.949629,Unfurnished,Apartment,0,8,0,Resale,Ready to Move,1 Covered,Godrej Properties
Unkown,103000000,,,,Asangaon,Beyond Thane,19.4390197,73.3030715,,Industrial Building,0,0,2,Resale,Ready to Move,,Unknown
Unkown,2300000,,,1,Chakki Naka,Beyond Thane,19.2194377355058,73.1372713822547,Unfurnished,Studio Apartment,0,0,0,Resale,Ready to Move,,Unknown
Sarvodaya Galaxy,7000000,538,1,2,Dombivli,Beyond Thane,19.2094006,73.0939483,Semi-Furnished,Apartment,0,11,8,Resale,Ready to Move,,Happy Home Group
Ashtavinayak Residency,3600000,612,2,2,Ambernath,Beyond Thane,19.1986487504664,73.2004913077756,Unfurnished,Apartment,0,11,6,Resale,Ready to Move,,Ashtavinayak Enterprises
Unkown,7200000,480,1,2,Kopar Road,Beyond Thane,19.2156286295815,73.0821560017199,Semi-Furnished,Apartment,0,0,0,Resale,Ready to Move,,Unknown
Unkown,20000000,,,,Thane West,Thane,19.2083097363891,72.9724465271482,,Residential Plot,0,0,10,Resale,,,Unknown
Crown Lodha Quality Homes,8000000,317,1,1,Majiwada,Thane,19.215865938964,72.9914374146644,Furnished,Apartment,0,4,6,Resale,Ready to Move,,Lodha Developers Limited
Lodha Casa Bella Gold,4400000,,1,1,Dombivli East,Beyond Thane,19.2049111648702,73.1069201060438,Semi-Furnished,Apartment,0,20,5,Resale,Ready to Move,,Lodha Developers Limited
Rustomjee Aurelia,9200000,405,1,2,Sainath Nagar Majiwada,Thane,19.21386808,72.98213117,Semi-Furnished,Apartment,0,11,2,Resale,Ready to Move,52 Covered,Rustomjee
Unkown,7600000,,2,2,Dombivli West,Thane,19.2174682509913,73.0750339345098,Semi-Furnished,Apartment,0,0,2,Resale,Ready to Move,,Unknown
Unkown,2800000,430,1,1,Kalyan East,Beyond Thane,19.2280216158659,73.1334807284888,Semi-Furnished,Apartment,0,0,2,Resale,Ready to Move,,Unknown
Raunak Residency,8000000,350,1,1,Vartak Nagar,Thane,19.2123022683298,72.9624750800907,Semi-Furnished,Apartment,1,26,4,Resale,Ready to Move,,Raunak Group
Jai Mata Di Complex,5900000,850,2,2,Kasheli,Beyond Thane,19.2301651,73.0171568,Furnished,Apartment,0,13,2,Resale,Ready to Move,,Jai Matadi Enterprises
Rosa Bella,18000000,1050,3,3,Waghbil,Thane,19.266575,72.983724,Semi-Furnished,Apartment,1,32,1,Resale,Ready to Move,1 Covered,Rosa Group
Narang Asteria By Courtyard,34000000,1134,3,3,Vasant Vihar,Thane,19.2239106440589,72.9678909294473,Unfurnished,Apartment,0,22,1,Resale,Ready to Move,2 Covered,Narang Realty and The Wadhwa Group
Unkown,3500000,180,,2,Dhobi Ali,Thane,19.199298,72.975249,Unfurnished,Studio Apartment,0,0,0,Resale,Ready to Move,,Unknown
Unkown,8500000,312,,1,Wagle Estate,Thane,19.18675282,72.95439362,Furnished,Office in IT Park/ SEZ,0,0,5,Resale,Ready to Move,1 Covered,Unknown
Unkown,27500000,900,,1,Naupada,Thane,19.18877,72.97044,Furnished,Commercial Office Space,1,0,7,Resale,Ready to Move,1 Open,Unknown
Dattusai Complex,4200000,,1,1,Dombivli West,Beyond Thane,19.2174682509913,73.0750339345098,Semi-Furnished,Apartment,0,0,2,Resale,Ready to Move,,Unknown
Dhamji Shamji Shah Mahavir Square,22000000,1011,3,3,Thane West,Thane,19.2083097363891,72.9724465271482,Semi-Furnished,Apartment,0,3,10,Resale,Ready to Move,,Dhamji Shamji Shah Group & Squarefeet Group
Lodha Paradise,12000000,660,2,2,Majiwada,Thane,19.215865938964,72.9914374146644,Semi-Furnished,Apartment,0,51,6,Resale,Ready to Move,,Lodha Developers Limited
Lodha Amara,7800000,380,1,2,Kolshet Road,Thane,19.2321621,72.9873688,Semi-Furnished,Apartment,0,42,1,Resale,Ready to Move,"1 Covered, 1 Open",Lodha Developers Limited
Kaizen Arc,15925000,455,,,Wagle Estate,Thane,19.18675282,72.95439362,Unfurnished,Commercial Shop,0,10,5,New Property,Under Construction,,Kaizen Realty
Runwal MyCity,4500000,542,2,2,Dombivli,Beyond Thane,19.2094006,73.0939483,Semi-Furnished,Apartment,0,5,8,Resale,Ready to Move,,Runwal Group
Sivana,1500000,,,,,Thane,,,,Residential Plot,0,0,0,Resale,,,A D Realtors
Unkown,8000000,780,1,1,Kasarvadavali,Thane,19.2692017640962,72.9703926869083,Unfurnished,Apartment,0,0,3,Resale,Ready to Move,,Unknown
Lodha Crown Dombivali,2700000,220,1,1,Dombivli East,Beyond Thane,19.2049111648702,73.1069201060438,Unfurnished,Apartment,0,7,5,Resale,Ready to Move,,Lodha Developers Limited
Lodha Crown,5500000,,1,2,Majiwada,Thane,19.215865938964,72.9914374146644,Unfurnished,Apartment,0,4,6,Resale,Ready to Move,,Lodha Developers Limited
Unkown,5200000,750,2,2,,Thane,,,Furnished,Apartment,0,0,0,New Property,Ready to Move,,Unknown
Vighnaharta Park,5500000,576,2,2,Dombivli West,Beyond Thane,19.2174682509913,73.0750339345098,Semi-Furnished,Apartment,0,0,2,Resale,Ready to Move,,Unknown
Ekveera Gardens,1900000,468,1,1,Badlapur East,Beyond Thane,19.1639249,73.2459247,Unfurnished,Apartment,0,0,6,Resale,Ready to Move,,Dhule Group
Lotus Tower,6000000,540,2,2,Kalyan West,Beyond Thane,19.2442606681675,73.123906730695,Semi-Furnished,Apartment,0,0,5,Resale,Ready to Move,,Unknown
Runwal My City Codename Walk,5600000,554,2,2,Dombivli East,Beyond Thane,19.2049111648702,73.1069201060438,Unfurnished,Apartment,0,0,5,Resale,Ready to Move,,The Runwal Group
Runwal Mycity Phase 2,3800000,351,1,2,Dombivli East,Beyond Thane,19.2049111648702,73.1069201060438,Unfurnished,Apartment,0,0,5,Resale,Ready to Move,,Unknown
Runwal Mycity Phase 2,5800000,378,1,2,Dombivli East,Beyond Thane,19.2049111648702,73.1069201060438,Unfurnished,Apartment,0,0,5,Resale,Ready to Move,,Unknown
Runwal Mycity Phase 2,5000000,322,1,2,Dombivli East,Beyond Thane,19.2049111648702,73.1069201060438,Unfurnished,Apartment,0,0,5,Resale,Ready to Move,,Unknown
Lok Dhara Phase 2,4800000,395,1,1,Kalyan East,Beyond Thane,19.2280216158659,73.1334807284888,Unfurnished,Apartment,0,0,2,Resale,Ready to Move,,Lok Group
Ajmera Yogi Dham Phase 3,7000000,673,2,2,Kalyan West,Beyond Thane,19.2442606681675,73.123906730695,Unfurnished,Apartment,0,0,5,Resale,Ready to Move,,Ajmera Realty & Infra India Ltd.
Satkar Tower,4500000,511,1,1,Kalyan East,Beyond Thane,19.2280216158659,73.1334807284888,Furnished,Apartment,0,0,2,Resale,Ready to Move,,Pragati Builders
Umiya Complex,3400000,623,2,2,Badlapur West,Beyond Thane,19.1760975692482,73.2401614495576,Unfurnished,Apartment,0,0,0,Resale,Ready to Move,,Unknown
Umiya Complex,2800000,468,2,2,Badlapur West,Beyond Thane,19.1760975692482,73.2401614495576,Unfurnished,Apartment,0,0,0,Resale,Ready to Move,,Unknown
Vighnaharta Park,5800000,594,2,3,Dombivli West,Beyond Thane,19.2174682509913,73.0750339345098,Semi-Furnished,Apartment,0,0,2,Resale,Ready to Move,,Unknown
marygold,15000000,864,3,3,Kasarvadavali,Thane,19.2692017640962,72.9703926869083,Furnished,Apartment,0,0,3,Resale,Ready to Move,,Unknown
Apollo Apartment,22500000,1045,3,3,Hiranandani Estate,Thane,19.2577957544321,72.9839623718896,Furnished,Apartment,0,0,4,Resale,Ready to Move,,Unknown
Nand Park,7000000,422,1,1,Thane West,Thane,19.2083097363891,72.9724465271482,Semi-Furnished,Apartment,0,0,10,Resale,Ready to Move,,Unknown
Laxmi Park,10000000,853,2,2,Thakurli,Beyond Thane,19.2252747701219,73.1000690723917,Unfurnished,Apartment,0,16,1,Resale,Ready to Move,,Laxmi Builders and Developers
yogidham phase 3,7200000,490,2,2,Kalyan West,Beyond Thane,19.2442606681675,73.123906730695,Unfurnished,Apartment,0,0,5,Resale,Ready to Move,,Unknown
Krishnamrut CHS Ltd,7300000,468,1,1,Thane West,Thane,19.2083097363891,72.9724465271482,Unfurnished,Apartment,0,0,10,Resale,Ready to Move,,Unknown
Maruti Complex,4200000,333,2,2,Dombivli East,Beyond Thane,19.2049111648702,73.1069201060438,Unfurnished,Apartment,0,0,5,Resale,Ready to Move,,Unknown
Dosti Kalher,2600000,461,1,1,Bhiwandi,Beyond Thane,19.2937911767008,73.0653582109139,Unfurnished,Apartment,0,3,6,Resale,Ready to Move,,Dosti Realty 
Mohan Plaza,2700000,709,2,2,Kalyan,Beyond Thane,19.2449413625186,73.1331398884041,Furnished,Apartment,0,0,8,Resale,Ready to Move,,Mohan Group
Tulsi Sanidhya,2100000,410,1,1,Ambernath,Beyond Thane,19.1986487504664,73.2004913077756,Unfurnished,Apartment,0,0,6,Resale,Ready to Move,,Tulsi Estates
Manas,8000000,454,1,1,Thane West,Thane,19.2083097363891,72.9724465271482,Furnished,Apartment,0,0,10,Resale,Ready to Move,,Yash Group of Realty
Walekar Homes,3800000,684,2,2,Ambernath West,Beyond Thane,19.2107415190685,73.1908213734783,Unfurnished,Apartment,0,18,2,Resale,Ready to Move,,Walekar Sons and Developers
Raymond Aspire,7590460,,1,2,Pokhran Road,Thane,19.2070940767958,72.9568656970685,Unfurnished,Apartment,0,34,3,New Property,Under Construction,,Raymond Realty
Raymond Aspire,7500000,,1,2,Pokhran Road,Thane,19.2070940767958,72.9568656970685,Unfurnished,Apartment,0,34,3,New Property,Under Construction,,Raymond Realty
Neel Siddhi Balaji Garden,9900000,900,3,3,Dombivli East,Beyond Thane,19.2049111648702,73.1069201060438,Unfurnished,Apartment,0,17,5,Resale,Ready to Move,,Neel Siddhi developers
Neel Siddhi Balaji Garden,9800000,900,3,3,Dombivli East,Beyond Thane,19.2049111648702,73.1069201060438,Furnished,Apartment,0,17,5,Resale,Ready to Move,,Neel Siddhi developers
Neel Siddhi Balaji Garden,9500000,900,3,3,Dombivli East,Beyond Thane,19.2049111648702,73.1069201060438,Unfurnished,Apartment,0,17,5,Resale,Ready to Move,,Neel Siddhi developers
T Bhimjyani The Verraton,11500000,,2,2,Manpada Thane West,Thane,19.2307690829993,72.973592548318,Unfurnished,Apartment,0,51,3,New Property,Under Construction,,T. Bhimjyani Realty Pvt. Ltd.
T Bhimjyani The Verraton,9880000,,2,2,Manpada Thane West,Thane,19.2307690829993,72.973592548318,Unfurnished,Apartment,0,51,3,New Property,Under Construction,,T. Bhimjyani Realty Pvt. Ltd.
T Bhimjyani The Verraton,9838000,,2,2,Manpada Thane West,Thane,19.2307690829993,72.973592548318,Furnished,Apartment,0,51,3,New Property,Under Construction,,T. Bhimjyani Realty Pvt. Ltd.
T Bhimjyani The Verraton,9300000,,2,2,Manpada Thane West,Thane,19.2307690829993,72.973592548318,Unfurnished,Apartment,0,51,3,New Property,Under Construction,,T. Bhimjyani Realty Pvt. Ltd.
Shivom Galaxy,4400000,,1,1,Chakki Naka,Beyond Thane,19.2194377355058,73.1372713822547,Unfurnished,Apartment,0,8,0,New Property,Under Construction,,Shivom Developer
Shivom Galaxy,4399000,,1,1,Kalyan East,Beyond Thane,19.2280216158659,73.1334807284888,Unfurnished,Apartment,0,8,2,New Property,Ready to Move,,Shivom Developer
Shivom Galaxy,4300000,,1,1,Kalyan East,Beyond Thane,19.2280216158659,73.1334807284888,Unfurnished,Apartment,0,8,2,New Property,Under Construction,,Shivom Developer
Shivom Galaxy,4300000,,1,1,Kalyan East,Beyond Thane,19.2280216158659,73.1334807284888,Semi-Furnished,Apartment,0,8,2,New Property,Under Construction,,Shivom Developer
Shivom Galaxy,4261000,,1,1,Kalyan East,Beyond Thane,19.2280216158659,73.1334807284888,Unfurnished,Apartment,0,8,2,New Property,Under Construction,,Shivom Developer
Shivom Galaxy,4150000,,1,1,Kalyan East,Beyond Thane,19.2280216158659,73.1334807284888,Unfurnished,Apartment,0,8,2,New Property,Under Construction,,Shivom Developer
Rajaram Sukur Enclave,6300000,384,1,2,Ghodbunder Road,Thane,19.2516923732421,72.9728195264109,Furnished,Apartment,0,25,4,Resale,Ready to Move,,Rajaram Construction
JVM Tiara,4946000,,1,2,Owale,Thane,19.2721014587378,72.958646491161,Unfurnished,Apartment,0,9,10,New Property,Under Construction,,JVM Spaces
JVM Tiara,4850000,,1,1,Owale,Thane,19.2721014587378,72.958646491161,Unfurnished,Apartment,0,9,10,New Property,Under Construction,,JVM Spaces
Dosti West County,12000000,720,2,2,Balkum Pada,Thane,19.218154,72.993664,Unfurnished,Apartment,0,9,3,Resale,Ready to Move,,Dosti Realty 
Dahlia Runwal Garden City,7000000,,1,1,Balkum Naka,Thane,19.2207044893566,72.9884938975506,Unfurnished,Apartment,0,22,0,Resale,Ready to Move,,Runwal Group
Dahlia Runwal Garden City,8600000,,2,2,Thane West,Thane,19.2083097363891,72.9724465271482,Unfurnished,Apartment,0,22,10,Resale,Ready to Move,,Runwal Group
Shapoorji Pallonji Northern Lights,8000000,,1,2,Pokharan Road Number 2,Thane,19.218973,72.968099,Semi-Furnished,Apartment,0,38,2,New Property,Under Construction,,Shapoorji Pallonji Real Estate
Shapoorji Pallonji Northern Lights,7900000,,1,2,Pokharan Road Number 2,Thane,19.218973,72.968099,Semi-Furnished,Apartment,0,38,2,New Property,Under Construction,,Shapoorji Pallonji Real Estate
Shapoorji Pallonji Northern Lights,7900000,,1,2,Pokharan Road Number 2,Thane,19.218973,72.968099,Unfurnished,Apartment,0,38,2,New Property,Under Construction,,Shapoorji Pallonji Real Estate
Shapoorji Pallonji Northern Lights,7644546,,1,2,Pokharan Road Number 2,Thane,19.218973,72.968099,Unfurnished,Apartment,0,38,2,New Property,Under Construction,,Shapoorji Pallonji Real Estate
Shapoorji Pallonji Northern Lights,7990000,,2,2,Pokharan Road Number 2,Thane,19.218973,72.968099,Unfurnished,Apartment,0,38,2,Resale,Under Construction,,Shapoorji Pallonji Real Estate
Shri Siddhi Rajeshwari Residency,2400000,396,1,1,Titwala,Beyond Thane,19.295217297811,73.2124239025258,Furnished,Apartment,0,4,4,Resale,Ready to Move,,Unknown
Globe Paradise,12200000,576,2,2,Dombivli East,Beyond Thane,19.2049111648702,73.1069201060438,Unfurnished,Apartment,0,3,5,Resale,Ready to Move,,Unknown
Pride Residency,7000000,353,1,1,Manpada Thane West,Thane,19.2307690829993,72.973592548318,Unfurnished,Apartment,0,11,3,Resale,Ready to Move,,Siddhi Group
Sundervan Park,22500000,,3,2,Samata Nagar Thane West,Thane,19.2048674239153,72.9627715321129,Furnished,Apartment,0,13,1,Resale,Ready to Move,,Vihang Developers
Prathmesh Niwas,5000000,504,1,1,Thakurli,Beyond Thane,19.2252747701219,73.1000690723917,Furnished,Apartment,0,15,1,Resale,Ready to Move,,Happy Home Group Builders
Shankeshwar Nagar,3800000,432,1,1,Dombivli East,Beyond Thane,19.2049111648702,73.1069201060438,Semi-Furnished,Apartment,0,11,5,Resale,Ready to Move,,Sanghvi Builders
Shankeshwar Nagar,3800000,360,1,1,Dombivli East,Beyond Thane,19.2049111648702,73.1069201060438,Semi-Furnished,Apartment,0,11,5,Resale,Ready to Move,,Sanghvi Builders
Sarvodaya Hill,14500000,968,3,3,Thakurli,Beyond Thane,19.2252747701219,73.1000690723917,Unfurnished,Apartment,0,19,1,Resale,Ready to Move,,Happy Home Group
Sarvodaya Hill,10500000,968,3,3,Thakurli,Beyond Thane,19.2252747701219,73.1000690723917,Unfurnished,Apartment,0,19,1,Resale,Ready to Move,,Happy Home Group
Balaji Aangan,6000000,529,2,2,Thakurli,Beyond Thane,19.2252747701219,73.1000690723917,Semi-Furnished,Apartment,0,16,1,Resale,Ready to Move,,SS Life Spaces
Siddhivinayak Residency,4000000,562,1,1,Bhiwandi,Beyond Thane,19.2937911767008,73.0653582109139,Semi-Furnished,Apartment,0,20,6,Resale,Ready to Move,,Siddhi Developers
Siddhivinayak Residency,4100000,560,2,2,Bhiwandi,Beyond Thane,19.2937911767008,73.0653582109139,Semi-Furnished,Apartment,0,20,6,Resale,Ready to Move,,Siddhi Developers
Siddhivinayak Residency,7500000,324,1,1,Bhiwandi,Beyond Thane,19.2937911767008,73.0653582109139,Unfurnished,Apartment,0,20,6,Resale,Ready to Move,,Siddhi Developers
Shankheshwar Nagar,3300000,428,1,1,Dombivli East,Beyond Thane,19.2049111648702,73.1069201060438,Semi-Furnished,Apartment,0,8,5,Resale,Ready to Move,,Sanghvi S3 Group
La Promenade,3200000,536,2,2,Ambivli,Beyond Thane,19.265744998267,73.1731540259384,Unfurnished,Apartment,0,24,4,Resale,Ready to Move,,Axis Spaces Pvt. Ltd.
Sneh Residency,4150000,496,1,1,Dombivli East,Beyond Thane,19.2049111648702,73.1069201060438,Unfurnished,Apartment,0,13,5,Resale,Ready to Move,,Kulswamini Developers
Sneh Residency,4600000,479,1,1,Thakurli,Beyond Thane,19.2252747701219,73.1000690723917,Unfurnished,Apartment,0,13,1,Resale,Ready to Move,,Kulswamini Developers
Mangeshi City I,6000000,644,2,2,Kalyan West,Beyond Thane,19.2442606681675,73.123906730695,Unfurnished,Apartment,0,7,5,Resale,Ready to Move,,Mangeshi Construction
Panvelkar Homes,2100000,324,1,1,Ambernath,Beyond Thane,19.1986487504664,73.2004913077756,Unfurnished,Apartment,0,8,6,Resale,Ready to Move,,Panvelkar Group
Panvelkar Homes,4000000,628,2,2,Ambernath,Beyond Thane,19.1986487504664,73.2004913077756,Semi-Furnished,Apartment,0,8,6,Resale,Ready to Move,,Panvelkar Group
Panvelkar Homes,2800000,487,1,1,Ambernath,Beyond Thane,19.1986487504664,73.2004913077756,Semi-Furnished,Apartment,0,8,6,Resale,Ready to Move,,Panvelkar Group
Panvelkar Homes,3000000,569,2,2,Ambernath,Beyond Thane,19.1986487504664,73.2004913077756,Semi-Furnished,Apartment,0,8,6,Resale,Ready to Move,,Panvelkar Group
Amber Residency,2300000,365,1,1,Ambernath,Beyond Thane,19.1986487504664,73.2004913077756,Unfurnished,Apartment,0,14,6,Resale,Ready to Move,,Amber Group
Amber Residency,2800000,518,1,1,Ambernath West,Beyond Thane,19.2107415190685,73.1908213734783,Unfurnished,Apartment,0,14,2,Resale,Ready to Move,,Amber Group
Amber Residency,2400000,504,1,1,Ambernath,Beyond Thane,19.1986487504664,73.2004913077756,Unfurnished,Apartment,0,14,6,Resale,Ready to Move,,Amber Group
Amber Residency,2400000,482,1,1,Ambernath,Beyond Thane,19.1986487504664,73.2004913077756,Unfurnished,Apartment,0,14,6,Resale,Ready to Move,,Amber Group
Bhakti Park,4300000,684,2,2,Badlapur,Beyond Thane,19.1639249,73.2459247,Unfurnished,Apartment,0,11,8,Resale,Ready to Move,,Bhakti Corporation
Bhagirathi Apex,3700000,691,2,2,Badlapur,Beyond Thane,19.1639249,73.2459247,Unfurnished,Apartment,0,9,8,Resale,Ready to Move,,Thanekar Group
Vrindavan Vihar,2800000,475,1,1,Badlapur,Beyond Thane,19.1639249,73.2459247,Semi-Furnished,Apartment,0,32,8,Resale,Ready to Move,,Sameer Enterprises
Vrindavan Vihar,2100000,468,1,1,Badlapur,Beyond Thane,19.1639249,73.2459247,Unfurnished,Apartment,0,32,8,Resale,Ready to Move,,Sameer Enterprises
Panvelkar Vellozia,4500000,802,2,2,Badlapur,Beyond Thane,19.1639249,73.2459247,Semi-Furnished,Apartment,0,9,8,Resale,Ready to Move,,Panvelkar Group
Panvelkar Vellozia,3000000,491,1,2,Badlapur,Beyond Thane,19.1639249,73.2459247,Semi-Furnished,Apartment,0,9,8,Resale,Ready to Move,,Panvelkar Group
Panvelkar Vellozia,4300000,802,2,2,Badlapur,Beyond Thane,19.1639249,73.2459247,Semi-Furnished,Apartment,0,9,8,Resale,Ready to Move,,Panvelkar Group
Panvelkar Estate II,2650000,431,1,2,Badlapur,Beyond Thane,19.1639249,73.2459247,Unfurnished,Apartment,0,30,8,Resale,Ready to Move,,Panvelkar Group
Prasadam,6000000,806,2,2,Ambernath East,Beyond Thane,19.2075883274914,73.1854898657514,Unfurnished,Apartment,0,13,1,Resale,Ready to Move,,Ahuja Group
Shree Srushti,9000000,691,2,2,Thane West,Thane,19.2083097363891,72.9724465271482,Semi-Furnished,Apartment,0,12,10,Resale,Ready to Move,,Shree Group Of Companies
Shree Srushti,9000000,623,2,2,Kasarvadavali,Thane,19.2692017640962,72.9703926869083,Unfurnished,Apartment,0,12,3,Resale,Ready to Move,,Shree Group Of Companies
Sudarshan Sky Garden,10800000,720,2,2,Ghodbunder Road,Thane,19.2516923732421,72.9728195264109,Unfurnished,Apartment,0,24,4,Resale,Ready to Move,,Sudarshan Builders
Sudarshan Sky Garden,8900000,695,2,2,Ghodbunder Road,Thane,19.2516923732421,72.9728195264109,Semi-Furnished,Apartment,0,24,4,Resale,Ready to Move,,Sudarshan Builders
Sudarshan Sky Garden,7850000,648,2,2,Ghodbunder Road,Thane,19.2516923732421,72.9728195264109,Unfurnished,Apartment,0,24,4,Resale,Ready to Move,,Sudarshan Builders
Vijay Annex,9500000,612,2,2,Ghodbunder Road,Thane,19.2516923732421,72.9728195264109,Semi-Furnished,Apartment,0,13,4,Resale,Ready to Move,,Vijay Group
Osho Dhara Greens,6500000,711,2,2,Kalyan,Beyond Thane,19.2449413625186,73.1331398884041,Unfurnished,Apartment,0,14,8,Resale,Ready to Move,,Osho Dhara Developers
Ganesh Darshan,3800000,522,2,1,Badlapur,Beyond Thane,19.1639249,73.2459247,Unfurnished,Apartment,0,4,8,Resale,Ready to Move,,Siddha Constructions
Samuraddhi Evergreen,2500000,412,1,1,Badlapur,Beyond Thane,19.1639249,73.2459247,Furnished,Apartment,0,15,8,Resale,Ready to Move,,Poddar Developers
Badlapur Pride,1950000,432,1,1,Badlapur,Beyond Thane,19.1639249,73.2459247,Semi-Furnished,Apartment,0,4,8,Resale,Ready to Move,,Disha Bright Space Pvt. Ltd.
Sudarshan Sky Garden,13000000,562,3,2,Thane West,Thane,19.2083097363891,72.9724465271482,Semi-Furnished,Apartment,0,24,10,Resale,Ready to Move,,Sudarshan Builders
Acme,14000000,742,2,2,Thane West,Thane,19.2083097363891,72.9724465271482,Unfurnished,Apartment,0,17,10,Resale,Under Construction,,ACME Housing
Puranik Home Town,5400000,421,1,1,Ghodbunder Road,Thane,19.2516923732421,72.9728195264109,Unfurnished,Apartment,0,32,4,Resale,Ready to Move,,Puranik Builders ltd.
Mukul Palms,3800000,653,2,2,Ambernath,Beyond Thane,19.1986487504664,73.2004913077756,Unfurnished,Apartment,0,23,6,Resale,Ready to Move,,Mukul Developers
Shrutika Complex,2400000,474,1,1,Badlapur,Beyond Thane,19.1639249,73.2459247,Unfurnished,Apartment,0,16,8,Resale,Ready to Move,,Shrutika Construction
Vishwajeet Green,5500000,761,2,2,Ambernath,Beyond Thane,19.1986487504664,73.2004913077756,Unfurnished,Apartment,0,30,6,Resale,Ready to Move,,GBK Group
Vishwajeet Green,5000000,684,2,2,Ambernath,Beyond Thane,19.1986487504664,73.2004913077756,Semi-Furnished,Apartment,0,30,6,Resale,Ready to Move,,GBK Group
Vishwajeet Meadows,3150000,500,1,2,Ambernath,Beyond Thane,19.1986487504664,73.2004913077756,Unfurnished,Apartment,0,33,6,Resale,Ready to Move,,GBK Group
Ansals Suvarna Villas,5300000,378,2,1,Shahapur,Beyond Thane,19.453550664726,73.3247044251021,Semi-Furnished,Apartment,0,26,2,Resale,Ready to Move,,Ansals Buildwell Ltd.
Asha Paradise,5710000,709,2,1,Dombivli East,Beyond Thane,19.2049111648702,73.1069201060438,Unfurnished,Apartment,0,17,5,Resale,Ready to Move,,Ashapura Construction
5P Kalp City,4100000,666,2,2,Badlapur East,Beyond Thane,19.1639249,73.2459247,Unfurnished,Apartment,0,21,6,Resale,Ready to Move,,5P Group
Karrm Gardens,2950000,567,1,1,Ambernath,Beyond Thane,19.1986487504664,73.2004913077756,Unfurnished,Apartment,0,3,6,Resale,Ready to Move,,KARAM INFRASTRUCTURE Pvt. Ltd.
Shree Vrushti,5500000,522,1,2,Kasarvadavali,Thane,19.2692017640962,72.9703926869083,Unfurnished,Apartment,0,24,3,Resale,Ready to Move,,Shree Group Of Companies
Tharwani Riverdale Vista,11000000,1080,3,3,Kalyan,Beyond Thane,19.2449413625186,73.1331398884041,Furnished,Apartment,0,20,8,Resale,Ready to Move,,Tharwani Realty
Rosalie,5500000,432,1,1,Kalyan West,Beyond Thane,19.2442606681675,73.123906730695,Unfurnished,Apartment,0,21,5,Resale,Ready to Move,,Tharwani Infrastructures
Ushakiran Residency,2500000,338,1,2,Badlapur East,Beyond Thane,19.1639249,73.2459247,Semi-Furnished,Apartment,0,33,6,Resale,Ready to Move,,Usha Construction Co
Ushakiran Residency,2600000,511,1,2,Badlapur East,Beyond Thane,19.1639249,73.2459247,Semi-Furnished,Apartment,0,33,6,Resale,Ready to Move,,Usha Construction Co
Ushakiran Residency,2700000,461,1,1,Badlapur East,Beyond Thane,19.1639249,73.2459247,Semi-Furnished,Apartment,0,33,6,Resale,Ready to Move,,Usha Construction Co
Lok Nagari Phase 3,4200000,731,2,2,Ambernath,Beyond Thane,19.1986487504664,73.2004913077756,Unfurnished,Apartment,0,25,6,Resale,Ready to Move,,Lok Housing Group
Shiv Shakti Greens,2600000,,1,1,Badlapur,Beyond Thane,19.1639249,73.2459247,Unfurnished,Apartment,0,13,8,Resale,Under Construction,,Shivshakti Reality
Ashok Nagar,7200000,457,1,2,Balkum Pada,Thane,19.218154,72.993664,Semi-Furnished,Apartment,0,12,3,Resale,Ready to Move,, SHREE SAIBABA CONSTRUCTION COMPANY
Ashok Nagar,7100000,457,1,2,Balkum Pada,Thane,19.218154,72.993664,Semi-Furnished,Apartment,0,12,3,Resale,Ready to Move,, SHREE SAIBABA CONSTRUCTION COMPANY
Ashok Nagar,7000000,457,1,2,Balkum Pada,Thane,19.218154,72.993664,Furnished,Apartment,0,12,3,Resale,Ready to Move,, SHREE SAIBABA CONSTRUCTION COMPANY
Ashok Nagar,11000000,641,2,2,Balkum Pada,Thane,19.218154,72.993664,Unfurnished,Apartment,0,12,3,Resale,Ready to Move,, SHREE SAIBABA CONSTRUCTION COMPANY
Palacia Phase 2,7580000,473,1,2,Ghodbunder Road,Thane,19.2516923732421,72.9728195264109,Unfurnished,Apartment,0,14,4,Resale,Ready to Move,,Madhav Constructions
JP Synergy,2500000,400,1,1,Ambernath East,Beyond Thane,19.2075883274914,73.1854898657514,Unfurnished,Apartment,0,18,1,Resale,Ready to Move,,JP Corp
Yash Urban Villa,8900000,,1,2,Louis Wadi,Thane,19.1935601299051,72.9615162484242,Unfurnished,Apartment,0,19,0,New Property,Under Construction,,Yash Group of Realty
Yash Urban Villa,8600000,,1,2,Louis Wadi,Thane,19.1935601299051,72.9615162484242,Unfurnished,Apartment,0,19,0,New Property,Under Construction,,Yash Group of Realty
Yash Urban Villa,8400000,,1,2,Louis Wadi,Thane,19.1935601299051,72.9615162484242,Unfurnished,Apartment,0,19,0,New Property,Under Construction,,Yash Group of Realty
Yash Urban Villa,8400000,,1,2,Louis Wadi,Thane,19.1935601299051,72.9615162484242,Unfurnished,Apartment,0,19,0,New Property,Under Construction,,Yash Group of Realty
Yash Urban Villa,8400000,,1,1,Louis Wadi,Thane,19.1935601299051,72.9615162484242,Unfurnished,Apartment,0,19,0,New Property,Under Construction,,Yash Group of Realty
Fortune Tresora Grand Central,7500000,324,1,2,Vartak Nagar,Thane,19.2123022683298,72.9624750800907,Unfurnished,Apartment,0,4,4,Resale,Ready to Move,,Unknown
Avadh Complex,6200000,727,3,3,Kasheli,Beyond Thane,19.2301651,73.0171568,Semi-Furnished,Apartment,0,16,2,Resale,Ready to Move,,Ajay Enterprises
Avadh Complex,6200000,932,3,3,Kasheli,Beyond Thane,19.2301651,73.0171568,Semi-Furnished,Apartment,0,16,2,Resale,Ready to Move,,Ajay Enterprises
Shrinika Srishti,4000000,418,1,1,Dombivli East,Beyond Thane,19.2049111648702,73.1069201060438,Unfurnished,Apartment,0,0,5,Resale,Ready to Move,,Unknown
Rustomjee Azziano L Wing,10699000,,2,2,Majiwada,Thane,19.215865938964,72.9914374146644,Unfurnished,Apartment,0,43,6,New Property,Under Construction,,Rustomjee
Rustomjee Azziano L Wing,10500000,,2,2,Majiwada,Thane,19.215865938964,72.9914374146644,Semi-Furnished,Apartment,0,43,6,New Property,Under Construction,,Rustomjee
Rustomjee Azziano L Wing,10500000,,2,2,Balkum Pada,Thane,19.218154,72.993664,Unfurnished,Apartment,0,43,3,New Property,Under Construction,,Rustomjee
Rustomjee Azziano L Wing,10500000,,2,2,Balkum Pada,Thane,19.218154,72.993664,Unfurnished,Apartment,0,43,3,New Property,Under Construction,,Rustomjee
Rustomjee Azziano L Wing,10200000,,2,2,Majiwada,Thane,19.215865938964,72.9914374146644,Semi-Furnished,Apartment,0,43,6,New Property,Under Construction,,Rustomjee
Rustomjee Azziano L Wing,9000000,,1,2,Balkum Naka,Thane,19.2207044893566,72.9884938975506,Unfurnished,Apartment,0,43,0,New Property,Under Construction,,Rustomjee
Raunak Tulip ,19000000,936,3,2,Pokhran Road,Thane,19.2070940767958,72.9568656970685,Furnished,Apartment,0,4,3,Resale,Ready to Move,,Raunak Group
Motiram Park,4600000,490,2,1,Ambernath,Beyond Thane,19.1986487504664,73.2004913077756,Furnished,Apartment,0,0,6,Resale,Ready to Move,,Motiram Dalal Group
Motiram Park,4600000,490,2,1,Ambernath,Beyond Thane,19.1986487504664,73.2004913077756,Furnished,Apartment,0,0,6,Resale,Ready to Move,,Motiram Dalal Group
Happy Valley ,9500000,450,1,2,Manpada Thane West,Thane,19.2307690829993,72.973592548318,Unfurnished,Apartment,0,11,3,Resale,Ready to Move,,Unknown
Shashwat Park 2,2600000,443,1,1,Badlapur,Beyond Thane,19.1639249,73.2459247,Semi-Furnished,Apartment,0,6,8,Resale,Ready to Move,,Shashwat Group Builders
Rudis Sunanda Circle,5000000,619,2,2,Shilphata,Thane,19.1465685568349,73.0399463501033,Unfurnished,Apartment,0,11,0,Resale,Ready to Move,,Rudis Infra
Mayur Jagannath Pride,1875000,419,1,1,Badlapur,Beyond Thane,19.1639249,73.2459247,Unfurnished,Apartment,0,11,8,Resale,Ready to Move,,Mayur Group
Vaishnavi Highlife,4350000,,1,2,Kalyan East,Beyond Thane,19.2280216158659,73.1334807284888,Unfurnished,Apartment,0,17,2,New Property,Ready to Move,,Vaishnavi Buildcon
Saraswati Meera Park Royale,3600000,468,1,1,Ambernath,Beyond Thane,19.1986487504664,73.2004913077756,Semi-Furnished,Apartment,0,19,6,Resale,Ready to Move,,Saraswati Buildcon
Dahlia Runwal Garden City,8600000,554,2,2,Thane West,Thane,19.2083097363891,72.9724465271482,Unfurnished,Apartment,0,22,10,Resale,Ready to Move,,Runwal Group
Shree Krishna Gokuldham Society,2700000,504,1,1,Dombivli East,Beyond Thane,19.2049111648702,73.1069201060438,Unfurnished,Apartment,0,7,5,Resale,Ready to Move,,Shree Krishna Group
Lodha Supremus,16500000,1253,3,3,Kolshet Road,Thane,19.2321621,72.9873688,Furnished,Apartment,0,0,1,Resale,Ready to Move,,Lodha Developers Limited
Samarth Seasons Sahara,6400000,648,2,2,Kalyan East,Beyond Thane,19.2280216158659,73.1334807284888,Unfurnished,Apartment,0,6,2,Resale,Ready to Move,,Samarth Sai Builders & Developers
Prathmesh Anandi Heights,8000000,576,2,2,Dombivli West,Beyond Thane,19.2174682509913,73.0750339345098,Unfurnished,Apartment,0,5,2,Resale,Under Construction,,Prathmesh Developers
Umbrella Ravi Residency,3000000,410,1,1,Dombivli East,Beyond Thane,19.2049111648702,73.1069201060438,Unfurnished,Apartment,0,10,5,Resale,Ready to Move,,Umbrella Group
Panvelkar Rockford Estate,3300000,554,2,1,Badlapur,Beyond Thane,19.1639249,73.2459247,Semi-Furnished,Apartment,0,0,8,Resale,Ready to Move,,Panvelkar Group
Sanghvi Shankheshwar ,4500000,468,1,1,Dombivli East,Beyond Thane,19.2049111648702,73.1069201060438,Semi-Furnished,Apartment,0,0,5,Resale,Ready to Move,,Sanghvi Group
Sanghvi Shankheshwar ,3260000,432,1,1,Dombivli East,Beyond Thane,19.2049111648702,73.1069201060438,Unfurnished,Apartment,0,0,5,Resale,Ready to Move,,Sanghvi Group
Aditya Apartments,2500000,432,2,1,Kalyan,Beyond Thane,19.2449413625186,73.1331398884041,Unfurnished,Apartment,0,3,8,Resale,Ready to Move,,Aditya Developers
Ganesh Bhavan CHS,12500000,,1,2,Thane West,Thane,19.2083097363891,72.9724465271482,Semi-Furnished,Apartment,0,0,10,Resale,Ready to Move,,Unknown
Vihang Metro Hive,6200000,330,1,2,Ghodbunder Road,Thane,19.2516923732421,72.9728195264109,Unfurnished,Apartment,0,8,4,Resale,Under Construction,,Vihang Group
Vihang Metro Hive,6000000,302,1,2,Ghodbunder Road,Thane,19.2516923732421,72.9728195264109,Unfurnished,Apartment,0,8,4,Resale,Under Construction,,Vihang Group
Raymond Aspire,13400000,431,2,2,Pokhran Road,Thane,19.2070940767958,72.9568656970685,Unfurnished,Apartment,0,34,3,Resale,Under Construction,,Raymond Realty
Raymond Aspire,21000000,720,3,3,Pokhran Road,Thane,19.2070940767958,72.9568656970685,Unfurnished,Apartment,0,34,3,Resale,Under Construction,,Raymond Realty
Raymond Aspire,13000000,475,2,2,Pokhran Road,Thane,19.2070940767958,72.9568656970685,Unfurnished,Apartment,0,34,3,Resale,Under Construction,,Raymond Realty
Raymond Aspire,13500000,457,2,2,Pokhran Road,Thane,19.2070940767958,72.9568656970685,Unfurnished,Apartment,0,34,3,Resale,Under Construction,,Raymond Realty
Raymond Aspire,11000000,371,2,2,Pokhran Road,Thane,19.2070940767958,72.9568656970685,Unfurnished,Apartment,0,34,3,Resale,Under Construction,,Raymond Realty
Bhav Residency,2800000,407,1,2,Kasheli,Beyond Thane,19.2301651,73.0171568,Semi-Furnished,Apartment,0,4,2,Resale,Ready to Move,,Ramdev Developers
KM Horizon Exotica,5200000,,1,2,Ghodbunder Road,Thane,19.2516923732421,72.9728195264109,Semi-Furnished,Apartment,0,5,4,New Property,Under Construction,,KM Realty
Unkown,4700000,300,1,1,Kopri,Thane,19.1803055166715,72.9704315017362,Unfurnished,Apartment,0,0,6,Resale,Ready to Move,,Unknown
Sai Shrushti Heritage,3700000,287,1,1,Diva,Thane,19.1915751433493,73.0430090272966,Unfurnished,Apartment,0,12,5,Resale,Ready to Move,,Sai Shrushti Enterprises
Tharwani Meghna Montana,3000000,248,1,2,Kamlakar Nagar,Beyond Thane,19.221013391677,73.1979031225356,Unfurnished,Apartment,0,22,0,Resale,Ready to Move,,Tharwani Construction Pvt. Ltd.
Amrut Laxmi Raj Regalia,2730000,464,1,2,Ambernath,Beyond Thane,19.1986487504664,73.2004913077756,Unfurnished,Apartment,0,15,6,Resale,Under Construction,,Amrut Laxmi Developers
Raymond Aspire,14000000,490,2,2,Pokhran Road,Thane,19.2070940767958,72.9568656970685,Unfurnished,Apartment,0,34,3,Resale,Under Construction,,Raymond Realty
Krishna Kutir,4000000,318,1,1,Dombivli East,Beyond Thane,19.2049111648702,73.1069201060438,Furnished,Apartment,0,23,5,Resale,Ready to Move,,Shree Krishna Developers
KM Horizon Exotica,5150000,,1,2,Ghodbunder Road,Thane,19.2516923732421,72.9728195264109,Unfurnished,Apartment,0,5,4,New Property,Under Construction,,KM Realty
Shapoorji Pallonji Northern Lights,15500000,566,2,2,Pokharan Road Number 2,Thane,19.218973,72.968099,Unfurnished,Apartment,0,38,2,Resale,Under Construction,,Shapoorji Pallonji Real Estate
Ace Metropolis Rivera,7000000,376,1,2,Ghodbunder Road,Thane,19.2516923732421,72.9728195264109,Unfurnished,Apartment,0,6,4,Resale,Ready to Move,,Ace Group and Squarefeet Group
Om Residency,7200000,630,2,2,Dombivli East,Beyond Thane,19.2049111648702,73.1069201060438,Unfurnished,Apartment,0,9,5,Resale,Ready to Move,,Om Realty
Thanekar Hillcrest,2500000,439,1,1,Badlapur East,Beyond Thane,19.1639249,73.2459247,Semi-Furnished,Apartment,0,12,6,Resale,Ready to Move,,Thanekar Group
Thanekar Hillcrest,2650000,486,1,2,Badlapur,Beyond Thane,19.1639249,73.2459247,Unfurnished,Apartment,0,12,8,Resale,Ready to Move,,Thanekar Group
Fenkin Belleza,12000000,749,2,2,Ghodbunder Road,Thane,19.2516923732421,72.9728195264109,Unfurnished,Apartment,0,6,4,Resale,Ready to Move,,Fenkin Realty
Fenkin Belleza,11000000,853,2,2,Ghodbunder Road,Thane,19.2516923732421,72.9728195264109,Unfurnished,Apartment,0,6,4,Resale,Ready to Move,,Fenkin Realty
Gajra Bhoomi Lawns,5800000,594,2,2,Shilphata,Thane,19.1465685568349,73.0399463501033,Unfurnished,Apartment,0,16,0,Resale,Ready to Move,,Gajra Developers Ltd
Sarvodaya Bali,7500000,634,2,2,Dombivli West,Beyond Thane,19.2174682509913,73.0750339345098,Furnished,Apartment,0,18,2,Resale,Ready to Move,,Happy Home Group
Hiranandani Tribeca,42500000,1300,3,3,Hiranandani Estate,Thane,19.2577957544321,72.9839623718896,Furnished,Apartment,0,17,4,Resale,Ready to Move,,Hiranandani Group
Unkown,3500000,,2,1,,Thane,,,Semi-Furnished,Apartment,0,0,0,Resale,Ready to Move,,Unknown
Piramal Vaikunth,19500000,828,3,3,Balkum Pada,Thane,19.218154,72.993664,Unfurnished,Apartment,0,12,3,Resale,Under Construction,,Piramal Realty
Kene Height,2700000,511,1,1,Ambernath,Beyond Thane,19.1986487504664,73.2004913077756,Unfurnished,Apartment,0,10,6,Resale,Ready to Move,,Y R Developers
Asiatic Enclave,14000000,626,2,2,Vartak Nagar,Thane,19.2123022683298,72.9624750800907,Unfurnished,Apartment,0,19,4,Resale,Ready to Move,,Natasha Developers
Asiatic Enclave,14000000,661,2,2,Vartak Nagar,Thane,19.2123022683298,72.9624750800907,Semi-Furnished,Apartment,0,19,4,Resale,Ready to Move,,Natasha Developers
Mohan Nano Estates,3100000,472,1,1,Ambernath West,Beyond Thane,19.2107415190685,73.1908213734783,Unfurnished,Apartment,0,14,2,Resale,Ready to Move,,Mohan Group
Mohan Nano Estates,2500000,324,1,1,Ambernath West,Beyond Thane,19.2107415190685,73.1908213734783,Unfurnished,Apartment,0,14,2,Resale,Ready to Move,,Mohan Group
Mohan Nano Estates,2400000,299,1,1,Ambernath West,Beyond Thane,19.2107415190685,73.1908213734783,Unfurnished,Apartment,0,14,2,Resale,Ready to Move,,Mohan Group
Mohan Nano Estates,2400000,317,1,1,Ambernath West,Beyond Thane,19.2107415190685,73.1908213734783,Unfurnished,Apartment,0,14,2,Resale,Ready to Move,,Mohan Group
Om Heights,2900000,320,1,1,Kalyan West,Beyond Thane,19.2442606681675,73.123906730695,Semi-Furnished,Apartment,0,1,5,Resale,Ready to Move,,Kashish Park Realtors
Nana Patil Pride,4200000,533,1,1,Ambernath,Beyond Thane,19.1986487504664,73.2004913077756,Unfurnished,Apartment,0,17,6,Resale,Ready to Move,,NDK Group
Vijay Nagari,6500000,364,1,2,Waghbil,Thane,19.266575,72.983724,Semi-Furnished,Apartment,0,51,1,Resale,Ready to Move,,Vijay Group
Royal Park,2500000,324,1,1,Dombivli East,Beyond Thane,19.2049111648702,73.1069201060438,Unfurnished,Apartment,0,23,5,Resale,Ready to Move,,Royal Builders and Developers
Royal Park,2700000,461,1,2,Dombivli East,Beyond Thane,19.2049111648702,73.1069201060438,Unfurnished,Apartment,0,23,5,Resale,Ready to Move,,Royal Builders and Developers
One Hiranandani Park,58500000,1447,3,3,Ghodbunder Road,Thane,19.2516923732421,72.9728195264109,Furnished,Apartment,0,45,4,Resale,Ready to Move,,Hiranandani Group
One Hiranandani Park,13500000,374,1,1,Ghodbunder Road,Thane,19.2516923732421,72.9728195264109,Furnished,Apartment,0,45,4,Resale,Ready to Move,,Hiranandani Group
One Hiranandani Park,48000000,1584,3,4,Ghodbunder Road,Thane,19.2516923732421,72.9728195264109,Furnished,Apartment,0,45,4,Resale,Ready to Move,,Hiranandani Group
One Hiranandani Park,47100000,1447,3,3,Ghodbunder Road,Thane,19.2516923732421,72.9728195264109,Furnished,Apartment,0,45,4,Resale,Ready to Move,,Hiranandani Group
Tata Serein,22000000,469,2,2,Pokharan Road Number 2,Thane,19.218973,72.968099,Unfurnished,Apartment,0,42,2,Resale,Ready to Move,,TATA Housing Development Company Ltd.
Soham Garden,14900000,756,2,2,Manpada Thane West,Thane,19.2307690829993,72.973592548318,Furnished,Apartment,0,0,3,Resale,Ready to Move,,Unknown
Soham Garden,20000000,1008,3,2,Manpada Thane West,Thane,19.2307690829993,72.973592548318,Unfurnished,Apartment,0,0,3,Resale,Ready to Move,,Unknown
Lodha Paradise,8521000,415,1,2,Majiwada,Thane,19.215865938964,72.9914374146644,Furnished,Apartment,0,51,6,Resale,Ready to Move,,Lodha Developers Limited
Lodha Lakeshore Greens,7500000,525,1,2,Palava City,Beyond Thane,19.1680134933867,73.0730851842052,Semi-Furnished,Apartment,0,21,6,Resale,Ready to Move,,Lodha Developers Limited
Lodha Lakeshore Greens,5000000,490,2,2,Palava City,Beyond Thane,19.1680134933867,73.0730851842052,Semi-Furnished,Apartment,0,21,6,Resale,Ready to Move,,Lodha Developers Limited
Lodha Lakeshore Greens,7000000,864,2,2,Palava City,Beyond Thane,19.1680134933867,73.0730851842052,Furnished,Apartment,0,21,6,Resale,Ready to Move,,Lodha Developers Limited
Lodha Lakeshore Greens,8500000,946,3,3,Palava City,Beyond Thane,19.1680134933867,73.0730851842052,Unfurnished,Apartment,0,21,6,Resale,Ready to Move,,Lodha Developers Limited
Lodha Lakeshore Greens,6300000,528,2,2,Palava City,Beyond Thane,19.1680134933867,73.0730851842052,Semi-Furnished,Apartment,0,21,6,Resale,Ready to Move,,Lodha Developers Limited
Vrundavan,2700000,310,1,1,Kalyan West,Beyond Thane,19.2442606681675,73.123906730695,Unfurnished,Apartment,0,23,5,Resale,Ready to Move,,Shree Vasturachna Developers
Lodha Splendora,12500000,972,3,3,Thane West,Thane,19.2083097363891,72.9724465271482,Unfurnished,Apartment,0,48,10,Resale,Ready to Move,,Lodha Developers Limited
VBHC Vaibhav Vasind Hills,3000000,634,2,2,Vasind,Beyond Thane,19.4059529362434,73.2634315742197,Unfurnished,Apartment,0,7,2,Resale,Ready to Move,,VBHC
VBHC Vaibhav Vasind Hills,2500000,596,2,2,Vasind,Beyond Thane,19.4059529362434,73.2634315742197,Semi-Furnished,Apartment,0,7,2,Resale,Ready to Move,,VBHC
Siddharth Riverwood Park,3500000,396,1,1,Dombivli East,Beyond Thane,19.2049111648702,73.1069201060438,Unfurnished,Apartment,0,50,5,Resale,Ready to Move,,Siddharth Group
Siddharth Riverwood Park,6600000,457,2,2,Dombivli East,Beyond Thane,19.2049111648702,73.1069201060438,Semi-Furnished,Apartment,0,50,5,Resale,Ready to Move,,Siddharth Group
Raunank Unnathi Woods Phase 6,5600000,389,1,2,Ghodbunder Road,Thane,19.2516923732421,72.9728195264109,Unfurnished,Apartment,0,25,4,Resale,Ready to Move,,Raunak Group
Dedhia EL Canto,14000000,756,2,2,Ghodbunder Road,Thane,19.2516923732421,72.9728195264109,Furnished,Apartment,0,33,4,Resale,Ready to Move,,Dedhia Group
Dedhia EL Canto,12500000,756,2,2,Ghodbunder Road,Thane,19.2516923732421,72.9728195264109,Furnished,Apartment,0,33,4,Resale,Ready to Move,,Dedhia Group
Siddharth Riverwood Park,4500000,475,1,2,Dombivli East,Beyond Thane,19.2049111648702,73.1069201060438,Unfurnished,Apartment,0,50,5,Resale,Ready to Move,,Siddharth Group
Siddharth Riverwood Park,3000000,468,1,1,Dombivli East,Beyond Thane,19.2049111648702,73.1069201060438,Unfurnished,Apartment,0,50,5,Resale,Ready to Move,,Siddharth Group
Siddharth Riverwood Park,3100000,378,1,2,Dombivli East,Beyond Thane,19.2049111648702,73.1069201060438,Semi-Furnished,Apartment,0,50,5,Resale,Ready to Move,,Siddharth Group
Siddharth Riverwood Park,6350000,466,2,2,Dombivli East,Beyond Thane,19.2049111648702,73.1069201060438,Unfurnished,Apartment,0,50,5,Resale,Under Construction,,Siddharth Group
Siddharth Riverwood Park,4000000,547,2,2,Dombivli East,Beyond Thane,19.2049111648702,73.1069201060438,Semi-Furnished,Apartment,0,50,5,Resale,Ready to Move,,Siddharth Group
Siddharth Riverwood Park,3500000,342,1,1,Dombivli East,Beyond Thane,19.2049111648702,73.1069201060438,Semi-Furnished,Apartment,0,50,5,Resale,Ready to Move,,Siddharth Group
Siddharth Riverwood Park,3200000,385,1,1,Dombivli East,Beyond Thane,19.2049111648702,73.1069201060438,Unfurnished,Apartment,0,50,5,Resale,Ready to Move,,Siddharth Group
Lodha Casa Viva,12900000,487,2,2,Majiwada,Thane,19.215865938964,72.9914374146644,Semi-Furnished,Apartment,0,19,6,Resale,Ready to Move,,Lodha Developers Limited
Lodha Casa Viva,12900000,488,2,2,Majiwada,Thane,19.215865938964,72.9914374146644,Unfurnished,Apartment,0,19,6,Resale,Ready to Move,,Lodha Developers Limited
Lodha Casa Viva,13000000,487,2,1,Majiwada,Thane,19.215865938964,72.9914374146644,Unfurnished,Apartment,0,19,6,Resale,Ready to Move,,Lodha Developers Limited
Lodha Casa Viva,8000000,399,1,2,Majiwada,Thane,19.215865938964,72.9914374146644,Unfurnished,Apartment,0,19,6,Resale,Ready to Move,,Lodha Developers Limited
Lodha Casa Viva,8500000,468,1,2,Majiwada,Thane,19.215865938964,72.9914374146644,Semi-Furnished,Apartment,0,19,6,Resale,Ready to Move,,Lodha Developers Limited
Lodha Casa Viva,9000000,327,1,2,Majiwada,Thane,19.215865938964,72.9914374146644,Unfurnished,Apartment,0,19,6,Resale,Ready to Move,,Lodha Developers Limited
Lodha Casa Viva,8500000,327,1,2,Majiwada,Thane,19.215865938964,72.9914374146644,Semi-Furnished,Apartment,0,19,6,Resale,Ready to Move,,Lodha Developers Limited
Lodha Casa Viva,7800000,359,1,2,Majiwada,Thane,19.215865938964,72.9914374146644,Unfurnished,Apartment,0,19,6,Resale,Ready to Move,,Lodha Developers Limited
Raj Tulsi V City,2500000,587,2,2,Vangani,Beyond Thane,19.0925602606021,73.2971135741545,Unfurnished,Apartment,0,15,4,Resale,Ready to Move,,Raj Group
Raj Tulsi V City,2500000,587,2,2,Vangani,Beyond Thane,19.0925602606021,73.2971135741545,Unfurnished,Apartment,0,15,4,Resale,Ready to Move,,Raj Group
JP Regency,3500000,432,1,1,Ambernath East,Beyond Thane,19.2075883274914,73.1854898657514,Furnished,Apartment,0,10,1,Resale,Ready to Move,,JP Developers
JP Regency,2600000,381,1,1,Ambernath East,Beyond Thane,19.2075883274914,73.1854898657514,Unfurnished,Apartment,0,10,1,Resale,Ready to Move,,JP Developers
Tata Amantra,5500000,441,2,1,Kalyan West,Beyond Thane,19.2442606681675,73.123906730695,Unfurnished,Apartment,0,20,5,Resale,Ready to Move,,TATA Housing Development Company Ltd.
Tata Amantra,4800000,778,2,2,Kalyan West,Beyond Thane,19.2442606681675,73.123906730695,Unfurnished,Apartment,0,20,5,Resale,Ready to Move,,TATA Housing Development Company Ltd.
Ashar Sapphire,24000000,772,3,3,Kapurbawdi,Thane,19.220268,72.977743,Unfurnished,Apartment,0,6,5,Resale,Ready to Move,,Ashar Group
Ashar Sapphire,13000000,537,2,2,Kapurbawdi,Thane,19.220268,72.977743,Unfurnished,Apartment,0,6,5,Resale,Ready to Move,,Ashar Group
Terraform Arcade,8200000,540,1,2,Dhokali,Thane,19.2258189984106,72.9837277968585,Furnished,Apartment,0,2,7,Resale,Ready to Move,,Terraform Realty
Dosti Oak,12000000,460,2,2,Balkum Pada,Thane,19.218154,72.993664,Semi-Furnished,Apartment,0,20,3,Resale,Ready to Move,,DOSTI REALTY
Dosti Oak,12000000,460,2,2,Balkum Pada,Thane,19.218154,72.993664,Semi-Furnished,Apartment,0,20,3,Resale,Ready to Move,,DOSTI REALTY
Dosti Oak,11200000,454,2,2,Balkum Pada,Thane,19.218154,72.993664,Unfurnished,Apartment,0,20,3,Resale,Ready to Move,,DOSTI REALTY
Dosti Oak,8400000,392,2,2,Balkum Pada,Thane,19.218154,72.993664,Unfurnished,Apartment,0,20,3,Resale,Under Construction,,DOSTI REALTY
Terraform Everest Countryside Iris,9200000,439,2,2,Kasarvadavali,Thane,19.2692017640962,72.9703926869083,Furnished,Apartment,0,0,3,Resale,Ready to Move,,Unknown
Terraform Everest Countryside Iris,9500000,655,2,2,Kasarvadavali,Thane,19.2692017640962,72.9703926869083,Furnished,Apartment,0,0,3,Resale,Ready to Move,,Unknown
Terraform Everest Countryside Iris,10000000,655,2,2,Kasarvadavali,Thane,19.2692017640962,72.9703926869083,Furnished,Apartment,0,0,3,Resale,Ready to Move,,Unknown
Puraniks Grand Central,9950000,450,2,2,Vartak Nagar,Thane,19.2123022683298,72.9624750800907,Unfurnished,Apartment,0,5,4,Resale,Ready to Move,,Puranik Builders ltd.
Puraniks Grand Central,7500000,349,1,1,Vartak Nagar,Thane,19.2123022683298,72.9624750800907,Unfurnished,Apartment,0,5,4,Resale,Ready to Move,,Puranik Builders ltd.
Kalpeshwara Pinnacle Gloria,13000000,576,2,2,Kolshet Road,Thane,19.2321621,72.9873688,Unfurnished,Apartment,0,16,1,Resale,Ready to Move,,Kalpeshwara Builders & Developers
Vrindavan Complex,8500000,684,2,2,Majiwada,Thane,19.215865938964,72.9914374146644,Furnished,Apartment,0,0,6,Resale,Ready to Move,,Unknown
Unkown,29000000,1152,3,3,Thane West,Thane,19.2083097363891,72.9724465271482,Furnished,Apartment,0,0,10,Resale,Ready to Move,,Unknown
Honest Kalyan Nagari,5500000,411,1,1,Kalyan West,Beyond Thane,19.2442606681675,73.123906730695,Semi-Furnished,Apartment,0,22,5,Resale,Ready to Move,,Honest Developers
Rutu City Richmond,7800000,511,1,2,Ghodbunder Road,Thane,19.2516923732421,72.9728195264109,Semi-Furnished,Apartment,0,29,4,Resale,Ready to Move,,Rutu Group
Suraksha Orovia Phase 1,15500000,828,3,2,Ghodbunder Road,Thane,19.2516923732421,72.9728195264109,Unfurnished,Apartment,0,4,4,Resale,Ready to Move,,Vijay Suraksha Realty LLP
Suraksha Orovia Phase 1,19500000,1030,3,3,Ghodbunder Road,Thane,19.2516923732421,72.9728195264109,Furnished,Apartment,0,4,4,Resale,Ready to Move,,Vijay Suraksha Realty LLP
Lodha Casa Viva,8500000,327,1,2,Majiwada,Thane,19.215865938964,72.9914374146644,Unfurnished,Apartment,0,19,6,Resale,Ready to Move,,Lodha Developers Limited
Lodha Casa Viva,12500000,487,2,2,Majiwada,Thane,19.215865938964,72.9914374146644,Unfurnished,Apartment,0,19,6,Resale,Ready to Move,,Lodha Developers Limited
Vrindavan Complex,9000000,576,2,2,Majiwada,Thane,19.215865938964,72.9914374146644,Semi-Furnished,Apartment,0,0,6,Resale,Ready to Move,,Unknown
Vrindavan Complex,8500000,648,2,2,Majiwada,Thane,19.215865938964,72.9914374146644,Unfurnished,Apartment,0,0,6,Resale,Ready to Move,,Unknown
Vrindavan Complex,11000000,554,2,3,Majiwada,Thane,19.215865938964,72.9914374146644,Semi-Furnished,Apartment,0,0,6,Resale,Ready to Move,,Unknown
Lodha Sterling,19000000,806,2,2,Kolshet Road,Thane,19.2321621,72.9873688,Unfurnished,Apartment,0,36,1,Resale,Ready to Move,,Lodha Developers Limited
Trividh,17329580,716,2,2,Naupada,Thane,19.18877,72.97044,Unfurnished,Apartment,1,5,7,New Property,Feb '29,1 Covered,Cosmos Skyline Greenview Pvt Ltd
Ashwin Sheth Avalon,85400000,2722,5,4,Thane West,Thane,19.2083097363891,72.9724465271482,Unfurnished,Apartment,1,12,10,New Property,Dec '26,,Ashwin Sheth Group
Neelkanth Magnolias Neelkanth Greens,17000000,730,2,2,Manpada Thane West,Thane,19.2307690829993,72.973592548318,Unfurnished,Apartment,0,6,3,New Property,Under Construction,,Neelkanth Mansions And Infrastructure Pvt Ltd
Sunita Shree Vijay CHS,3200000,462,1,1,Ambernath,Beyond Thane,19.1986487504664,73.2004913077756,Unfurnished,Apartment,0,3,6,Resale,Ready to Move,,Sunita Enterprises
Nehal Dhara Raj Baug,2300000,,1,2,Neral,Beyond Thane,19.0248210057881,73.3169473654086,Unfurnished,Apartment,1,4,0,New Property,Ready to Move,,Nehal Dhara Realtors
Rustomjee Azziano,21538000,951,3,3,Majiwada,Thane,19.215865938964,72.9914374146644,Furnished,Apartment,0,21,6,New Property,Ready to Move,2 Covered,Rustomjee
Lodha Luxuria,25500000,1100,3,3,Majiwada,Thane,19.215865938964,72.9914374146644,Furnished,Apartment,0,54,6,Resale,Ready to Move,2 Covered,Lodha Developers Limited
Unkown,125000000,,,,Bhiwandi Wada Road,Beyond Thane,19.3521332047808,73.0720181309728,,Industrial Land,0,0,0,Resale,,,Unknown
Kanakia Eternity,30000000,1220,3,2,Teen Hath Naka Area,Thane,19.1888629332732,72.9629527577008,Semi-Furnished,Apartment,0,0,3,Resale,Ready to Move,,Kanakia Spaces Realty Pvt. Ltd.
Kashish Galaxy,4100000,550,1,1,Thakurli,Beyond Thane,19.2252747701219,73.1000690723917,Unfurnished,Apartment,0,17,1,Resale,Ready to Move,,Gauri Vinayak Builders
Unkown,16000000,1069,3,3,Owale,Thane,19.2721014587378,72.958646491161,Furnished,Apartment,0,0,10,Resale,Ready to Move,,Unknown
Rai S Heaven,4500000,,1,1,Tisgao Naka,Beyond Thane,19.2237283803279,73.133270621538,Semi-Furnished,Apartment,0,19,0,Resale,Ready to Move,,Rai Residency Pvt. Ltd.
Unkown,25000000,1000,3,4,Naupada,Thane,19.18877,72.97044,Furnished,Apartment,1,0,7,Resale,Ready to Move,2 Covered,Unknown
Lodha Amara,16000000,735,2,2,Kolshet Industrial Area,Thane,19.23051375,72.99448787,Semi-Furnished,Apartment,0,42,3,Resale,Ready to Move,1 Covered,Lodha Developers Limited
Mohan Suburbia,6000000,,3,3,Ambernath,Beyond Thane,19.1986487504664,73.2004913077756,Unfurnished,Apartment,0,32,6,New Property,Ready to Move,1 Covered,Mohan Group
Happy Home Sarvodaya Leela,7800000,650,2,2,Thakurli,Beyond Thane,19.2252747701219,73.1000690723917,Unfurnished,Apartment,0,14,1,Resale,Ready to Move,1 Open,Happy Home Group Builders
Piramal Vaikunth,10300000,515,2,2,Balkum Pada,Thane,19.218154,72.993664,Unfurnished,Apartment,0,12,3,New Property,Ready to Move,1 Covered,Piramal Realty
Rajaram Sukur Sapphire,7200000,419,1,2,Ghodbunder Road,Thane,19.2516923732421,72.9728195264109,Furnished,Apartment,0,7,4,Resale,Ready to Move,,Rajaram Construction
Rosalie,11000000,,3,3,Kalyan,Beyond Thane,19.2449413625186,73.1331398884041,Semi-Furnished,Apartment,0,0,8,Resale,Ready to Move,1 Covered,Unknown
Puraniks Rumah Bali,11500000,697,2,2,Ghodbunder Road,Thane,19.2516923732421,72.9728195264109,Semi-Furnished,Apartment,0,8,4,Resale,Ready to Move,1 Covered,Puranik Builders ltd.
One Dosti,21000000,1160,,1,Balkum Naka,Thane,19.2207044893566,72.9884938975506,Unfurnished,Commercial Office Space,1,11,0,New Property,Under Construction,2 Covered,Dosti Enterprises
Unkown,11237500,556,2,2,Balkum Naka,Thane,19.2207044893566,72.9884938975506,Unfurnished,Apartment,0,0,0,New Property,Ready to Move,"1 Covered, 1 Open",Unknown
Unkown,11100000,700,2,2,Vartak Nagar,Thane,19.2123022683298,72.9624750800907,Unfurnished,Apartment,0,0,4,Resale,Ready to Move,1 Covered,Unknown
Unkown,11000000,554,,1,Wagle Estate,Thane,19.18675282,72.95439362,Unfurnished,Commercial Office Space,0,0,5,New Property,Ready to Move,1 Covered,Unknown
Soham Tropical Lagoon,17000000,865,2,2,Anand Nagar Thane West,Thane,19.2640466932527,72.9652443996319,Semi-Furnished,Apartment,0,42,4,Resale,Ready to Move,,Soham Group
Vasant vihar complex,14000000,700,2,2,Vasant Vihar,Thane,19.2239106440589,72.9678909294473,Furnished,Apartment,0,0,1,Resale,Ready to Move,1 Covered,Unknown
Raheja Gardens Fantasia,30000000,1140,3,3,Teen Hath Naka Area,Thane,19.1888629332732,72.9629527577008,Semi-Furnished,Apartment,0,13,3,Resale,Ready to Move,1 Covered,Raghav Kalyan Estate Pvt. Ltd.
Unkown,16000000,1250,3,2,Dombivli,Beyond Thane,19.2094006,73.0939483,Unfurnished,Apartment,0,0,8,Resale,Ready to Move,,Unknown
Dosti West County,16000000,750,3,3,Thane West,Thane,19.2083097363891,72.9724465271482,Unfurnished,Apartment,0,16,10,Resale,Ready to Move,,Dosti Realty 
Unkown,1575000,,,,,Thane,,,,Residential Plot,0,0,0,Resale,,,Unknown
Unkown,12500000,713,2,2,Patlipada,Thane,19.2416002035523,72.9711756289089,Unfurnished,Apartment,0,0,3,Resale,Ready to Move,,Unknown
Unkown,5300000,300,1,1,Kasarvadavali,Thane,19.2692017640962,72.9703926869083,Furnished,Apartment,0,0,3,Resale,Ready to Move,,Unknown
Unkown,9000000,576,2,2,Kasarvadavali,Thane,19.2692017640962,72.9703926869083,Unfurnished,Apartment,0,0,3,Resale,Ready to Move,,Unknown
Unkown,15000000,803,2,2,Manpada Thane West,Thane,19.2307690829993,72.973592548318,Semi-Furnished,Apartment,0,0,3,Resale,Ready to Move,,Unknown
Unkown,9000000,648,2,2,Kasarvadavali,Thane,19.2692017640962,72.9703926869083,Unfurnished,Apartment,0,0,3,Resale,Ready to Move,,Unknown
Unkown,4800000,360,1,2,Owale,Thane,19.2721014587378,72.958646491161,Semi-Furnished,Apartment,0,0,10,Resale,Ready to Move,,Unknown
Unkown,2400000,468,1,1,,Thane,,,Unfurnished,Apartment,0,0,0,Resale,Ready to Move,,Unknown
Unkown,18500000,529,2,2,,Thane,,,Furnished,Apartment,0,0,0,Resale,Ready to Move,,Unknown
Unkown,7700000,432,1,2,Manpada Thane West,Thane,19.2307690829993,72.973592548318,Furnished,Apartment,0,0,3,Resale,Ready to Move,,Unknown
Unkown,8200000,428,1,1,Dongripada,Thane,19.2509983867416,72.970613298837,Unfurnished,Apartment,0,0,0,Resale,Ready to Move,,Unknown
Unkown,3500000,396,1,1,,Thane,,,Semi-Furnished,Apartment,0,0,0,Resale,Ready to Move,,Unknown
Unkown,7600000,583,2,2,Kasarvadavali,Thane,19.2692017640962,72.9703926869083,Semi-Furnished,Apartment,0,0,3,Resale,Ready to Move,,Unknown
Unkown,6000000,407,1,1,,Thane,,,Semi-Furnished,Apartment,0,0,0,Resale,Ready to Move,,Unknown
Unkown,9000000,612,2,2,Patlipada,Thane,19.2416002035523,72.9711756289089,Unfurnished,Apartment,0,0,3,Resale,Ready to Move,,Unknown
Unkown,3200000,353,1,1,Thakurli,Beyond Thane,19.2252747701219,73.1000690723917,Unfurnished,Apartment,0,0,1,Resale,Ready to Move,,Unknown
Unkown,6500000,529,2,2,Tilak Nagar Kalyan,Beyond Thane,19.2502288299618,73.1250049630577,Semi-Furnished,Apartment,0,0,0,Resale,Ready to Move,,Unknown
Unkown,5500000,385,1,2,Kalyan West,Beyond Thane,19.2442606681675,73.123906730695,Semi-Furnished,Apartment,0,0,5,Resale,Ready to Move,,Unknown
Unkown,2100000,324,1,1,Bhiwandi,Beyond Thane,19.2937911767008,73.0653582109139,Semi-Furnished,Apartment,0,0,6,Resale,Ready to Move,,Unknown
Unkown,3500000,382,1,1,Karjat,Beyond Thane,18.9112989,73.328189,Unfurnished,Apartment,0,0,2,Resale,Ready to Move,,Unknown
Unkown,5500000,792,2,2,,Thane,,,Unfurnished,Apartment,0,0,0,Resale,Ready to Move,,Unknown
Unkown,1800000,443,1,2,Karjat,Beyond Thane,18.9112989,73.328189,Semi-Furnished,Apartment,0,0,2,Resale,Ready to Move,,Unknown
Unkown,3000000,605,2,2,Karjat,Beyond Thane,18.9112989,73.328189,Unfurnished,Apartment,0,0,2,Resale,Ready to Move,,Unknown
Unkown,8000000,367,1,1,Pokharan Road Number 1,Thane,19.212969,72.959552,Furnished,Apartment,0,0,4,Resale,Ready to Move,,Unknown
Unkown,3200000,569,2,2,Karjat,Beyond Thane,18.9112989,73.328189,Unfurnished,Apartment,0,0,2,Resale,Ready to Move,,Unknown
Unkown,9200000,468,2,2,Thane West,Thane,19.2083097363891,72.9724465271482,Unfurnished,Apartment,0,0,10,Resale,Ready to Move,,Unknown
Unkown,10300000,900,2,2,Kolshet,Thane,19.2392002271759,72.997235034948,Furnished,Apartment,0,0,0,Resale,Ready to Move,,Unknown
Unkown,7200000,311,1,2,Kolshet,Thane,19.2392002271759,72.997235034948,Semi-Furnished,Apartment,0,0,0,Resale,Ready to Move,,Unknown
Unkown,5800000,418,1,1,Anand Nagar Thane West,Thane,19.2640466932527,72.9652443996319,Semi-Furnished,Apartment,0,0,4,Resale,Under Construction,,Unknown
Unkown,6300000,414,1,1,Kasarvadavali,Thane,19.2692017640962,72.9703926869083,Semi-Furnished,Apartment,0,0,3,Resale,Ready to Move,,Unknown
Unkown,7250000,382,1,2,Thane West,Thane,19.2083097363891,72.9724465271482,Furnished,Apartment,0,0,10,Resale,Ready to Move,,Unknown
Labh Enclave,4000000,680,2,2,Bhiwandi,Beyond Thane,19.2937911767008,73.0653582109139,Semi-Furnished,Apartment,0,26,6,Resale,Ready to Move,,Laabh Group
Tirupati Heights,6900000,438,1,1,Bhiwandi,Beyond Thane,19.2937911767008,73.0653582109139,Semi-Furnished,Apartment,0,10,6,Resale,Ready to Move,,SHRI TIRUPATI REALTY
Lodha Casa Royale,5900000,,1,1,Majiwada,Thane,19.215865938964,72.9914374146644,Unfurnished,Apartment,0,50,6,New Property,Ready to Move,,Lodha Developers Limited
Vaishnavi Highlife,4251000,,1,2,Kalyan East,Beyond Thane,19.2280216158659,73.1334807284888,Unfurnished,Apartment,0,17,2,New Property,Ready to Move,,Vaishnavi Buildcon
Vaishnavi Highlife,3800000,,1,2,Kalyan East,Beyond Thane,19.2280216158659,73.1334807284888,Unfurnished,Apartment,0,17,2,New Property,Under Construction,,Vaishnavi Buildcon
Dosti Desire,4700000,326,1,1,Ghodbunder Road,Thane,19.2516923732421,72.9728195264109,Semi-Furnished,Apartment,0,19,4,Resale,Ready to Move,,Dosti Realty
Anantnath And Forever City,4300000,389,1,1,Diva,Thane,19.1915751433493,73.0430090272966,Furnished,Apartment,0,20,5,Resale,Ready to Move,,Anantnath Developers
Suman Heights,3700000,432,1,2,Dombivli East,Beyond Thane,19.2049111648702,73.1069201060438,Semi-Furnished,Apartment,0,15,5,Resale,Ready to Move,,Suman Developers
Piramal Vaikunth,19900000,821,4,4,Balkum Pada,Thane,19.218154,72.993664,Unfurnished,Apartment,0,12,3,Resale,Under Construction,,Piramal Realty
Vaishnavi Apartment,4600000,720,2,2,Kalyan East,Beyond Thane,19.2280216158659,73.1334807284888,Unfurnished,Apartment,0,3,2,Resale,Ready to Move,,Tisai Builders and Developers
Shivam Apartments,8000000,439,1,1,Dombivli East,Beyond Thane,19.2049111648702,73.1069201060438,Unfurnished,Apartment,0,9,5,Resale,Ready to Move,,BAJRANG INFRA
Natasha Enclave,10000000,450,1,2,Vartak Nagar,Thane,19.2123022683298,72.9624750800907,Unfurnished,Apartment,0,36,4,Resale,Ready to Move,,Natasha Developers
Wadhwa Evergreen Heights,12400000,51,2,2,Kalwa,Thane,19.1986281463791,73.00243846035,Furnished,Apartment,0,7,7,Resale,Ready to Move,1 Covered,The Wadhwa Group
Unkown,5200000,,,,,Thane,,,,Industrial Shed,0,0,0,Resale,Ready to Move,,Unknown
Galaxy,3700000,,2,2,Badlapur,Beyond Thane,19.1639249,73.2459247,Unfurnished,Apartment,0,14,8,Resale,Ready to Move,,Deeplaxmi Developers
Vihang Hills,8000000,555,2,2,Owale,Thane,19.2721014587378,72.958646491161,Unfurnished,Apartment,0,12,10,Resale,Ready to Move,,Vihang Group
Unkown,3710000,750,2,1,Katemanivali,Beyond Thane,19.2252311803232,73.1453759439391,Unfurnished,Apartment,0,0,0,Resale,,,Unknown
Unkown,11000000,,2,2,,Thane,,,Semi-Furnished,Apartment,0,0,0,Resale,Ready to Move,,Unknown
Laabh Enclave,3800000,,1,1,Bhiwandi,Beyond Thane,19.2937911767008,73.0653582109139,Unfurnished,Apartment,0,9,6,Resale,Ready to Move,1 Open,Laabh Group
Bliss,2000000,424,1,1,Ambernath,Beyond Thane,19.1986487504664,73.2004913077756,Unfurnished,Apartment,0,21,6,Resale,Ready to Move,,Patel RPL Realty
Bliss,2100000,540,1,1,Ambernath,Beyond Thane,19.1986487504664,73.2004913077756,Unfurnished,Apartment,0,21,6,Resale,Ready to Move,,Patel RPL Realty
Shree Kulswami Om Residency,2700000,295,1,1,Shilphata,Thane,19.1465685568349,73.0399463501033,Unfurnished,Apartment,0,8,0,Resale,Ready to Move,,Shree Kulswami Developers
Satyam Sheela,1700000,306,1,1,Badlapur East,Beyond Thane,19.1639249,73.2459247,Unfurnished,Apartment,0,13,6,Resale,Ready to Move,,Satyam Group
Shree Mishal Sundaram Kaveri Heights,13000000,702,2,2,Kharegaon,Thane,19.2000964243507,72.9992204728793,Furnished,Apartment,0,9,2,Resale,Ready to Move,,Shree Mishal Sundaram Realty Ventures LLP
Shree Mishal Sundaram Kaveri Heights,12500000,504,2,2,Kalwa,Thane,19.1986281463791,73.00243846035,Unfurnished,Apartment,0,9,7,Resale,Ready to Move,,Shree Mishal Sundaram Realty Ventures LLP
Bliss,3000000,495,1,1,Ambernath,Beyond Thane,19.1986487504664,73.2004913077756,Unfurnished,Apartment,0,21,6,Resale,Ready to Move,,Patel RPL Realty
Bliss,2800000,504,1,2,Ambernath East,Beyond Thane,19.2075883274914,73.1854898657514,Unfurnished,Apartment,0,21,1,Resale,Ready to Move,,Patel RPL Realty
Kohinoor Castles,2350000,436,1,1,Ambernath,Beyond Thane,19.1986487504664,73.2004913077756,Unfurnished,Apartment,0,34,6,Resale,Ready to Move,,Kohinoor Group
Wadhwa Mahek Residency,5000000,439,1,1,Kalyan East,Beyond Thane,19.2280216158659,73.1334807284888,Unfurnished,Apartment,0,5,2,Resale,Ready to Move,,The Wadhwa Group
Wadhwa Mahek Residency,3000000,468,1,1,Kalyan East,Beyond Thane,19.2280216158659,73.1334807284888,Unfurnished,Apartment,0,5,2,Resale,Ready to Move,,The Wadhwa Group
Puraniks Rahayu,8999000,630,2,2,Ghodbunder Road,Thane,19.2516923732421,72.9728195264109,Unfurnished,Apartment,1,1,4,New Property,Dec '35,1 Covered,Puranik Builders ltd.
Godrej Ascend,20298000,855,3,2,Kolshet Road,Thane,19.2321621,72.9873688,Unfurnished,Apartment,1,26,1,New Property,Dec '28,1 Covered,Godrej Properties
Runwal One,31000000,1275,3,3,Manpada Thane West,Thane,19.2307690829993,72.973592548318,Unfurnished,Apartment,1,11,3,New Property,Dec '27,1 Covered,Runwal Realty
IRIS at Kashish Park,28100000,1124,3,3,Thane West,Thane,19.2083097363891,72.9724465271482,Unfurnished,Apartment,1,7,10,New Property,Dec '28,1 Covered,Kashish Park Realtors
Growmore Unimax Life,4141000,487,1,1,Dombivli East,Beyond Thane,19.2049111648702,73.1069201060438,Unfurnished,Apartment,1,12,5,New Property,Dec '29,1 Covered,Growmore Lifespaces Llp
Runwal Lands End,18000000,951,3,3,Kolshet,Thane,19.2392002271759,72.997235034948,Unfurnished,Apartment,1,14,0,New Property,Apr '31,1 Covered,Runwal Realty
Raymond Tenx District 9,17500000,677,2,2,Thane West,Thane,19.2083097363891,72.9724465271482,Unfurnished,Apartment,1,20,10,New Property,Dec '31,1 Covered,Raymond Realty Limited
Kalpataru Eternia,35200000,1367,3,3,Kolshet Road,Thane,19.2321621,72.9873688,Unfurnished,Apartment,1,28,1,New Property,Nov '26,1 Covered,Kalpataru Ltd.
Runwal Garden City,6800000,534,2,2,Dombivli,Beyond Thane,19.2094006,73.0939483,Unfurnished,Apartment,1,43,8,New Property,Sep '27,,Runwal Enterprises
Sunteck Crescent Park,10800000,929,3,3,Kalyan,Beyond Thane,19.2449413625186,73.1331398884041,Unfurnished,Apartment,1,35,8,New Property,Dec '29,1 Covered,Sunteck Realty Ltd.
Thane Infinity,5900046,430,1,2,Kasarvadavali,Thane,19.2692017640962,72.9703926869083,Unfurnished,Apartment,1,13,3,New Property,Under Construction,1 Covered,Vihang Group
DSS Mahavir Millennium,13000000,700,2,2,Vasant Vihar,Thane,19.2239106440589,72.9678909294473,Semi-Furnished,Apartment,0,17,1,Resale,Ready to Move,,Damji Shamji Shah Group
Adyah EOS IT Park,69700000,3400,,2,Wagle Industrial Estate,Thane,19.1993804854674,72.9491798058801,Unfurnished,Commercial Office Space,0,4,7,Resale,Ready to Move,6 Covered,Adyah Ventures
Vertical Ekatva Onyx,40500000,2355,,1,Wagle Industrial Estate,Thane,19.1993804854674,72.9491798058801,Unfurnished,Commercial Office Space,0,4,7,New Property,Under Construction,1 Covered,Unknown
Snehkiran Tower,64592462,1139,,1,Ghodbunder Road,Thane,19.2516923732421,72.9728195264109,Unfurnished,Commercial Showroom,0,15,4,New Property,Under Construction,1 Covered,Unknown
Ashar Merac,14823125,625,2,2,Thane West,Thane,19.2083097363891,72.9724465271482,Unfurnished,Apartment,1,15,10,New Property,Under Construction,1 Covered,Ashar Group
Rustomjee Urban Woods,12000000,896,3,3,Dombivli East,Beyond Thane,19.2049111648702,73.1069201060438,Unfurnished,Apartment,1,25,5,New Property,May '29,1 Covered,Rustomjee
Puravankara Purva Panorama,16400000,778,2,2,Ghodbunder Road,Thane,19.2516923732421,72.9728195264109,Unfurnished,Apartment,1,39,4,New Property,Mar '31,1 Covered,Puravankara Ltd.
Tata Serein,31000000,1006,3,3,Vasant Vihar,Thane,19.2239106440589,72.9678909294473,Furnished,Apartment,0,42,1,Resale,Ready to Move,2 Covered,TATA Housing Development Company Ltd.
Sheth Zuri,15000000,685,1,2,Thane West,Thane,19.2083097363891,72.9724465271482,Unfurnished,Apartment,0,37,10,Resale,Under Construction,,Ashwin Sheth Group
Rustomjee Azziano,13200000,715,2,2,Sainath Nagar Majiwada,Thane,19.21386808,72.98213117,Unfurnished,Apartment,0,21,2,Resale,Ready to Move,1 Covered,Rustomjee
Rustomjee LA VIE,16464000,700,2,2,Sainath Nagar Majiwada,Thane,19.21386808,72.98213117,Unfurnished,Apartment,1,52,2,New Property,Under Construction,1 Covered,Rustomjee Developers
Unkown,10500000,554,,1,Wagle Industrial Estate,Thane,19.1993804854674,72.9491798058801,Unfurnished,Commercial Office Space,0,0,7,New Property,Ready to Move,1 Covered,Unknown
Unkown,11000000,450,1,2,Naupada,Thane,19.18877,72.97044,Furnished,Apartment,1,0,7,Resale,Ready to Move,1 Open,Unknown
Unkown,12000000,503,1,2,Naupada,Thane,19.18877,72.97044,Semi-Furnished,Apartment,0,0,7,Resale,Ready to Move,1 Covered,Unknown
Unkown,28000000,1000,3,3,Vasant Vihar,Thane,19.2239106440589,72.9678909294473,Furnished,Apartment,0,0,1,Resale,Ready to Move,2 Covered,Unknown
Infinity One,5100000,332,,1,Wagle Industrial Estate,Thane,19.1993804854674,72.9491798058801,Unfurnished,Commercial Office Space,1,16,7,New Property,Under Construction,1 Covered,Veedhan Buildtech and Woya Realty
Hiranandani Lake Enclave,43000000,1280,3,3,Hiranandani Estate,Thane,19.2577957544321,72.9839623718896,Semi-Furnished,Apartment,0,49,4,New Property,Ready to Move,,House of Hiranandani
Hiranandani Lake Enclave,43000000,1290,3,3,Hiranandani Estate,Thane,19.2577957544321,72.9839623718896,Semi-Furnished,Apartment,0,49,4,Resale,Ready to Move,2 Covered,House of Hiranandani
Conwood Enclave,22500000,1060,3,3,Vasant Vihar,Thane,19.2239106440589,72.9678909294473,Semi-Furnished,Apartment,0,26,1,Resale,Ready to Move,1 Covered,Conwood Realty
Unkown,6000000,450,1,1,Anand Nagar Thane West,Thane,19.2640466932527,72.9652443996319,Semi-Furnished,Apartment,0,0,4,Resale,Ready to Move,,Unknown
Siddheshwar Garden,13500000,764,2,2,Dhokali,Thane,19.2258189984106,72.9837277968585,Semi-Furnished,Apartment,0,0,7,Resale,Ready to Move,,Unknown
Madhav Palacia,7700000,,1,1,Hiranandani Estate,Thane,19.2577957544321,72.9839623718896,Furnished,Apartment,0,50,4,Resale,Ready to Move,,Unknown
Mohan Suburbia,4500000,,2,2,Ambernath,Beyond Thane,19.1986487504664,73.2004913077756,Furnished,Apartment,0,32,6,Resale,Ready to Move,,Mohan Group
Amber Star,5200000,,1,1,Dombivli East,Beyond Thane,19.2049111648702,73.1069201060438,Unfurnished,Apartment,0,0,5,Resale,Ready to Move,,Amber Builders and Developer
Lodha Palava Downtown,4500000,485,1,1,Shilphata,Thane,19.1465685568349,73.0399463501033,Semi-Furnished,Apartment,0,52,0,Resale,Ready to Move,,Lodha Developers Limited
Kalpataru Parkcity,22500000,957,3,3,Kolshet,Thane,19.2392002271759,72.997235034948,Furnished,Apartment,0,20,0,Resale,Ready to Move,1 Covered,Kalpataru Ltd.
Anand Vihar,8000000,791,2,2,Kalwa,Thane,19.1986281463791,73.00243846035,Semi-Furnished,Apartment,0,0,7,Resale,Ready to Move,2 Covered,Unknown
Unkown,1400000,,,,Neral,Beyond Thane,19.0248210057881,73.3169473654086,,Residential Plot,0,0,0,Resale,,,Unknown
Hiranandani Meadows,42000000,,3,3,Manpada Thane West,Thane,19.2307690829993,72.973592548318,Unfurnished,Apartment,0,8,3,Resale,Ready to Move,,Hiranandani Group
Olympeo Riverside,3200000,504,2,2,Neral,Beyond Thane,19.0248210057881,73.3169473654086,Unfurnished,Apartment,0,14,0,New Property,Ready to Move,1 Open,Olympeo Infrastructure Pvt. Ltd.
Tata Serein,17500000,685,2,2,Pokharan Road Number 2,Thane,19.218973,72.968099,Unfurnished,Apartment,0,42,2,Resale,Ready to Move,1 Covered,TATA Housing Development Company Ltd.
Lodha Splendora,12300000,952,3,3,Ghodbunder Road,Thane,19.2516923732421,72.9728195264109,Semi-Furnished,Apartment,0,48,4,Resale,Ready to Move,1 Covered,Lodha Developers Limited
Unkown,3500000,,,,Majiwada,Thane,19.215865938964,72.9914374146644,Unfurnished,Commercial Shop,0,0,6,Resale,Ready to Move,,Unknown
Puraniks Rumah Bali,10000000,640,2,2,Ghodbunder Road,Thane,19.2516923732421,72.9728195264109,Semi-Furnished,Apartment,0,8,4,Resale,Ready to Move,,Puranik Builders ltd.
Balaji Aangan,4500000,480,1,1,Thakurli,Beyond Thane,19.2252747701219,73.1000690723917,Semi-Furnished,Apartment,0,16,1,Resale,Ready to Move,1 Open,SS Life Spaces
TenX Habitat Raymond Realty,10000000,410,1,2,Pokhran Road,Thane,19.2070940767958,72.9568656970685,Unfurnished,Apartment,0,46,3,Resale,Ready to Move,,Raymond Realty
Puraniks Rumah Bali,10500000,658,2,2,Ghodbunder Road,Thane,19.2516923732421,72.9728195264109,Unfurnished,Apartment,0,8,4,Resale,Under Construction,,Puranik Builders ltd.
Lodha Crown Dombivali,5600000,504,2,2,Dombivli East,Thane,19.2049111648702,73.1069201060438,Unfurnished,Apartment,0,7,5,Resale,Ready to Move,,Lodha Developers Limited
Unkown,4000000,510,1,1,Dombivli East,Beyond Thane,19.2049111648702,73.1069201060438,Semi-Furnished,Apartment,0,0,5,New Property,Ready to Move,,Unknown
Unkown,5000000,780,2,2,Ambernath,Beyond Thane,19.1986487504664,73.2004913077756,Unfurnished,Apartment,0,0,6,Resale,Ready to Move,,Unknown
Hiranandani Estate Spenta,26000000,950,3,3,Hiranandani Estate,Thane,19.2577957544321,72.9839623718896,Semi-Furnished,Apartment,0,0,4,Resale,Ready to Move,,House of Hiranandani
Rustomjee Azziano,17400000,828,2,2,Majiwada,Thane,19.215865938964,72.9914374146644,Furnished,Apartment,0,21,6,Resale,Ready to Move,1 Covered,Rustomjee
Davakhar Elegance,9200000,,2,2,Kalyan East,Beyond Thane,19.2280216158659,73.1334807284888,Semi-Furnished,Apartment,0,27,2,Resale,Ready to Move,,Davakhar Infrastructure Pvt. Ltd.
Harmony Horizons,5100000,460,1,1,Ghodbunder Road,Thane,19.2516923732421,72.9728195264109,Semi-Furnished,Apartment,0,17,4,Resale,Ready to Move,,Harmony Lifestyles Group
Unkown,60000000,1984,4,4,Balkum Naka,Thane,19.2207044893566,72.9884938975506,Unfurnished,Apartment,0,51,0,Resale,Ready to Move,,Unknown
Unkown,4500000,,1,2,Kalyan East,Beyond Thane,19.2280216158659,73.1334807284888,Furnished,Apartment,0,0,2,Resale,Ready to Move,,Unknown
Unkown,4000000,504,2,2,Manpada Thane West,Thane,19.2307690829993,72.973592548318,Unfurnished,Apartment,0,0,3,Resale,Ready to Move,,Unknown
Valencia Park,17000000,765,2,2,Teen Hath Naka Area,Thane,19.1888629332732,72.9629527577008,Unfurnished,Apartment,0,2,3,Resale,Ready to Move,,Singhania Group
Neelkanth Height,18500000,792,3,2,Thane West,Thane,19.2083097363891,72.9724465271482,Furnished,Apartment,0,46,10,Resale,Ready to Move,,Unknown
Dahlia Runwal Garden City,8600000,554,2,2,Thane West,Thane,19.2083097363891,72.9724465271482,Unfurnished,Apartment,0,22,10,Resale,Ready to Move,,Runwal Group
Lakhani Empire Towers,12000000,,2,2,Teen Hath Naka Area,Thane,19.1888629332732,72.9629527577008,Unfurnished,Apartment,0,7,3,New Property,Ready to Move,,Lakhani Builders Pvt. Ltd.
Amrut Angan,9500000,670,2,2,Kalwa,Thane,19.1986281463791,73.00243846035,Semi-Furnished,Apartment,0,0,7,Resale,Ready to Move,,Mehta Builders Pvt. Ltd.
Dosti Planet North,6500000,608,2,2,Shilphata,Thane,19.1465685568349,73.0399463501033,Furnished,Apartment,0,5,0,Resale,Ready to Move,,Dosti Realty
Amrut Angan,7500000,490,1,1,Kalwa,Thane,19.1986281463791,73.00243846035,Furnished,Apartment,0,0,7,Resale,Ready to Move,,Mehta Builders Pvt. Ltd.
Swastik Apartment,2400000,421,1,1,Kalyan East,Beyond Thane,19.2280216158659,73.1334807284888,Unfurnished,Apartment,0,12,2,Resale,Ready to Move,,Hindustan Enterprise
Ramchandra Park,2000000,382,1,1,Dombivli East,Beyond Thane,19.2049111648702,73.1069201060438,Unfurnished,Apartment,0,13,5,Resale,Ready to Move,,Sawant Enterprises
Lok Upvan,6800000,,1,1,Vasant Vihar,Thane,19.2239106440589,72.9678909294473,Unfurnished,Apartment,0,12,1,Resale,Ready to Move,,Jaiveer Group
Chavandai Residency C,6500000,396,1,1,Kalwa,Thane,19.1986281463791,73.00243846035,Unfurnished,Apartment,0,7,7,Resale,Ready to Move,,Chavandai Developers
Ekveera Chandrangan Residency,7600000,,2,2,Diva,Thane,19.1915751433493,73.0430090272966,Furnished,Apartment,0,13,5,Resale,Ready to Move,,Ekveera Enterprises
Saket Complex,6600000,421,1,1,Thane West,Thane,19.2083097363891,72.9724465271482,Unfurnished,Apartment,0,22,10,Resale,Ready to Move,,Shakti Builders and Developers
Sarovar Darshan,15500000,736,2,2,Panch Pakhdi,Thane,19.1949989525044,72.9666959533383,Semi-Furnished,Apartment,0,0,2,Resale,Ready to Move,,Vighnaharta Developer
Shiv Shambho Apartment,1700000,324,1,1,Kalyan East,Beyond Thane,19.2280216158659,73.1334807284888,Unfurnished,Apartment,0,7,2,Resale,Ready to Move,,Shiv Shambho Construction
Lodha Heaven,3000000,569,2,1,Dombivli East,Beyond Thane,19.2049111648702,73.1069201060438,Unfurnished,Apartment,0,9,5,Resale,Ready to Move,,Lodha Developers Limited
Madhav Shreeji Palacia,10000000,652,2,2,Waghbil,Thane,19.266575,72.983724,Unfurnished,Apartment,0,28,1,Resale,Ready to Move,,Madhav Shreeji Group
Haware Citi,6700000,634,2,2,Ghodbunder Road,Thane,19.2516923732421,72.9728195264109,Unfurnished,Apartment,0,32,4,Resale,Ready to Move,,Haware Group
Lok Nagari Phase 3,1900000,324,1,1,Ambernath,Beyond Thane,19.1986487504664,73.2004913077756,Unfurnished,Apartment,0,25,6,Resale,Ready to Move,,Lok Housing Group
Vijay Park,4500000,361,1,1,Ghodbunder Road,Thane,19.2516923732421,72.9728195264109,Unfurnished,Apartment,0,0,4,Resale,Ready to Move,,Vijay Group
GOVIND DHAM KALWA,7000000,432,1,1,Kalwa West,Thane,19.1934770219273,72.9884750137769,Unfurnished,Apartment,0,0,2,Resale,Ready to Move,,Unknown
Lodha Regency Complex,2800000,313,1,1,Dombivli East,Beyond Thane,19.2049111648702,73.1069201060438,Unfurnished,Apartment,0,0,5,Resale,Ready to Move,,Unknown
Nalanda,9000000,662,2,2,Dhokali,Thane,19.2258189984106,72.9837277968585,Semi-Furnished,Apartment,0,0,7,Resale,Ready to Move,,Yash Group of Realty
Lodha Quality Homes,5800000,317,1,1,Majiwada,Thane,19.215865938964,72.9914374146644,Unfurnished,Apartment,0,3,6,Resale,Ready to Move,,Lodha Developers Limited
Satguru Florence,10300000,,2,2,Ghodbunder Road,Thane,19.2516923732421,72.9728195264109,Unfurnished,Apartment,0,24,4,New Property,Under Construction,,Satguru lifespaces
Lodha Casa Royale,5900000,,1,1,Majiwada,Thane,19.215865938964,72.9914374146644,Unfurnished,Apartment,0,50,6,New Property,Ready to Move,,Lodha Developers Limited
Unkown,11500000,,2,2,Thane West,Thane,19.2083097363891,72.9724465271482,Semi-Furnished,Apartment,0,0,10,Resale,Ready to Move,1 Open,Unknown
Lodha Palava,22000000,,,,Dombivli,Beyond Thane,19.2094006,73.0939483,,Residential Plot,0,56,8,Resale,,,Lodha Developers Limited
Unkown,1800000,438,1,1,,Thane,,,Semi-Furnished,Apartment,0,0,0,Resale,Ready to Move,,Unknown
Unkown,4200000,,1,1,Dombivli,Beyond Thane,19.2094006,73.0939483,Semi-Furnished,Apartment,0,0,8,Resale,Ready to Move,,Unknown
S K Galaxy Garden,1350000,383,1,1,Vangani,Beyond Thane,19.0925602606021,73.2971135741545,Furnished,Apartment,0,7,4,Resale,Ready to Move,,S K Developers
Unkown,3500000,,1,1,Dombivli West,Beyond Thane,19.2174682509913,73.0750339345098,Unfurnished,Apartment,0,0,2,Resale,Ready to Move,,Unknown
Rosa Gardenia,12000000,576,2,2,Ghodbunder Road,Thane,19.2516923732421,72.9728195264109,Unfurnished,Apartment,0,18,4,Resale,Ready to Move,,Rosa Group
Rosa Gardenia,6350000,454,1,2,Ghodbunder Road,Thane,19.2516923732421,72.9728195264109,Semi-Furnished,Apartment,0,18,4,Resale,Ready to Move,,Rosa Group
Rosa Gardenia,9000000,554,2,2,Ghodbunder Road,Thane,19.2516923732421,72.9728195264109,Semi-Furnished,Apartment,0,18,4,Resale,Ready to Move,,Rosa Group
Rosa Gardenia,7400000,457,1,2,Ghodbunder Road,Thane,19.2516923732421,72.9728195264109,Semi-Furnished,Apartment,0,18,4,Resale,Ready to Move,,Rosa Group
Rosa Elite,6900000,738,2,2,Ghodbunder Road,Thane,19.2516923732421,72.9728195264109,Unfurnished,Apartment,0,15,4,Resale,Ready to Move,,Rosa Group
Rosa Elite,4600000,396,1,2,Ghodbunder Road,Thane,19.2516923732421,72.9728195264109,Unfurnished,Apartment,0,15,4,Resale,Ready to Move,,Rosa Group
Rosa Elite,5700000,486,1,2,Ghodbunder Road,Thane,19.2516923732421,72.9728195264109,Furnished,Apartment,0,15,4,Resale,Ready to Move,,Rosa Group
Rosa Elite,6500000,461,1,2,Ghodbunder Road,Thane,19.2516923732421,72.9728195264109,Furnished,Apartment,0,15,4,Resale,Ready to Move,,Rosa Group
Rosa Elite,5300000,461,1,2,Ghodbunder Road,Thane,19.2516923732421,72.9728195264109,Furnished,Apartment,0,15,4,Resale,Ready to Move,,Rosa Group
Rosa Elite,5300000,305,1,2,Ghodbunder Road,Thane,19.2516923732421,72.9728195264109,Semi-Furnished,Apartment,0,15,4,Resale,Ready to Move,,Rosa Group
Haware Citi,7000000,649,2,2,Ghodbunder Road,Thane,19.2516923732421,72.9728195264109,Unfurnished,Apartment,0,32,4,Resale,Ready to Move,,Haware Group
Haware Citi,6200000,548,2,2,Ghodbunder Road,Thane,19.2516923732421,72.9728195264109,Semi-Furnished,Apartment,0,32,4,Resale,Ready to Move,,Haware Group
Haware Citi,7000000,649,2,2,Ghodbunder Road,Thane,19.2516923732421,72.9728195264109,Unfurnished,Apartment,0,32,4,Resale,Ready to Move,,Haware Group
Haware Citi,7000000,576,2,2,Ghodbunder Road,Thane,19.2516923732421,72.9728195264109,Semi-Furnished,Apartment,0,32,4,Resale,Ready to Move,,Haware Group
Harmony Horizons,10000000,778,2,2,Ghodbunder Road,Thane,19.2516923732421,72.9728195264109,Furnished,Apartment,0,17,4,Resale,Ready to Move,,Harmony Lifestyles Group
Harmony Horizons,8500000,706,2,2,Ghodbunder Road,Thane,19.2516923732421,72.9728195264109,Semi-Furnished,Apartment,0,17,4,Resale,Ready to Move,,Harmony Lifestyles Group
Harmony Horizons,9000000,770,2,2,Ghodbunder Road,Thane,19.2516923732421,72.9728195264109,Unfurnished,Apartment,0,17,4,Resale,Ready to Move,,Harmony Lifestyles Group
Harmony Signature Towers,18500000,1152,3,3,Ghodbunder Road,Thane,19.2516923732421,72.9728195264109,Furnished,Apartment,0,23,4,Resale,Ready to Move,,Harmony Lifestyles Group
Harmony Signature Towers,24999999,2304,5,5,Ghodbunder Road,Thane,19.2516923732421,72.9728195264109,Unfurnished,Apartment,0,23,4,Resale,Ready to Move,,Harmony Lifestyles Group
Vishwajeet Green,3050000,536,1,1,Ambernath,Beyond Thane,19.1986487504664,73.2004913077756,Unfurnished,Apartment,0,30,6,Resale,Ready to Move,,GBK Group
Vishwajeet Green,3900000,738,2,2,Ambernath East,Beyond Thane,19.2075883274914,73.1854898657514,Unfurnished,Apartment,0,30,1,Resale,Ready to Move,,GBK Group
Mangeshi Paradise,6500000,634,2,2,Kalyan,Beyond Thane,19.2449413625186,73.1331398884041,Unfurnished,Apartment,0,11,8,Resale,Ready to Move,,Annapurna Developers
Wadhwa Daisy Gardens,2300000,493,1,1,Ambernath,Beyond Thane,19.1986487504664,73.2004913077756,Unfurnished,Apartment,0,31,6,Resale,Ready to Move,,Wadhwa & Sons
Wadhwa Daisy Gardens,2650000,481,1,2,Ambernath,Beyond Thane,19.1986487504664,73.2004913077756,Semi-Furnished,Apartment,0,31,6,Resale,Under Construction,,Wadhwa & Sons
Wadhwa Daisy Gardens,2300000,493,1,1,Ambernath,Beyond Thane,19.1986487504664,73.2004913077756,Semi-Furnished,Apartment,0,31,6,Resale,Ready to Move,,Wadhwa & Sons
Wadhwa Daisy Gardens,3000000,493,1,1,Ambernath,Beyond Thane,19.1986487504664,73.2004913077756,Unfurnished,Apartment,0,31,6,Resale,Ready to Move,,Wadhwa & Sons
Wadhwa Daisy Gardens,2500000,493,1,1,Ambernath,Beyond Thane,19.1986487504664,73.2004913077756,Unfurnished,Apartment,0,31,6,Resale,Ready to Move,,Wadhwa & Sons
Anand Upvan,3600000,713,2,2,Ambernath,Beyond Thane,19.1986487504664,73.2004913077756,Semi-Furnished,Apartment,0,18,6,Resale,Ready to Move,,Ameya Group
Prasadam,5000000,806,2,2,Ambernath East,Beyond Thane,19.2075883274914,73.1854898657514,Unfurnished,Apartment,0,13,1,Resale,Ready to Move,,Ahuja Group
Prasadam,6000000,806,2,2,Ambernath East,Beyond Thane,19.2075883274914,73.1854898657514,Unfurnished,Apartment,0,13,1,Resale,Ready to Move,,Ahuja Group
Sai Krupa Valley,2200000,459,1,1,Neral,Beyond Thane,19.0248210057881,73.3169473654086,Unfurnished,Apartment,0,22,0,Resale,Ready to Move,,Amore homes
Sai Villa,4200000,432,1,1,Kalyan East,Beyond Thane,19.2280216158659,73.1334807284888,Unfurnished,Apartment,0,18,2,Resale,Ready to Move,,Sai Developer
Shubham Complex,1500000,198,1,1,Kalyan,Beyond Thane,19.2449413625186,73.1331398884041,Unfurnished,Apartment,0,4,8,Resale,Ready to Move,,Shubam Developer
Shubham Complex,3600000,396,1,1,Kalyan,Beyond Thane,19.2449413625186,73.1331398884041,Semi-Furnished,Apartment,0,4,8,Resale,Ready to Move,,Shubam Developer
Swastik Park,1900000,392,1,1,Kalyan East,Beyond Thane,19.2280216158659,73.1334807284888,Semi-Furnished,Apartment,0,2,2,Resale,Ready to Move,,Hindustan Enterprises
Vihang Vermont,6700000,399,1,2,Ghodbunder Road,Thane,19.2516923732421,72.9728195264109,Unfurnished,Apartment,0,21,4,Resale,Ready to Move,,Vihang Group
Satyam Elegenza,2600000,443,1,1,Ambernath,Beyond Thane,19.1986487504664,73.2004913077756,Semi-Furnished,Apartment,0,25,6,Resale,Ready to Move,,Satyam Group
Lodha Palava City Milestone,3600000,428,1,1,Dombivli,Beyond Thane,19.2094006,73.0939483,Semi-Furnished,Apartment,0,24,8,Resale,Ready to Move,,Lodha Developers Limited
Krishna Kunj Residency,2350000,482,1,2,Badlapur West,Beyond Thane,19.1760975692482,73.2401614495576,Semi-Furnished,Apartment,0,17,0,Resale,Ready to Move,,Ashoka Infrastructure
Amar Galaxy,4800000,,1,2,Dombivli West,Beyond Thane,19.2174682509913,73.0750339345098,Unfurnished,Apartment,0,22,2,New Property,Under Construction,,Amar Groups of Companies
Rustomjee Azziano L Wing,13000000,513,2,2,Majiwada,Thane,19.215865938964,72.9914374146644,Unfurnished,Apartment,0,43,6,Resale,Ready to Move,,Rustomjee
Atlantis Apartments,5600000,381,1,1,Kasarvadavali,Thane,19.2692017640962,72.9703926869083,Unfurnished,Apartment,0,11,3,Resale,Ready to Move,,Jignesh Builders
Niraj City Phase 2,5000000,706,2,2,Kalyan,Beyond Thane,19.2449413625186,73.1331398884041,Unfurnished,Apartment,0,22,8,Resale,Ready to Move,,Shree Samarth Developers
Nirmal Lifestyle,5500000,583,2,2,Kalyan,Beyond Thane,19.2449413625186,73.1331398884041,Unfurnished,Apartment,0,40,8,Resale,Ready to Move,,Nirmal Builders
Jangid Galaxy,125000000,966,2,2,Ghodbunder Road,Thane,19.2516923732421,72.9728195264109,Semi-Furnished,Apartment,0,26,4,Resale,Ready to Move,,Jangid Group
Jangid Galaxy,12500000,966,2,2,Ghodbunder Road,Thane,19.2516923732421,72.9728195264109,Semi-Furnished,Apartment,0,26,4,Resale,Ready to Move,,Jangid Group
Trimurti Residency,4200000,691,2,2,Badlapur West,Beyond Thane,19.1760975692482,73.2401614495576,Semi-Furnished,Apartment,0,6,0,Resale,Ready to Move,,Trimurti Developers
Bhakti Pearl,7000000,490,2,2,Ghodbunder Road,Thane,19.2516923732421,72.9728195264109,Semi-Furnished,Apartment,0,13,4,Resale,Ready to Move,,Bhakti Corporation
Bhakti Pearl,6500000,625,2,2,Ghodbunder Road,Thane,19.2516923732421,72.9728195264109,Unfurnished,Apartment,0,13,4,Resale,Ready to Move,,Bhakti Corporation
Bhakti Pearl,5000000,467,1,2,Ghodbunder Road,Thane,19.2516923732421,72.9728195264109,Unfurnished,Apartment,0,13,4,Resale,Ready to Move,,Bhakti Corporation
Ace Square,6300000,461,1,1,Ghodbunder Road,Thane,19.2516923732421,72.9728195264109,Furnished,Apartment,0,12,4,Resale,Ready to Move,,Ace Group and Squarefeet Group
Vastusankalp Punyodaya Rio,6500000,660,2,2,Kalyan West,Beyond Thane,19.2442606681675,73.123906730695,Unfurnished,Apartment,0,9,5,Resale,Ready to Move,,Vastusankalp Developers
Key Tech Ashok Smruti,6700000,385,1,1,Kasarvadavali,Thane,19.2692017640962,72.9703926869083,Unfurnished,Apartment,0,16,3,Resale,Ready to Move,,Key Tech
Key Tech Ashok Smruti,7000000,385,1,2,Kasarvadavali,Thane,19.2692017640962,72.9703926869083,Furnished,Apartment,0,16,3,Resale,Ready to Move,,Key Tech
Key Tech Ashok Smruti,7000000,364,1,1,Kasarvadavali,Thane,19.2692017640962,72.9703926869083,Semi-Furnished,Apartment,0,16,3,Resale,Ready to Move,,Key Tech
Utkarsh Dreamland,4590000,675,2,2,Vasind,Beyond Thane,19.4059529362434,73.2634315742197,Semi-Furnished,Apartment,0,6,2,Resale,Ready to Move,,Utkarsh Developers
PurnShanti Heights,18000000,828,2,2,Jambli Naka,Thane,19.193889,72.978852,Furnished,Apartment,0,20,0,Resale,Ready to Move,,East India Earth Movers
PurnShanti Heights,13100000,619,2,2,Jambli Naka,Thane,19.193889,72.978852,Furnished,Apartment,0,20,0,Resale,Ready to Move,,East India Earth Movers
PurnShanti Heights,19000000,972,3,3,Jambli Naka,Thane,19.193889,72.978852,Furnished,Apartment,0,20,0,Resale,Ready to Move,,East India Earth Movers
Pataskar Eclat,16500000,1188,3,3,Ghodbunder Road,Thane,19.2516923732421,72.9728195264109,Semi-Furnished,Apartment,0,28,4,Resale,Ready to Move,,Pataskar Developers
Amrut Paradise,9500000,,2,2,Kalwa,Thane,19.1986281463791,73.00243846035,Furnished,Apartment,0,13,7,Resale,Ready to Move,,Mehata Builders
Shankheshwar Presidency,6000000,610,2,1,Kalyan West,Beyond Thane,19.2442606681675,73.123906730695,Semi-Furnished,Apartment,0,26,5,Resale,Ready to Move,1 Open,Shankheshwar Group of Companies
Haware estate,9700000,608,2,2,Ghodbunder Road,Thane,19.2516923732421,72.9728195264109,Furnished,Apartment,0,19,4,Resale,Ready to Move,,Haware Group
Unkown,2000000,,1,1,,Thane,,,Semi-Furnished,Apartment,0,0,0,Resale,Ready to Move,,Unknown
Unkown,5500000,300,,1,Kopri,Thane,19.1803055166715,72.9704315017362,Furnished,Studio Apartment,0,0,6,Resale,Ready to Move,,Unknown
Unkown,3300000,,1,1,Kalyan East,Beyond Thane,19.2280216158659,73.1334807284888,Unfurnished,Apartment,0,0,2,Resale,Ready to Move,,Unknown
Sahil Pride Residency Daffodil,7800000,550,1,2,Kasarvadavali,Thane,19.2692017640962,72.9703926869083,Furnished,Apartment,0,19,3,Resale,Ready to Move,,Sahil Developers
Unkown,11000000,670,2,2,Khopat,Thane,19.2014277501771,72.972637756513,Unfurnished,Apartment,0,0,4,Resale,Ready to Move,,Unknown
Unkown,1500000,,1,1,Sonivali,Beyond Thane,19.1763215244773,73.2586598421459,Semi-Furnished,Apartment,0,0,0,Resale,Ready to Move,,Unknown
Vijay Park,7500000,550,2,2,Ghodbunder Road,Thane,19.2516923732421,72.9728195264109,Semi-Furnished,Apartment,0,0,4,Resale,Ready to Move,,Vijay Group
Bhimashankar Hills,2200000,,,,Karjat,Beyond Thane,18.9112989,73.328189,,Residential Plot,0,4,2,Resale,,,Soft Corner
Mahindra Happinest Kalyan,4500000,,1,2,Kalyan,Beyond Thane,19.2449413625186,73.1331398884041,Unfurnished,Apartment,0,0,8,Resale,Ready to Move,,Mahindra Lifespace Developers Ltd.
Unkown,1800000,,1,1,,Thane,,,Unfurnished,Apartment,0,0,0,Resale,Ready to Move,,Unknown
Sudama Regency,3300000,400,1,1,Diva,Thane,19.1915751433493,73.0430090272966,Semi-Furnished,Apartment,0,18,5,Resale,Ready to Move,,Samrin Group
Godrej Nirvaan,5500000,419,1,2,Kalyan West,Beyond Thane,19.2442606681675,73.123906730695,Furnished,Apartment,0,45,5,Resale,Ready to Move,,Godrej Properties
Sankalp Apartment Dombivli East,3000000,,1,1,Dombivli East,Beyond Thane,19.2049111648702,73.1069201060438,Unfurnished,Apartment,0,0,5,Resale,Ready to Move,,Unknown
Vrundavan,2350000,398,1,1,Kalyan West,Beyond Thane,19.2442606681675,73.123906730695,Unfurnished,Apartment,0,23,5,Resale,Ready to Move,,Shree Vasturachna Developers
Unkown,1395000,,1,1,Diva,Thane,19.1915751433493,73.0430090272966,Unfurnished,Builder Floor Apartment,0,0,5,Resale,Ready to Move,,Unknown
Lodha Splendora,11000000,,2,2,Ghodbunder Road,Thane,19.2516923732421,72.9728195264109,Semi-Furnished,Apartment,0,48,4,Resale,Ready to Move,1 Covered,Lodha Developers Limited
Unkown,8450000,,2,2,Dombivli,Beyond Thane,19.2094006,73.0939483,Semi-Furnished,Apartment,0,0,8,Resale,Ready to Move,,Unknown
Shree Sankalp,11000000,800,2,2,Ghodbunder Road,Thane,19.2516923732421,72.9728195264109,Semi-Furnished,Apartment,0,18,4,Resale,Ready to Move,1 Covered,Shri Group
Lodha Amara,15000000,673,2,2,Kolshet Industrial Area,Thane,19.23051375,72.99448787,Furnished,Apartment,0,42,3,Resale,Ready to Move,1 Covered,Lodha Developers Limited
Lodha Splendora,7500000,485,1,1,Ghodbunder Road,Thane,19.2516923732421,72.9728195264109,Unfurnished,Apartment,0,48,4,Resale,Ready to Move,,Lodha Developers Limited
Sheth Zuri,12900000,458,2,2,Thane West,Thane,19.2083097363891,72.9724465271482,Semi-Furnished,Apartment,0,37,10,Resale,Ready to Move,,Ashwin Sheth Group
Devashree Park,11800000,765,2,2,Kolshet,Thane,19.2392002271759,72.997235034948,Semi-Furnished,Apartment,0,0,0,Resale,Ready to Move,,Unknown
Unkown,4000000,547,2,2,Shilphata,Thane,19.1465685568349,73.0399463501033,Unfurnished,Apartment,0,0,0,Resale,Ready to Move,,Unknown
Lodha Lakeshore Greens,4600000,706,2,2,Palava City,Beyond Thane,19.1680134933867,73.0730851842052,Unfurnished,Apartment,0,21,6,Resale,Ready to Move,,Lodha Developers Limited
Siddharth Riverwood Park,4000000,554,2,2,Dombivli East,Beyond Thane,19.2049111648702,73.1069201060438,Unfurnished,Apartment,0,50,5,Resale,Ready to Move,,Siddharth Group
Lodha Panacea,6400000,500,2,2,Dombivli East,Beyond Thane,19.2049111648702,73.1069201060438,Unfurnished,Apartment,0,43,5,Resale,Ready to Move,,Lodha Developers Limited
Lodha Codename Crown Jewel,5500000,317,1,2,Kolshet Road,Thane,19.2321621,72.9873688,Semi-Furnished,Apartment,0,36,1,Resale,Ready to Move,,Lodha Developers Limited
Lodha Lakeshore Greens,4800000,363,1,1,Palava City,Beyond Thane,19.1680134933867,73.0730851842052,Unfurnished,Apartment,0,21,6,Resale,Ready to Move,,Lodha Developers Limited
Lok Upvan,10500000,594,2,2,Vasant Vihar,Thane,19.2239106440589,72.9678909294473,Unfurnished,Apartment,0,12,1,Resale,Ready to Move,,Jaiveer Group
Xrbia Warai,2750000,498,2,2,Neral,Beyond Thane,19.0248210057881,73.3169473654086,Unfurnished,Apartment,0,34,0,Resale,Under Construction,,XRBIA Developers
Xrbia Warai,2000000,260,1,1,Neral,Beyond Thane,19.0248210057881,73.3169473654086,Unfurnished,Apartment,0,34,0,Resale,Under Construction,,XRBIA Developers
Xrbia Warai,2400000,260,1,1,Neral,Beyond Thane,19.0248210057881,73.3169473654086,Unfurnished,Apartment,0,34,0,Resale,Under Construction,,XRBIA Developers
Xrbia Warai,2600000,343,1,1,Neral,Beyond Thane,19.0248210057881,73.3169473654086,Unfurnished,Apartment,0,34,0,Resale,Ready to Move,,XRBIA Developers
Xrbia Warai,2000000,260,1,1,Neral,Beyond Thane,19.0248210057881,73.3169473654086,Unfurnished,Apartment,0,34,0,Resale,Ready to Move,,XRBIA Developers
Xrbia Warai,2000000,260,1,1,Neral,Beyond Thane,19.0248210057881,73.3169473654086,Unfurnished,Apartment,0,34,0,Resale,Ready to Move,,XRBIA Developers
Terraform Elite Solitaire 14,9300000,468,1,2,Kolshet Road,Thane,19.2321621,72.9873688,Unfurnished,Apartment,0,27,1,Resale,Ready to Move,,Terraform Realty
Terraform Elite Solitaire 14,17000000,648,2,2,Kolshet Road,Thane,19.2321621,72.9873688,Furnished,Apartment,0,27,1,Resale,Ready to Move,,Terraform Realty
Terraform Elite Solitaire 14,17500000,713,2,2,Kolshet Road,Thane,19.2321621,72.9873688,Semi-Furnished,Apartment,0,27,1,Resale,Ready to Move,,Terraform Realty
Terraform Elite Solitaire 14,7500000,324,1,1,Kolshet Road,Thane,19.2321621,72.9873688,Unfurnished,Apartment,0,27,1,Resale,Ready to Move,,Terraform Realty
Vijay Residency,14000000,943,3,3,Anand Nagar Thane West,Thane,19.2640466932527,72.9652443996319,Unfurnished,Apartment,0,7,4,Resale,Ready to Move,,Vijay Group Builders & Developers
Mohan Greenwoods,5500000,828,3,2,Badlapur,Beyond Thane,19.1639249,73.2459247,Unfurnished,Apartment,0,16,8,Resale,Ready to Move,,Mohan Group
Mohan Suburbia,4000000,635,2,2,Ambernath,Beyond Thane,19.1986487504664,73.2004913077756,Unfurnished,Apartment,0,32,6,Resale,Ready to Move,,Mohan Group
Mohan Suburbia,3900000,518,1,2,Ambernath,Beyond Thane,19.1986487504664,73.2004913077756,Unfurnished,Apartment,0,32,6,Resale,Ready to Move,,Mohan Group
Mohan Suburbia,4500000,680,2,2,Ambernath,Beyond Thane,19.1986487504664,73.2004913077756,Unfurnished,Apartment,0,32,6,Resale,Ready to Move,,Mohan Group
Mohan Suburbia,3200000,511,1,2,Ambernath,Beyond Thane,19.1986487504664,73.2004913077756,Unfurnished,Apartment,0,32,6,Resale,Ready to Move,,Mohan Group
Mohan Suburbia,5500000,680,2,2,Ambernath,Beyond Thane,19.1986487504664,73.2004913077756,Unfurnished,Apartment,0,32,6,Resale,Ready to Move,,Mohan Group
Mohan Suburbia,3746000,505,1,2,Ambernath West,Beyond Thane,19.2107415190685,73.1908213734783,Semi-Furnished,Apartment,0,32,2,Resale,Ready to Move,,Mohan Group
Mohan Suburbia,4000000,635,2,2,Ambernath,Beyond Thane,19.1986487504664,73.2004913077756,Unfurnished,Apartment,0,32,6,Resale,Ready to Move,,Mohan Group
Mohan Suburbia,2900000,518,1,2,Ambernath West,Beyond Thane,19.2107415190685,73.1908213734783,Unfurnished,Apartment,0,32,2,Resale,Ready to Move,,Mohan Group
Mohan Suburbia,2900000,518,1,2,Ambernath,Beyond Thane,19.1986487504664,73.2004913077756,Unfurnished,Apartment,0,32,6,Resale,Ready to Move,,Mohan Group
Mohan Palms,5200000,763,2,2,Badlapur,Beyond Thane,19.1639249,73.2459247,Unfurnished,Apartment,0,44,8,Resale,Ready to Move,,Mohan Group
Tata Amantra,6300000,667,2,1,Kalyan,Beyond Thane,19.2449413625186,73.1331398884041,Unfurnished,Apartment,0,20,8,Resale,Ready to Move,,TATA Housing Development Company Ltd.
Tata Amantra,8500000,771,2,1,Kalyan,Beyond Thane,19.2449413625186,73.1331398884041,Semi-Furnished,Apartment,0,20,8,Resale,Ready to Move,,TATA Housing Development Company Ltd.
Tata Amantra,6200000,778,2,1,Kalyan,Beyond Thane,19.2449413625186,73.1331398884041,Semi-Furnished,Apartment,0,20,8,Resale,Ready to Move,,TATA Housing Development Company Ltd.
Tata Amantra,7500000,732,2,2,Kalyan,Beyond Thane,19.2449413625186,73.1331398884041,Semi-Furnished,Apartment,0,20,8,Resale,Ready to Move,,TATA Housing Development Company Ltd.
Tata Amantra,7500000,667,2,1,Kalyan West,Beyond Thane,19.2442606681675,73.123906730695,Semi-Furnished,Apartment,0,20,5,Resale,Ready to Move,,TATA Housing Development Company Ltd.
Tata Amantra,9500000,837,2,2,Kalyan,Beyond Thane,19.2449413625186,73.1331398884041,Unfurnished,Apartment,0,20,8,Resale,Ready to Move,,TATA Housing Development Company Ltd.
Pristine Towers,7100000,612,2,2,Kasarvadavali,Thane,19.2692017640962,72.9703926869083,Unfurnished,Apartment,0,9,3,Resale,Ready to Move,,Ideal Developers
VBHC Vaibhav Vasind Hills,1890000,384,1,1,Vasind,Beyond Thane,19.4059529362434,73.2634315742197,Unfurnished,Apartment,0,7,2,Resale,Ready to Move,,VBHC
Patel Prayosha Pramukh Sadan,2200000,360,1,1,Ambernath West,Beyond Thane,19.2107415190685,73.1908213734783,Unfurnished,Apartment,0,32,2,Resale,Ready to Move,,Patel RPL Realty
Patel Prayosha Pramukh Sadan,2100000,367,1,1,Ambernath West,Beyond Thane,19.2107415190685,73.1908213734783,Unfurnished,Apartment,0,32,2,Resale,Ready to Move,,Patel RPL Realty
Patel Prayosha Pramukh Sadan,3000000,520,1,2,Ambernath West,Beyond Thane,19.2107415190685,73.1908213734783,Furnished,Apartment,0,32,2,Resale,Ready to Move,,Patel RPL Realty
Arihant City,4200000,468,1,1,Bhiwandi,Beyond Thane,19.2937911767008,73.0653582109139,Unfurnished,Apartment,0,22,6,Resale,Ready to Move,,Arihant Group
Amber Prit,8200000,763,2,2,Kalyan,Beyond Thane,19.2449413625186,73.1331398884041,Semi-Furnished,Apartment,0,10,8,Resale,Ready to Move,,Amber Corporation
Metro Residency,12500000,763,2,2,Kalyan East,Beyond Thane,19.2280216158659,73.1334807284888,Furnished,Apartment,0,28,2,Resale,Ready to Move,,West Pioneer Properties
Trimurti Complex,31500000,670,2,2,Badlapur,Beyond Thane,19.1639249,73.2459247,Unfurnished,Apartment,0,10,8,Resale,Ready to Move,,Unknown
Olympeo Riverside,2700000,285,1,2,Neral,Beyond Thane,19.0248210057881,73.3169473654086,Semi-Furnished,Apartment,0,14,0,Resale,Ready to Move,,Olympeo Infrastructure Pvt. Ltd.
Olympeo Riverside,2100000,324,1,2,Neral,Beyond Thane,19.0248210057881,73.3169473654086,Unfurnished,Apartment,0,14,0,Resale,Ready to Move,,Olympeo Infrastructure Pvt. Ltd.
Olympeo Riverside,2200000,540,2,2,Neral,Beyond Thane,19.0248210057881,73.3169473654086,Unfurnished,Apartment,0,14,0,Resale,Ready to Move,,Olympeo Infrastructure Pvt. Ltd.
Aastha Evershine,2600000,338,1,2,Titwala,Beyond Thane,19.295217297811,73.2124239025258,Unfurnished,Apartment,0,15,4,Resale,Ready to Move,,Aastha Group
Indrapuri,2400000,468,1,1,Badlapur,Beyond Thane,19.1639249,73.2459247,Unfurnished,Apartment,0,14,8,Resale,Ready to Move,,Khatri Consructions
Indrapuri,2500000,462,1,1,Badlapur,Beyond Thane,19.1639249,73.2459247,Semi-Furnished,Apartment,0,14,8,Resale,Ready to Move,,Khatri Consructions
Pristine Towers,7100000,612,2,2,Kasarvadavali,Thane,19.2692017640962,72.9703926869083,Unfurnished,Apartment,0,9,3,Resale,Ready to Move,,Ideal Developers
Vrundavan,3400000,562,2,2,Kalyan West,Beyond Thane,19.2442606681675,73.123906730695,Unfurnished,Apartment,0,23,5,Resale,Ready to Move,,Shree Vasturachna Developers
Patel Prayosha Pramukh Sadan,2300000,446,1,1,Ambernath,Beyond Thane,19.1986487504664,73.2004913077756,Unfurnished,Apartment,0,32,6,Resale,Ready to Move,,Patel RPL Realty
Patel Elysium,2379999,360,1,1,Ambernath,Beyond Thane,19.1986487504664,73.2004913077756,Unfurnished,Apartment,0,12,6,Resale,Ready to Move,,Patel RPL Realty
Eternal Avenue,2780000,492,1,1,Badlapur,Beyond Thane,19.1639249,73.2459247,Semi-Furnished,Apartment,0,10,8,Resale,Ready to Move,,Magnum Life Spaces
Neel Siddhi Balaji Garden,12000000,864,3,3,Dombivli East,Beyond Thane,19.2049111648702,73.1069201060438,Furnished,Apartment,0,17,5,Resale,Ready to Move,,Neel Siddhi developers
Hiranandani Estate Cardinal,21000000,902,2,2,Patlipada,Thane,19.2416002035523,72.9711756289089,Semi-Furnished,Apartment,0,21,3,Resale,Ready to Move,2 Covered,Hiranandani Group
Green Park,4500000,392,1,1,Dombivli East,Beyond Thane,19.2049111648702,73.1069201060438,Furnished,Apartment,0,9,5,Resale,Under Construction,,KP Infra
Green Park,5250000,626,2,2,Dombivli East,Beyond Thane,19.2049111648702,73.1069201060438,Unfurnished,Apartment,0,9,5,Resale,Ready to Move,,KP Infra
Sundaram Plaza,3500000,432,1,1,Dombivli East,Beyond Thane,19.2049111648702,73.1069201060438,Unfurnished,Apartment,0,7,5,Resale,Ready to Move,,Shivam Buildcon
JVM Tiara,4946000,,1,2,Owale,Thane,19.2721014587378,72.958646491161,Unfurnished,Apartment,0,9,10,New Property,Under Construction,,JVM Spaces
JVM Tiara,4900000,,1,2,Owale,Thane,19.2721014587378,72.958646491161,Unfurnished,Apartment,0,9,10,Resale,Under Construction,,JVM Spaces
JVM Tiara,4800000,,1,2,Owale,Thane,19.2721014587378,72.958646491161,Unfurnished,Apartment,0,9,10,Resale,Under Construction,,JVM Spaces
Dosti West County,20000000,720,3,3,Balkum Pada,Thane,19.218154,72.993664,Unfurnished,Apartment,0,9,3,Resale,Ready to Move,,Dosti Realty 
ACE Homes,9500000,490,2,2,Ghodbunder Road,Thane,19.2516923732421,72.9728195264109,Furnished,Apartment,0,13,4,Resale,Ready to Move,,The Ace Group
Panvelkar Sankul NX,2000000,396,1,1,Badlapur,Beyond Thane,19.1639249,73.2459247,Unfurnished,Apartment,0,16,8,Resale,Ready to Move,,Panvelkar Group
Platinum lawn,5800000,468,1,2,Ghodbunder Road,Thane,19.2516923732421,72.9728195264109,Unfurnished,Apartment,0,13,4,Resale,Ready to Move,,Dedhia Group
Platinum lawn,10000000,666,2,2,Ghodbunder Road,Thane,19.2516923732421,72.9728195264109,Furnished,Apartment,0,13,4,Resale,Ready to Move,,Dedhia Group
Haware estate,6000000,446,1,1,Ghodbunder Road,Thane,19.2516923732421,72.9728195264109,Semi-Furnished,Apartment,0,19,4,Resale,Ready to Move,,Haware Group
Haware estate,22500000,904,3,3,Ghodbunder Road,Thane,19.2516923732421,72.9728195264109,Unfurnished,Apartment,0,19,4,Resale,Ready to Move,,Haware Group
Kuber Samruddhi,4000000,418,1,1,Dombivli West,Beyond Thane,19.2174682509913,73.0750339345098,Unfurnished,Apartment,0,9,2,Resale,Ready to Move,,Kuber Group
Kuber Samruddhi,4300000,389,1,1,Dombivli West,Beyond Thane,19.2174682509913,73.0750339345098,Semi-Furnished,Apartment,0,9,2,Resale,Ready to Move,,Kuber Group
Motiram Pleasure,1850000,450,1,1,Badlapur,Beyond Thane,19.1639249,73.2459247,Semi-Furnished,Apartment,0,9,8,Resale,Ready to Move,,Motiram Dalal Group
Virat Residency,3200000,464,1,1,Kalyan West,Beyond Thane,19.2442606681675,73.123906730695,Unfurnished,Apartment,0,18,5,Resale,Ready to Move,,Virat Group
Virat Residency,4400000,576,2,2,Kalyan West,Beyond Thane,19.2442606681675,73.123906730695,Semi-Furnished,Apartment,0,18,5,Resale,Ready to Move,,Virat Group
Sanghvi Paradise,2500000,605,2,2,Asangaon,Beyond Thane,19.4390197,73.3030715,Unfurnished,Apartment,0,29,2,Resale,Ready to Move,,Sanghvi Group
Sanghvi Paradise,2400000,504,1,1,Asangaon,Beyond Thane,19.4390197,73.3030715,Semi-Furnished,Apartment,0,29,2,Resale,Ready to Move,,Sanghvi Group
Runwal MyCity,7250000,738,3,2,Dombivli,Beyond Thane,19.2094006,73.0939483,Unfurnished,Apartment,0,5,8,Resale,Ready to Move,,Runwal Group
Runwal MyCity,7500000,796,3,2,Dombivli,Beyond Thane,19.2094006,73.0939483,Unfurnished,Apartment,0,5,8,Resale,Ready to Move,,Runwal Group
Runwal MyCity,8500000,796,3,2,Dombivli East,Beyond Thane,19.2049111648702,73.1069201060438,Unfurnished,Apartment,0,5,5,Resale,Ready to Move,,Runwal Group
Runwal MyCity,4000000,446,1,1,Dombivli,Beyond Thane,19.2094006,73.0939483,Semi-Furnished,Apartment,0,5,8,Resale,Ready to Move,,Runwal Group
Runwal MyCity,4500000,306,1,2,Dombivli,Beyond Thane,19.2094006,73.0939483,Unfurnished,Apartment,0,5,8,Resale,Ready to Move,,Runwal Group
Runwal MyCity,4000000,464,1,2,Dombivli East,Beyond Thane,19.2049111648702,73.1069201060438,Unfurnished,Apartment,0,5,5,Resale,Ready to Move,,Runwal Group
Sai Sharnam,7000000,684,2,2,Kalyan West,Beyond Thane,19.2442606681675,73.123906730695,Semi-Furnished,Apartment,0,17,5,Resale,Ready to Move,,OSSK CORP
Marathon Nextown,4293000,498,1,2,Dombivli East,Beyond Thane,19.2049111648702,73.1069201060438,Unfurnished,Apartment,0,5,5,Resale,Ready to Move,,Marathon Realty Pvt. Ltd.
Marathon Nextown,3800000,317,1,1,Dombivli East,Beyond Thane,19.2049111648702,73.1069201060438,Unfurnished,Apartment,0,5,5,Resale,Ready to Move,,Marathon Realty Pvt. Ltd.
Neelsidhi Balaji Garden,11500000,900,3,3,Dombivli East,Beyond Thane,19.2049111648702,73.1069201060438,Furnished,Apartment,0,13,5,Resale,Ready to Move,,Neelsidhi Group
Cosmos Park,18000000,1080,4,4,Ghodbunder Road,Thane,19.2516923732421,72.9728195264109,Furnished,Apartment,0,14,4,Resale,Ready to Move,,Cosmos Group
Cosmos Hills,11000000,648,2,2,Thane West,Thane,19.2083097363891,72.9724465271482,Unfurnished,Apartment,0,10,10,Resale,Ready to Move,,Cosmos Group
Cosmos Hills,10000000,792,2,2,Thane West,Thane,19.2083097363891,72.9724465271482,Semi-Furnished,Apartment,0,10,10,Resale,Ready to Move,,Cosmos Group
Krishna Greenland Park,5500000,396,1,2,Ghodbunder Road,Thane,19.2516923732421,72.9728195264109,Semi-Furnished,Apartment,0,9,4,Resale,Ready to Move,,Abrol Builders
Krishna Greenland Park,9000000,536,2,2,Ghodbunder Road,Thane,19.2516923732421,72.9728195264109,Unfurnished,Apartment,0,9,4,Resale,Ready to Move,,Abrol Builders
Madhav Shristi,6000000,626,2,2,Kalyan West,Beyond Thane,19.2442606681675,73.123906730695,Semi-Furnished,Apartment,0,16,5,Resale,Ready to Move,,Madhav Constructions
Jaydeep Tower,2250000,493,1,1,Ambernath East,Beyond Thane,19.2075883274914,73.1854898657514,Unfurnished,Apartment,0,11,1,Resale,Ready to Move,,Siddharth Constructions
Pathak Residency,3700000,706,2,2,Badlapur East,Beyond Thane,19.1639249,73.2459247,Furnished,Apartment,0,13,6,Resale,Ready to Move,,Shri Shaneshwar Construction
Nisarg Greens,3400000,550,1,2,Ambernath East,Beyond Thane,19.2075883274914,73.1854898657514,Unfurnished,Apartment,0,11,1,Resale,Ready to Move,,Nisarg Group 
Panvelkar Prestige,3400000,504,2,1,Ambernath,Beyond Thane,19.1986487504664,73.2004913077756,Semi-Furnished,Apartment,0,2,6,Resale,Ready to Move,,Panvelkar Group
Davakhar Sereno,3037500,454,1,2,Chakki Naka,Beyond Thane,19.2194377355058,73.1372713822547,Unfurnished,Apartment,1,0,0,New Property,Under Construction,,Davakhar Infrastructure Pvt. Ltd.
Unkown,21000000,1150,2,2,,Thane,,,Unfurnished,Apartment,0,0,0,Resale,Ready to Move,,Unknown
Rustomjee Azziano,13300000,785,2,2,Majiwada,Thane,19.215865938964,72.9914374146644,Semi-Furnished,Apartment,0,21,6,Resale,Ready to Move,1 Covered,Rustomjee
F Neelkanth Greens,30100000,1200,3,3,Ghodbunder Road,Thane,19.2516923732421,72.9728195264109,Semi-Furnished,Apartment,0,13,4,Resale,Ready to Move,,Neelkanth Mansions And Infrastructure Pvt Ltd
Highland Park,7500000,600,1,1,Kolshet Road,Thane,19.2321621,72.9873688,Semi-Furnished,Apartment,0,48,1,Resale,Ready to Move,"1 Covered, 1 Open",Siddhi Group
Vrindavan Complex,6850000,400,1,1,Majiwada,Thane,19.215865938964,72.9914374146644,Semi-Furnished,Apartment,0,0,6,Resale,Ready to Move,1 Open,Unknown
Oasis Saphire,24100000,840,2,2,Khopat,Thane,19.2014277501771,72.972637756513,Furnished,Apartment,0,0,4,Resale,Ready to Move,,Nandivardhan Group
Sunraj Supreme,4100000,468,1,2,Dombivli East,Beyond Thane,19.2049111648702,73.1069201060438,Unfurnished,Apartment,0,0,5,Resale,Ready to Move,,Sunraj Group
Tulsi Sanidhya,2500000,418,1,1,Ambernath,Beyond Thane,19.1986487504664,73.2004913077756,Unfurnished,Apartment,0,0,6,Resale,Ready to Move,,Tulsi Estates
Prescon Prestige Valley,65000000,2640,3,4,Naupada,Thane,19.18877,72.97044,Semi-Furnished,Residential House,0,0,7,Resale,Ready to Move,"2 Covered, 1 Open",PRESCON
Sudama Regency,3000000,400,1,1,Diva,Thane,19.1915751433493,73.0430090272966,Unfurnished,Apartment,0,18,5,Resale,Ready to Move,,Samrin Group
Runwal Garden City,13000000,720,2,2,Balkum Naka,Thane,19.2207044893566,72.9884938975506,Semi-Furnished,Apartment,0,0,0,Resale,Ready to Move,1 Covered,The Runwal Group
Lodha Amara,8800000,,2,2,Kolshet,Thane,19.2392002271759,72.997235034948,Unfurnished,Residential House,0,42,0,Resale,Ready to Move,1 Covered,Lodha Developers Limited
Omega Business Park,6500000,400,,2,Wagle Industrial Estate,Thane,19.1993804854674,72.9491798058801,Furnished,Office in IT Park/ SEZ,0,0,7,Resale,Ready to Move,1 Covered,Unknown
Puraniks Rumah Bali,8800000,586,2,2,Owale,Thane,19.2721014587378,72.958646491161,Semi-Furnished,Apartment,0,8,10,Resale,Ready to Move,,Puranik Builders ltd.
Unkown,21000000,700,2,2,Panch Pakhdi,Thane,19.1949989525044,72.9666959533383,Semi-Furnished,Apartment,0,0,2,Resale,Ready to Move,1 Covered,Unknown
Tata Serein,21000000,579,2,2,Pokharan Road Number 2,Thane,19.218973,72.968099,Semi-Furnished,Apartment,1,42,2,Resale,Ready to Move,,TATA Housing Development Company Ltd.
Godrej Upavan,4900000,,1,1,Kalyan Badlapur Road,Beyond Thane,19.21106893,73.1900425,Semi-Furnished,Apartment,0,12,0,New Property,Under Construction,,Godrej Properties
Amber Vista,7200000,591,2,2,Thakurli,Beyond Thane,19.2252747701219,73.1000690723917,Unfurnished,Apartment,1,13,1,Resale,Ready to Move,1 Covered,Gurukrupa Group
Lodha Casa Rio,5500000,686,2,2,Dombivli,Beyond Thane,19.2094006,73.0939483,Unfurnished,Apartment,1,33,8,Resale,Ready to Move,1 Covered,Lodha Developers Limited
Regency Anantam,10475000,844,2,2,Sonar Pada,Beyond Thane,19.1946777419263,73.1026729332756,Unfurnished,Apartment,1,29,1,New Property,Under Construction,"1 Covered, 1 Open",Regency Group
Cosmos Springs,5400000,465,1,1,Kasarvadavali,Thane,19.2692017640962,72.9703926869083,Semi-Furnished,Apartment,0,0,3,Resale,Ready to Move,,Unknown
Rustomjee Urbania,32000000,1385,3,4,Majiwada,Thane,19.215865938964,72.9914374146644,Semi-Furnished,Apartment,0,21,6,Resale,Ready to Move,2 Covered,Rustomjee
Kalpataru Parkcity,21000000,864,3,3,Kolshet,Thane,19.2392002271759,72.997235034948,Unfurnished,Apartment,0,20,0,Resale,Under Construction,2 Covered,Kalpataru Ltd.
Mextech Miraya Divine,9260000,789,2,2,Majiwada,Thane,19.215865938964,72.9914374146644,Unfurnished,Apartment,1,9,6,New Property,Dec '29,1 Covered,Mextech Group
Vrundavan,2400000,396,1,1,Kalyan West,Beyond Thane,19.2442606681675,73.123906730695,Unfurnished,Apartment,0,23,5,Resale,Ready to Move,,Shree Vasturachna Developers
Siddharth Riverwood Park,3000000,468,1,1,Dombivli East,Beyond Thane,19.2049111648702,73.1069201060438,Unfurnished,Apartment,0,50,5,Resale,Ready to Move,,Siddharth Group
Unkown,800000,876,2,2,Ulhasnagar,Beyond Thane,19.2253646109387,73.1645678200285,Unfurnished,Apartment,0,0,7,Resale,Under Construction,,Unknown
Dosti Tulip,6800000,330,1,2,Balkum Pada,Thane,19.218154,72.993664,Unfurnished,Apartment,0,11,3,Resale,Under Construction,,Dosti Realty 
Star Living,14700000,377,1,2,Gokhale Road,Thane,19.1870639411205,72.9703092925896,Semi-Furnished,Apartment,0,0,0,Resale,Under Construction,,Shree Tirupati Group
Dosti Tulip,6600000,283,1,2,Balkum Pada,Thane,19.218154,72.993664,Unfurnished,Apartment,0,11,3,Resale,Under Construction,,Dosti Realty 
Dosti Tulip,11800000,541,2,2,Balkum Pada,Thane,19.218154,72.993664,Unfurnished,Apartment,0,11,3,Resale,Under Construction,,Dosti Realty 
Dosti Tulip,14600000,665,3,3,Balkum Pada,Thane,19.218154,72.993664,Unfurnished,Apartment,0,11,3,Resale,Under Construction,,Dosti Realty 
Dosti Tulip,14700000,665,3,3,Balkum Pada,Thane,19.218154,72.993664,Unfurnished,Apartment,0,11,3,Resale,Under Construction,,Dosti Realty 
Dosti Tulip,8700000,418,2,2,Balkum Pada,Thane,19.218154,72.993664,Unfurnished,Apartment,0,11,3,Resale,Under Construction,,Dosti Realty 
Dosti Tulip,9900000,476,2,2,Balkum Pada,Thane,19.218154,72.993664,Unfurnished,Apartment,0,11,3,Resale,Under Construction,,Dosti Realty 
Mahindra Happinest Kalyan,4300000,468,1,1,Kalyan,Beyond Thane,19.2449413625186,73.1331398884041,Unfurnished,Apartment,0,0,8,Resale,Under Construction,,Mahindra Lifespace Developers Ltd.
Pacific Radha,2700000,288,1,1,Dombivli East,Beyond Thane,19.2049111648702,73.1069201060438,Unfurnished,Apartment,0,4,5,Resale,Ready to Move,,Pacific Excellence
Sai Anand,5800000,569,1,1,Dombivli West,Beyond Thane,19.2174682509913,73.0750339345098,Semi-Furnished,Apartment,0,0,2,Resale,Ready to Move,,Unknown
Subhadra Anant Complex,3000000,324,1,1,Diva,Thane,19.1915751433493,73.0430090272966,Furnished,Apartment,0,0,5,Resale,Ready to Move,,Unknown
Panna Apartment,3000000,432,1,1,Mumbra,Thane,19.1696005965932,73.0222262996538,Furnished,Apartment,0,0,7,Resale,Ready to Move,,Unknown
Expert Elite Tower,4500000,523,1,1,Dombivli East,Beyond Thane,19.2049111648702,73.1069201060438,Unfurnished,Apartment,0,10,5,Resale,Ready to Move,,Expert Home Construction LLP
Siddhivinayak Tower,7500000,468,1,1,Thane West,Thane,19.2083097363891,72.9724465271482,Unfurnished,Apartment,0,0,10,Resale,Ready to Move,,Unknown
Siddhivinayak Tower,6750000,349,1,1,Thane West,Thane,19.2083097363891,72.9724465271482,Unfurnished,Apartment,0,0,10,Resale,Ready to Move,,Unknown
Crown Lodha Quality Homes,8600000,457,2,2,Majiwada,Thane,19.215865938964,72.9914374146644,Unfurnished,Apartment,0,4,6,Resale,Ready to Move,,Lodha Developers Limited
Anand Vihar,6200000,461,1,1,Kalwa,Thane,19.1986281463791,73.00243846035,Semi-Furnished,Apartment,0,0,7,Resale,Ready to Move,,Unknown
Patel Prayosha Pramukh Sadan,3400000,343,2,2,Ambernath,Beyond Thane,19.1986487504664,73.2004913077756,Unfurnished,Apartment,0,32,6,Resale,Ready to Move,,Patel RPL Realty
Shivkripa Residency,6850000,792,2,2,Dombivli East,Beyond Thane,19.2049111648702,73.1069201060438,Furnished,Apartment,0,20,5,Resale,Ready to Move,,Rohit Developers
Trinity Paradise,5200000,72,2,2,Shilphata,Thane,19.1465685568349,73.0399463501033,Unfurnished,Apartment,0,0,0,Resale,Under Construction,,Unknown
Vaishnavi CHS,6300000,407,1,1,Kalwa,Thane,19.1986281463791,73.00243846035,Semi-Furnished,Apartment,0,0,7,Resale,Ready to Move,,Unknown
Vaishnavi CHS,6700000,410,1,1,Kalwa,Thane,19.1986281463791,73.00243846035,Semi-Furnished,Apartment,0,0,7,Resale,Ready to Move,,Unknown
purusauttam Residency,6800000,504,2,2,Kasarvadavali,Thane,19.2692017640962,72.9703926869083,Unfurnished,Apartment,0,0,3,Resale,Ready to Move,,Unknown
prathamesh appartment kasheli,2300000,396,1,1,Kasheli,Beyond Thane,19.2301651,73.0171568,Semi-Furnished,Apartment,0,0,2,Resale,Ready to Move,,Unknown
Anmol Annexie,10800000,576,1,2,Charai,Thane,19.1981964546226,72.9747513848183,Semi-Furnished,Apartment,0,0,2,Resale,Ready to Move,,Unknown
Zainab Apartment,2000000,486,2,1,Tetavli,Thane,19.16731575,73.02352602,Furnished,Apartment,0,0,0,Resale,Ready to Move,,Unknown
Rustomjee Azziano,7500000,392,1,2,Balkum Pada,Thane,19.218154,72.993664,Semi-Furnished,Apartment,0,21,3,Resale,Ready to Move,,Rustomjee
Hiranandani Estate Greenwich,8700000,425,1,2,Ghodbunder Road,Thane,19.2516923732421,72.9728195264109,Furnished,Apartment,0,0,4,Resale,Ready to Move,,Unknown
Hiranandani Estate Queens,12000000,612,2,2,Thane West,Thane,19.2083097363891,72.9724465271482,Semi-Furnished,Apartment,0,0,10,Resale,Ready to Move,,Unknown
Lodha Luxuria,15500000,804,2,2,Majiwada,Thane,19.215865938964,72.9914374146644,Semi-Furnished,Apartment,0,54,6,Resale,Ready to Move,1 Covered,Lodha Developers Limited
Lodha Crown,9600000,496,2,2,Majiwada,Thane,19.215865938964,72.9914374146644,Unfurnished,Apartment,1,4,6,New Property,Under Construction,1 Covered,Lodha Developers Limited
Unkown,13000000,614,,1,Wagle Estate,Thane,19.18675282,72.95439362,Unfurnished,Commercial Office Space,1,0,5,New Property,Under Construction,1 Covered,Unknown
Dosti 604,24000000,1100,3,3,Wagle Estate,Thane,19.18675282,72.95439362,Unfurnished,Apartment,1,11,5,New Property,Dec '32,1 Covered,Dosti Realty 
Tata Serein,17500000,727,2,2,Vasant Vihar,Thane,19.2239106440589,72.9678909294473,Semi-Furnished,Apartment,1,42,1,Resale,Ready to Move,1 Covered,TATA Housing Development Company Ltd.
Provident Palm Vista,3900000,406,1,2,Shilphata,Thane,19.1465685568349,73.0399463501033,Unfurnished,Residential House,1,13,0,New Property,Under Construction,"1 Covered, 1 Open",Provident Housing Ltd.
Rosa Manhattan,22000000,980,3,3,Hiranandani Estate,Thane,19.2577957544321,72.9839623718896,Semi-Furnished,Apartment,0,43,4,Resale,Ready to Move,1 Covered,Rosa Group
Unkown,26500000,1250,3,3,Ghodbunder Road,Thane,19.2516923732421,72.9728195264109,Semi-Furnished,Apartment,0,0,4,Resale,Ready to Move,2 Covered,Unknown
Rosa Bella,15800000,1060,3,3,Waghbil,Thane,19.266575,72.983724,Furnished,Apartment,0,32,1,Resale,Ready to Move,1 Covered,Rosa Group
Umiya Arcade,3600000,650,1,2,Titwala,Beyond Thane,19.295217297811,73.2124239025258,Unfurnished,Apartment,0,21,4,Resale,Ready to Move,1 Covered,Umiya Construction
Anant Avatara Phase 1,15000000,1000,3,3,Kasarvadavali,Thane,19.2692017640962,72.9703926869083,Unfurnished,Apartment,0,18,3,New Property,Under Construction,1 Covered,Anant Square
Prestige Residency,6700000,452,1,2,Waghbil,Thane,19.266575,72.983724,Semi-Furnished,Apartment,0,11,1,Resale,Ready to Move,,PRESCON
Dosti 604,20900000,1045,3,3,Wagle Estate,Thane,19.18675282,72.95439362,Unfurnished,Apartment,1,11,5,New Property,Under Construction,1 Covered,Dosti Realty 
IRIS at Kashish Park,25550768,1124,3,4,Teen Hath Naka Area,Thane,19.1888629332732,72.9629527577008,Unfurnished,Apartment,1,7,3,New Property,Under Construction,1 Covered,Kashish Park Realtors
Ashar Pulse,12105000,650,2,2,Sainath Nagar Majiwada,Thane,19.21386808,72.98213117,Unfurnished,Apartment,1,25,2,New Property,Under Construction,1 Covered,Ashar Group
Dosti West County,12000000,639,2,2,Balkum Pada,Thane,19.218154,72.993664,Unfurnished,Apartment,0,9,3,Resale,Ready to Move,,Dosti Realty 
Pelican Hiranandani Estate,38000000,1200,3,3,Hiranandani Estate,Thane,19.2577957544321,72.9839623718896,Semi-Furnished,Apartment,0,0,4,Resale,Ready to Move,2 Covered,Roma Builders
Hiranandani Westgate,23700000,977,3,3,Kavesar,Thane,19.2607077539498,72.9725861660124,Semi-Furnished,Apartment,1,23,4,New Property,Under Construction,"1 Covered, 1 Open",House of Hiranandani
Kalpataru Eternia,10700000,644,2,2,Dhokali,Thane,19.2258189984106,72.9837277968585,Unfurnished,Apartment,0,28,7,Resale,Under Construction,1 Covered,Kalpataru Ltd.
Unkown,11000860,5820,2,2,Balkum Pada,Thane,19.218154,72.993664,Unfurnished,Apartment,0,0,3,New Property,Ready to Move,1 Covered,Unknown
Lodha Amara,10500000,672,2,2,Kolshet Road,Thane,19.2321621,72.9873688,Unfurnished,Apartment,0,42,1,Resale,Under Construction,1 Covered,Lodha Developers Limited
Ashar Merac,14300000,700,2,2,Wagle Estate,Thane,19.18675282,72.95439362,Unfurnished,Apartment,1,15,5,New Property,Under Construction,1 Open,Ashar Group
Rustomjee LA VIE,14499648,648,2,2,Majiwada,Thane,19.215865938964,72.9914374146644,Unfurnished,Apartment,1,52,6,New Property,Under Construction,1 Covered,Rustomjee Developers
Yashwant Niwas,18200000,625,2,2,Naupada,Thane,19.18877,72.97044,Unfurnished,Apartment,0,0,7,Resale,Ready to Move,1 Covered,Vijayraj Developers LLP
Unkown,52900000,4250,5,6,,Beyond Thane,,,Unfurnished,Villa,1,0,0,New Property,Under Construction,"2 Covered, 2 Open",Unknown
Unkown,16500000,734,3,3,Manpada Thane West,Thane,19.2307690829993,72.973592548318,Semi-Furnished,Apartment,0,0,3,Resale,Ready to Move,2 Covered,Unknown
Larkins 315,22500000,942,3,3,Panch Pakhdi,Thane,19.1949989525044,72.9666959533383,Unfurnished,Apartment,0,19,2,Resale,Under Construction,1 Open,Larkins Group
New Adani Launch,34401000,1134,3,4,Teen Hath Naka Area,Thane,19.1888629332732,72.9629527577008,Unfurnished,Apartment,0,0,3,New Property,Under Construction,"2 Covered, 1 Open",Unknown
Runwal One,11500000,565,2,2,Hyde Park Society,Thane,19.2267953,72.97495276,Unfurnished,Apartment,0,11,1,New Property,Under Construction,1 Covered,Runwal Realty
Panvelkar Amrut Vishwa,2075500,395,1,1,Badlapur West,Beyond Thane,19.1760975692482,73.2401614495576,Unfurnished,Apartment,0,11,0,Resale,Ready to Move,,Panvelkar Group
Valley Tower,13000000,695,2,2,Manpada Thane West,Thane,19.2307690829993,72.973592548318,Furnished,Apartment,0,0,3,Resale,Ready to Move,,Unknown
Sheth Vasant Lawns,19500000,900,3,3,Majiwada,Thane,19.215865938964,72.9914374146644,Unfurnished,Apartment,0,9,6,Resale,Ready to Move,,Ashwin Sheth Group
Sheth Vasant Lawns,19800000,835,2,2,Majiwada,Thane,19.215865938964,72.9914374146644,Unfurnished,Apartment,0,9,6,Resale,Ready to Move,,Ashwin Sheth Group
VICTORIA VFVA LODHA PARADISE,12500000,752,2,2,Majiwada,Thane,19.215865938964,72.9914374146644,Semi-Furnished,Apartment,0,0,6,Resale,Ready to Move,,Unknown
Ahuja Prasadam,4200000,792,2,2,Ambernath East,Beyond Thane,19.2075883274914,73.1854898657514,Unfurnished,Apartment,0,25,1,Resale,Ready to Move,,Ahuja Group
Ahuja Prasadam,2500000,522,1,2,Ambernath East,Beyond Thane,19.2075883274914,73.1854898657514,Semi-Furnished,Apartment,0,25,1,Resale,Ready to Move,,Ahuja Group
Krishn Vihar,6200000,940,2,2,Bhiwandi,Beyond Thane,19.2937911767008,73.0653582109139,Unfurnished,Apartment,0,7,6,Resale,Ready to Move,,SP Constructions
Panvelkar Green City,4500000,590,2,2,Ambernath,Beyond Thane,19.1986487504664,73.2004913077756,Unfurnished,Apartment,0,27,6,Resale,Ready to Move,,Panvelkar Group
Reliance Residency,4100000,691,2,2,Ambernath,Beyond Thane,19.1986487504664,73.2004913077756,Furnished,Apartment,0,18,6,Resale,Ready to Move,,Reliance Enterprises
Prestige Residency,12000000,857,2,2,Waghbil,Thane,19.266575,72.983724,Semi-Furnished,Apartment,0,6,1,Resale,Ready to Move,,PRESCON
Puraniks Hometown,15000000,756,2,2,Ghodbunder Road,Thane,19.2516923732421,72.9728195264109,Furnished,Apartment,0,25,4,Resale,Ready to Move,,Puranik Builders ltd.
Puraniks Hometown,6700000,518,2,2,Ghodbunder Road,Thane,19.2516923732421,72.9728195264109,Unfurnished,Apartment,0,25,4,Resale,Ready to Move,,Puranik Builders ltd.
Puraniks Hometown,7800000,586,2,2,Ghodbunder Road,Thane,19.2516923732421,72.9728195264109,Unfurnished,Apartment,0,25,4,Resale,Ready to Move,,Puranik Builders ltd.
Lodha Palava Lakeshore Greens,4200000,612,1,1,Dombivli,Beyond Thane,19.2094006,73.0939483,Semi-Furnished,Apartment,0,24,8,Resale,Ready to Move,,Lodha Developers Limited
Lodha Palava Lakeshore Greens,6000000,576,2,2,Dombivli,Beyond Thane,19.2094006,73.0939483,Unfurnished,Apartment,0,24,8,Resale,Ready to Move,,Lodha Developers Limited
Lodha Palava Lakeshore Greens,7200000,946,3,3,Dombivli,Beyond Thane,19.2094006,73.0939483,Unfurnished,Apartment,0,24,8,Resale,Ready to Move,,Lodha Developers Limited
Lodha Palava Lakeshore Greens,7000000,667,2,2,Dombivli,Beyond Thane,19.2094006,73.0939483,Semi-Furnished,Apartment,0,24,8,Resale,Ready to Move,,Lodha Developers Limited
Lodha Palava Lakeshore Greens,3999999,525,1,1,Dombivli,Beyond Thane,19.2094006,73.0939483,Unfurnished,Apartment,0,24,8,Resale,Ready to Move,,Lodha Developers Limited
Lodha Palava Lakeshore Greens,7000000,706,2,2,Dombivli,Beyond Thane,19.2094006,73.0939483,Furnished,Apartment,0,24,8,Resale,Ready to Move,,Lodha Developers Limited
Lodha Palava Lakeshore Greens,4200000,557,1,1,Dombivli,Beyond Thane,19.2094006,73.0939483,Semi-Furnished,Apartment,0,24,8,Resale,Ready to Move,,Lodha Developers Limited
Lodha Palava Lakeshore Greens,7000000,810,2,2,Dombivli,Beyond Thane,19.2094006,73.0939483,Unfurnished,Apartment,0,24,8,Resale,Ready to Move,,Lodha Developers Limited
Lodha Palava Lakeshore Greens,4000000,533,1,1,Dombivli West,Beyond Thane,19.2174682509913,73.0750339345098,Semi-Furnished,Apartment,0,24,2,Resale,Ready to Move,,Lodha Developers Limited
Lodha Palava Lakeshore Greens,5900000,720,2,2,Dombivli,Beyond Thane,19.2094006,73.0939483,Unfurnished,Apartment,0,24,8,Resale,Ready to Move,,Lodha Developers Limited
Lodha Palava Lakeshore Greens,4200000,526,1,1,Dombivli East,Beyond Thane,19.2049111648702,73.1069201060438,Unfurnished,Apartment,0,24,5,Resale,Ready to Move,,Lodha Developers Limited
Lodha Palava Lakeshore Greens,3550000,467,1,1,Dombivli,Beyond Thane,19.2094006,73.0939483,Unfurnished,Apartment,0,24,8,Resale,Ready to Move,,Lodha Developers Limited
Lodha Palava Lakeshore Greens,7200000,835,3,3,Dombivli,Beyond Thane,19.2094006,73.0939483,Unfurnished,Apartment,0,24,8,Resale,Ready to Move,,Lodha Developers Limited
Lodha Palava Lakeshore Greens,3800000,319,1,2,Dombivli,Beyond Thane,19.2094006,73.0939483,Unfurnished,Apartment,0,24,8,Resale,Ready to Move,,Lodha Developers Limited
Lodha Palava Lakeshore Greens,9000000,1006,3,2,Dombivli,Beyond Thane,19.2094006,73.0939483,Furnished,Apartment,0,24,8,Resale,Ready to Move,,Lodha Developers Limited
Lodha Palava,6500000,705,2,2,Dombivli,Beyond Thane,19.2094006,73.0939483,Semi-Furnished,Apartment,0,56,8,Resale,Ready to Move,,Lodha Developers Limited
Lodha Palava,4600000,529,2,2,Dombivli,Beyond Thane,19.2094006,73.0939483,Unfurnished,Apartment,0,56,8,Resale,Ready to Move,,Lodha Developers Limited
Piramal Vaikunth,6090000,229,1,1,Balkum Pada,Thane,19.218154,72.993664,Unfurnished,Apartment,0,12,3,Resale,Under Construction,,Piramal Realty
Sai Samarth,3800000,504,2,2,Kalyan East,Beyond Thane,19.2280216158659,73.1334807284888,Furnished,Apartment,0,2,2,Resale,Ready to Move,,Madan Chikankar
Swastik Park,1500000,381,1,1,Kalyan East,Beyond Thane,19.2280216158659,73.1334807284888,Unfurnished,Apartment,0,2,2,Resale,Ready to Move,,Hindustan Enterprises
Maitreya Park,8300000,439,1,1,Kopri,Thane,19.1803055166715,72.9704315017362,Semi-Furnished,Apartment,0,8,6,Resale,Ready to Move,,Maitreya Developers
Hiranandani Estate Lavinia,9500000,360,2,2,Thane West,Thane,19.2083097363891,72.9724465271482,Unfurnished,Apartment,0,24,10,Resale,Ready to Move,,Roma Builders
Sarovar Darshan,15000000,619,2,2,Thane West,Thane,19.2083097363891,72.9724465271482,Unfurnished,Apartment,0,0,10,Resale,Ready to Move,,Vighnaharta Developer
Vedant Apartments,6000000,612,2,2,Thane West,Thane,19.2083097363891,72.9724465271482,Unfurnished,Apartment,0,0,10,Resale,Ready to Move,,Vedant Buildcon
Runwal MyCity,7000000,796,3,2,Dombivli,Beyond Thane,19.2094006,73.0939483,Unfurnished,Apartment,0,5,8,Resale,Ready to Move,,Runwal Group
Dosti Vihar,8900000,427,1,2,Pokhran Road,Thane,19.2070940767958,72.9568656970685,Unfurnished,Apartment,0,28,3,Resale,Ready to Move,,DOSTI REALTY
Lok Nagari Phase 3,2400000,450,1,2,Ambernath East,Beyond Thane,19.2075883274914,73.1854898657514,Unfurnished,Apartment,0,25,1,Resale,Ready to Move,,Lok Housing Group
Cosmos Lounge,11500000,792,2,2,Manpada Thane West,Thane,19.2307690829993,72.973592548318,Unfurnished,Apartment,0,14,3,Resale,Ready to Move,,Cosmos Group
Runwal Estate,9000000,554,2,2,Manpada Thane West,Thane,19.2307690829993,72.973592548318,Semi-Furnished,Apartment,0,22,3,Resale,Ready to Move,,Runwal Group
Sai Tirth,19200000,900,2,2,Thane East,Thane,19.1811808756343,72.9763405196886,Furnished,Apartment,0,17,6,Resale,Ready to Move,,Kataria Builteck Pvt. Ltd.
Prakruti Park,11000000,727,2,2,Ghodbunder Road,Thane,19.2516923732421,72.9728195264109,Semi-Furnished,Apartment,0,16,4,Resale,Ready to Move,,SB Group
Hiranandani Rodas Enclave Marvela,40000000,1188,3,3,Patlipada,Thane,19.2416002035523,72.9711756289089,Semi-Furnished,Apartment,0,0,3,Resale,Ready to Move,,Unknown
Ozone Valley,13000000,763,2,3,Parsik Nagar,Thane,19.2085374829654,73.0123808710682,Unfurnished,Apartment,0,23,2,Resale,Ready to Move,,NatuParanjape Developers
Godrej Vihaa,4200000,,2,2,Badlapur,Beyond Thane,19.1639249,73.2459247,Unfurnished,Apartment,0,31,8,New Property,Ready to Move,,Godrej Properties
Krishnamrut CHS Ltd,6300000,335,1,1,Thane West,Thane,19.2083097363891,72.9724465271482,Semi-Furnished,Apartment,0,0,10,Resale,Ready to Move,,Unknown
Raheja Gardens,55000000,1865,4,4,Teen Hath Naka Area,Thane,19.1888629332732,72.9629527577008,Semi-Furnished,Apartment,0,0,3,Resale,Ready to Move,,Raheja Group
Puraniks Vartak Nagar,9500000,680,2,2,Vartak Nagar,Thane,19.2123022683298,72.9624750800907,Unfurnished,Apartment,0,0,4,Resale,Under Construction,,Puranik Builders ltd.
Raunak Delight,4600000,,1,1,Thane West,Thane,19.2083097363891,72.9724465271482,Unfurnished,Apartment,0,29,10,New Property,Ready to Move,,Raunak Group
Swastik Residency,6500000,396,1,1,Ghodbunder Road,Thane,19.2516923732421,72.9728195264109,Unfurnished,Apartment,0,27,4,Resale,Ready to Move,,Swastik Homes
Rutu Tower,14000000,853,2,2,Ghodbunder Road,Thane,19.2516923732421,72.9728195264109,Unfurnished,Apartment,0,12,4,Resale,Ready to Move,,Rutu Group
Unkown,6500000,,,1,Vishnu Nagar Thane West,Thane,19.1894055591023,72.9676185904275,Unfurnished,Commercial Office Space,0,0,3,Resale,Ready to Move,,Unknown
Unkown,4800000,443,1,2,Kasarvadavali,Thane,19.2692017640962,72.9703926869083,Semi-Furnished,Apartment,0,0,3,Resale,Ready to Move,,Unknown
Unkown,6000000,454,1,2,Kasarvadavali,Thane,19.2692017640962,72.9703926869083,Unfurnished,Apartment,0,0,3,Resale,Ready to Move,,Unknown
Unkown,4800000,454,1,1,Kasarvadavali,Thane,19.2692017640962,72.9703926869083,Semi-Furnished,Apartment,0,0,3,Resale,Ready to Move,,Unknown
Unkown,5800000,302,1,1,Kasarvadavali,Thane,19.2692017640962,72.9703926869083,Semi-Furnished,Apartment,0,0,3,Resale,Ready to Move,,Unknown
Unkown,5600000,469,1,2,Kasarvadavali,Thane,19.2692017640962,72.9703926869083,Semi-Furnished,Apartment,0,0,3,Resale,Ready to Move,,Unknown
Unkown,5600000,469,1,2,Kasarvadavali,Thane,19.2692017640962,72.9703926869083,Semi-Furnished,Apartment,0,0,3,Resale,Ready to Move,,Unknown
Lakhani Empire Towers,15500000,,2,2,Teen Hath Naka Area,Thane,19.1888629332732,72.9629527577008,Unfurnished,Apartment,0,7,3,New Property,Under Construction,,Lakhani Builders Pvt. Ltd.
Lakhani Empire Towers,14900000,,2,2,Teen Hath Naka Area,Thane,19.1888629332732,72.9629527577008,Unfurnished,Apartment,0,7,3,New Property,Under Construction,,Lakhani Builders Pvt. Ltd.
Lakhani Empire Towers,14100000,,2,2,Teen Hath Naka Area,Thane,19.1888629332732,72.9629527577008,Unfurnished,Apartment,0,7,3,New Property,Under Construction,,Lakhani Builders Pvt. Ltd.
JVM Tiara,10500000,756,2,2,Owale,Thane,19.2721014587378,72.958646491161,Furnished,Apartment,0,9,10,Resale,Ready to Move,,JVM Spaces
Mukul Palms,4800000,656,2,2,Ambernath,Beyond Thane,19.1986487504664,73.2004913077756,Furnished,Apartment,0,23,6,Resale,Ready to Move,,Mukul Developers
Sukur Residency,5000000,338,1,1,Anand Nagar Thane West,Thane,19.2640466932527,72.9652443996319,Unfurnished,Apartment,0,11,4,Resale,Ready to Move,,Jaiveer Group
Panvelkar Aqua Marine,2800000,508,1,2,Ambernath East,Beyond Thane,19.2075883274914,73.1854898657514,Unfurnished,Apartment,0,21,1,Resale,Ready to Move,,Panvelkar Group
Panvelkar Vellozia,2500000,519,7,2,Badlapur East,Beyond Thane,19.1639249,73.2459247,Unfurnished,Apartment,0,9,6,Resale,Ready to Move,,Panvelkar Group
K M Enerprises Horizon Flora,5200000,377,1,1,Ghodbunder Road,Thane,19.2516923732421,72.9728195264109,Unfurnished,Apartment,0,19,4,Resale,Ready to Move,,K M Enerprises
Sai Residency,5500000,576,2,2,Ambernath,Beyond Thane,19.1986487504664,73.2004913077756,Unfurnished,Apartment,0,16,6,Resale,Ready to Move,,Patel RPL Realty
Patels Pride,7600000,214,1,2,Ambernath,Beyond Thane,19.1986487504664,73.2004913077756,Unfurnished,Apartment,0,20,6,Resale,Ready to Move,,Patel RPL Realty
Flower Valley,12700000,619,2,2,Asangaon,Beyond Thane,19.4390197,73.3030715,Semi-Furnished,Apartment,0,13,2,Resale,Ready to Move,,Siddhivinayak Enterprises And Tirupati Developers
Flower Valley,13300000,623,2,2,Asangaon,Beyond Thane,19.4390197,73.3030715,Semi-Furnished,Apartment,0,13,2,Resale,Ready to Move,,Siddhivinayak Enterprises And Tirupati Developers
Laxmi Park,7500000,569,2,2,Thakurli,Beyond Thane,19.2252747701219,73.1000690723917,Unfurnished,Apartment,0,16,1,Resale,Ready to Move,,Laxmi Builders and Developers
Laxmi Park,9800000,468,2,2,Thakurli,Beyond Thane,19.2252747701219,73.1000690723917,Semi-Furnished,Apartment,0,16,1,Resale,Ready to Move,,Laxmi Builders and Developers
Siddheshwar Palms,4000000,454,1,1,Dombivli,Beyond Thane,19.2094006,73.0939483,Semi-Furnished,Apartment,0,15,8,Resale,Ready to Move,,Siddheshwar Group
Panvelkar Estate Kingston Mankivali,3750000,422,2,2,Badlapur,Beyond Thane,19.1639249,73.2459247,Unfurnished,Apartment,0,0,8,Resale,Under Construction,,Panvelkar Group
Chintamani Maple City,2195000,468,1,1,Badlapur,Beyond Thane,19.1639249,73.2459247,Unfurnished,Apartment,0,7,8,Resale,Ready to Move,,Chintamani Developer
Kanak Mukta Lake City,3500000,392,1,1,Diva,Thane,19.1915751433493,73.0430090272966,Semi-Furnished,Apartment,0,6,5,Resale,Ready to Move,,Kanak Group
Sneh Makewell Dynamic Crest,4200000,504,1,1,Shilphata,Thane,19.1465685568349,73.0399463501033,Unfurnished,Apartment,0,23,0,Resale,Ready to Move,,Sneh Makewell LLP
Ornate Kallisto Phase II,3800000,425,1,1,Bhiwandi,Beyond Thane,19.2937911767008,73.0653582109139,Unfurnished,Apartment,0,10,6,Resale,Ready to Move,,ORNATE DAHISAR DEVELOPERS
Ornate Kallisto Phase II,3200000,468,1,1,Bhiwandi,Beyond Thane,19.2937911767008,73.0653582109139,Unfurnished,Apartment,0,10,6,Resale,Ready to Move,,ORNATE DAHISAR DEVELOPERS
ACE Homes,5180000,,1,2,Ghodbunder Road,Thane,19.2516923732421,72.9728195264109,Unfurnished,Apartment,0,13,4,New Property,Under Construction,,The Ace Group
ACE Homes,4995000,,1,2,Ghodbunder Road,Thane,19.2516923732421,72.9728195264109,Unfurnished,Apartment,0,13,4,New Property,Under Construction,,The Ace Group
Aryan One,3000000,506,1,1,Badlapur,Beyond Thane,19.1639249,73.2459247,Unfurnished,Apartment,0,10,8,Resale,Ready to Move,,Aryan Housing Corporation
Honest Kalyan Nagari,3256500,,1,2,Kalyan West,Beyond Thane,19.2442606681675,73.123906730695,Unfurnished,Apartment,0,22,5,New Property,Under Construction,,Honest Developers
Rutu City Richmond,6400000,,1,1,Ghodbunder Road,Thane,19.2516923732421,72.9728195264109,Semi-Furnished,Apartment,0,29,4,New Property,Under Construction,,Rutu Group
Rutu City Richmond,6400000,,1,1,Ghodbunder Road,Thane,19.2516923732421,72.9728195264109,Semi-Furnished,Apartment,0,29,4,New Property,Under Construction,,Rutu Group
Rutu City Richmond,6200000,,1,2,Ghodbunder Road,Thane,19.2516923732421,72.9728195264109,Unfurnished,Apartment,0,29,4,New Property,Under Construction,,Rutu Group
Rutu City Richmond,6000000,,1,2,Ghodbunder Road,Thane,19.2516923732421,72.9728195264109,Semi-Furnished,Apartment,0,29,4,New Property,Under Construction,,Rutu Group
